InvoiceNo,StockCode,Description,Category,Quantity,InvoiceDate,UnitPrice,CustomerID,Country
501066,P10025,Yoga Mat,Sports & Outdoors,5,2025-01-31,270.08,CUST00298,India
501460,P10002,Bluetooth Speaker,Electronics,4,2026-04-28,2723.88,CUST00411,INDIA
500993,P10020,Herbal Shampoo,Beauty & Personal Care,1,2025-08-12,1426.26,CUST00279,United States
501568,P10020,Herbal Shampoo,Beauty & Personal Care,1,2025-08-17,1426.26,CUST00446,UAE
502879,P10012,Storage Organizer,Home & Kitchen,2,2025-01-21,1268.9,CUST00800,UAE
500003,P10020,Herbal Shampoo,Beauty & Personal Care,2,2026-06-25,1426.26,CUST00002,UAE
501204,P10012,Storage Organizer,Home & Kitchen,2,2025-07-03,1268.9,CUST00324,India
503107,P10024,Beard Trimmer,Beauty & Personal Care,3,2025-02-15,700.79,CUST00850,united kingdom
500613,P10003,Phone Case,Electronics,5,2025-07-21,1049.71,CUST00188,United Kingdom
501187,P10028,Camping Torch,Sports & Outdoors,-1,2025-11-27,2043.99,CUST00324,India
502867,P10013,Cotton T-Shirt,Apparel,5,2026-05-10,1190.46,CUST00796,Germany
502344,P10024,Beard Trimmer,Beauty & Personal Care,2,2025-04-23,700.79,CUST00665,India
502275,P10004,USB-C Cable,Electronics,1,2025-09-21,3182.97,CUST00636,India
500593,P10030,Cycling Gloves,Sports & Outdoors,2,2025-08-06,820.52,CUST00176,India
501594,P10009,Cotton Bedsheet Set,Home & Kitchen,1,2026-03-18,1519.89,CUST00448,UNITED STATES
502969,P10024,Beard Trimmer,Beauty & Personal Care,-5,2026-01-04,700.79,CUST00830,India
500954,P10021,Lip Balm Set,Beauty & Personal Care,2,2025-04-29,652.97,CUST00266,United States
501049,P10008,LED Desk Lamp,Home & Kitchen,2,2025-01-23,1311.15,CUST00295, India 
501721,P10010,Insulated Water Bottle,Home & Kitchen,1,2025-06-06,396.84,,India
500581,P10015,Running Shoes,Apparel,3,2025-08-04,980.3,CUST00176,India
500649,P10009,Cotton Bedsheet Set,Home & Kitchen,2,2025-07-19,1519.89,CUST00193,UAE
501466,P10033,Desk Organizer,Stationery & Office,4,2025-11-05,67.73,CUST00414, United Kingdom 
501793,P10006,Smartwatch Band,Electronics,2,2025-09-05,990.13,CUST00497,United Kingdom
501589,P10002,Bluetooth Speaker,Electronics,1,2025-05-03,2723.88,CUST00448,United States
500293,P10002,Bluetooth Speaker,Electronics,5,2025-05-17,2723.88,CUST00113,UAE
502174,P10017,Formal Shirt,Apparel,5,2025-02-26,562.91,CUST00592,United Kingdom
501066,P10031,Notebook Set,Stationery & Office,1,2025-01-31,268.52,CUST00298,India
502414,P10017,Formal Shirt,Apparel,1,2025-08-26,562.91,CUST00691,India
502820,P10026,Resistance Bands Set,Sports & Outdoors,3,2025-02-01,636.23,CUST00784,India
502823,P10016,,Apparel,2,2025-01-07,1250.39,CUST00785,India
502629,P10008,LED Desk Lamp,Home & Kitchen,2,2026-04-23,1311.15,,India
502121,P10021,Lip Balm Set,Beauty & Personal Care,4,2025-11-14,652.97,CUST00580,India
502513,P10027,Water Bottle Sipper,Sports & Outdoors,3,2026-03-28,2203.72,CUST00711,United States
500341,P10019,Face Serum,Beauty & Personal Care,2,2025-07-19,1312.41,CUST00126,India
501195,P10005,Power Bank 10000mAh,Electronics,3,2025-12-13,1034.93,CUST00324,India
502699,P10007,Non-Stick Pan,Home & Kitchen,4,2025-10-29,331.24,CUST00754,India
501511,P10025,Yoga Mat,Sports & Outdoors,2,2025-03-21,270.08,CUST00427,INDIA
501952,P10021,Lip Balm Set,Beauty & Personal Care,2,2025-09-06,652.97,CUST00542,United Kingdom
500559,P10015,Running Shoes,Apparel,1,2025-12-16,980.3,CUST00171,United Kingdom
502858,P10020,Herbal Shampoo,Beauty & Personal Care,3,2026-05-20,1426.26,CUST00796,Germany
502684,P10035,Whiteboard Marker Set,Stationery & Office,3,2025-08-11,808.92,CUST00753, United Kingdom 
500014,P10023,Hair Dryer,Beauty & Personal Care,3,2025-01-15,1018.4,CUST00007,India
501805,P10019,Face Serum,Beauty & Personal Care,3,2025-09-14,1312.41,CUST00498,India
502046,P10026,Resistance Bands Set,Sports & Outdoors,1,2025-05-26,636.23,CUST00567,India
501379,P10012,Storage Organizer,Home & Kitchen,5,2025-02-19,1268.9,CUST00381,India
501722,P10032,Gel Pen Pack,Stationery & Office,2,2026-01-31,687.3,CUST00475,India
501465,P10030,Cycling Gloves,Sports & Outdoors,-2,2025-03-21,820.52,CUST00414,united kingdom
502956,P10013,Cotton T-Shirt,Apparel,2,2026-05-26,1190.46,CUST00827,INDIA
501247,P10004,USB-C Cable,Electronics,1,2026-03-26,3182.97,CUST00338,United States
502974,P10023,Hair Dryer,Beauty & Personal Care,5,2025-05-21,1018.4,CUST00830,India
501229,P10003,Phone Case,Electronics,3,2025-06-29,1049.71,CUST00335,india
501022,P10006,Smartwatch Band,Electronics,1,2026-02-12,990.13,CUST00286, India 
500716,P10027,Water Bottle Sipper,Sports & Outdoors,5,2025-12-31,2203.72,CUST00203,India
502425,P10032,Gel Pen Pack,Stationery & Office,1,2025-07-24,0.0,CUST00698,United Kingdom
501381,P10001,Wireless Earbuds,Electronics,3,2025-01-29,606.94,CUST00382,United Kingdom
502425,P10013,Cotton T-Shirt,Apparel,5,2025-07-24,1190.46,CUST00698,UNITED KINGDOM
501898,P10010,Insulated Water Bottle,Home & Kitchen,3,2025-05-02,396.84,CUST00534,United Kingdom
500140,P10020,Herbal Shampoo,Beauty & Personal Care,1,2025-04-12,1426.26,CUST00051, Singapore 
502215,P10026,Resistance Bands Set,Sports & Outdoors,4,2025-11-26,636.23,CUST00616,UAE
500939,P10002,,Electronics,3,2025-03-08,2723.88,CUST00262,Singapore
502360,P10026,Resistance Bands Set,Sports & Outdoors,3,2025-11-28,636.23,CUST00668,India
502322,P10026,Resistance Bands Set,Sports & Outdoors,2,2026-03-15,636.23,CUST00659,United Kingdom
501695,P10002,Bluetooth Speaker,Electronics,4,2026-01-20,2723.88,CUST00466,India
501341,P10001,Wireless Earbuds,Electronics,1,2025-11-05,606.94,,United Kingdom
502310,P10009,Cotton Bedsheet Set,Home & Kitchen,3,2025-02-27,1519.89,,India
502582,P10034,Sticky Notes Pack,Stationery & Office,2,2026-05-25,147.9,CUST00731,India
502606,P10023,Hair Dryer,Beauty & Personal Care,1,2025-08-18,1018.4,CUST00737,India
501031,P10027,Water Bottle Sipper,Sports & Outdoors,2,2026-02-15,2203.72,CUST00287,india
501951,P10006,Smartwatch Band,Electronics,1,2025-11-08,990.13,CUST00541,UAE
500088,P10030,Cycling Gloves,Sports & Outdoors,4,2026-06-24,820.52,CUST00037, India 
500926,P10006,Smartwatch Band,Electronics,1,2025-08-21,990.13,CUST00258,United Kingdom
501548,P10035,Whiteboard Marker Set,Stationery & Office,5,2025-12-08,808.92,CUST00439,United States
500241,P10012,Storage Organizer,Home & Kitchen,5,2025-11-27,1268.9,,United States
500479,P10011,Ceramic Mug Set,Home & Kitchen,3,2025-09-17,1993.94,CUST00159,India
500548,P10005,Power Bank 10000mAh,Electronics,2,2026-03-24,1034.93,CUST00169,India
500780,P10012,Storage Organizer,Home & Kitchen,4,2025-01-13,1268.9,CUST00218,United States
500005,P10033,Desk Organizer,Stationery & Office,2,2026-03-11,67.73,CUST00004,United Kingdom
501876,P10017,Formal Shirt,Apparel,2,2025-08-03,562.91,CUST00526,India
501757,P10033,Desk Organizer,Stationery & Office,2,2025-05-23,67.73,CUST00485,united kingdom
501565,P10014,Denim Jacket,Apparel,3,2026-01-13,1048.3,CUST00445,united states
500303,P10013,Cotton T-Shirt,Apparel,4,2025-02-17,1190.46,CUST00117,United States
500059,P10017,Formal Shirt,Apparel,3,2025-11-29,562.91,CUST00029,United Kingdom
500360,P10026,Resistance Bands Set,Sports & Outdoors,5,2025-03-04,636.23,CUST00127,United States
501340,P10026,Resistance Bands Set,Sports & Outdoors,2,2025-02-03,636.23,CUST00361,India
501933,P10036,Backpack,Stationery & Office,2,2025-12-18,218.62,CUST00539,India
501723,P10007,Non-Stick Pan,Home & Kitchen,2,2025-03-18,331.24,CUST00475,India
500709,P10010,Insulated Water Bottle,Home & Kitchen,2,2025-11-17,396.84,CUST00203, India 
502131,P10023,Hair Dryer,Beauty & Personal Care,4,2025-01-10,1018.4,CUST00581,India
500525,P10022,Sunscreen SPF50,Beauty & Personal Care,4,2026-02-10,514.51,CUST00169,India
500460,P10026,Resistance Bands Set,Sports & Outdoors,4,2025-10-13,636.23,CUST00152,India
500489,P10007,Non-Stick Pan,Home & Kitchen,4,2025-06-10,331.24,CUST00163,United Kingdom
500284,P10018,Yoga Pants,Apparel,2,2025-06-23,608.28,CUST00113,uae
500376,P10015,Running Shoes,Apparel,3,2025-07-22,980.3,CUST00130,India
501993,P10007,Non-Stick Pan,Home & Kitchen,1,2026-02-24,331.24,CUST00555,Germany
501765,P10035,Whiteboard Marker Set,Stationery & Office,5,2026-04-30,808.92,CUST00485,UNITED KINGDOM
500247,P10014,Denim Jacket,Apparel,1,2025-10-08,1048.3,CUST00098,India
500218,P10014,Denim Jacket,Apparel,1,2026-05-20,1048.3,CUST00086,india
500897,P10018,Yoga Pants,Apparel,3,2025-06-30,608.28,CUST00245,India
502280,P10032,Gel Pen Pack,Stationery & Office,1,2025-11-10,687.3,CUST00636,India
501316,P10009,Cotton Bedsheet Set,Home & Kitchen,4,2026-05-08,1519.89,CUST00355,india
500386,P10016,Wool Sweater,Apparel,4,2025-05-14,1250.39,,India
501284,P10011,Ceramic Mug Set,Home & Kitchen,5,2026-04-16,1993.94,CUST00345,india
502162,P10027,Water Bottle Sipper,Sports & Outdoors,5,2025-04-19,2203.72,CUST00587,INDIA
503101,P10024,Beard Trimmer,Beauty & Personal Care,4,2026-02-20,700.79,CUST00849,India
501740,P10006,Smartwatch Band,Electronics,5,2025-03-03,990.13,CUST00482,United Kingdom
502059,P10020,Herbal Shampoo,Beauty & Personal Care,5,2026-05-23,1426.26,CUST00570,India
501153,P10015,Running Shoes,Apparel,1,2025-04-26,980.3,CUST00320,india
500274,P10017,Formal Shirt,Apparel,2,2026-01-18,562.91,CUST00111,India
500690,P10007,Non-Stick Pan,Home & Kitchen,1,2025-12-10,331.24,CUST00203,INDIA
501244,P10026,Resistance Bands Set,Sports & Outdoors,2,2025-06-12,636.23,CUST00338,UNITED STATES
501321,P10014,Denim Jacket,Apparel,4,2025-01-20,1048.3,CUST00355,India
500468,P10007,Non-Stick Pan,Home & Kitchen,5,2025-12-23,331.24,CUST00156,india
501949,P10004,USB-C Cable,Electronics,5,2026-01-02,3182.97,CUST00540,India
502528,P10031,Notebook Set,Stationery & Office,1,2025-09-30,268.52,CUST00720,United States
502330,P10008,LED Desk Lamp,Home & Kitchen,2,2025-11-28,1311.15,CUST00659,United Kingdom
501079,P10024,Beard Trimmer,Beauty & Personal Care,4,2025-02-19,700.79,CUST00300,India
500548,P10016,Wool Sweater,Apparel,4,2026-03-24,1250.39,CUST00169,India
500977,P10007,Non-Stick Pan,Home & Kitchen,1,2025-03-22,331.24,CUST00273,Germany
500716,P10011,Ceramic Mug Set,Home & Kitchen,2,2025-12-31,1993.94,CUST00203,India
502439,P10016,Wool Sweater,Apparel,4,2026-01-19,1250.39,CUST00699,India
502378,P10014,Denim Jacket,Apparel,1,2025-04-07,1048.3,CUST00674,INDIA
500157,P10002,Bluetooth Speaker,Electronics,2,2026-06-15,2723.88,CUST00058,India
500244,P10017,Formal Shirt,Apparel,3,2025-09-24,562.91,CUST00096,India
500298,P10005,Power Bank 10000mAh,Electronics,2,2025-08-26,1034.93,CUST00116,Germany
503058,P10017,Formal Shirt,Apparel,4,2025-11-10,562.91,CUST00842,UNITED KINGDOM
501902,P10006,Smartwatch Band,Electronics,4,2026-06-11,990.13,CUST00534,United Kingdom
502261,P10036,Backpack,Stationery & Office,5,2025-04-24,218.62,CUST00633,India
501543,P10034,Sticky Notes Pack,Stationery & Office,4,2025-09-01,147.9,CUST00439,United States
501448,P10011,Ceramic Mug Set,Home & Kitchen,4,2026-02-11,1993.94,CUST00405,India
500808,P10011,Ceramic Mug Set,Home & Kitchen,4,2025-08-05,1993.94,CUST00219,United Kingdom
503059,P10034,Sticky Notes Pack,Stationery & Office,3,2025-12-13,147.9,CUST00842,UNITED KINGDOM
502278,P10036,Backpack,Stationery & Office,4,2025-01-11,218.62,CUST00636,India
500946,P10011,Ceramic Mug Set,Home & Kitchen,4,2026-03-21,1993.94,CUST00264,India
500804,P10022,Sunscreen SPF50,Beauty & Personal Care,1,2029-01-01,514.51,CUST00219,United Kingdom
501401,P10027,Water Bottle Sipper,Sports & Outdoors,5,2026-02-02,2203.72,CUST00391,Singapore
500229,P10013,Cotton T-Shirt,Apparel,4,2026-06-27,1190.46,CUST00087, United States 
502148,P10004,USB-C Cable,Electronics,4,2026-02-14,3182.97,CUST00583,India
502309,P10017,Formal Shirt,Apparel,4,2025-11-01,562.91,CUST00654,UNITED STATES
501708,P10034,Sticky Notes Pack,Stationery & Office,3,2026-03-05,147.9,CUST00470,Singapore
501715,P10030,Cycling Gloves,Sports & Outdoors,5,2026-04-09,820.52,CUST00471,India
501682,P10027,Water Bottle Sipper,Sports & Outdoors,5,2025-02-20,2203.72,CUST00463,United States
500451,P10003,Phone Case,Electronics,4,2025-01-27,1049.71,CUST00146,india
502821,P10030,Cycling Gloves,Sports & Outdoors,2,2025-12-08,820.52,CUST00784,India
501663,P10023,Hair Dryer,Beauty & Personal Care,1,2025-10-15,1018.4,CUST00463,united states
500055,P10016,Wool Sweater,Apparel,2,2025-03-17,1250.39,CUST00026,united states
500410,P10033,Desk Organizer,Stationery & Office,1,2025-07-09,67.73,CUST00138,united states
500261,P10005,,Electronics,3,2025-11-15,1034.93,CUST00104,India
500022,P10006,Smartwatch Band,Electronics,2,2026-01-17,990.13,CUST00010,United States
501566,P10020,Herbal Shampoo,Beauty & Personal Care,4,2025-02-19,1426.26,CUST00446,UAE
500440,P10025,Yoga Mat,Sports & Outdoors,3,2026-02-20,270.08,CUST00142,India
500648,P10004,USB-C Cable,Electronics,1,2025-05-12,3182.97,CUST00192,GERMANY
500481,P10036,Backpack,Stationery & Office,2,2025-12-24,218.62,CUST00160,United States
500156,P10010,Insulated Water Bottle,Home & Kitchen,4,2025-09-23,396.84,CUST00057,India
501289,P10005,Power Bank 10000mAh,Electronics,3,2026-06-29,1034.93,CUST00348,India
500899,P10020,Herbal Shampoo,Beauty & Personal Care,5,2025-09-28,1426.26,CUST00246,UAE
500896,P10012,Storage Organizer,Home & Kitchen,5,2025-07-02,1268.9,CUST00245,India
500231,P10009,Cotton Bedsheet Set,Home & Kitchen,2,2025-03-16,1519.89,CUST00088,United Kingdom
502334,P10007,Non-Stick Pan,Home & Kitchen,3,2025-06-26,331.24,CUST00661,India
502498,P10015,Running Shoes,Apparel,4,2025-10-20,980.3,CUST00706,Singapore
500492,P10004,USB-C Cable,Electronics,3,2025-02-09,3182.97,CUST00165,India
501419,P10024,Beard Trimmer,Beauty & Personal Care,1,2025-10-31,700.79,CUST00392,India
501987,P10011,Ceramic Mug Set,Home & Kitchen,1,2025-01-11,1993.94,CUST00554,United Kingdom
500407,P10030,Cycling Gloves,Sports & Outdoors,3,2025-01-16,820.52,CUST00138,United States
500696,P10015,Running Shoes,Apparel,4,2025-10-09,980.3,CUST00203,India
501140,P10016,Wool Sweater,Apparel,1,2025-07-27,1250.39,CUST00313,INDIA
502285,P10034,Sticky Notes Pack,Stationery & Office,1,2026-02-26,147.9,CUST00640,India
501387,P10006,Smartwatch Band,Electronics,3,2025-11-16,990.13,CUST00385,United States
502290,P10012,Storage Organizer,Home & Kitchen,2,2026-04-04,1268.9,CUST00643,India
500160,P10018,Yoga Pants,Apparel,5,2025-03-08,608.28,CUST00058,India
501708,P10026,Resistance Bands Set,Sports & Outdoors,4,2026-03-05,636.23,CUST00470,Singapore
501627,P10001,Wireless Earbuds,Electronics,4,2026-03-07,606.94,CUST00449,India
500662,P10017,Formal Shirt,Apparel,2,2025-08-30,562.91,CUST00195,India
500548,P10014,Denim Jacket,Apparel,5,2026-03-24,1048.3,CUST00169,India
501252,P10033,Desk Organizer,Stationery & Office,1,2026-03-07,67.73,CUST00341,India
501079,P10022,Sunscreen SPF50,Beauty & Personal Care,2,2025-02-19,514.51,CUST00300,India
502791,P10021,Lip Balm Set,Beauty & Personal Care,2,2026-01-30,652.97,CUST00779,United States
500231,P10028,Camping Torch,Sports & Outdoors,4,2025-03-16,2043.99,CUST00088,United Kingdom
500898,P10011,Ceramic Mug Set,Home & Kitchen,3,2026-02-10,1993.94,CUST00246,UAE
502095,P10029,Badminton Racket,Sports & Outdoors,4,2025-05-02,274.87,CUST00579,India
502495,P10023,Hair Dryer,Beauty & Personal Care,4,2026-03-23,1018.4,CUST00706,Singapore
500863,P10023,Hair Dryer,Beauty & Personal Care,1,2025-03-02,1018.4,,INDIA
502052,P10030,Cycling Gloves,Sports & Outdoors,3,2025-03-20,820.52,CUST00570,INDIA
502520,P10003,Phone Case,Electronics,4,2025-04-05,1049.71,CUST00714,India
500261,P10034,Sticky Notes Pack,Stationery & Office,1,2025-11-15,147.9,CUST00104,India
500063,P10013,Cotton T-Shirt,Apparel,5,2025-03-01,1190.46,CUST00032,India
501704,P10013,Cotton T-Shirt,Apparel,5,2025-06-03,1190.46,CUST00470,Singapore
501831,P10008,LED Desk Lamp,Home & Kitchen,3,2025-01-14,1311.15,CUST00505,UNITED KINGDOM
501613,P10019,Face Serum,Beauty & Personal Care,1,2026-04-29,1312.41,CUST00448,UNITED STATES
500580,P10025,Yoga Mat,Sports & Outdoors,-5,2025-06-27,270.08,CUST00176,India
501540,P10021,Lip Balm Set,Beauty & Personal Care,1,2025-10-05,652.97,CUST00439,United States
501872,P10028,Camping Torch,Sports & Outdoors,3,2025-09-06,2043.99,CUST00524,Germany
502995,P10014,Denim Jacket,Apparel,2,2026-06-17,1048.3,CUST00830,India
502110,P10028,Camping Torch,Sports & Outdoors,4,2025-03-15,2043.99,CUST00579,INDIA
502113,P10031,Notebook Set,Stationery & Office,-5,2025-01-16,268.52,CUST00579,India
501997,P10036,Backpack,Stationery & Office,1,2026-01-17,218.62,CUST00555,Germany
502984,P10009,Cotton Bedsheet Set,Home & Kitchen,2,2026-04-24,1519.89,CUST00830,India
501691,P10030,Cycling Gloves,Sports & Outdoors,2,2025-11-27,820.52,CUST00465,Singapore
501326,P10032,Gel Pen Pack,Stationery & Office,1,2025-05-13,687.3,CUST00357,India
500024,P10019,Face Serum,Beauty & Personal Care,-2,2026-06-18,1312.41,CUST00012,Singapore
502842,P10015,Running Shoes,Apparel,2,2025-06-21,980.3,CUST00789,India
502201,P10003,Phone Case,Electronics,-5,2026-05-15,1049.71,CUST00609,India
500357,P10029,Badminton Racket,Sports & Outdoors,5,2025-10-20,274.87,CUST00127,united states
500778,P10021,Lip Balm Set,Beauty & Personal Care,3,2026-06-03,652.97,CUST00218,United States
502171,P10034,Sticky Notes Pack,Stationery & Office,3,2025-08-13,147.9,CUST00591,India
500705,P10027,Water Bottle Sipper,Sports & Outdoors,4,2026-03-05,2203.72,CUST00203,India
501762,P10030,Cycling Gloves,Sports & Outdoors,2,2026-06-11,820.52,CUST00485,United Kingdom
502679,P10013,Cotton T-Shirt,Apparel,1,2025-10-16,1190.46,CUST00753,United Kingdom
501935,P10019,Face Serum,Beauty & Personal Care,1,2025-05-03,1312.41,CUST00539,India
501795,P10019,Face Serum,Beauty & Personal Care,5,2025-12-24,1312.41,CUST00497,United Kingdom
501678,P10014,Denim Jacket,Apparel,1,2026-06-25,1048.3,CUST00463,United States
501358,P10022,Sunscreen SPF50,Beauty & Personal Care,1,2026-05-12,514.51,CUST00367,Singapore
500189,P10027,Water Bottle Sipper,Sports & Outdoors,1,2025-09-27,2203.72,CUST00068,United States
500622,P10003,Phone Case,Electronics,1,2026-03-20,1049.71,CUST00189,INDIA
500182,P10028,Camping Torch,Sports & Outdoors,4,2026-03-22,2043.99,CUST00066,India
500771,P10029,Badminton Racket,Sports & Outdoors,1,2025-08-18,274.87,CUST00217,India
502277,P10034,Sticky Notes Pack,Stationery & Office,3,2025-10-12,147.9,CUST00636,India
500365,P10030,Cycling Gloves,Sports & Outdoors,-4,2025-09-30,820.52,CUST00127,united states
500149,P10026,Resistance Bands Set,Sports & Outdoors,5,2025-01-28,636.23,CUST00053,UAE
502964,P10001,Wireless Earbuds,Electronics,4,2025-06-30,606.94,CUST00830,India
502686,P10023,Hair Dryer,Beauty & Personal Care,4,2025-11-22,1018.4,CUST00753,UNITED KINGDOM
500125,P10027,Water Bottle Sipper,Sports & Outdoors,1,2025-08-17,2203.72,CUST00047,India
500355,P10029,Badminton Racket,Sports & Outdoors,3,2026-03-14,274.87,CUST00126,India
501704,P10014,Denim Jacket,Apparel,5,2025-06-03,1048.3,CUST00470,Singapore
502662,P10017,Formal Shirt,Apparel,1,2025-09-18,562.91,CUST00753,united kingdom
500389,P10036,Backpack,Stationery & Office,4,2025-06-14,218.62,CUST00133,India
501089,P10019,Face Serum,Beauty & Personal Care,1,2025-10-14,1312.41,CUST00303,India
502664,P10013,Cotton T-Shirt,Apparel,4,2025-04-22,1190.46,CUST00753,united kingdom
502481,P10032,Gel Pen Pack,Stationery & Office,3,2025-01-21,687.3,CUST00706,SINGAPORE
503055,P10010,Insulated Water Bottle,Home & Kitchen,4,2025-03-15,396.84,CUST00842,United Kingdom
500769,P10026,Resistance Bands Set,Sports & Outdoors,3,2025-02-28,636.23,CUST00217,India
500580,P10003,Phone Case,Electronics,2,2025-06-27,1049.71,CUST00176,India
501221,P10013,Cotton T-Shirt,Apparel,1,2025-06-09,1190.46,CUST00333,India
502851,P10029,Badminton Racket,Sports & Outdoors,2,2026-04-14,274.87,CUST00795,India
503041,P10026,Resistance Bands Set,Sports & Outdoors,5,2026-04-17,636.23,CUST00840,UNITED KINGDOM
502857,P10032,Gel Pen Pack,Stationery & Office,1,2025-11-12,687.3,CUST00796,Germany
501594,P10003,Phone Case,Electronics,3,2026-03-18,1049.71,CUST00448,United States
502907,P10020,Herbal Shampoo,Beauty & Personal Care,2,2025-04-30,1426.26,CUST00813,India
500883,P10027,Water Bottle Sipper,Sports & Outdoors,5,2025-08-08,2203.72,CUST00238,India
501597,P10012,Storage Organizer,Home & Kitchen,3,2025-11-22,1268.9,CUST00448,United States
500672,P10003,Phone Case,Electronics,2,2025-03-13,1049.71,CUST00198, Germany 
500390,P10021,Lip Balm Set,Beauty & Personal Care,2,2025-02-22,652.97,CUST00133,india
502435,P10006,Smartwatch Band,Electronics,2,2025-03-05,990.13,CUST00699,India
501361,P10010,Insulated Water Bottle,Home & Kitchen,4,2025-01-30,396.84,CUST00369,India
502117,P10024,Beard Trimmer,Beauty & Personal Care,5,2025-02-05,700.79,CUST00579,India
501744,P10012,Storage Organizer,Home & Kitchen,2,2026-04-05,1268.9,CUST00482,United Kingdom
500209,P10023,Hair Dryer,Beauty & Personal Care,5,2026-03-19,1018.4,CUST00081,Germany
500837,P10001,Wireless Earbuds,Electronics,4,2026-03-06,606.94,CUST00224,India
500873,P10034,Sticky Notes Pack,Stationery & Office,5,2025-08-16,147.9,CUST00236,United States
503054,P10008,LED Desk Lamp,Home & Kitchen,5,2025-01-03,1311.15,CUST00842,United Kingdom
500504,P10003,Phone Case,Electronics,4,2026-02-09,1049.71,,India
501326,P10010,Insulated Water Bottle,Home & Kitchen,4,2025-05-13,396.84,CUST00357,India
500913,P10028,Camping Torch,Sports & Outdoors,1,2025-05-17,2043.99,CUST00253,germany
502709,P10027,Water Bottle Sipper,Sports & Outdoors,1,2025-03-04,2203.72,CUST00757,United Kingdom
501452,P10027,Water Bottle Sipper,Sports & Outdoors,5,2026-03-10,2203.72,CUST00408,INDIA
500203,P10010,Insulated Water Bottle,Home & Kitchen,2,2025-01-22,396.84,CUST00076,United States
501311,P10019,Face Serum,Beauty & Personal Care,2,2025-01-20,1312.41,CUST00353,United Kingdom
502059,P10024,Beard Trimmer,Beauty & Personal Care,2,2026-05-23,700.79,CUST00570,India
502720,P10028,Camping Torch,Sports & Outdoors,5,2025-01-12,2043.99,CUST00762,India
501483,P10017,Formal Shirt,Apparel,3,2025-02-11,562.91,CUST00419,united kingdom
502051,P10010,Insulated Water Bottle,Home & Kitchen,3,2026-06-20,396.84,CUST00569,UAE
500763,P10023,Hair Dryer,Beauty & Personal Care,4,2025-02-01,1018.4,CUST00216,India
501956,P10004,USB-C Cable,Electronics,2,2025-04-04,3182.97,CUST00542,United Kingdom
500801,P10027,Water Bottle Sipper,Sports & Outdoors,2,2025-08-21,2203.72,CUST00219,United Kingdom
500086,P10032,Gel Pen Pack,Stationery & Office,5,2025-01-15,687.3,CUST00037,India
500842,P10004,USB-C Cable,Electronics,5,2025-01-24,3182.97,CUST00226,India
501310,P10015,Running Shoes,Apparel,2,2025-05-26,980.3,CUST00353,United Kingdom
501091,P10022,Sunscreen SPF50,Beauty & Personal Care,5,2026-02-03,514.51,CUST00304,United Kingdom
502675,P10008,LED Desk Lamp,Home & Kitchen,3,2026-06-16,1311.15,CUST00753,United Kingdom
500070,P10006,Smartwatch Band,Electronics,3,2025-04-27,990.13,CUST00032,INDIA
500368,P10032,,Stationery & Office,2,2025-08-16,687.3,CUST00129,India
502136,P10024,Beard Trimmer,Beauty & Personal Care,4,2025-10-19,700.79,CUST00581,India
501004,P10035,Whiteboard Marker Set,Stationery & Office,3,2026-05-15,808.92,CUST00282,India
501964,P10027,Water Bottle Sipper,Sports & Outdoors,1,2025-10-07,2203.72,CUST00543,INDIA
502635,P10009,Cotton Bedsheet Set,Home & Kitchen,1,2026-01-29,1519.89,CUST00747,India
502685,P10015,Running Shoes,Apparel,5,2026-02-09,980.3,CUST00753,United Kingdom
501766,P10001,Wireless Earbuds,Electronics,4,2025-04-08,606.94,CUST00486,UAE
501738,P10012,Storage Organizer,Home & Kitchen,2,2025-06-01,1268.9,CUST00481,UNITED KINGDOM
500687,P10004,USB-C Cable,Electronics,1,2025-10-08,3182.97,CUST00201,UNITED KINGDOM
501808,P10031,Notebook Set,Stationery & Office,1,2025-05-15,268.52,CUST00500,Singapore
502175,P10007,Non-Stick Pan,Home & Kitchen,4,2025-06-23,331.24,CUST00593,India
501360,P10016,Wool Sweater,Apparel,2,2025-10-15,1250.39,CUST00369,India
501318,P10018,Yoga Pants,Apparel,2,2026-05-20,608.28,CUST00355,INDIA
502148,P10013,Cotton T-Shirt,Apparel,3,2026-02-14,1190.46,CUST00583,india
500959,P10027,Water Bottle Sipper,Sports & Outdoors,1,2025-05-31,2203.72,CUST00267,United Kingdom
502930,P10024,Beard Trimmer,Beauty & Personal Care,4,2026-05-04,700.79,CUST00815,Germany
501319,P10027,Water Bottle Sipper,Sports & Outdoors,3,2025-12-30,2203.72,CUST00355,India
500367,P10036,Backpack,Stationery & Office,2,2026-05-03,218.62,CUST00128,Germany
500234,P10003,Phone Case,Electronics,4,2026-03-28,1049.71,CUST00091,India
500779,P10028,Camping Torch,Sports & Outdoors,3,2025-10-05,2043.99,CUST00218,United States
500464,P10023,Hair Dryer,Beauty & Personal Care,1,2026-01-20,1018.4,CUST00154,India
500585,P10013,Cotton T-Shirt,Apparel,5,2025-01-14,1190.46,CUST00176,India
500067,P10005,Power Bank 10000mAh,Electronics,2,2026-04-11,1034.93,CUST00032,India
500871,P10011,Ceramic Mug Set,Home & Kitchen,5,2025-08-04,1993.94,CUST00236,United States
501447,P10027,Water Bottle Sipper,Sports & Outdoors,2,2025-03-01,2203.72,CUST00404,Germany
500746,P10034,Sticky Notes Pack,Stationery & Office,5,2025-03-14,147.9,CUST00212,United Kingdom
503039,P10004,USB-C Cable,Electronics,1,2025-12-01,3182.97,CUST00839,United Kingdom
502790,P10012,Storage Organizer,Home & Kitchen,5,2025-05-05,1268.9,CUST00779,United States
500665,P10024,Beard Trimmer,Beauty & Personal Care,2,2026-01-22,700.79,CUST00195,India
501139,P10005,Power Bank 10000mAh,Electronics,5,2025-11-29,1034.93,CUST00312,India
501143,P10004,USB-C Cable,Electronics,4,2025-10-20,3182.97,CUST00314,Singapore
502632,P10023,Hair Dryer,Beauty & Personal Care,2,2025-04-17,1018.4,CUST00745,India
502876,P10007,Non-Stick Pan,Home & Kitchen,1,2025-01-05,331.24,CUST00798,United Kingdom
501641,P10005,Power Bank 10000mAh,Electronics,3,2025-08-16,1034.93,CUST00455,India
501410,P10005,Power Bank 10000mAh,Electronics,3,2025-11-03,1034.93,CUST00392,India
501305,P10032,,Stationery & Office,2,2026-01-19,687.3,CUST00353,United Kingdom
500452,P10003,Phone Case,Electronics,3,2025-08-09,1049.71,CUST00146,INDIA
502958,P10020,Herbal Shampoo,Beauty & Personal Care,5,2025-07-19,1426.26,CUST00829,United States
500368,P10034,Sticky Notes Pack,Stationery & Office,3,2025-08-16,147.9,CUST00129,India
500290,P10028,Camping Torch,Sports & Outdoors,5,2026-06-09,2043.99,CUST00113,uae
502128,P10024,Beard Trimmer,Beauty & Personal Care,5,2026-05-17,700.79,CUST00581,India
502013,P10030,Cycling Gloves,Sports & Outdoors,4,2025-07-23,820.52,CUST00559,United States
500037,P10007,Non-Stick Pan,Home & Kitchen,2,2025-04-11,331.24,,India
500595,P10031,Notebook Set,Stationery & Office,2,2026-02-27,268.52,CUST00176,INDIA
501656,P10001,Wireless Earbuds,Electronics,2,2025-01-30,606.94,CUST00461,India
502040,P10006,Smartwatch Band,Electronics,5,2025-12-26,990.13,CUST00565,India
502214,P10017,Formal Shirt,Apparel,1,2026-02-09,562.91,CUST00615,Germany
500742,P10004,,Electronics,4,2025-06-11,3182.97,CUST00208,United Kingdom
501432,P10036,Backpack,Stationery & Office,5,2025-06-19,218.62,CUST00394, United States 
500759,P10018,Yoga Pants,Apparel,1,2025-03-16,608.28,CUST00216,INDIA
502054,P10001,Wireless Earbuds,Electronics,-2,2026-01-12,606.94,CUST00570,INDIA
501363,P10021,Lip Balm Set,Beauty & Personal Care,4,2026-03-10,652.97,CUST00370,INDIA
501990,P10035,Whiteboard Marker Set,Stationery & Office,4,2026-06-14,808.92,CUST00555,Germany
502871,P10022,Sunscreen SPF50,Beauty & Personal Care,2,2025-11-28,514.51,CUST00797,UAE
502092,P10021,Lip Balm Set,Beauty & Personal Care,3,2025-10-30,652.97,CUST00579,india
501742,P10024,Beard Trimmer,Beauty & Personal Care,5,2025-12-02,700.79,CUST00482,United Kingdom
502052,P10033,Desk Organizer,Stationery & Office,3,2025-03-20,67.73,CUST00570,india
502788,P10013,Cotton T-Shirt,Apparel,5,2026-04-24,1190.46,CUST00779,United States
500039,P10016,Wool Sweater,Apparel,1,2025-09-04,1250.39,,india
502385,P10023,Hair Dryer,Beauty & Personal Care,1,2025-08-30,1018.4,CUST00677,india
500401,P10019,Face Serum,Beauty & Personal Care,3,2026-04-24,1312.41,CUST00137,India
502069,P10020,Herbal Shampoo,Beauty & Personal Care,3,2025-07-08,1426.26,CUST00574,United Kingdom
501869,P10020,Herbal Shampoo,Beauty & Personal Care,4,2025-11-26,1426.26,CUST00524,Germany
502240,P10020,Herbal Shampoo,Beauty & Personal Care,4,2025-09-14,1426.26,CUST00627,India
500070,P10007,Non-Stick Pan,Home & Kitchen,3,2025-04-27,331.24,CUST00032,india
501293,P10008,LED Desk Lamp,Home & Kitchen,5,2026-02-27,1311.15,CUST00351,India
500483,P10001,Wireless Earbuds,Electronics,1,2025-11-05,606.94,CUST00162,united kingdom
502191,P10004,USB-C Cable,Electronics,3,2025-10-31,3182.97,CUST00602,India
502437,P10011,Ceramic Mug Set,Home & Kitchen,3,2025-04-29,1993.94,CUST00699,India
500283,P10020,Herbal Shampoo,Beauty & Personal Care,2,2025-11-07,1426.26,CUST00113,UAE
501654,P10006,Smartwatch Band,Electronics,3,2026-01-23,990.13,CUST00459,India
500445,P10026,Resistance Bands Set,Sports & Outdoors,3,2026-06-01,636.23,CUST00144,India
501397,P10016,Wool Sweater,Apparel,2,2025-05-17,1250.39,CUST00388,India
502021,P10017,Formal Shirt,Apparel,4,2026-01-15,562.91,CUST00562,India
500152,P10009,Cotton Bedsheet Set,Home & Kitchen,4,2025-03-27,1519.89,CUST00055,United Kingdom
500254,P10014,Denim Jacket,Apparel,5,2025-01-05,1048.3,CUST00101,India
500004,P10003,Phone Case,Electronics,2,2026-02-04,1049.71,CUST00003,United States
500201,P10019,Face Serum,Beauty & Personal Care,2,2025-04-07,1312.41,CUST00074,UNITED STATES
503012,P10014,Denim Jacket,Apparel,5,2025-12-06,1048.3,CUST00833, India 
501184,P10016,Wool Sweater,Apparel,1,2025-09-23,1250.39,CUST00324,india
501447,P10023,Hair Dryer,Beauty & Personal Care,3,2025-03-01,1018.4,CUST00404,germany
500055,P10011,Ceramic Mug Set,Home & Kitchen,2,2025-03-17,1993.94,CUST00026,United States
501658,P10022,Sunscreen SPF50,Beauty & Personal Care,2,2025-03-01,514.51,CUST00463,United States
503049,P10002,Bluetooth Speaker,Electronics,1,2026-01-01,2723.88,CUST00842,United Kingdom
500298,P10031,Notebook Set,Stationery & Office,2,2025-08-26,268.52,CUST00116,Germany
500992,P10009,Cotton Bedsheet Set,Home & Kitchen,5,2025-03-01,1519.89,CUST00278,United Kingdom
500130,P10027,Water Bottle Sipper,Sports & Outdoors,5,2025-03-22,2203.72,CUST00047,India
500527,P10023,Hair Dryer,Beauty & Personal Care,2,2026-03-10,1018.4,CUST00169,India
502768,P10003,Phone Case,Electronics,1,2025-05-23,1049.71,CUST00779,United States
501368,P10032,Gel Pen Pack,Stationery & Office,2,2025-07-09,687.3,CUST00374,United Kingdom
501380,P10032,Gel Pen Pack,Stationery & Office,2,2026-01-02,687.3,CUST00382,United Kingdom
501309,P10035,Whiteboard Marker Set,Stationery & Office,1,2025-05-08,808.92,CUST00353,United Kingdom
502823,P10011,Ceramic Mug Set,Home & Kitchen,4,2025-01-07,1993.94,CUST00785,India
500226,P10013,Cotton T-Shirt,Apparel,2,2025-11-11,1190.46,CUST00086,India
502889,P10033,Desk Organizer,Stationery & Office,1,2025-02-04,67.73,CUST00801,United States
501442,P10034,Sticky Notes Pack,Stationery & Office,3,2025-05-02,147.9,CUST00400,United States
501451,P10003,Phone Case,Electronics,4,2026-06-10,1049.71,,india
501714,P10011,Ceramic Mug Set,Home & Kitchen,1,2025-03-24,1993.94,CUST00471,India
501897,P10008,LED Desk Lamp,Home & Kitchen,3,2025-04-16,1311.15,CUST00534,United Kingdom
501080,P10029,Badminton Racket,Sports & Outdoors,3,2026-06-14,274.87,,INDIA
502429,P10007,Non-Stick Pan,Home & Kitchen,3,2025-02-13,331.24,CUST00699,India
502359,P10014,Denim Jacket,Apparel,4,2025-10-04,1048.3,,India
500350,P10032,Gel Pen Pack,Stationery & Office,1,2026-05-31,687.3,CUST00126,India
500125,P10035,Whiteboard Marker Set,Stationery & Office,3,2025-08-17,808.92,CUST00047,India
501980,P10022,Sunscreen SPF50,Beauty & Personal Care,5,2025-02-28,514.51,CUST00550,UNITED STATES
501435,P10009,Cotton Bedsheet Set,Home & Kitchen,2,2025-11-14,1519.89,CUST00396, UAE 
500572,P10019,Face Serum,Beauty & Personal Care,1,2025-03-13,1312.41,CUST00175, United Kingdom 
503005,P10036,Backpack,Stationery & Office,1,2026-05-03,218.62,CUST00832,India
501059,P10012,Storage Organizer,Home & Kitchen,1,2026-02-13,1268.9,CUST00295, India 
502054,P10026,Resistance Bands Set,Sports & Outdoors,2,2026-01-12,636.23,CUST00570,India
500844,P10026,Resistance Bands Set,Sports & Outdoors,3,2025-06-23,636.23,CUST00228,India
502036,P10026,Resistance Bands Set,Sports & Outdoors,1,2025-01-24,636.23,CUST00564,India
502847,P10033,Desk Organizer,Stationery & Office,2,2025-05-30,67.73,CUST00793,India
502933,P10004,USB-C Cable,Electronics,4,2025-12-08,3182.97,CUST00815,Germany
502511,P10036,Backpack,Stationery & Office,3,2025-08-29,218.62,CUST00710,United Kingdom
502401,P10005,Power Bank 10000mAh,Electronics,4,2026-04-27,1034.93,CUST00685,uae
502972,P10031,Notebook Set,Stationery & Office,5,2025-02-10,268.52,CUST00830,India
500372,P10003,Phone Case,Electronics,5,2025-09-02,1049.71,CUST00130,India
502557,P10026,Resistance Bands Set,Sports & Outdoors,2,2025-12-15,636.23,CUST00731,India
500198,P10029,Badminton Racket,Sports & Outdoors,1,2025-01-12,274.87,CUST00073,India
502779,P10003,Phone Case,Electronics,5,2025-06-13,1049.71,CUST00779, United States 
501858,P10019,Face Serum,Beauty & Personal Care,2,2025-06-23,1312.41,CUST00521,United Kingdom
500420,P10011,Ceramic Mug Set,Home & Kitchen,-3,2026-03-27,1993.94,CUST00138,United States
500176,P10012,Storage Organizer,Home & Kitchen,3,2025-09-02,1268.9,CUST00063,Germany
500715,P10018,Yoga Pants,Apparel,3,2026-04-29,608.28,CUST00203, India 
500254,P10018,Yoga Pants,Apparel,1,2025-01-05,608.28,CUST00101,India
502722,P10036,Backpack,Stationery & Office,5,2025-09-29,218.62,CUST00763,India
501318,P10014,Denim Jacket,Apparel,5,2026-05-20,1048.3,CUST00355,India
500559,P10004,USB-C Cable,Electronics,3,2025-12-16,3182.97,CUST00171,United Kingdom
501562,P10017,Formal Shirt,Apparel,1,2026-01-31,562.91,CUST00444,India
500746,P10001,Wireless Earbuds,Electronics,3,2025-03-14,606.94,CUST00212,United Kingdom
500329,P10033,Desk Organizer,Stationery & Office,5,2025-06-23,67.73,CUST00126,India
501231,P10025,Yoga Mat,Sports & Outdoors,2,2026-06-17,270.08,CUST00335,India
502632,P10018,Yoga Pants,Apparel,2,2025-04-17,608.28,CUST00745,India
500123,P10016,Wool Sweater,Apparel,5,2025-05-23,1250.39,CUST00047, India 
502085,P10036,Backpack,Stationery & Office,5,2025-03-07,218.62,CUST00579,India
500282,P10029,Badminton Racket,Sports & Outdoors,3,2025-08-04,274.87,CUST00112,India
502459,P10010,Insulated Water Bottle,Home & Kitchen,5,2025-11-07,396.84,CUST00701,India
500166,P10035,Whiteboard Marker Set,Stationery & Office,-2,2025-10-12,808.92,CUST00062,INDIA
502409,P10024,Beard Trimmer,Beauty & Personal Care,3,2026-06-08,700.79,CUST00688,India
501033,P10009,Cotton Bedsheet Set,Home & Kitchen,5,2025-03-01,1519.89,,India
501202,P10028,Camping Torch,Sports & Outdoors,2,2026-02-21,2043.99,CUST00324,India
501252,P10024,Beard Trimmer,Beauty & Personal Care,1,2026-03-07,700.79,CUST00341,India
500994,P10028,Camping Torch,Sports & Outdoors,1,2025-10-27,2043.99,CUST00280,United States
502893,P10018,Yoga Pants,Apparel,4,2025-07-16,608.28,CUST00803,United Kingdom
502284,P10018,Yoga Pants,Apparel,-3,2026-03-04,608.28,CUST00639,INDIA
501112,P10026,Resistance Bands Set,Sports & Outdoors,5,2025-05-02,636.23,CUST00311,India
502958,P10021,Lip Balm Set,Beauty & Personal Care,2,2025-07-19,652.97,CUST00829,United States
502795,P10022,Sunscreen SPF50,Beauty & Personal Care,5,2025-09-01,514.51,CUST00779,UNITED STATES
502640,P10016,Wool Sweater,Apparel,5,2025-03-03,1250.39,CUST00749,UAE
500818,P10033,Desk Organizer,Stationery & Office,2,2025-08-29,67.73,CUST00219,United Kingdom
502386,P10022,Sunscreen SPF50,Beauty & Personal Care,3,2026-02-27,514.51,,INDIA
501859,P10027,Water Bottle Sipper,Sports & Outdoors,2,2025-09-03,2203.72,CUST00521,United Kingdom
501233,P10012,Storage Organizer,Home & Kitchen,1,2025-01-28,1268.9,CUST00335,India
500980,P10030,Cycling Gloves,Sports & Outdoors,4,2025-12-25,820.52,CUST00273,Germany
501194,P10016,Wool Sweater,Apparel,2,2025-11-22,1250.39,CUST00324,india
501861,P10032,Gel Pen Pack,Stationery & Office,4,2025-04-04,687.3,CUST00521,united kingdom
500415,P10016,Wool Sweater,Apparel,3,2025-02-22,1250.39,,United States
500114,P10027,Water Bottle Sipper,Sports & Outdoors,5,2025-08-24,2203.72,CUST00047,India
501985,P10001,Wireless Earbuds,Electronics,2,2025-06-04,606.94,CUST00553,United Kingdom
501596,P10032,Gel Pen Pack,Stationery & Office,5,2025-07-20,687.3,CUST00448,United States
500887,P10008,LED Desk Lamp,Home & Kitchen,2,2025-06-27,1311.15,CUST00239,United Kingdom
502807,P10005,Power Bank 10000mAh,Electronics,3,2026-03-29,1034.93,CUST00780,United Kingdom
500472,P10028,Camping Torch,Sports & Outdoors,2,2026-05-20,2043.99,CUST00158,United States
500950,P10007,Non-Stick Pan,Home & Kitchen,3,2025-03-13,331.24,CUST00264,India
502066,P10024,Beard Trimmer,Beauty & Personal Care,1,2025-04-27,700.79,CUST00572,United States
501423,P10023,Hair Dryer,Beauty & Personal Care,5,2026-06-04,1018.4,CUST00392,India
501754,P10012,Storage Organizer,Home & Kitchen,4,2025-05-22,1268.9,CUST00485,United Kingdom
501286,P10006,Smartwatch Band,Electronics,1,2025-12-12,990.13,CUST00345,India
501170,P10026,Resistance Bands Set,Sports & Outdoors,4,2025-03-10,636.23,CUST00324,India
501052,P10026,Resistance Bands Set,Sports & Outdoors,2,2025-02-25,636.23,, India 
502343,P10017,Formal Shirt,Apparel,2,2025-01-27,562.91,CUST00665,India
502293,P10035,Whiteboard Marker Set,Stationery & Office,5,2026-04-03,808.92,CUST00644,India
500268,P10009,Cotton Bedsheet Set,Home & Kitchen,1,2026-02-07,1519.89,,India
502263,P10035,Whiteboard Marker Set,Stationery & Office,1,2026-04-05,808.92,CUST00634,India
502552,P10011,Ceramic Mug Set,Home & Kitchen,4,2025-05-11,1993.94,CUST00731,India
501854,P10004,USB-C Cable,Electronics,5,2025-04-26,3182.97,CUST00518,United States
501554,P10006,Smartwatch Band,Electronics,3,2026-03-16,990.13,CUST00440,India
500160,P10024,Beard Trimmer,Beauty & Personal Care,2,2025-03-08,700.79,CUST00058, India 
500369,P10011,Ceramic Mug Set,Home & Kitchen,5,2026-01-08,1993.94,CUST00129,India
502069,P10018,Yoga Pants,Apparel,3,2025-07-08,608.28,CUST00574, United Kingdom 
502376,P10022,Sunscreen SPF50,Beauty & Personal Care,3,2025-04-10,514.51,CUST00674,INDIA
501156,P10029,Badminton Racket,Sports & Outdoors,5,2026-04-27,274.87,CUST00321,India
500407,P10028,Camping Torch,Sports & Outdoors,1,2025-01-16,2043.99,CUST00138,United States
500479,P10002,Bluetooth Speaker,Electronics,3,2025-09-17,2723.88,CUST00159,INDIA
502355,P10020,Herbal Shampoo,Beauty & Personal Care,1,2025-05-01,1426.26,CUST00666, India 
502007,P10025,Yoga Mat,Sports & Outdoors,2,2025-05-05,270.08,CUST00557,India
500086,P10030,Cycling Gloves,Sports & Outdoors,5,2025-01-15,820.52,CUST00037,India
501943,P10034,Sticky Notes Pack,Stationery & Office,-2,2025-07-23,147.9,CUST00540,India
500757,P10015,Running Shoes,Apparel,2,2025-07-06,980.3,CUST00216,India
500901,P10026,Resistance Bands Set,Sports & Outdoors,1,2025-10-01,636.23,CUST00248,Singapore
502462,P10027,Water Bottle Sipper,Sports & Outdoors,3,2026-05-23,2203.72,CUST00703,India
502624,P10007,Non-Stick Pan,Home & Kitchen,3,2026-05-10,331.24,CUST00740,India
501155,P10019,Face Serum,Beauty & Personal Care,4,2025-09-20,1312.41,CUST00320,India
501269,P10001,Wireless Earbuds,Electronics,2,2025-05-09,606.94,CUST00343,INDIA
501481,P10005,Power Bank 10000mAh,Electronics,2,2026-03-09,1034.93,CUST00419,UNITED KINGDOM
500156,P10020,Herbal Shampoo,Beauty & Personal Care,3,2025-09-23,1426.26,CUST00057,INDIA
500182,P10015,Running Shoes,Apparel,4,2026-03-22,980.3,CUST00066,INDIA
501908,P10029,Badminton Racket,Sports & Outdoors,4,2025-06-21,274.87,CUST00539,India
500614,P10036,Backpack,Stationery & Office,4,2025-01-14,218.62,CUST00189,INDIA
501574,P10015,Running Shoes,Apparel,3,2026-04-20,980.3,CUST00448,United States
501864,P10015,Running Shoes,Apparel,1,2026-02-26,980.3,CUST00522,India
502303,P10029,Badminton Racket,Sports & Outdoors,2,2025-04-09,274.87,CUST00651,INDIA
500377,P10034,Sticky Notes Pack,Stationery & Office,2,2025-12-22,0.0,CUST00130,India
502512,P10006,Smartwatch Band,Electronics,4,2025-01-06,990.13,CUST00710,United Kingdom
500577,P10034,Sticky Notes Pack,Stationery & Office,3,2026-04-01,147.9,CUST00176,India
502645,P10031,Notebook Set,Stationery & Office,4,2025-04-15,268.52,CUST00749,UAE
500126,P10019,Face Serum,Beauty & Personal Care,4,2026-05-17,1312.41,CUST00047,INDIA
501014,P10024,Beard Trimmer,Beauty & Personal Care,5,2026-01-17,700.79,CUST00286,INDIA
502183,P10019,Face Serum,Beauty & Personal Care,4,2025-06-22,1312.41,CUST00595,Germany
500360,P10026,Resistance Bands Set,Sports & Outdoors,5,2025-03-04,636.23,CUST00127,United States
501765,P10010,Insulated Water Bottle,Home & Kitchen,1,2026-04-30,396.84,CUST00485,United Kingdom
501480,P10007,Non-Stick Pan,Home & Kitchen,1,2025-04-08,331.24,CUST00418,India
502143,P10021,Lip Balm Set,Beauty & Personal Care,2,2026-04-13,652.97,CUST00583,India
501275,P10022,Sunscreen SPF50,Beauty & Personal Care,2,2025-03-12,514.51,CUST00343,India
502408,P10031,Notebook Set,Stationery & Office,5,2026-01-24,268.52,CUST00688,India
501118,P10011,Ceramic Mug Set,Home & Kitchen,4,2025-07-22,1993.94,CUST00311,INDIA
501335,P10001,Wireless Earbuds,Electronics,4,2025-02-11,606.94,CUST00359,UAE
502929,P10007,Non-Stick Pan,Home & Kitchen,1,2026-01-14,331.24,CUST00815,germany
501508,P10012,Storage Organizer,Home & Kitchen,2,2025-10-06,1268.9,CUST00426,India
500188,P10022,Sunscreen SPF50,Beauty & Personal Care,1,2026-03-08,514.51,CUST00068,UNITED STATES
502913,P10011,Ceramic Mug Set,Home & Kitchen,2,2025-04-12,1993.94,CUST00813,india
501489,P10003,Phone Case,Electronics,4,2026-02-07,1049.71,CUST00420,United States
501824,P10031,Notebook Set,Stationery & Office,1,2026-03-09,268.52,CUST00503,india
502666,P10032,Gel Pen Pack,Stationery & Office,2,2025-07-05,687.3,CUST00753,United Kingdom
501952,P10030,Cycling Gloves,Sports & Outdoors,2,2025-09-06,820.52,CUST00542,United Kingdom
500297,P10012,Storage Organizer,Home & Kitchen,5,2025-05-14,1268.9,CUST00116,Germany
501214,P10030,Cycling Gloves,Sports & Outdoors,1,2026-05-17,820.52,,India
501077,P10026,Resistance Bands Set,Sports & Outdoors,3,2025-08-27,636.23,CUST00300,India
501800,P10012,Storage Organizer,Home & Kitchen,5,2025-10-28,1268.9,CUST00497,United Kingdom
501171,P10003,Phone Case,Electronics,-1,2025-08-06,1049.71,CUST00324,India
501548,P10005,Power Bank 10000mAh,Electronics,3,2025-12-08,1034.93,CUST00439,united states
502397,P10028,Camping Torch,Sports & Outdoors,1,2026-03-15,2043.99,CUST00682,INDIA
501349,P10006,Smartwatch Band,Electronics,2,2026-05-05,990.13,CUST00363,India
501159,P10022,Sunscreen SPF50,Beauty & Personal Care,1,2025-11-16,514.51,CUST00322,United States
501386,P10021,Lip Balm Set,Beauty & Personal Care,5,2026-03-25,652.97,CUST00385,United States
500778,P10026,Resistance Bands Set,Sports & Outdoors,4,2026-06-03,636.23,CUST00218,united states
500619,P10032,Gel Pen Pack,Stationery & Office,4,2026-01-11,687.3,CUST00189,India
502411,P10025,Yoga Mat,Sports & Outdoors,3,2025-06-08,270.08,CUST00688,India
500364,P10016,Wool Sweater,Apparel,5,2025-10-09,1250.39,CUST00127,United States
500741,P10021,Lip Balm Set,Beauty & Personal Care,2,2025-05-07,652.97,CUST00208,United Kingdom
500019,P10015,Running Shoes,Apparel,2,2026-06-12,980.3,CUST00008,Germany
501307,P10004,USB-C Cable,Electronics,3,2025-04-01,3182.97,CUST00353,United Kingdom
502733,P10033,Desk Organizer,Stationery & Office,-2,2025-05-09,67.73,CUST00769,India
502189,P10036,Backpack,Stationery & Office,5,2025-05-18,218.62,CUST00600,INDIA
501461,P10029,Badminton Racket,Sports & Outdoors,3,2026-02-12,274.87,CUST00412,uae
502919,P10010,Insulated Water Bottle,Home & Kitchen,3,2025-06-10,396.84,CUST00813,India
500884,P10030,Cycling Gloves,Sports & Outdoors,1,2025-10-05,820.52,CUST00238,India
501048,P10010,Insulated Water Bottle,Home & Kitchen,4,2026-04-21,396.84,CUST00295,India
502610,P10030,,Sports & Outdoors,-1,2025-11-25,820.52,CUST00738,United States
503098,P10002,Bluetooth Speaker,Electronics,5,2025-04-06,2723.88,CUST00847,india
500527,P10028,Camping Torch,Sports & Outdoors,5,2026-03-10,2043.99,CUST00169,India
500183,P10024,Beard Trimmer,Beauty & Personal Care,3,2026-04-24,700.79,CUST00066,India
503079,P10010,Insulated Water Bottle,Home & Kitchen,1,2025-02-12,396.84,CUST00842,United Kingdom
501867,P10011,Ceramic Mug Set,Home & Kitchen,2,2025-12-19,1993.94,CUST00523, Singapore 
502047,P10028,Camping Torch,Sports & Outdoors,4,2026-05-07,2043.99,CUST00567,India
503083,P10018,Yoga Pants,Apparel,3,2026-05-26,608.28,CUST00842,United Kingdom
501082,P10031,Notebook Set,Stationery & Office,4,2025-01-09,268.52,CUST00300,India
500538,P10027,Water Bottle Sipper,Sports & Outdoors,1,2025-01-29,2203.72,CUST00169,INDIA
502916,P10027,Water Bottle Sipper,Sports & Outdoors,2,2025-03-27,2203.72,CUST00813,India
501411,P10004,USB-C Cable,Electronics,4,2026-06-12,3182.97,CUST00392,India
500268,P10022,Sunscreen SPF50,Beauty & Personal Care,4,2026-02-07,514.51,CUST00106,India
500885,P10020,Herbal Shampoo,Beauty & Personal Care,3,2025-08-19,1426.26,CUST00238,India
502809,P10012,Storage Organizer,Home & Kitchen,3,2025-08-25,1268.9,CUST00782, India 
502157,P10012,,Home & Kitchen,4,2026-01-17,1268.9,CUST00586,India
501419,P10032,Gel Pen Pack,Stationery & Office,1,2025-10-31,687.3,CUST00392,India
500996,P10025,Yoga Mat,Sports & Outdoors,3,2025-04-01,270.08,CUST00280,United States
501173,P10020,Herbal Shampoo,Beauty & Personal Care,4,2026-03-28,1426.26,CUST00324,India
502541,P10004,USB-C Cable,Electronics,1,2025-03-25,3182.97,CUST00725,United Kingdom
502464,P10001,Wireless Earbuds,Electronics,5,2025-10-09,606.94,CUST00704,INDIA
500978,P10026,Resistance Bands Set,Sports & Outdoors,1,2026-06-06,636.23,CUST00273,Germany
501235,P10027,Water Bottle Sipper,Sports & Outdoors,1,2025-02-28,2203.72,CUST00335, India 
500344,P10036,Backpack,Stationery & Office,1,2026-03-24,218.62,CUST00126,india
502370,P10029,Badminton Racket,Sports & Outdoors,4,2025-08-07,274.87,CUST00672,Germany
500424,P10027,Water Bottle Sipper,Sports & Outdoors,5,2026-03-25,2203.72,CUST00139,India
501778,P10033,Desk Organizer,Stationery & Office,5,2026-02-21,67.73,CUST00490,Germany
501571,P10029,Badminton Racket,Sports & Outdoors,5,2025-01-14,274.87,CUST00448,United States
502050,P10003,Phone Case,Electronics,1,2025-01-12,1049.71,CUST00568,India
500716,P10018,Yoga Pants,Apparel,3,2025-12-31,608.28,CUST00203,India
500010,P10005,Power Bank 10000mAh,Electronics,5,2025-12-10,1034.93,CUST00006,India
500846,P10028,Camping Torch,Sports & Outdoors,1,2026-01-29,2043.99,CUST00229,Germany
500581,P10035,Whiteboard Marker Set,Stationery & Office,3,2025-08-04,808.92,CUST00176,India
503024,P10036,Backpack,Stationery & Office,3,2026-04-05,218.62,CUST00833,India
500101,P10022,Sunscreen SPF50,Beauty & Personal Care,2,2025-06-23,514.51,CUST00042,India
501467,P10028,Camping Torch,Sports & Outdoors,2,2025-09-30,2043.99,CUST00415,United Kingdom
500517,P10034,Sticky Notes Pack,Stationery & Office,4,2026-01-24,147.9,,India
500477,P10034,Sticky Notes Pack,Stationery & Office,3,2025-08-18,147.9,CUST00159,India
500194,P10030,Cycling Gloves,Sports & Outdoors,4,2025-08-16,820.52,CUST00070,SINGAPORE
501845,P10028,Camping Torch,Sports & Outdoors,4,2025-05-06,2043.99,CUST00513,UAE
502121,P10023,Hair Dryer,Beauty & Personal Care,2,2025-11-14,1018.4,CUST00580,India
502696,P10031,Notebook Set,Stationery & Office,4,2025-09-15,268.52,CUST00754,INDIA
500825,P10020,Herbal Shampoo,Beauty & Personal Care,1,2025-12-17,1426.26,CUST00219,United Kingdom
500572,P10021,Lip Balm Set,Beauty & Personal Care,2,2025-03-13,652.97,CUST00175,united kingdom
503043,P10025,Yoga Mat,Sports & Outdoors,4,2025-03-04,270.08,CUST00841,INDIA
501315,P10033,Desk Organizer,Stationery & Office,2,2025-01-02,67.73,CUST00354,India
500511,P10036,Backpack,Stationery & Office,5,2025-01-27,218.62,CUST00168,India
500775,P10009,Cotton Bedsheet Set,Home & Kitchen,3,2025-07-11,1519.89,CUST00218,United States
501702,P10032,Gel Pen Pack,Stationery & Office,4,2026-03-30,687.3,CUST00469,India
500768,P10033,Desk Organizer,Stationery & Office,1,2025-10-23,67.73,CUST00216,India
500773,P10028,Camping Torch,Sports & Outdoors,2,2025-08-09,2043.99,CUST00217,India
500120,P10025,Yoga Mat,Sports & Outdoors,2,2025-08-18,270.08,CUST00047,India
502255,P10020,Herbal Shampoo,Beauty & Personal Care,4,2025-07-03,1426.26,CUST00632,Germany
501511,P10032,Gel Pen Pack,Stationery & Office,5,2025-03-21,687.3,CUST00427, India 
500076,P10014,Denim Jacket,Apparel,3,2025-05-01,1048.3,CUST00033,India
502778,P10025,Yoga Mat,Sports & Outdoors,3,2026-02-09,270.08,CUST00779,United States
502700,P10031,Notebook Set,Stationery & Office,2,2025-09-12,268.52,CUST00754,India
503013,P10036,Backpack,Stationery & Office,1,2025-11-30,218.62,CUST00833,India
501556,P10013,Cotton T-Shirt,Apparel,5,2025-05-31,1190.46,CUST00442,Singapore
501759,P10019,Face Serum,Beauty & Personal Care,1,2025-11-23,1312.41,CUST00485,United Kingdom
502117,P10014,Denim Jacket,Apparel,3,2025-02-05,1048.3,CUST00579,india
501560,P10025,Yoga Mat,Sports & Outdoors,-2,2025-11-22,270.08,,India
502001,P10031,Notebook Set,Stationery & Office,3,2025-08-19,268.52,CUST00555,Germany
501178,P10029,Badminton Racket,Sports & Outdoors,5,2026-04-26,274.87,CUST00324,India
500005,P10008,LED Desk Lamp,Home & Kitchen,3,2026-03-11,1311.15,CUST00004,United Kingdom
501255,P10010,Insulated Water Bottle,Home & Kitchen,5,2026-01-14,396.84,CUST00343,India
500661,P10002,Bluetooth Speaker,Electronics,3,2025-04-14,2723.88,CUST00194,UNITED KINGDOM
501420,P10013,Cotton T-Shirt,Apparel,3,2025-06-01,1190.46,CUST00392,India
502143,P10003,Phone Case,Electronics,4,2026-04-13,1049.71,CUST00583,India
502945,P10025,Yoga Mat,Sports & Outdoors,4,2026-02-12,270.08,CUST00821,United States
501589,P10033,Desk Organizer,Stationery & Office,5,2025-05-03,67.73,CUST00448,United States
500812,P10035,Whiteboard Marker Set,Stationery & Office,1,2026-06-14,808.92,CUST00219,united kingdom
500360,P10028,Camping Torch,Sports & Outdoors,2,2025-03-04,2043.99,CUST00127,United States
500282,P10005,Power Bank 10000mAh,Electronics,3,2025-08-04,1034.93,CUST00112,India
501200,P10011,Ceramic Mug Set,Home & Kitchen,4,2025-06-29,1993.94,CUST00324,India
501145,P10027,Water Bottle Sipper,Sports & Outdoors,5,2026-01-20,2203.72,CUST00315,Germany
500472,P10004,USB-C Cable,Electronics,4,2026-05-20,3182.97,CUST00158,UNITED STATES
501882,P10015,Running Shoes,Apparel,4,2026-03-15,0.0,CUST00530,germany
500648,P10010,Insulated Water Bottle,Home & Kitchen,5,2025-05-12,396.84,CUST00192,Germany
501121,P10036,Backpack,Stationery & Office,-4,2025-12-19,218.62,CUST00311,India
500909,P10014,Denim Jacket,Apparel,2,2025-12-07,1048.3,CUST00251,India
500271,P10021,Lip Balm Set,Beauty & Personal Care,1,2025-11-08,652.97,CUST00108,United States
501203,P10027,Water Bottle Sipper,Sports & Outdoors,2,2025-01-24,2203.72,CUST00324,India
501479,P10032,Gel Pen Pack,Stationery & Office,2,2025-12-26,687.3,CUST00418,India
502097,P10009,Cotton Bedsheet Set,Home & Kitchen,1,2025-04-25,1519.89,CUST00579,India
502699,P10033,Desk Organizer,Stationery & Office,5,2025-10-29,67.73,CUST00754,India
500978,P10026,Resistance Bands Set,Sports & Outdoors,2,2026-06-06,636.23,CUST00273,germany
502197,P10015,Running Shoes,Apparel,2,2025-10-13,980.3,CUST00606,India
500772,P10015,Running Shoes,Apparel,2,2026-05-11,980.3,CUST00217,INDIA
500969,P10016,Wool Sweater,Apparel,1,2025-08-13,1250.39,CUST00270, India 
500786,P10002,Bluetooth Speaker,Electronics,-4,2025-06-26,2723.88,CUST00219,united kingdom
500028,P10004,USB-C Cable,Electronics,5,2026-03-21,3182.97,CUST00012, Singapore 
501450,P10001,Wireless Earbuds,Electronics,3,2025-08-26,606.94,CUST00407,INDIA
502510,P10002,Bluetooth Speaker,Electronics,4,2025-08-03,2723.88,CUST00709,India
501537,P10028,Camping Torch,Sports & Outdoors,4,2026-05-16,2043.99,CUST00439,united states
502687,P10005,Power Bank 10000mAh,Electronics,4,2026-05-22,1034.93,CUST00753,United Kingdom
501525,P10023,Hair Dryer,Beauty & Personal Care,1,2025-07-11,1018.4,CUST00434,INDIA
502945,P10023,Hair Dryer,Beauty & Personal Care,3,2026-02-12,1018.4,CUST00821,United States
501135,P10015,Running Shoes,Apparel,4,2025-11-23,980.3,CUST00312,India
500138,P10010,Insulated Water Bottle,Home & Kitchen,5,2026-01-11,0.0,CUST00049,INDIA
500029,P10008,LED Desk Lamp,Home & Kitchen,-1,2025-01-30,1311.15,CUST00012,SINGAPORE
501963,P10013,Cotton T-Shirt,Apparel,4,2026-03-26,1190.46,CUST00542,United Kingdom
502265,P10006,Smartwatch Band,Electronics,5,2026-04-10,990.13,CUST00634,India
500933,P10015,Running Shoes,Apparel,1,2025-09-20,980.3,CUST00260,India
501376,P10006,Smartwatch Band,Electronics,4,2025-04-17,990.13,CUST00378,India
500239,P10013,Cotton T-Shirt,Apparel,2,2026-06-03,1190.46,CUST00094,United Kingdom
501604,P10018,Yoga Pants,Apparel,4,2025-05-03,608.28,CUST00448, United States 
502625,P10004,USB-C Cable,Electronics,5,2025-05-14,3182.97,CUST00741,India
501373,P10004,USB-C Cable,Electronics,1,2025-07-17,3182.97,CUST00376,India
500057,P10001,Wireless Earbuds,Electronics,1,2026-04-28,606.94,CUST00027,India
500421,P10011,Ceramic Mug Set,Home & Kitchen,3,2025-11-02,1993.94,CUST00138,United States
501857,P10002,Bluetooth Speaker,Electronics,5,2025-01-15,2723.88,CUST00520,India
502934,P10032,Gel Pen Pack,Stationery & Office,2,2025-07-29,687.3,CUST00815, Germany 
501516,P10010,Insulated Water Bottle,Home & Kitchen,4,2025-09-22,396.84,CUST00429,India
501609,P10026,Resistance Bands Set,Sports & Outdoors,2,2025-06-25,636.23,CUST00448,United States
500367,P10033,Desk Organizer,Stationery & Office,1,2026-05-03,67.73,CUST00128,Germany
502702,P10018,Yoga Pants,Apparel,3,2025-10-28,608.28,CUST00755,India
502492,P10022,Sunscreen SPF50,Beauty & Personal Care,1,2026-01-08,514.51,CUST00706,singapore
502547,P10014,Denim Jacket,Apparel,2,2025-11-19,1048.3,CUST00727, India 
502248,P10028,Camping Torch,Sports & Outdoors,2,2025-08-17,2043.99,CUST00627,india
502432,P10003,Phone Case,Electronics,1,2025-01-30,1049.71,CUST00699,India
501060,P10013,Cotton T-Shirt,Apparel,2,2025-06-12,1190.46,CUST00295,India
501288,P10033,Desk Organizer,Stationery & Office,4,2026-01-29,67.73,CUST00347,United Kingdom
501549,P10020,Herbal Shampoo,Beauty & Personal Care,1,2025-09-12,1426.26,CUST00439,United States
502346,P10001,Wireless Earbuds,Electronics,3,2025-12-11,606.94,CUST00665,INDIA
502797,P10009,Cotton Bedsheet Set,Home & Kitchen,1,2026-04-16,1519.89,CUST00779,United States
500323,P10025,Yoga Mat,Sports & Outdoors,3,2025-07-20,270.08,CUST00124,India
500687,P10015,Running Shoes,Apparel,1,2025-10-08,980.3,CUST00201,United Kingdom
502682,P10010,Insulated Water Bottle,Home & Kitchen,3,2026-01-17,396.84,CUST00753,United Kingdom
500235,P10036,Backpack,Stationery & Office,5,2025-07-15,218.62,CUST00091,India
500456,P10008,LED Desk Lamp,Home & Kitchen,2,2025-04-19,1311.15,CUST00150,India
502939,P10029,Badminton Racket,Sports & Outdoors,1,2025-01-02,274.87,CUST00817,United Kingdom
502050,P10012,Storage Organizer,Home & Kitchen,4,2025-01-12,1268.9,CUST00568,India
500822,P10002,Bluetooth Speaker,Electronics,1,2025-06-19,2723.88,CUST00219,United Kingdom
501942,P10013,Cotton T-Shirt,Apparel,3,2025-12-06,1190.46,CUST00540,India
502792,P10027,Water Bottle Sipper,Sports & Outdoors,2,2025-02-10,2203.72,CUST00779,United States
502847,P10020,Herbal Shampoo,Beauty & Personal Care,3,2025-05-30,1426.26,CUST00793,India
501855,P10024,Beard Trimmer,Beauty & Personal Care,1,2025-05-19,700.79,CUST00519,Singapore
501429,P10015,Running Shoes,Apparel,1,2025-05-19,980.3,CUST00392,India
500792,P10026,Resistance Bands Set,Sports & Outdoors,4,2025-03-11,636.23,CUST00219,United Kingdom
500537,P10011,Ceramic Mug Set,Home & Kitchen,4,2026-01-31,1993.94,CUST00169,India
502986,P10035,Whiteboard Marker Set,Stationery & Office,1,2025-01-07,808.92,CUST00830,India
501368,P10015,Running Shoes,Apparel,2,2025-07-09,980.3,CUST00374,United Kingdom
500240,P10032,Gel Pen Pack,Stationery & Office,5,2026-06-09,687.3,CUST00094,United Kingdom
501607,P10017,Formal Shirt,Apparel,3,2025-09-10,562.91,CUST00448,United States
500224,P10031,Notebook Set,Stationery & Office,3,2025-04-29,268.52,CUST00086,India
502689,P10013,Cotton T-Shirt,Apparel,-2,2025-11-05,1190.46,CUST00753,United Kingdom
502958,P10021,Lip Balm Set,Beauty & Personal Care,5,2025-07-19,652.97,CUST00829,United States
500450,P10010,Insulated Water Bottle,Home & Kitchen,2,2026-03-07,396.84,CUST00145,India
502689,P10008,LED Desk Lamp,Home & Kitchen,4,2025-11-05,1311.15,CUST00753,United Kingdom
500086,P10002,Bluetooth Speaker,Electronics,1,2025-01-15,2723.88,CUST00037,India
501264,P10023,Hair Dryer,Beauty & Personal Care,5,2026-01-30,1018.4,CUST00343,India
500497,P10001,Wireless Earbuds,Electronics,3,2025-04-06,606.94,CUST00166,Germany
500858,P10026,Resistance Bands Set,Sports & Outdoors,2,2025-07-08,636.23,CUST00234,INDIA
502705,P10005,Power Bank 10000mAh,Electronics,5,2026-06-06,1034.93,CUST00756,United States
502448,P10004,USB-C Cable,Electronics,2,2025-03-24,3182.97,CUST00699,India
503056,P10014,Denim Jacket,Apparel,2,2025-03-30,1048.3,CUST00842,united kingdom
500967,P10015,Running Shoes,Apparel,4,2025-11-01,980.3,CUST00270, India 
501148,P10031,Notebook Set,Stationery & Office,3,2026-02-20,268.52,CUST00317,India
501071,P10028,Camping Torch,Sports & Outdoors,4,2025-03-08,2043.99,CUST00298,INDIA
502901,P10027,Water Bottle Sipper,Sports & Outdoors,4,2026-02-21,2203.72,CUST00807,UAE
502329,P10001,Wireless Earbuds,Electronics,1,2025-12-29,0.0,CUST00659,United Kingdom
502903,P10024,Beard Trimmer,Beauty & Personal Care,1,2025-06-07,700.79,,INDIA
502601,P10020,Herbal Shampoo,Beauty & Personal Care,3,2025-03-02,1426.26,CUST00734,India
501012,P10025,Yoga Mat,Sports & Outdoors,3,2025-03-27,270.08,CUST00286,india
500178,P10025,Yoga Mat,Sports & Outdoors,1,2025-02-24,270.08,CUST00064,India
502557,P10010,Insulated Water Bottle,Home & Kitchen,2,2025-12-15,396.84,CUST00731,india
501593,P10019,Face Serum,Beauty & Personal Care,4,2026-04-23,1312.41,CUST00448,United States
500085,P10008,LED Desk Lamp,Home & Kitchen,4,2025-04-22,1311.15,,United States
501365,P10029,Badminton Racket,Sports & Outdoors,4,2025-05-29,274.87,CUST00372,India
500951,P10036,Backpack,Stationery & Office,2,2025-08-24,218.62,CUST00265,Germany
502657,P10023,Hair Dryer,Beauty & Personal Care,2,2025-03-08,1018.4,CUST00753,United Kingdom
502703,P10015,Running Shoes,Apparel,1,2026-06-07,980.3,CUST00755, India 
502276,P10017,Formal Shirt,Apparel,1,2025-09-14,562.91,CUST00636,India
501640,P10010,Insulated Water Bottle,Home & Kitchen,2,2026-05-29,396.84,CUST00454,UAE
501172,P10011,Ceramic Mug Set,Home & Kitchen,1,2026-06-22,1993.94,CUST00324,India
501150,P10007,Non-Stick Pan,Home & Kitchen,5,2025-06-27,331.24,CUST00319,India
501790,P10019,Face Serum,Beauty & Personal Care,1,2025-12-18,1312.41,,United Kingdom
502442,P10009,Cotton Bedsheet Set,Home & Kitchen,4,2026-06-01,1519.89,CUST00699,India
501963,P10033,Desk Organizer,Stationery & Office,2,2026-03-26,67.73,CUST00542,United Kingdom
502827,P10004,USB-C Cable,Electronics,2,2025-08-09,3182.97,CUST00786,UAE
501787,P10017,Formal Shirt,Apparel,4,2026-06-09,562.91,CUST00495,India
501026,P10006,Smartwatch Band,Electronics,4,2025-10-18,990.13,CUST00286,India
502838,P10001,Wireless Earbuds,Electronics,2,2025-06-06,606.94,CUST00788,India
501427,P10022,Sunscreen SPF50,Beauty & Personal Care,1,2025-01-11,514.51,CUST00392,India
501738,P10008,LED Desk Lamp,Home & Kitchen,2,2025-06-01,1311.15,CUST00481,United Kingdom
500340,P10007,Non-Stick Pan,Home & Kitchen,5,2025-01-28,331.24,CUST00126,India
502131,P10001,Wireless Earbuds,Electronics,4,2025-01-10,606.94,CUST00581,India
502601,P10017,Formal Shirt,Apparel,5,2025-03-02,562.91,CUST00734,india
502944,P10022,Sunscreen SPF50,Beauty & Personal Care,1,2025-06-23,514.51,CUST00821,United States
500155,P10016,Wool Sweater,Apparel,5,2026-01-25,1250.39,CUST00057,India
502626,P10026,Resistance Bands Set,Sports & Outdoors,4,2026-02-27,636.23,CUST00742,INDIA
501184,P10006,Smartwatch Band,Electronics,3,2025-09-23,990.13,CUST00324,India
500748,P10021,Lip Balm Set,Beauty & Personal Care,4,2025-08-16,652.97,CUST00213,united kingdom
501214,P10014,Denim Jacket,Apparel,2,2026-05-17,1048.3,CUST00329,India
502627,P10009,Cotton Bedsheet Set,Home & Kitchen,5,2026-03-07,1519.89,CUST00742,India
500808,P10016,Wool Sweater,Apparel,4,2025-08-05,1250.39,CUST00219,United Kingdom
500412,P10016,Wool Sweater,Apparel,5,2025-11-27,1250.39,CUST00138,UNITED STATES
502447,P10028,Camping Torch,Sports & Outdoors,1,2025-09-20,2043.99,CUST00699,India
502220,P10019,Face Serum,Beauty & Personal Care,3,2026-02-24,1312.41,CUST00620,United States
502523,P10017,Formal Shirt,Apparel,1,2025-08-12,562.91,CUST00715,India
501369,P10007,Non-Stick Pan,Home & Kitchen,4,2025-10-03,331.24,CUST00374, United Kingdom 
500465,P10003,Phone Case,Electronics,2,2025-07-09,1049.71,CUST00155,Singapore
500885,P10002,Bluetooth Speaker,Electronics,4,2025-08-19,2723.88,CUST00238,India
501205,P10009,Cotton Bedsheet Set,Home & Kitchen,4,2025-06-16,1519.89,CUST00324,India
500034,P10018,Yoga Pants,Apparel,1,2026-01-13,608.28,CUST00016,india
502267,P10029,Badminton Racket,Sports & Outdoors,4,2025-02-13,274.87,,India
500033,P10036,Backpack,Stationery & Office,2,2025-10-19,218.62,CUST00015,India
500498,P10014,Denim Jacket,Apparel,1,2025-10-18,1048.3,CUST00166,Germany
501840,P10019,Face Serum,Beauty & Personal Care,4,2026-02-06,1312.41,CUST00510,United States
500312,P10020,Herbal Shampoo,Beauty & Personal Care,3,2025-01-08,1426.26,CUST00120,India
501712,P10016,Wool Sweater,Apparel,2,2025-09-01,1250.39,CUST00471,INDIA
500641,P10023,Hair Dryer,Beauty & Personal Care,1,2025-07-26,1018.4,CUST00189,India
502660,P10014,,Apparel,1,2025-08-11,1048.3,CUST00753,United Kingdom
502924,P10007,Non-Stick Pan,Home & Kitchen,1,2025-03-29,331.24,CUST00815,Germany
501497,P10001,Wireless Earbuds,Electronics,3,2026-01-26,606.94,CUST00423,India
501952,P10021,Lip Balm Set,Beauty & Personal Care,2,2025-09-06,652.97,CUST00542, United Kingdom 
502589,P10029,Badminton Racket,Sports & Outdoors,4,2026-06-20,274.87,CUST00731,India
502955,P10028,Camping Torch,Sports & Outdoors,5,2026-06-20,2043.99,CUST00827,India
500141,P10009,Cotton Bedsheet Set,Home & Kitchen,3,2025-06-19,1519.89,CUST00052,United States
502007,P10009,Cotton Bedsheet Set,Home & Kitchen,4,2025-05-05,1519.89,CUST00557,India
500867,P10019,Face Serum,Beauty & Personal Care,1,2025-08-28,1312.41,CUST00236,United States
502718,P10029,Badminton Racket,Sports & Outdoors,2,2025-11-08,274.87,CUST00762,India
500851,P10006,Smartwatch Band,Electronics,3,2025-03-08,990.13,CUST00232,India
500430,P10015,Running Shoes,Apparel,2,2026-02-18,980.3,,India
502687,P10014,Denim Jacket,Apparel,1,2026-05-22,1048.3,CUST00753,United Kingdom
502561,P10018,Yoga Pants,Apparel,4,2025-03-04,608.28,CUST00731,India
502903,P10014,Denim Jacket,Apparel,4,2025-06-07,1048.3,CUST00809,India
502313,P10032,Gel Pen Pack,Stationery & Office,4,2025-05-31,687.3,CUST00656,India
500503,P10017,Formal Shirt,Apparel,5,2026-05-12,562.91,CUST00167, India 
500434,P10035,Whiteboard Marker Set,Stationery & Office,2,2025-04-26,808.92,CUST00141,SINGAPORE
500179,P10018,Yoga Pants,Apparel,4,2025-05-05,608.28,CUST00064,India
500446,P10015,Running Shoes,Apparel,2,2025-04-15,980.3,CUST00144,INDIA
501816,P10013,Cotton T-Shirt,Apparel,4,2025-12-18,1190.46,CUST00503,India
501722,P10015,Running Shoes,Apparel,-4,2026-01-31,980.3,CUST00475,INDIA
500496,P10035,Whiteboard Marker Set,Stationery & Office,2,2025-04-16,808.92,CUST00165,India
502400,P10033,Desk Organizer,Stationery & Office,5,2025-11-08,67.73,CUST00684,United Kingdom
500630,P10014,Denim Jacket,Apparel,2,2025-05-23,1048.3,CUST00189,INDIA
500766,P10009,Cotton Bedsheet Set,Home & Kitchen,4,2026-05-22,1519.89,CUST00216,India
500298,P10034,Sticky Notes Pack,Stationery & Office,5,2025-08-26,147.9,CUST00116,Germany
501415,P10024,Beard Trimmer,Beauty & Personal Care,5,2026-01-03,700.79,CUST00392,India
501769,P10014,Denim Jacket,Apparel,1,2026-05-13,1048.3,CUST00487,India
500228,P10014,Denim Jacket,Apparel,1,2025-07-08,1048.3,CUST00087,United States
501951,P10032,Gel Pen Pack,Stationery & Office,1,2025-11-08,687.3,CUST00541,UAE
500547,P10001,Wireless Earbuds,Electronics,1,2026-04-11,606.94,CUST00169,India
500858,P10026,Resistance Bands Set,Sports & Outdoors,4,2025-07-08,636.23,CUST00234,India
500712,P10029,Badminton Racket,Sports & Outdoors,5,2025-12-11,274.87,,India
500498,P10025,Yoga Mat,Sports & Outdoors,2,2025-10-18,270.08,CUST00166,Germany
500233,P10027,Water Bottle Sipper,Sports & Outdoors,1,2026-06-27,2203.72,CUST00090,India
500605,P10018,Yoga Pants,Apparel,3,2026-01-12,608.28,CUST00180,India
502239,P10036,Backpack,Stationery & Office,5,2025-04-26,218.62,CUST00627,India
500899,P10014,Denim Jacket,Apparel,2,2025-09-28,1048.3,CUST00246,UAE
500887,P10021,Lip Balm Set,Beauty & Personal Care,2,2025-06-27,652.97,CUST00239,United Kingdom
501910,P10027,Water Bottle Sipper,Sports & Outdoors,3,2026-05-23,2203.72,CUST00539,India
501627,P10004,USB-C Cable,Electronics,4,2026-03-07,3182.97,CUST00449,India
500091,P10019,Face Serum,Beauty & Personal Care,4,2025-04-13,1312.41,CUST00037,India
500935,P10022,Sunscreen SPF50,Beauty & Personal Care,4,2025-02-19,514.51,CUST00261,UNITED KINGDOM
501068,P10034,Sticky Notes Pack,Stationery & Office,5,2025-03-23,147.9,CUST00298,India
501658,P10018,Yoga Pants,Apparel,4,2025-03-01,608.28,CUST00463,United States
502052,P10007,Non-Stick Pan,Home & Kitchen,2,2025-03-20,331.24,CUST00570,India
500822,P10023,Hair Dryer,Beauty & Personal Care,2,2025-06-19,1018.4,CUST00219,United Kingdom
501588,P10031,Notebook Set,Stationery & Office,1,2025-03-16,268.52,CUST00448,United States
501736,P10027,Water Bottle Sipper,Sports & Outdoors,-5,2025-05-07,2203.72,CUST00480,India
501784,P10027,Water Bottle Sipper,Sports & Outdoors,4,2026-03-20,2203.72,CUST00493, India 
502410,P10018,Yoga Pants,Apparel,3,2025-05-01,608.28,CUST00688, India 
501222,P10001,Wireless Earbuds,Electronics,3,2026-03-26,606.94,CUST00333,India
502999,P10018,Yoga Pants,Apparel,5,2025-10-05,608.28,CUST00830,india
501337,P10030,Cycling Gloves,Sports & Outdoors,1,2025-03-18,820.52,CUST00359,UAE
502044,P10007,Non-Stick Pan,Home & Kitchen,5,2025-05-19,331.24,CUST00567,India
500812,P10001,Wireless Earbuds,Electronics,2,2026-06-14,606.94,CUST00219,United Kingdom
500544,P10019,Face Serum,Beauty & Personal Care,2,2026-01-18,1312.41,CUST00169, India 
501266,P10017,Formal Shirt,Apparel,5,2025-05-18,562.91,CUST00343,India
502097,P10016,Wool Sweater,Apparel,2,2025-04-25,1250.39,CUST00579,India
502231,P10035,Whiteboard Marker Set,Stationery & Office,5,2025-12-30,808.92,CUST00625,United Kingdom
500686,P10006,Smartwatch Band,Electronics,4,2026-02-21,990.13,CUST00201,UNITED KINGDOM
500896,P10030,Cycling Gloves,Sports & Outdoors,2,2025-07-02,820.52,,India
502748,P10014,Denim Jacket,Apparel,4,2025-02-12,1048.3,CUST00774,India
500549,P10034,Sticky Notes Pack,Stationery & Office,3,2026-01-24,147.9,CUST00169,India
500855,P10028,Camping Torch,Sports & Outdoors,5,2025-02-13,2043.99,CUST00232,India
502200,P10011,Ceramic Mug Set,Home & Kitchen,2,2026-05-07,1993.94,CUST00609,India
501394,P10031,Notebook Set,Stationery & Office,5,2025-11-28,268.52,,India
501156,P10005,Power Bank 10000mAh,Electronics,5,2026-04-27,1034.93,CUST00321,India
502200,P10033,Desk Organizer,Stationery & Office,4,2026-05-07,67.73,CUST00609,India
501832,P10007,Non-Stick Pan,Home & Kitchen,1,2025-05-22,331.24,CUST00506,India
501166,P10032,Gel Pen Pack,Stationery & Office,-1,2025-04-13,687.3,CUST00324,India
500492,P10011,Ceramic Mug Set,Home & Kitchen,1,2025-02-09,1993.94,CUST00165,India
501009,P10007,Non-Stick Pan,Home & Kitchen,1,2025-11-18,331.24,CUST00286,India
500606,P10032,Gel Pen Pack,Stationery & Office,2,2025-05-17,687.3,CUST00181,India
501452,P10014,Denim Jacket,Apparel,3,2026-03-10,1048.3,CUST00408,India
501685,P10015,Running Shoes,Apparel,1,2025-07-24,980.3,CUST00463, United States 
500496,P10012,Storage Organizer,Home & Kitchen,4,2025-04-16,1268.9,CUST00165,India
501530,P10012,Storage Organizer,Home & Kitchen,2,2025-04-12,1268.9,CUST00437,India
502476,P10005,Power Bank 10000mAh,Electronics,1,2026-03-03,1034.93,CUST00706,Singapore
502754,P10001,Wireless Earbuds,Electronics,2,2025-09-06,606.94,CUST00777,India
501027,P10006,Smartwatch Band,Electronics,1,2025-01-20,990.13,CUST00286,india
500370,P10020,Herbal Shampoo,Beauty & Personal Care,2,2026-04-17,1426.26,CUST00129,India
502565,P10036,Backpack,Stationery & Office,1,2025-11-21,218.62,CUST00731,India
500424,P10012,Storage Organizer,Home & Kitchen,3,2026-03-25,1268.9,CUST00139,India
503000,P10021,Lip Balm Set,Beauty & Personal Care,3,2025-04-29,652.97,CUST00830,India
501807,P10003,Phone Case,Electronics,3,2026-04-25,1049.71,CUST00499,Singapore
501456,P10023,Hair Dryer,Beauty & Personal Care,5,2026-04-24,1018.4,CUST00409,UAE
501489,P10011,Ceramic Mug Set,Home & Kitchen,2,2026-02-07,1993.94,CUST00420,UNITED STATES
501115,P10008,LED Desk Lamp,Home & Kitchen,5,2026-02-08,1311.15,CUST00311,India
501081,P10032,Gel Pen Pack,Stationery & Office,5,2026-06-29,687.3,CUST00300,India
501622,P10018,Yoga Pants,Apparel,1,2026-04-30,608.28,CUST00449,India
502116,P10003,Phone Case,Electronics,3,2026-04-10,1049.71,CUST00579, India 
500527,P10032,Gel Pen Pack,Stationery & Office,5,2026-03-10,687.3,CUST00169,India
501675,P10008,LED Desk Lamp,Home & Kitchen,2,2025-04-07,1311.15,CUST00463,United States
502148,P10001,Wireless Earbuds,Electronics,2,2026-02-14,606.94,CUST00583,India
502727,P10029,Badminton Racket,Sports & Outdoors,1,2025-01-25,274.87,,United States
500086,P10019,Face Serum,Beauty & Personal Care,2,2025-01-15,1312.41,CUST00037,India
502045,P10019,Face Serum,Beauty & Personal Care,3,2026-02-04,1312.41,CUST00567,India
500648,P10012,Storage Organizer,Home & Kitchen,4,2025-05-12,1268.9,CUST00192,Germany
501268,P10018,Yoga Pants,Apparel,5,2025-08-31,608.28,CUST00343,India
500457,P10026,,Sports & Outdoors,2,2025-06-29,636.23,CUST00150,India
501840,P10033,Desk Organizer,Stationery & Office,5,2026-02-06,67.73,CUST00510,united states
500362,P10018,Yoga Pants,Apparel,2,2026-01-27,608.28,CUST00127,United States
500413,P10024,Beard Trimmer,Beauty & Personal Care,3,2025-05-07,700.79,CUST00138,United States
501953,P10015,Running Shoes,Apparel,2,2025-08-17,980.3,CUST00542,United Kingdom
501643,P10013,Cotton T-Shirt,Apparel,5,2025-04-09,1190.46,CUST00457,India
500927,P10005,Power Bank 10000mAh,Electronics,3,2025-03-06,1034.93,,United Kingdom
501277,P10026,Resistance Bands Set,Sports & Outdoors,4,2026-04-17,636.23,CUST00343,India
501147,P10011,Ceramic Mug Set,Home & Kitchen,5,2025-08-16,1993.94,CUST00316,United Kingdom
500892,P10028,Camping Torch,Sports & Outdoors,2,2025-10-01,2043.99,CUST00242,UAE
501892,P10005,Power Bank 10000mAh,Electronics,5,2026-06-22,1034.93,CUST00532,Singapore
501499,P10004,USB-C Cable,Electronics,5,2026-04-25,3182.97,CUST00424,INDIA
502777,P10004,USB-C Cable,Electronics,3,2025-05-22,3182.97,CUST00779,United States
501141,P10023,Hair Dryer,Beauty & Personal Care,4,2025-07-06,1018.4,CUST00313,india
501019,P10012,Storage Organizer,Home & Kitchen,5,2025-06-28,1268.9,CUST00286,India
500186,P10014,Denim Jacket,Apparel,2,2025-09-03,1048.3,CUST00068,United States
500433,P10023,Hair Dryer,Beauty & Personal Care,5,2026-06-25,1018.4,CUST00140,Singapore
500193,P10008,LED Desk Lamp,Home & Kitchen,3,2025-09-30,1311.15,CUST00069,India
500822,P10011,Ceramic Mug Set,Home & Kitchen,5,2025-06-19,1993.94,CUST00219,United Kingdom
500911,P10020,Herbal Shampoo,Beauty & Personal Care,2,2025-10-17,1426.26,CUST00252,India
501227,P10020,Herbal Shampoo,Beauty & Personal Care,1,2026-05-24,1426.26,CUST00335,INDIA
501668,P10032,Gel Pen Pack,Stationery & Office,5,2025-08-09,687.3,CUST00463,United States
501398,P10008,LED Desk Lamp,Home & Kitchen,4,2025-01-02,1311.15,CUST00389,United States
502397,P10030,Cycling Gloves,Sports & Outdoors,5,2026-03-15,820.52,CUST00682,India
500703,P10003,Phone Case,Electronics,4,2025-08-28,1049.71,,India
501031,P10018,Yoga Pants,Apparel,3,2026-02-15,608.28,CUST00287,India
502333,P10023,Hair Dryer,Beauty & Personal Care,3,2026-04-14,1018.4,CUST00661,INDIA
501903,P10007,Non-Stick Pan,Home & Kitchen,-1,2025-12-05,331.24,CUST00535,United States
502354,P10036,Backpack,Stationery & Office,1,2026-01-18,218.62,CUST00666,India
502726,P10013,Cotton T-Shirt,Apparel,1,2026-01-13,1190.46,CUST00764,United States
500165,P10026,Resistance Bands Set,Sports & Outdoors,4,2026-04-30,636.23,CUST00062,India
501991,P10032,Gel Pen Pack,Stationery & Office,1,2025-07-05,687.3,CUST00555,Germany
500479,P10029,Badminton Racket,Sports & Outdoors,5,2025-09-17,274.87,CUST00159,India
501925,P10007,Non-Stick Pan,Home & Kitchen,4,2026-06-08,331.24,CUST00539,India
500438,P10012,Storage Organizer,Home & Kitchen,1,2026-01-29,1268.9,CUST00141,singapore
502123,P10015,Running Shoes,Apparel,2,2026-05-07,980.3,CUST00581, India 
500665,P10036,Backpack,Stationery & Office,3,2026-01-22,218.62,CUST00195,INDIA
502580,P10007,Non-Stick Pan,Home & Kitchen,3,2025-12-17,331.24,CUST00731,India
501425,P10010,Insulated Water Bottle,Home & Kitchen,3,2025-05-14,396.84,CUST00392,India
502316,P10018,Yoga Pants,Apparel,1,2025-09-07,608.28,CUST00658,India
502903,P10020,Herbal Shampoo,Beauty & Personal Care,3,2025-06-07,1426.26,CUST00809,India
500920,P10010,Insulated Water Bottle,Home & Kitchen,5,2025-10-25,396.84,CUST00255,india
502718,P10023,Hair Dryer,Beauty & Personal Care,1,2025-11-08,1018.4,CUST00762,India
500601,P10032,Gel Pen Pack,Stationery & Office,3,2025-06-23,687.3,CUST00178,india
502989,P10004,USB-C Cable,Electronics,3,2025-01-21,3182.97,CUST00830, India 
501809,P10003,Phone Case,Electronics,4,2025-08-25,1049.71,CUST00501,United Kingdom
503043,P10016,Wool Sweater,Apparel,1,2025-03-04,1250.39,CUST00841,India
502004,P10015,Running Shoes,Apparel,2,2025-02-05,980.3,CUST00555,GERMANY
501639,P10025,Yoga Mat,Sports & Outdoors,5,2025-04-22,270.08,CUST00453,India
500584,P10008,LED Desk Lamp,Home & Kitchen,2,2025-11-30,1311.15,CUST00176,India
501992,P10009,Cotton Bedsheet Set,Home & Kitchen,2,2025-10-03,1519.89,CUST00555,Germany
501461,P10031,Notebook Set,Stationery & Office,5,2026-02-12,268.52,CUST00412,uae
500582,P10024,Beard Trimmer,Beauty & Personal Care,2,2026-02-05,700.79,,india
500713,P10020,Herbal Shampoo,Beauty & Personal Care,1,2026-01-08,1426.26,CUST00203,India
503102,P10032,Gel Pen Pack,Stationery & Office,4,2026-01-18,687.3,CUST00850,united kingdom
501525,P10017,Formal Shirt,Apparel,2,2025-07-11,562.91,CUST00434,India
502513,P10009,Cotton Bedsheet Set,Home & Kitchen,3,2026-03-28,1519.89,CUST00711,United States
502512,P10002,Bluetooth Speaker,Electronics,-2,2025-01-06,2723.88,CUST00710,UNITED KINGDOM
501413,P10015,Running Shoes,Apparel,2,2026-05-13,980.3,CUST00392,India
501742,P10021,Lip Balm Set,Beauty & Personal Care,1,2025-12-02,652.97,CUST00482,United Kingdom
502736,P10010,Insulated Water Bottle,Home & Kitchen,3,2025-09-05,396.84,CUST00770,Germany
500770,P10035,Whiteboard Marker Set,Stationery & Office,1,2025-10-14,808.92,CUST00217,India
501013,P10035,Whiteboard Marker Set,Stationery & Office,2,2025-10-08,808.92,CUST00286, India 
502324,P10010,Insulated Water Bottle,Home & Kitchen,4,2026-01-12,396.84,CUST00659,united kingdom
501794,P10001,Wireless Earbuds,Electronics,2,2026-02-15,606.94,CUST00497,United Kingdom
502892,P10031,Notebook Set,Stationery & Office,5,2026-01-13,268.52,CUST00802,India
501230,P10028,Camping Torch,Sports & Outdoors,1,2025-12-28,2043.99,CUST00335,India
500772,P10002,Bluetooth Speaker,Electronics,1,2026-05-11,2723.88,CUST00217,india
501981,P10021,Lip Balm Set,Beauty & Personal Care,4,2025-11-28,652.97,CUST00551,India
502244,P10017,Formal Shirt,Apparel,2,2025-12-01,562.91,CUST00627,India
501790,P10008,LED Desk Lamp,Home & Kitchen,4,2025-12-18,1311.15,CUST00497, United Kingdom 
502434,P10028,Camping Torch,Sports & Outdoors,5,2025-04-26,2043.99,CUST00699,India
500690,P10019,Face Serum,Beauty & Personal Care,1,2025-12-10,1312.41,CUST00203,INDIA
500869,P10023,Hair Dryer,Beauty & Personal Care,3,2026-06-14,1018.4,CUST00236,UNITED STATES
501216,P10032,Gel Pen Pack,Stationery & Office,2,2025-09-17,687.3,CUST00330,India
502524,P10032,Gel Pen Pack,Stationery & Office,3,2025-12-09,687.3,CUST00716,UAE
502780,P10034,Sticky Notes Pack,Stationery & Office,3,2025-10-23,147.9,CUST00779,United States
501530,P10002,Bluetooth Speaker,Electronics,3,2025-04-12,2723.88,,India
501823,P10034,Sticky Notes Pack,Stationery & Office,5,2026-03-26,147.9,CUST00503,india
502628,P10026,Resistance Bands Set,Sports & Outdoors,5,2025-11-24,636.23,CUST00743,United States
500688,P10001,Wireless Earbuds,Electronics,5,2025-09-17,606.94,CUST00202,India
500693,P10033,Desk Organizer,Stationery & Office,2,2026-06-19,67.73,CUST00203, India 
501040,P10015,Running Shoes,Apparel,5,2025-09-20,980.3,CUST00291,India
501881,P10012,Storage Organizer,Home & Kitchen,1,2025-04-13,1268.9,CUST00530,Germany
502223,P10003,Phone Case,Electronics,2,2025-01-05,1049.71,CUST00622,India
500099,P10029,Badminton Racket,Sports & Outdoors,4,2025-09-16,274.87,CUST00041,India
502706,P10025,Yoga Mat,Sports & Outdoors,-2,2025-07-27,270.08,CUST00756,United States
501604,P10021,Lip Balm Set,Beauty & Personal Care,3,2025-05-03,652.97,CUST00448,United States
502735,P10008,LED Desk Lamp,Home & Kitchen,4,2025-06-26,1311.15,CUST00770,GERMANY
501025,P10005,Power Bank 10000mAh,Electronics,3,2025-11-26,1034.93,CUST00286,India
500219,P10028,Camping Torch,Sports & Outdoors,2,2025-11-15,2043.99,CUST00086,India
502590,P10023,Hair Dryer,Beauty & Personal Care,-4,2025-04-01,1018.4,CUST00731,India
501534,P10029,Badminton Racket,Sports & Outdoors,1,2025-06-05,274.87,CUST00438,Germany
501718,P10025,Yoga Mat,Sports & Outdoors,1,2025-10-25,270.08,CUST00474,Germany
500423,P10005,Power Bank 10000mAh,Electronics,5,2026-01-24,1034.93,CUST00139,India
500531,P10010,Insulated Water Bottle,Home & Kitchen,1,2025-09-15,396.84,CUST00169,india
500168,P10005,Power Bank 10000mAh,Electronics,2,2025-07-21,1034.93,CUST00062,India
501525,P10001,Wireless Earbuds,Electronics,4,2025-07-11,606.94,CUST00434,India
502571,P10022,,Beauty & Personal Care,1,2025-05-07,0.0,CUST00731,India
502952,P10031,Notebook Set,Stationery & Office,3,2025-01-18,268.52,,uae
501645,P10014,Denim Jacket,Apparel,4,2026-06-27,1048.3,CUST00457,INDIA
500087,P10018,Yoga Pants,Apparel,3,2025-01-15,608.28,CUST00037,India
501520,P10019,Face Serum,Beauty & Personal Care,4,2025-11-20,1312.41,CUST00431,india
502488,P10035,Whiteboard Marker Set,Stationery & Office,3,2025-02-01,808.92,CUST00706,Singapore
502581,P10032,Gel Pen Pack,Stationery & Office,2,2025-01-20,687.3,CUST00731,India
502117,P10021,Lip Balm Set,Beauty & Personal Care,4,2025-02-05,652.97,CUST00579,india
502556,P10023,Hair Dryer,Beauty & Personal Care,1,2025-06-26,1018.4,CUST00731,India
500994,P10033,Desk Organizer,Stationery & Office,2,2025-10-27,67.73,CUST00280,united states
503035,P10033,Desk Organizer,Stationery & Office,1,2026-04-16,67.73,CUST00836,india
502055,P10029,Badminton Racket,Sports & Outdoors,1,2026-03-09,274.87,CUST00570,India
500216,P10027,Water Bottle Sipper,Sports & Outdoors,2,2026-01-22,2203.72,CUST00085,India
502889,P10009,Cotton Bedsheet Set,Home & Kitchen,5,2025-02-04,1519.89,CUST00801,UNITED STATES
500823,P10025,Yoga Mat,Sports & Outdoors,4,2025-07-03,270.08,CUST00219,United Kingdom
500555,P10012,Storage Organizer,Home & Kitchen,2,2026-05-16,1268.9,CUST00169,India
500722,P10006,Smartwatch Band,Electronics,5,2025-10-28,990.13,CUST00203,India
502484,P10001,Wireless Earbuds,Electronics,2,2026-03-08,606.94,CUST00706,Singapore
500506,P10026,Resistance Bands Set,Sports & Outdoors,3,2025-11-14,636.23,CUST00167,India
500979,P10001,Wireless Earbuds,Electronics,4,2025-02-09,606.94,CUST00273,Germany
501999,P10023,Hair Dryer,Beauty & Personal Care,5,2026-03-22,1018.4,CUST00555,Germany
502532,P10006,Smartwatch Band,Electronics,4,2026-01-03,990.13,CUST00722,India
500493,P10002,Bluetooth Speaker,Electronics,4,2026-01-01,2723.88,CUST00165,India
502483,P10024,Beard Trimmer,Beauty & Personal Care,3,2025-02-15,700.79,CUST00706,Singapore
502150,P10015,Running Shoes,Apparel,3,2025-05-23,980.3,CUST00584,india
501741,P10002,Bluetooth Speaker,Electronics,3,2025-12-04,2723.88,CUST00482,United Kingdom
500417,P10029,Badminton Racket,Sports & Outdoors,1,2025-10-03,274.87,CUST00138,United States
502603,P10003,Phone Case,Electronics,2,2025-07-05,1049.71,CUST00734,India
500312,P10011,Ceramic Mug Set,Home & Kitchen,2,2025-01-08,1993.94,CUST00120,India
502334,P10033,Desk Organizer,Stationery & Office,4,2025-06-26,67.73,CUST00661,India
500327,P10031,Notebook Set,Stationery & Office,2,2025-07-27,268.52,CUST00126,India
501065,P10007,Non-Stick Pan,Home & Kitchen,5,2025-10-27,331.24,CUST00298,India
501998,P10027,Water Bottle Sipper,Sports & Outdoors,3,2025-12-26,2203.72,CUST00555,Germany
502886,P10036,Backpack,Stationery & Office,3,2025-08-21,218.62,CUST00801,UNITED STATES
501792,P10013,Cotton T-Shirt,Apparel,5,2025-09-10,1190.46,CUST00497,United Kingdom
500054,P10030,Cycling Gloves,Sports & Outdoors,5,2026-02-17,820.52,CUST00025,India
501902,P10035,,Stationery & Office,2,2026-06-11,808.92,CUST00534,United Kingdom
502132,P10020,Herbal Shampoo,Beauty & Personal Care,5,2025-05-24,1426.26,CUST00581,India
500612,P10028,Camping Torch,Sports & Outdoors,4,2026-01-06,2043.99,CUST00187,United States
500998,P10027,Water Bottle Sipper,Sports & Outdoors,4,2025-08-29,2203.72,CUST00281,Germany
501981,P10030,Cycling Gloves,Sports & Outdoors,2,2025-11-28,820.52,,India
500903,P10017,Formal Shirt,Apparel,4,2026-06-08,562.91,CUST00249, Singapore 
501105,P10015,Running Shoes,Apparel,5,2025-08-11,980.3,CUST00310,India
501357,P10020,Herbal Shampoo,Beauty & Personal Care,3,2026-04-18,1426.26,CUST00366, India 
501547,P10018,Yoga Pants,Apparel,-4,2025-05-29,608.28,CUST00439,United States
501846,P10013,Cotton T-Shirt,Apparel,2,2025-08-06,1190.46,CUST00514,Germany
500822,P10025,Yoga Mat,Sports & Outdoors,1,2025-06-19,270.08,CUST00219,United Kingdom
502764,P10014,Denim Jacket,Apparel,2,2026-03-28,1048.3,CUST00779,UNITED STATES
501194,P10002,Bluetooth Speaker,Electronics,3,2025-11-22,2723.88,CUST00324,India
501008,P10014,Denim Jacket,Apparel,2,2025-12-22,1048.3,CUST00285,United Kingdom
502372,P10002,Bluetooth Speaker,Electronics,4,2026-05-07,2723.88,CUST00673,India
502472,P10028,Camping Torch,Sports & Outdoors,2,2026-04-02,2043.99,CUST00706,singapore
501712,P10013,Cotton T-Shirt,Apparel,3,2025-09-01,1190.46,CUST00471,India
501845,P10014,Denim Jacket,Apparel,3,2025-05-06,1048.3,CUST00513,UAE
500366,P10008,LED Desk Lamp,Home & Kitchen,3,2025-05-23,1311.15,CUST00127,United States
500505,P10026,Resistance Bands Set,Sports & Outdoors,2,2025-08-16,636.23,CUST00167,India
501891,P10004,USB-C Cable,Electronics,2,2025-06-23,3182.97,CUST00531,United States
500681,P10016,Wool Sweater,Apparel,1,2026-03-26,1250.39,CUST00199,Germany
502653,P10016,Wool Sweater,Apparel,2,2025-07-28,1250.39,CUST00753,United Kingdom
500296,P10025,Yoga Mat,Sports & Outdoors,4,2026-01-25,270.08,CUST00115,UNITED KINGDOM
502127,P10007,Non-Stick Pan,Home & Kitchen,3,2025-01-30,331.24,CUST00581, India 
502188,P10035,Whiteboard Marker Set,Stationery & Office,1,2025-05-01,808.92,CUST00599,India
500664,P10015,Running Shoes,Apparel,3,2025-05-15,980.3,CUST00195,India
502343,P10004,USB-C Cable,Electronics,2,2025-01-27,3182.97,CUST00665,India
501599,P10034,Sticky Notes Pack,Stationery & Office,5,2026-03-24,147.9,CUST00448,UNITED STATES
502572,P10027,Water Bottle Sipper,Sports & Outdoors,1,2025-11-15,2203.72,CUST00731,India
501511,P10026,Resistance Bands Set,Sports & Outdoors,3,2025-03-21,636.23,CUST00427,India
502184,P10020,Herbal Shampoo,Beauty & Personal Care,1,2025-08-29,1426.26,CUST00596,India
501259,P10012,Storage Organizer,Home & Kitchen,5,2025-01-31,1268.9,CUST00343,India
502837,P10033,Desk Organizer,Stationery & Office,2,2025-01-12,67.73,CUST00788,India
500106,P10030,Cycling Gloves,Sports & Outdoors,1,2025-07-12,820.52,CUST00046,United Kingdom
502827,P10029,Badminton Racket,Sports & Outdoors,2,2025-08-09,274.87,CUST00786,UAE
501740,P10020,Herbal Shampoo,Beauty & Personal Care,5,2025-03-03,1426.26,CUST00482,United Kingdom
500709,P10014,Denim Jacket,Apparel,-4,2025-11-17,1048.3,CUST00203,India
502975,P10014,Denim Jacket,Apparel,3,2026-04-17,1048.3,CUST00830,India
500202,P10021,Lip Balm Set,Beauty & Personal Care,1,2025-09-26,652.97,CUST00075,United States
501889,P10028,Camping Torch,Sports & Outdoors,3,2025-09-09,2043.99,CUST00530,Germany
501228,P10005,Power Bank 10000mAh,Electronics,5,2025-10-27,1034.93,CUST00335,India
502114,P10028,Camping Torch,Sports & Outdoors,1,2025-12-31,2043.99,CUST00579,INDIA
501805,P10016,Wool Sweater,Apparel,2,2025-09-14,1250.39,CUST00498,india
501128,P10024,Beard Trimmer,Beauty & Personal Care,1,2025-06-07,700.79,CUST00312,India
500936,P10023,Hair Dryer,Beauty & Personal Care,5,2025-04-04,1018.4,CUST00261,United Kingdom
500409,P10018,Yoga Pants,Apparel,5,2025-03-25,608.28,CUST00138,UNITED STATES
500608,P10007,Non-Stick Pan,Home & Kitchen,2,2025-05-12,331.24,CUST00183,UAE
501389,P10035,Whiteboard Marker Set,Stationery & Office,2,2025-04-29,808.92,,United States
502763,P10011,Ceramic Mug Set,Home & Kitchen,1,2025-05-24,1993.94,CUST00779,United States
500014,P10015,Running Shoes,Apparel,3,2025-01-15,980.3,CUST00007,india
502518,P10007,Non-Stick Pan,Home & Kitchen,5,2026-01-25,331.24,CUST00714,India
502736,P10017,Formal Shirt,Apparel,1,2025-09-05,562.91,CUST00770,Germany
500623,P10017,Formal Shirt,Apparel,3,2025-02-01,562.91,CUST00189,India
500341,P10015,Running Shoes,Apparel,2,2025-07-19,980.3,,India
502918,P10020,Herbal Shampoo,Beauty & Personal Care,3,2025-03-01,1426.26,CUST00813,India
501801,P10034,Sticky Notes Pack,Stationery & Office,2,2025-07-16,147.9,CUST00497,United Kingdom
502387,P10016,Wool Sweater,Apparel,3,2025-06-19,1250.39,CUST00677,India
500323,P10020,Herbal Shampoo,Beauty & Personal Care,3,2025-07-20,1426.26,CUST00124,india
501081,P10024,Beard Trimmer,Beauty & Personal Care,5,2026-06-29,700.79,,India
502815,P10011,Ceramic Mug Set,Home & Kitchen,3,2025-06-22,1993.94,CUST00782,INDIA
501354,P10031,Notebook Set,Stationery & Office,1,2025-06-16,268.52,CUST00365,UAE
500833,P10034,Sticky Notes Pack,Stationery & Office,1,2025-06-18,147.9,,United Kingdom
501990,P10007,Non-Stick Pan,Home & Kitchen,3,2026-06-14,331.24,CUST00555,germany
502343,P10007,Non-Stick Pan,Home & Kitchen,3,2025-01-27,331.24,CUST00665,India
500891,P10009,Cotton Bedsheet Set,Home & Kitchen,4,2026-04-09,1519.89,CUST00241,UAE
501528,P10015,Running Shoes,Apparel,4,2026-03-23,980.3,CUST00437,India
500341,P10017,Formal Shirt,Apparel,3,2025-07-19,562.91,CUST00126,India
502380,P10014,Denim Jacket,Apparel,4,2025-03-20,1048.3,CUST00674,India
502121,P10016,Wool Sweater,Apparel,3,2025-11-14,1250.39,CUST00580,India
502056,P10009,Cotton Bedsheet Set,Home & Kitchen,3,2025-06-10,1519.89,CUST00570,India
502223,P10025,Yoga Mat,Sports & Outdoors,3,2025-01-05,270.08,CUST00622,india
500170,P10007,Non-Stick Pan,Home & Kitchen,2,2026-02-27,331.24,CUST00062,India
501725,P10012,Storage Organizer,Home & Kitchen,4,2026-06-02,1268.9,CUST00475,India
501061,P10027,Water Bottle Sipper,Sports & Outdoors,2,2025-01-09,2203.72,CUST00295,India
501024,P10036,Backpack,Stationery & Office,4,2025-08-28,218.62,CUST00286,India
502150,P10029,Badminton Racket,Sports & Outdoors,1,2025-05-23,274.87,CUST00584,India
501554,P10019,Face Serum,Beauty & Personal Care,5,2026-03-16,1312.41,CUST00440,India
502795,P10022,Sunscreen SPF50,Beauty & Personal Care,5,2025-09-01,514.51,CUST00779,United States
500541,P10020,Herbal Shampoo,Beauty & Personal Care,5,2026-03-27,1426.26,CUST00169,India
502906,P10006,Smartwatch Band,Electronics,4,2025-07-17,990.13,CUST00812,Germany
501351,P10029,Badminton Racket,Sports & Outdoors,5,2025-08-24,274.87,CUST00364,India
502208,P10006,Smartwatch Band,Electronics,3,2025-03-10,990.13,CUST00614,India
501737,P10036,Backpack,Stationery & Office,5,2025-07-29,218.62,CUST00481,United Kingdom
502390,P10005,Power Bank 10000mAh,Electronics,3,2025-09-08,1034.93,CUST00679,Singapore
501663,P10023,Hair Dryer,Beauty & Personal Care,2,2025-10-15,1018.4,CUST00463,United States
501360,P10012,Storage Organizer,Home & Kitchen,2,2025-10-15,1268.9,CUST00369,INDIA
502371,P10013,Cotton T-Shirt,Apparel,4,2026-06-24,1190.46,CUST00673,india
501668,P10032,Gel Pen Pack,Stationery & Office,-2,2025-08-09,687.3,CUST00463,United States
502620,P10012,Storage Organizer,Home & Kitchen,3,2025-09-22,1268.9,CUST00738,United States
503078,P10036,Backpack,Stationery & Office,2,2025-04-03,218.62,CUST00842,UNITED KINGDOM
502025,P10034,Sticky Notes Pack,Stationery & Office,1,2026-03-01,147.9,CUST00563,India
503021,P10017,Formal Shirt,Apparel,5,2025-01-19,562.91,CUST00833,India
501479,P10035,Whiteboard Marker Set,Stationery & Office,-3,2025-12-26,808.92,CUST00418,India
501777,P10023,Hair Dryer,Beauty & Personal Care,4,2025-07-19,1018.4,CUST00490,Germany
500163,P10014,Denim Jacket,Apparel,1,2025-11-11,1048.3,CUST00060,India
501896,P10034,Sticky Notes Pack,Stationery & Office,1,2025-06-14,147.9,CUST00534,United Kingdom
501692,P10007,Non-Stick Pan,Home & Kitchen,3,2026-03-03,331.24,CUST00465,Singapore
501653,P10023,Hair Dryer,Beauty & Personal Care,2,2026-04-23,1018.4,CUST00459,INDIA
500367,P10027,Water Bottle Sipper,Sports & Outdoors,4,2026-05-03,2203.72,CUST00128,Germany
502336,P10009,Cotton Bedsheet Set,Home & Kitchen,4,2026-03-04,1519.89,CUST00661,INDIA
500170,P10024,Beard Trimmer,Beauty & Personal Care,4,2026-02-27,700.79,CUST00062,India
500805,P10013,Cotton T-Shirt,Apparel,4,2025-04-04,1190.46,CUST00219,United Kingdom
501757,P10015,Running Shoes,Apparel,4,2025-05-23,980.3,CUST00485,United Kingdom
500085,P10007,Non-Stick Pan,Home & Kitchen,1,2025-04-22,331.24,CUST00036,UNITED STATES
501641,P10034,Sticky Notes Pack,Stationery & Office,5,2025-08-16,147.9,CUST00455,India
501463,P10024,Beard Trimmer,Beauty & Personal Care,5,2025-03-26,700.79,CUST00413,UAE
500084,P10028,Camping Torch,Sports & Outdoors,4,2025-05-26,2043.99,CUST00036, United States 
503018,P10017,Formal Shirt,Apparel,4,2026-01-26,562.91,CUST00833,India
501714,P10028,Camping Torch,Sports & Outdoors,5,2025-03-24,2043.99,CUST00471,India
500319,P10006,Smartwatch Band,Electronics,1,2025-11-17,990.13,CUST00122,Germany
500610,P10018,Yoga Pants,Apparel,3,2026-05-29,608.28,CUST00185,India
501667,P10022,Sunscreen SPF50,Beauty & Personal Care,2,2025-09-29,514.51,CUST00463,United States
502550,P10010,Insulated Water Bottle,Home & Kitchen,4,2026-02-13,396.84,CUST00730,india
501999,P10016,Wool Sweater,Apparel,1,2026-03-22,1250.39,CUST00555,GERMANY
502926,P10008,LED Desk Lamp,Home & Kitchen,3,2025-06-01,1311.15,CUST00815,Germany
502425,P10012,Storage Organizer,Home & Kitchen,3,2025-07-24,1268.9,CUST00698,United Kingdom
502745,P10029,Badminton Racket,Sports & Outdoors,3,2025-07-12,274.87,CUST00771,India
500215,P10007,Non-Stick Pan,Home & Kitchen,5,2026-06-19,331.24,CUST00084,India
501580,P10002,Bluetooth Speaker,Electronics,4,2025-11-29,2723.88,CUST00448,United States
501528,P10028,Camping Torch,Sports & Outdoors,1,2026-03-23,2043.99,CUST00437,India
502976,P10013,Cotton T-Shirt,Apparel,4,2025-10-02,1190.46,CUST00830,India
500343,P10001,Wireless Earbuds,Electronics,4,2025-02-27,606.94,CUST00126,India
500257,P10006,Smartwatch Band,Electronics,3,2025-09-16,990.13,CUST00103,India
502668,P10036,Backpack,Stationery & Office,1,2026-04-30,218.62,CUST00753,United Kingdom
500874,P10030,Cycling Gloves,Sports & Outdoors,3,2026-05-01,820.52,CUST00236,United States
502565,P10036,Backpack,Stationery & Office,5,2025-11-21,218.62,CUST00731,India
500953,P10009,Cotton Bedsheet Set,Home & Kitchen,1,2025-10-19,1519.89,CUST00265,GERMANY
500683,P10018,Yoga Pants,Apparel,3,2025-01-10,608.28,CUST00199,Germany
501400,P10025,Yoga Mat,Sports & Outdoors,4,2025-05-05,270.08,CUST00390,United States
500072,P10007,Non-Stick Pan,Home & Kitchen,5,2025-09-05,331.24,CUST00032,India
501791,P10006,Smartwatch Band,Electronics,-3,2025-01-18,990.13,CUST00497,United Kingdom
501896,P10017,Formal Shirt,Apparel,5,2025-06-14,562.91,CUST00534,United Kingdom
500868,P10006,Smartwatch Band,Electronics,5,2025-05-02,990.13,,united states
503106,P10015,Running Shoes,Apparel,1,2026-02-18,980.3,CUST00850,United Kingdom
501998,P10030,Cycling Gloves,Sports & Outdoors,3,2025-12-26,820.52,CUST00555,Germany
500815,P10035,Whiteboard Marker Set,Stationery & Office,1,2025-02-14,808.92,CUST00219, United Kingdom 
500738,P10031,Notebook Set,Stationery & Office,4,2025-08-24,268.52,CUST00206,India
501089,P10006,Smartwatch Band,Electronics,2,2025-10-14,990.13,CUST00303,India
502090,P10008,LED Desk Lamp,Home & Kitchen,2,2025-02-11,1311.15,CUST00579,India
501620,P10007,Non-Stick Pan,Home & Kitchen,5,2025-02-10,331.24,CUST00449,India
500123,P10010,Insulated Water Bottle,Home & Kitchen,2,2025-05-23,396.84,CUST00047,India
501447,P10027,Water Bottle Sipper,Sports & Outdoors,4,2025-03-01,2203.72,CUST00404,GERMANY
502407,P10012,Storage Organizer,Home & Kitchen,2,2026-04-17,1268.9,CUST00688,India
501069,P10016,Wool Sweater,Apparel,3,2025-11-09,1250.39,,India
503052,P10030,Cycling Gloves,Sports & Outdoors,2,2025-11-11,820.52,CUST00842,United Kingdom
501220,P10008,LED Desk Lamp,Home & Kitchen,2,2025-10-28,1311.15,CUST00332,United States
501166,P10032,Gel Pen Pack,Stationery & Office,-1,2025-04-13,687.3,CUST00324,India
501335,P10034,Sticky Notes Pack,Stationery & Office,2,2025-02-11,147.9,CUST00359,uae
502065,P10036,Backpack,Stationery & Office,3,2025-10-25,218.62,,United States
501313,P10021,Lip Balm Set,Beauty & Personal Care,4,2025-03-17,652.97,CUST00353,United Kingdom
500775,P10014,Denim Jacket,Apparel,5,2025-07-11,1048.3,CUST00218,United States
502164,P10009,Cotton Bedsheet Set,Home & Kitchen,4,2025-05-30,1519.89,CUST00588,India
501138,P10012,Storage Organizer,Home & Kitchen,5,2025-09-30,1268.9,,India
500466,P10013,Cotton T-Shirt,Apparel,2,2025-11-12,1190.46,CUST00155,Singapore
503055,P10036,Backpack,Stationery & Office,3,2025-03-15,218.62,CUST00842,UNITED KINGDOM
502685,P10022,Sunscreen SPF50,Beauty & Personal Care,3,2026-02-09,514.51,CUST00753,United Kingdom
501696,P10023,Hair Dryer,Beauty & Personal Care,2,2025-12-21,1018.4,CUST00466,INDIA
503095,P10030,Cycling Gloves,Sports & Outdoors,1,2026-05-21,820.52,CUST00845,India
502087,P10019,Face Serum,Beauty & Personal Care,-3,2026-01-07,1312.41,CUST00579,India
501943,P10025,Yoga Mat,Sports & Outdoors,3,2025-07-23,270.08,CUST00540,India
501968,P10019,Face Serum,Beauty & Personal Care,-1,2025-06-15,1312.41,CUST00544,United Kingdom
501765,P10032,Gel Pen Pack,Stationery & Office,2,2026-04-30,687.3,CUST00485,United Kingdom
501965,P10023,Hair Dryer,Beauty & Personal Care,5,2025-09-29,1018.4,CUST00543,India
501811,P10019,Face Serum,Beauty & Personal Care,2,2026-01-13,1312.41,CUST00501, United Kingdom 
502744,P10012,Storage Organizer,Home & Kitchen,5,2025-10-13,1268.9,CUST00771,INDIA
501467,P10025,Yoga Mat,Sports & Outdoors,5,2025-09-30,270.08,CUST00415,united kingdom
502514,P10027,Water Bottle Sipper,Sports & Outdoors,1,2025-02-01,2203.72,CUST00712,United Kingdom
502377,P10005,Power Bank 10000mAh,Electronics,-5,2025-08-23,1034.93,CUST00674,India
502436,P10028,Camping Torch,Sports & Outdoors,1,2025-11-26,2043.99,CUST00699,India
502021,P10001,Wireless Earbuds,Electronics,2,2026-01-15,606.94,CUST00562,INDIA
502780,P10031,Notebook Set,Stationery & Office,1,2025-10-23,268.52,CUST00779,United States
502490,P10015,Running Shoes,Apparel,2,2026-04-22,980.3,,SINGAPORE
500094,P10025,Yoga Mat,Sports & Outdoors,4,2025-01-03,270.08,CUST00038,India
500720,P10010,Insulated Water Bottle,Home & Kitchen,3,2026-01-17,396.84,CUST00203,India
500708,P10014,Denim Jacket,Apparel,3,2025-08-11,1048.3,CUST00203,India
500505,P10006,Smartwatch Band,Electronics,1,2025-08-16,990.13,CUST00167,India
500976,P10004,USB-C Cable,Electronics,1,2026-06-03,3182.97,CUST00272,united states
503091,P10004,USB-C Cable,Electronics,4,2025-07-13,3182.97,CUST00843,india
502457,P10028,Camping Torch,Sports & Outdoors,1,2026-02-17,2043.99,CUST00700,India
501160,P10011,Ceramic Mug Set,Home & Kitchen,3,2026-01-31,1993.94,CUST00323,United Kingdom
502157,P10016,Wool Sweater,Apparel,2,2026-01-17,1250.39,CUST00586,India
501993,P10002,Bluetooth Speaker,Electronics,4,2026-02-24,2723.88,CUST00555,GERMANY
500539,P10014,Denim Jacket,Apparel,5,2025-08-02,1048.3,CUST00169,India
500730,P10004,USB-C Cable,Electronics,4,2026-03-19,3182.97,CUST00205,UNITED KINGDOM
500380,P10027,Water Bottle Sipper,Sports & Outdoors,1,2025-12-03,2203.72,CUST00131,India
501733,P10014,Denim Jacket,Apparel,1,2025-11-25,1048.3,CUST00479,Singapore
501360,P10035,Whiteboard Marker Set,Stationery & Office,2,2025-10-15,808.92,CUST00369,india
502403,P10006,Smartwatch Band,Electronics,1,2026-04-06,990.13,CUST00686,United Kingdom
501343,P10009,Cotton Bedsheet Set,Home & Kitchen,5,2026-03-02,1519.89,CUST00363,India
501340,P10036,Backpack,Stationery & Office,2,2025-02-03,218.62,CUST00361,INDIA
500770,P10003,Phone Case,Electronics,1,2025-10-14,1049.71,CUST00217,India
501938,P10034,Sticky Notes Pack,Stationery & Office,1,2026-04-18,147.9,CUST00540,INDIA
500030,P10009,Cotton Bedsheet Set,Home & Kitchen,5,2026-04-28,1519.89,CUST00012,Singapore
503070,P10036,Backpack,Stationery & Office,3,2025-05-12,218.62,CUST00842,United Kingdom
502181,P10032,Gel Pen Pack,Stationery & Office,5,2025-08-10,687.3,CUST00595,Germany
501001,P10031,Notebook Set,Stationery & Office,5,2025-12-03,268.52,CUST00281,GERMANY
501058,P10025,Yoga Mat,Sports & Outdoors,3,2025-08-14,270.08,CUST00295,india
501078,P10035,Whiteboard Marker Set,Stationery & Office,3,2026-02-02,808.92,CUST00300,India
500073,P10016,Wool Sweater,Apparel,5,2025-12-11,1250.39,CUST00032,India
500334,P10026,Resistance Bands Set,Sports & Outdoors,2,2026-05-03,636.23,CUST00126,India
502202,P10015,Running Shoes,Apparel,1,2026-02-04,980.3,CUST00610,United Kingdom
500902,P10019,Face Serum,Beauty & Personal Care,5,2025-07-25,1312.41,CUST00249,Singapore
501255,P10003,Phone Case,Electronics,2,2026-01-14,1049.71,CUST00343,India
501839,P10015,Running Shoes,Apparel,3,2025-03-10,980.3,CUST00510,United States
500109,P10022,Sunscreen SPF50,Beauty & Personal Care,5,2025-02-01,514.51,CUST00046,United Kingdom
501237,P10012,Storage Organizer,Home & Kitchen,4,2026-01-29,1268.9,CUST00337,Germany
501733,P10003,Phone Case,Electronics,-5,2025-11-25,1049.71,CUST00479,SINGAPORE
502584,P10036,Backpack,Stationery & Office,4,2026-06-12,218.62,CUST00731,India
501815,P10035,Whiteboard Marker Set,Stationery & Office,5,2026-05-26,808.92,CUST00503,INDIA
501567,P10024,Beard Trimmer,Beauty & Personal Care,4,2025-04-13,700.79,CUST00446,UAE
500463,P10003,Phone Case,Electronics,4,2026-04-07,1049.71,CUST00153,India
501122,P10005,Power Bank 10000mAh,Electronics,4,2025-01-24,1034.93,CUST00311,INDIA
500412,P10031,Notebook Set,Stationery & Office,3,2025-11-27,268.52,CUST00138,united states
500242,P10010,Insulated Water Bottle,Home & Kitchen,5,2025-06-21,396.84,CUST00096,India
501194,P10031,Notebook Set,Stationery & Office,2,2025-11-22,268.52,CUST00324,India
500783,P10018,Yoga Pants,Apparel,5,2025-01-13,608.28,CUST00218,United States
500414,P10016,Wool Sweater,Apparel,1,2026-01-24,1250.39,CUST00138,United States
502212,P10019,Face Serum,Beauty & Personal Care,3,2025-02-04,1312.41,CUST00614,India
502543,P10003,Phone Case,Electronics,3,2026-04-08,1049.71,CUST00725,United Kingdom
501048,P10025,Yoga Mat,Sports & Outdoors,5,2026-04-21,270.08,CUST00295,India
502763,P10015,Running Shoes,Apparel,2,2025-05-24,980.3,CUST00779,United States
501673,P10019,Face Serum,Beauty & Personal Care,3,2025-11-18,1312.41,CUST00463,United States
501823,P10028,Camping Torch,Sports & Outdoors,2,2026-03-26,2043.99,CUST00503,India
503063,P10029,Badminton Racket,Sports & Outdoors,2,2025-02-26,274.87,CUST00842,United Kingdom
501363,P10011,Ceramic Mug Set,Home & Kitchen,1,2026-03-10,1993.94,CUST00370,India
502699,P10027,Water Bottle Sipper,Sports & Outdoors,2,2025-10-29,2203.72,CUST00754,INDIA
502372,P10031,Notebook Set,Stationery & Office,-2,2026-05-07,268.52,CUST00673,India
502387,P10021,Lip Balm Set,Beauty & Personal Care,3,2025-06-19,652.97,CUST00677,India
502495,P10022,Sunscreen SPF50,Beauty & Personal Care,2,2026-03-23,514.51,CUST00706,Singapore
501969,P10004,USB-C Cable,Electronics,1,2025-05-18,3182.97,CUST00544,United Kingdom
500102,P10004,USB-C Cable,Electronics,1,2025-04-21,3182.97,CUST00043,India
502904,P10003,Phone Case,Electronics,3,2025-10-06,1049.71,CUST00810, India 
501140,P10027,Water Bottle Sipper,Sports & Outdoors,5,2025-07-27,2203.72,CUST00313,India
503066,P10024,Beard Trimmer,Beauty & Personal Care,2,2025-06-21,700.79,CUST00842,United Kingdom
500524,P10026,Resistance Bands Set,Sports & Outdoors,3,2025-06-22,636.23,CUST00169,India
502300,P10015,Running Shoes,Apparel,-2,2025-12-29,0.0,CUST00648,United Kingdom
500609,P10029,Badminton Racket,Sports & Outdoors,4,2025-11-14,274.87,CUST00184,Germany
502909,P10018,Yoga Pants,Apparel,2,2026-04-11,608.28,CUST00813,India
502168,P10034,Sticky Notes Pack,Stationery & Office,4,2025-12-05,147.9,CUST00591,India
502565,P10010,Insulated Water Bottle,Home & Kitchen,3,2025-11-21,396.84,CUST00731,India
500480,P10031,Notebook Set,Stationery & Office,3,2025-02-02,268.52,CUST00160,United States
500279,P10029,Badminton Racket,Sports & Outdoors,3,2026-01-13,274.87,CUST00111,India
500657,P10036,Backpack,Stationery & Office,2,2026-02-23,218.62,CUST00194,UNITED KINGDOM
500706,P10028,Camping Torch,Sports & Outdoors,4,2025-10-27,2043.99,CUST00203,India
500172,P10022,Sunscreen SPF50,Beauty & Personal Care,5,2025-03-30,514.51,CUST00063,germany
501849,P10035,Whiteboard Marker Set,Stationery & Office,5,2025-07-05,808.92,CUST00515,India
500241,P10023,Hair Dryer,Beauty & Personal Care,5,2025-11-27,1018.4,CUST00095, United States 
501412,P10017,Formal Shirt,Apparel,1,2025-02-25,562.91,CUST00392,India
502743,P10017,Formal Shirt,Apparel,5,2025-07-29,562.91,CUST00770,germany
501535,P10010,Insulated Water Bottle,Home & Kitchen,1,2025-12-15,396.84,CUST00439,United States
502206,P10017,,Apparel,4,2025-02-26,562.91,CUST00612,United States
501392,P10007,Non-Stick Pan,Home & Kitchen,3,2025-08-20,331.24,CUST00386,United States
501934,P10017,Formal Shirt,Apparel,2,2026-06-06,562.91,CUST00539,india
502414,P10004,USB-C Cable,Electronics,2,2025-08-26,3182.97,CUST00691,India
502296,P10014,Denim Jacket,Apparel,3,2026-04-14,1048.3,CUST00646,Germany
501504,P10035,Whiteboard Marker Set,Stationery & Office,2,2026-01-05,808.92,,india
502630,P10014,Denim Jacket,Apparel,4,2025-05-03,1048.3,CUST00745,India
501928,P10010,Insulated Water Bottle,Home & Kitchen,4,2025-09-11,396.84,CUST00539,INDIA
501992,P10015,Running Shoes,Apparel,1,2025-10-03,980.3,CUST00555,Germany
500321,P10015,Running Shoes,Apparel,1,2026-03-29,980.3,CUST00122,Germany
502340,P10013,Cotton T-Shirt,Apparel,5,2026-05-04,1190.46,CUST00664, India 
502247,P10003,Phone Case,Electronics,3,2025-08-01,1049.71,CUST00627,India
500592,P10021,Lip Balm Set,Beauty & Personal Care,4,2026-04-26,652.97,CUST00176,India
502347,P10007,Non-Stick Pan,Home & Kitchen,3,2025-01-09,331.24,CUST00665,India
501039,P10005,Power Bank 10000mAh,Electronics,3,2026-04-05,1034.93,CUST00291,India
500436,P10027,Water Bottle Sipper,Sports & Outdoors,2,2025-08-23,2203.72,CUST00141,Singapore
500836,P10004,USB-C Cable,Electronics,5,2026-02-13,3182.97,CUST00223,India
502442,P10012,Storage Organizer,Home & Kitchen,2,2026-06-01,1268.9,CUST00699,india
501661,P10015,Running Shoes,Apparel,4,2026-04-26,980.3,CUST00463, United States 
502144,P10021,,Beauty & Personal Care,4,2026-05-10,652.97,CUST00583,India
502674,P10028,Camping Torch,Sports & Outdoors,1,2025-03-29,2043.99,CUST00753,United Kingdom
500988,P10031,Notebook Set,Stationery & Office,4,2025-07-14,268.52,CUST00276,India
500775,P10021,Lip Balm Set,Beauty & Personal Care,5,2025-07-11,652.97,CUST00218,UNITED STATES
500031,P10021,Lip Balm Set,Beauty & Personal Care,4,2025-03-14,652.97,CUST00013, Germany 
500115,P10004,USB-C Cable,Electronics,2,2026-06-18,3182.97,CUST00047,INDIA
501944,P10005,Power Bank 10000mAh,Electronics,5,2025-07-17,1034.93,CUST00540,India
503103,P10023,Hair Dryer,Beauty & Personal Care,3,2025-10-31,1018.4,CUST00850,United Kingdom
500769,P10019,Face Serum,Beauty & Personal Care,4,2025-02-28,1312.41,CUST00217,India
502489,P10024,Beard Trimmer,Beauty & Personal Care,3,2025-09-22,700.79,CUST00706,Singapore
500373,P10011,Ceramic Mug Set,Home & Kitchen,3,2025-12-28,1993.94,CUST00130,INDIA
501071,P10027,Water Bottle Sipper,Sports & Outdoors,2,2025-03-08,2203.72,CUST00298,INDIA
500632,P10012,Storage Organizer,Home & Kitchen,5,2025-10-05,1268.9,CUST00189,India
500632,P10035,Whiteboard Marker Set,Stationery & Office,3,2025-10-05,808.92,CUST00189,India
500466,P10027,Water Bottle Sipper,Sports & Outdoors,5,2025-11-12,2203.72,CUST00155,singapore
502058,P10008,LED Desk Lamp,Home & Kitchen,1,2026-04-12,1311.15,CUST00570,India
501230,P10004,USB-C Cable,Electronics,4,2025-12-28,3182.97,CUST00335,INDIA
500411,P10020,Herbal Shampoo,Beauty & Personal Care,4,2026-06-14,1426.26,CUST00138,United States
502177,P10008,LED Desk Lamp,Home & Kitchen,5,2025-06-02,1311.15,,India
500555,P10008,LED Desk Lamp,Home & Kitchen,5,2026-05-16,1311.15,CUST00169,India
502419,P10013,Cotton T-Shirt,Apparel,4,2026-05-24,1190.46,CUST00694,India
501945,P10023,Hair Dryer,Beauty & Personal Care,4,2025-10-02,1018.4,CUST00540,India
502678,P10008,LED Desk Lamp,Home & Kitchen,5,2025-09-15,1311.15,CUST00753,United Kingdom
501355,P10003,Phone Case,Electronics,2,2025-01-21,0.0,CUST00365,UAE
500551,P10004,USB-C Cable,Electronics,1,2025-09-14,3182.97,CUST00169,India
501073,P10021,Lip Balm Set,Beauty & Personal Care,3,2026-02-20,652.97,CUST00298,India
501815,P10005,Power Bank 10000mAh,Electronics,4,2026-05-26,1034.93,,India
500621,P10001,Wireless Earbuds,Electronics,4,2026-05-20,606.94,CUST00189,India
502493,P10023,Hair Dryer,Beauty & Personal Care,4,2025-11-14,1018.4,CUST00706,singapore
502837,P10012,Storage Organizer,Home & Kitchen,3,2025-01-12,1268.9,CUST00788,India
500124,P10030,Cycling Gloves,Sports & Outdoors,1,2026-06-07,820.52,CUST00047,india
501031,P10020,Herbal Shampoo,Beauty & Personal Care,1,2026-02-15,1426.26,CUST00287,India
502517,P10020,Herbal Shampoo,Beauty & Personal Care,3,2025-03-24,1426.26,CUST00714,India
500591,P10006,Smartwatch Band,Electronics,-4,2025-10-05,990.13,CUST00176,India
500982,P10025,Yoga Mat,Sports & Outdoors,5,2025-08-28,270.08,CUST00273,Germany
502245,P10021,Lip Balm Set,Beauty & Personal Care,2,2026-06-21,652.97,CUST00627,india
502656,P10014,Denim Jacket,Apparel,3,2025-02-18,1048.3,CUST00753,United Kingdom
503004,P10008,LED Desk Lamp,Home & Kitchen,2,2025-07-28,1311.15,CUST00831,India
500551,P10026,Resistance Bands Set,Sports & Outdoors,5,2025-09-14,636.23,CUST00169,india
500236,P10016,Wool Sweater,Apparel,-5,2026-02-01,1250.39,CUST00092,United States
500694,P10016,Wool Sweater,Apparel,2,2025-02-07,1250.39,CUST00203,India
501166,P10025,Yoga Mat,Sports & Outdoors,3,2025-04-13,270.08,CUST00324,INDIA
500063,P10011,Ceramic Mug Set,Home & Kitchen,3,2025-03-01,1993.94,CUST00032,india
501420,P10005,Power Bank 10000mAh,Electronics,3,2025-06-01,1034.93,CUST00392,India
501663,P10035,Whiteboard Marker Set,Stationery & Office,5,2025-10-15,808.92,CUST00463,UNITED STATES
500680,P10016,Wool Sweater,Apparel,1,2025-11-26,1250.39,CUST00199,Germany
501688,P10028,Camping Torch,Sports & Outdoors,5,2026-06-10,2043.99,CUST00464,United Kingdom
500953,P10005,Power Bank 10000mAh,Electronics,2,2025-10-19,1034.93,CUST00265, Germany 
501068,P10029,Badminton Racket,Sports & Outdoors,3,2025-03-23,274.87,CUST00298,India
501382,P10016,Wool Sweater,Apparel,1,2026-04-11,1250.39,CUST00383,United Kingdom
502892,P10030,Cycling Gloves,Sports & Outdoors,1,2026-01-13,820.52,CUST00802, India 
502236,P10016,Wool Sweater,Apparel,4,2025-04-14,1250.39,CUST00626,India
502414,P10022,Sunscreen SPF50,Beauty & Personal Care,3,2025-08-26,514.51,CUST00691,India
501168,P10015,Running Shoes,Apparel,2,2026-01-05,980.3,CUST00324,india
502379,P10027,Water Bottle Sipper,Sports & Outdoors,3,2026-03-03,2203.72,CUST00674,India
502615,P10033,Desk Organizer,Stationery & Office,5,2026-01-05,67.73,CUST00738,United States
501852,P10032,Gel Pen Pack,Stationery & Office,2,2026-02-12,687.3,CUST00518,United States
503062,P10034,Sticky Notes Pack,Stationery & Office,2,2026-02-27,147.9,CUST00842,UNITED KINGDOM
501715,P10025,Yoga Mat,Sports & Outdoors,4,2026-04-09,270.08,CUST00471,India
500664,P10016,Wool Sweater,Apparel,1,2025-05-15,1250.39,CUST00195,India
500110,P10033,Desk Organizer,Stationery & Office,1,2025-12-12,67.73,CUST00046,UNITED KINGDOM
502554,P10019,Face Serum,Beauty & Personal Care,1,2025-05-06,1312.41,CUST00731,India
501587,P10019,Face Serum,Beauty & Personal Care,3,2025-08-11,1312.41,CUST00448,United States
502999,P10003,Phone Case,Electronics,2,2025-10-05,1049.71,CUST00830,India
502211,P10018,Yoga Pants,Apparel,2,2025-11-22,608.28,CUST00614,india
501683,P10011,Ceramic Mug Set,Home & Kitchen,5,2025-05-25,1993.94,, United States 
501059,P10006,Smartwatch Band,Electronics,3,2026-02-13,990.13,CUST00295,India
502931,P10007,Non-Stick Pan,Home & Kitchen,4,2025-04-14,331.24,CUST00815,Germany
502389,P10010,Insulated Water Bottle,Home & Kitchen,4,2025-01-31,396.84,CUST00678,INDIA
500668,P10004,USB-C Cable,Electronics,1,2026-03-14,3182.97,CUST00198,Germany
501045,P10022,Sunscreen SPF50,Beauty & Personal Care,3,2025-08-08,514.51,CUST00293,Germany
502665,P10005,Power Bank 10000mAh,Electronics,1,2025-08-04,1034.93,CUST00753,UNITED KINGDOM
502706,P10003,Phone Case,Electronics,1,2025-07-27,1049.71,CUST00756,United States
500325,P10032,Gel Pen Pack,Stationery & Office,2,2025-01-29,687.3,CUST00125,India
502165,P10010,Insulated Water Bottle,Home & Kitchen,1,2025-08-02,396.84,CUST00589,India
501135,P10035,,Stationery & Office,1,2025-11-23,808.92,CUST00312,INDIA
500142,P10017,Formal Shirt,Apparel,1,2025-03-18,562.91,CUST00052,United States
502866,P10024,Beard Trimmer,Beauty & Personal Care,1,2026-03-18,700.79,CUST00796, Germany 
502767,P10003,Phone Case,Electronics,5,2025-10-01,1049.71,CUST00779,United States
500092,P10019,Face Serum,Beauty & Personal Care,5,2025-11-17,1312.41,CUST00037,India
502345,P10014,Denim Jacket,Apparel,1,2025-10-17,1048.3,CUST00665,India
502220,P10034,Sticky Notes Pack,Stationery & Office,5,2026-02-24,147.9,CUST00620,United States
502032,P10001,Wireless Earbuds,Electronics,3,2025-04-17,606.94,CUST00563, India 
503078,P10032,Gel Pen Pack,Stationery & Office,3,2025-04-03,687.3,CUST00842,United Kingdom
501063,P10005,Power Bank 10000mAh,Electronics,5,2026-05-18,1034.93,CUST00297,united states
502617,P10029,Badminton Racket,Sports & Outdoors,2,2025-08-10,274.87,CUST00738,United States
501327,P10023,Hair Dryer,Beauty & Personal Care,1,2025-09-24,1018.4,CUST00357,India
500203,P10006,Smartwatch Band,Electronics,3,2025-01-22,990.13,CUST00076,UNITED STATES
500760,P10036,Backpack,Stationery & Office,5,2025-08-27,218.62,CUST00216,India
502793,P10033,Desk Organizer,Stationery & Office,2,2026-03-06,67.73,CUST00779,united states
501880,P10001,Wireless Earbuds,Electronics,3,2025-11-10,606.94,CUST00529,india
500705,P10013,Cotton T-Shirt,Apparel,1,2026-03-05,1190.46,CUST00203,India
501736,P10019,Face Serum,Beauty & Personal Care,2,2025-05-07,1312.41,CUST00480,India
502178,P10031,Notebook Set,Stationery & Office,2,2026-02-17,268.52,CUST00593,india
501687,P10034,Sticky Notes Pack,Stationery & Office,-5,2025-07-18,147.9,CUST00463,United States
500769,P10007,Non-Stick Pan,Home & Kitchen,-3,2025-02-28,331.24,CUST00217,India
501900,P10016,Wool Sweater,Apparel,3,2025-12-03,1250.39,CUST00534,UNITED KINGDOM
502025,P10027,Water Bottle Sipper,Sports & Outdoors,1,2026-03-01,2203.72,CUST00563,India
500231,P10032,Gel Pen Pack,Stationery & Office,3,2025-03-16,687.3,CUST00088,UNITED KINGDOM
500762,P10024,Beard Trimmer,Beauty & Personal Care,3,2025-11-10,700.79,CUST00216,India
500710,P10031,Notebook Set,Stationery & Office,1,2025-12-01,268.52,CUST00203,India
501555,P10021,Lip Balm Set,Beauty & Personal Care,1,2025-04-27,652.97,CUST00441,India
502324,P10019,Face Serum,Beauty & Personal Care,3,2026-01-12,1312.41,CUST00659, United Kingdom 
501683,P10003,Phone Case,Electronics,3,2025-05-25,1049.71,CUST00463,United States
500835,P10015,Running Shoes,Apparel,3,2025-09-21,980.3,CUST00223,India
501877,P10006,Smartwatch Band,Electronics,5,2025-10-11,990.13,CUST00527,INDIA
500926,P10006,Smartwatch Band,Electronics,2,2025-08-21,990.13,CUST00258, United Kingdom 
500697,P10026,Resistance Bands Set,Sports & Outdoors,1,2025-06-27,636.23,CUST00203,India
501660,P10011,Ceramic Mug Set,Home & Kitchen,1,2026-01-10,1993.94,CUST00463,United States
501286,P10036,Backpack,Stationery & Office,4,2025-12-12,218.62,CUST00345,India
500954,P10019,Face Serum,Beauty & Personal Care,5,2025-04-29,1312.41,CUST00266,United States
502442,P10028,Camping Torch,Sports & Outdoors,3,2026-06-01,2043.99,CUST00699,India
502844,P10014,Denim Jacket,Apparel,4,2025-08-10,1048.3,CUST00790,uae
502916,P10036,Backpack,Stationery & Office,4,2025-03-27,218.62,CUST00813,india
501310,P10007,Non-Stick Pan,Home & Kitchen,3,2025-05-26,331.24,CUST00353,United Kingdom
501386,P10009,Cotton Bedsheet Set,Home & Kitchen,5,2026-03-25,1519.89,CUST00385,United States
501413,P10024,Beard Trimmer,Beauty & Personal Care,1,2026-05-13,700.79,CUST00392,india
502534,P10016,Wool Sweater,Apparel,2,2025-06-28,1250.39,CUST00722,India
500532,P10006,Smartwatch Band,Electronics,1,2025-08-28,990.13,CUST00169,India
500168,P10019,Face Serum,Beauty & Personal Care,3,2025-07-21,1312.41,CUST00062,India
500769,P10029,Badminton Racket,Sports & Outdoors,3,2025-02-28,274.87,CUST00217,India
501597,P10003,Phone Case,Electronics,4,2025-11-22,1049.71,,United States
501284,P10018,Yoga Pants,Apparel,4,2026-04-16,608.28,CUST00345,India
501087,P10006,Smartwatch Band,Electronics,5,2025-07-13,990.13,CUST00301,India
500462,P10023,Hair Dryer,Beauty & Personal Care,2,2025-06-20,1018.4,,India
501280,P10023,Hair Dryer,Beauty & Personal Care,4,2025-05-24,1018.4,,India
502145,P10009,Cotton Bedsheet Set,Home & Kitchen,4,2026-06-06,1519.89,CUST00583,india
500649,P10029,Badminton Racket,Sports & Outdoors,2,2025-07-19,274.87,CUST00193, UAE 
500109,P10026,Resistance Bands Set,Sports & Outdoors,2,2025-02-01,636.23,CUST00046,United Kingdom
500087,P10036,Backpack,Stationery & Office,2,2025-01-15,218.62,CUST00037,India
502889,P10030,Cycling Gloves,Sports & Outdoors,5,2025-02-04,820.52,CUST00801,United States
502017,P10009,Cotton Bedsheet Set,Home & Kitchen,4,2025-08-08,1519.89,CUST00561,United States
502905,P10026,Resistance Bands Set,Sports & Outdoors,1,2025-12-22,636.23,CUST00811,Singapore
501927,P10006,Smartwatch Band,Electronics,1,2025-12-28,990.13,CUST00539,india
502991,P10016,Wool Sweater,Apparel,1,2026-02-13,1250.39,CUST00830,India
502983,P10035,Whiteboard Marker Set,Stationery & Office,2,2025-08-22,808.92,CUST00830,India
502602,P10022,Sunscreen SPF50,Beauty & Personal Care,2,2025-08-18,514.51,CUST00734,India
501356,P10035,Whiteboard Marker Set,Stationery & Office,4,2025-06-02,808.92,CUST00366,India
500487,P10036,Backpack,Stationery & Office,2,2025-05-03,218.62,CUST00163,United Kingdom
502118,P10034,Sticky Notes Pack,Stationery & Office,3,2025-09-11,147.9,CUST00579,India
502337,P10015,Running Shoes,Apparel,4,2026-01-10,980.3,CUST00662,Singapore
502948,P10003,Phone Case,Electronics,5,2025-09-20,1049.71,CUST00823,India
501846,P10010,Insulated Water Bottle,Home & Kitchen,2,2025-08-06,396.84,CUST00514,Germany
502284,P10028,Camping Torch,Sports & Outdoors,3,2026-03-04,2043.99,CUST00639,India
501883,P10035,Whiteboard Marker Set,Stationery & Office,-1,2026-04-06,808.92,CUST00530, Germany 
502855,P10012,Storage Organizer,Home & Kitchen,4,2026-06-02,1268.9,CUST00796,GERMANY
502213,P10004,USB-C Cable,Electronics,3,2026-01-18,3182.97,,Germany
502005,P10022,Sunscreen SPF50,Beauty & Personal Care,5,2026-03-20,514.51,CUST00556,India
501880,P10017,Formal Shirt,Apparel,1,2025-11-10,562.91,CUST00529,India
500626,P10023,Hair Dryer,Beauty & Personal Care,3,2026-04-16,1018.4,CUST00189,India
501611,P10013,Cotton T-Shirt,Apparel,5,2025-10-10,1190.46,CUST00448,United States
500604,P10012,Storage Organizer,Home & Kitchen,3,2025-02-22,1268.9,CUST00180,India
501702,P10006,Smartwatch Band,Electronics,5,2026-03-30,990.13,CUST00469,India
501839,P10023,Hair Dryer,Beauty & Personal Care,1,2025-03-10,1018.4,CUST00510,United States
502671,P10027,Water Bottle Sipper,Sports & Outdoors,1,2026-04-01,2203.72,CUST00753,United Kingdom
502421,P10006,Smartwatch Band,Electronics,4,2026-01-19,990.13,CUST00695,India
500509,P10007,Non-Stick Pan,Home & Kitchen,4,2026-01-28,331.24,,India
501055,P10019,Face Serum,Beauty & Personal Care,1,2026-01-17,1312.41,CUST00295,India
503088,P10016,Wool Sweater,Apparel,5,2025-09-25,1250.39,CUST00842,UNITED KINGDOM
500756,P10006,Smartwatch Band,Electronics,2,2025-07-04,990.13,CUST00216,INDIA
502851,P10016,Wool Sweater,Apparel,5,2026-04-14,1250.39,,India
500693,P10007,Non-Stick Pan,Home & Kitchen,5,2026-06-19,331.24,CUST00203,India
500557,P10015,Running Shoes,Apparel,1,2025-01-13,980.3,CUST00169,India
502860,P10029,Badminton Racket,Sports & Outdoors,5,2025-12-01,274.87,CUST00796,Germany
500298,P10024,Beard Trimmer,Beauty & Personal Care,3,2025-08-26,700.79,CUST00116,GERMANY
502759,P10004,USB-C Cable,Electronics,1,2026-01-11,3182.97,CUST00777, India 
502463,P10036,Backpack,Stationery & Office,2,2025-03-02,218.62,CUST00704,India
500155,P10023,Hair Dryer,Beauty & Personal Care,5,2026-01-25,1018.4,CUST00057,India
501774,P10026,Resistance Bands Set,Sports & Outdoors,5,2025-10-28,636.23,CUST00489,UAE
501097,P10005,Power Bank 10000mAh,Electronics,2,2026-02-02,1034.93,CUST00308,India
502287,P10001,Wireless Earbuds,Electronics,2,2026-05-13,606.94,CUST00642,INDIA
501174,P10019,Face Serum,Beauty & Personal Care,2,2025-09-01,1312.41,CUST00324,India
502616,P10007,Non-Stick Pan,Home & Kitchen,2,2025-07-22,331.24,CUST00738,united states
501951,P10004,USB-C Cable,Electronics,5,2025-11-08,3182.97,CUST00541,UAE
501482,P10026,Resistance Bands Set,Sports & Outdoors,3,2025-01-18,636.23,CUST00419,United Kingdom
502255,P10028,Camping Torch,Sports & Outdoors,2,2025-07-03,2043.99,CUST00632,germany
501146,P10021,Lip Balm Set,Beauty & Personal Care,2,2025-03-24,652.97,CUST00315,Germany
500318,P10026,Resistance Bands Set,Sports & Outdoors,3,2025-10-22,636.23,CUST00122,germany
501819,P10034,Sticky Notes Pack,Stationery & Office,1,2026-01-30,147.9,CUST00503,India
502997,P10012,Storage Organizer,Home & Kitchen,1,2026-06-13,1268.9,CUST00830,India
500103,P10036,Backpack,Stationery & Office,4,2025-07-02,218.62,CUST00043,India
502334,P10018,Yoga Pants,Apparel,4,2025-06-26,608.28,CUST00661,India
502695,P10025,Yoga Mat,Sports & Outdoors,5,2025-06-15,270.08,CUST00754,India
501404,P10023,Hair Dryer,Beauty & Personal Care,4,2025-08-17,1018.4,CUST00392,INDIA
500249,P10018,Yoga Pants,Apparel,4,2025-08-04,608.28,CUST00099,India
500141,P10034,Sticky Notes Pack,Stationery & Office,4,2025-06-19,147.9,,United States
501802,P10030,Cycling Gloves,Sports & Outdoors,5,2026-04-14,820.52,CUST00497,United Kingdom
501719,P10036,Backpack,Stationery & Office,4,2025-11-10,218.62,CUST00474,germany
500012,P10004,USB-C Cable,Electronics,5,2026-01-19,3182.97,,India
501062,P10005,Power Bank 10000mAh,Electronics,4,2026-04-13,1034.93,CUST00296,India
500514,P10030,Cycling Gloves,Sports & Outdoors,4,2025-06-06,820.52,CUST00169,India
502952,P10007,Non-Stick Pan,Home & Kitchen,4,2025-01-18,331.24,CUST00826,UAE
500521,P10028,Camping Torch,Sports & Outdoors,2,2025-01-07,2043.99,CUST00169,India
501848,P10004,USB-C Cable,Electronics,5,2026-02-24,3182.97,CUST00514,germany
500800,P10035,Whiteboard Marker Set,Stationery & Office,1,2025-11-18,808.92,CUST00219,United Kingdom
500243,P10009,Cotton Bedsheet Set,Home & Kitchen,2,2025-08-12,1519.89,CUST00096,INDIA
501783,P10016,Wool Sweater,Apparel,1,2026-04-02,1250.39,CUST00492,United Kingdom
501833,P10001,Wireless Earbuds,Electronics,3,2026-02-27,606.94,CUST00507,UAE
502227,P10013,Cotton T-Shirt,Apparel,4,2025-09-06,1190.46,CUST00624,India
501749,P10033,Desk Organizer,Stationery & Office,4,2025-03-10,67.73,CUST00485,United Kingdom
500534,P10034,Sticky Notes Pack,Stationery & Office,4,2025-10-09,147.9,CUST00169,india
502437,P10015,Running Shoes,Apparel,4,2025-04-29,980.3,CUST00699,India
500043,P10029,Badminton Racket,Sports & Outdoors,5,2025-12-05,274.87,CUST00020,India
500181,P10009,Cotton Bedsheet Set,Home & Kitchen,2,2025-01-05,1519.89,CUST00065,India
501506,P10006,Smartwatch Band,Electronics,3,2025-08-18,990.13,CUST00426,India
502558,P10011,Ceramic Mug Set,Home & Kitchen,2,2025-04-22,1993.94,CUST00731,India
501498,P10018,Yoga Pants,Apparel,4,2025-12-06,608.28,CUST00424, India 
501855,P10018,Yoga Pants,Apparel,3,2025-05-19,608.28,CUST00519,Singapore
502259,P10028,Camping Torch,Sports & Outdoors,4,2025-02-23,2043.99,CUST00632,Germany
500817,P10035,Whiteboard Marker Set,Stationery & Office,3,2025-11-26,808.92,CUST00219,United Kingdom
500776,P10027,Water Bottle Sipper,Sports & Outdoors,4,2025-04-02,2203.72,CUST00218,United States
501947,P10008,LED Desk Lamp,Home & Kitchen,1,2026-01-16,1311.15,CUST00540,India
500360,P10012,Storage Organizer,Home & Kitchen,3,2025-03-04,1268.9,CUST00127,United States
502321,P10008,LED Desk Lamp,Home & Kitchen,5,2026-02-22,1311.15,CUST00659,United Kingdom
500500,P10031,Notebook Set,Stationery & Office,4,2025-06-14,268.52,CUST00167,India
500352,P10009,Cotton Bedsheet Set,Home & Kitchen,5,2026-06-25,1519.89,CUST00126,India
502024,P10001,Wireless Earbuds,Electronics,1,2026-04-09,606.94,CUST00562,India
501349,P10035,Whiteboard Marker Set,Stationery & Office,1,2026-05-05,808.92,CUST00363,India
500320,P10031,Notebook Set,Stationery & Office,5,2026-01-20,268.52,CUST00122,Germany
503096,P10018,Yoga Pants,Apparel,-4,2025-10-05,608.28,CUST00846,India
503022,P10034,Sticky Notes Pack,Stationery & Office,1,2025-02-14,147.9,CUST00833,India
503001,P10028,Camping Torch,Sports & Outdoors,1,2026-05-04,2043.99,CUST00830,India
501237,P10019,Face Serum,Beauty & Personal Care,2,2026-01-29,1312.41,CUST00337,Germany
501329,P10013,Cotton T-Shirt,Apparel,1,2025-06-06,1190.46,CUST00357,India
500069,P10021,Lip Balm Set,Beauty & Personal Care,4,2025-07-22,652.97,CUST00032,India
501327,P10029,Badminton Racket,Sports & Outdoors,5,2025-09-24,274.87,CUST00357,India
501599,P10036,Backpack,Stationery & Office,2,2026-03-24,218.62,CUST00448,United States
502045,P10005,Power Bank 10000mAh,Electronics,5,2026-02-04,1034.93,CUST00567,India
501287,P10019,Face Serum,Beauty & Personal Care,4,2026-02-19,1312.41,CUST00346,UNITED KINGDOM
501894,P10023,Hair Dryer,Beauty & Personal Care,5,2025-04-02,1018.4,CUST00534,United Kingdom
501932,P10019,Face Serum,Beauty & Personal Care,2,2025-01-20,1312.41,CUST00539,India
502029,P10003,Phone Case,Electronics,5,2026-02-12,1049.71,CUST00563,India
500070,P10032,Gel Pen Pack,Stationery & Office,1,2025-04-27,687.3,CUST00032,India
501551,P10028,Camping Torch,Sports & Outdoors,3,2026-01-13,2043.99,CUST00439,United States
500383,P10015,Running Shoes,Apparel,5,2026-06-26,980.3,CUST00133,India
501452,P10035,Whiteboard Marker Set,Stationery & Office,2,2026-03-10,808.92,CUST00408,India
500455,P10023,Hair Dryer,Beauty & Personal Care,4,2025-06-03,1018.4,,India
502199,P10018,Yoga Pants,Apparel,4,2025-10-19,608.28,,India
500213,P10020,Herbal Shampoo,Beauty & Personal Care,1,2025-10-31,1426.26,CUST00083,India
500785,P10030,Cycling Gloves,Sports & Outdoors,4,2025-10-26,820.52,CUST00219,United Kingdom
500243,P10016,Wool Sweater,Apparel,2,2025-08-12,1250.39,CUST00096, India 
500962,P10024,Beard Trimmer,Beauty & Personal Care,4,2025-12-12,700.79,CUST00268,United States
502126,P10031,Notebook Set,Stationery & Office,3,2025-05-17,268.52,CUST00581,INDIA
500960,P10031,Notebook Set,Stationery & Office,1,2026-02-09,268.52,CUST00267,United Kingdom
501758,P10020,Herbal Shampoo,Beauty & Personal Care,1,2026-05-26,1426.26,CUST00485,United Kingdom
502455,P10031,Notebook Set,Stationery & Office,1,2025-01-27,268.52,CUST00699,India
500238,P10010,Insulated Water Bottle,Home & Kitchen,3,2025-07-22,396.84,CUST00093,UNITED STATES
501640,P10003,Phone Case,Electronics,2,2026-05-29,1049.71,CUST00454,UAE
501528,P10001,Wireless Earbuds,Electronics,3,2026-03-23,606.94,CUST00437,India
500104,P10002,Bluetooth Speaker,Electronics,2,2025-11-24,2723.88,CUST00044,UAE
502138,P10012,Storage Organizer,Home & Kitchen,2,2025-04-26,1268.9,CUST00581,india
502736,P10014,Denim Jacket,Apparel,5,2025-09-05,1048.3,CUST00770,Germany
502459,P10022,Sunscreen SPF50,Beauty & Personal Care,4,2025-11-07,514.51,CUST00701,India
502234,P10013,Cotton T-Shirt,Apparel,2,2025-10-22,1190.46,CUST00626,india
501758,P10018,Yoga Pants,Apparel,4,2026-05-26,608.28,CUST00485,United Kingdom
501763,P10031,Notebook Set,Stationery & Office,1,2025-10-27,268.52,CUST00485,United Kingdom
500553,P10016,Wool Sweater,Apparel,3,2025-12-06,1250.39,CUST00169,India
501239,P10002,Bluetooth Speaker,Electronics,3,2025-09-14,2723.88,CUST00338,United States
500811,P10023,Hair Dryer,Beauty & Personal Care,3,2025-05-16,1018.4,CUST00219,United Kingdom
501865,P10026,Resistance Bands Set,Sports & Outdoors,1,2025-04-18,636.23,CUST00522,INDIA
501009,P10007,Non-Stick Pan,Home & Kitchen,1,2025-11-18,331.24,CUST00286,India
500811,P10031,Notebook Set,Stationery & Office,3,2025-05-16,268.52,CUST00219,United Kingdom
501493,P10026,Resistance Bands Set,Sports & Outdoors,1,2025-05-22,636.23,CUST00422,united states
503083,P10013,Cotton T-Shirt,Apparel,5,2026-05-26,1190.46,CUST00842,United Kingdom
501312,P10015,Running Shoes,Apparel,4,2025-04-13,980.3,CUST00353,UNITED KINGDOM
500409,P10030,Cycling Gloves,Sports & Outdoors,1,2025-03-25,820.52,CUST00138,United States
502897,P10018,Yoga Pants,Apparel,4,2026-03-07,608.28,CUST00804,United Kingdom
500978,P10002,Bluetooth Speaker,Electronics,1,2026-06-06,2723.88,CUST00273,germany
502671,P10010,Insulated Water Bottle,Home & Kitchen,2,2026-04-01,396.84,,United Kingdom
501622,P10034,Sticky Notes Pack,Stationery & Office,3,2026-04-30,147.9,CUST00449,INDIA
501735,P10015,Running Shoes,Apparel,2,2025-06-17,980.3,CUST00479,Singapore
500485,P10002,Bluetooth Speaker,Electronics,2,2025-02-15,2723.88,CUST00163, United Kingdom 
501734,P10003,Phone Case,Electronics,5,2025-10-02,1049.71,CUST00479,Singapore
501722,P10013,Cotton T-Shirt,Apparel,2,2026-01-31,1190.46,CUST00475,India
502083,P10029,Badminton Racket,Sports & Outdoors,1,2026-01-19,274.87,CUST00579,India
501230,P10016,Wool Sweater,Apparel,2,2025-12-28,1250.39,CUST00335,INDIA
502402,P10023,Hair Dryer,Beauty & Personal Care,2,2026-05-24,1018.4,CUST00685,UAE
502714,P10003,Phone Case,Electronics,2,2026-01-20,1049.71,CUST00760,UNITED STATES
500624,P10010,Insulated Water Bottle,Home & Kitchen,1,2026-06-09,396.84,CUST00189,India
500504,P10035,Whiteboard Marker Set,Stationery & Office,3,2026-02-09,808.92,CUST00167,India
502547,P10005,Power Bank 10000mAh,Electronics,2,2025-11-19,1034.93,CUST00727,india
500278,P10017,Formal Shirt,Apparel,2,2026-01-18,562.91,CUST00111,India
502551,P10006,Smartwatch Band,Electronics,1,2026-03-26,990.13,CUST00730,India
502981,P10007,Non-Stick Pan,Home & Kitchen,2,2025-09-17,331.24,CUST00830,india
501127,P10034,Sticky Notes Pack,Stationery & Office,5,2026-03-06,147.9,CUST00312,India
500359,P10022,Sunscreen SPF50,Beauty & Personal Care,1,2025-04-04,514.51,CUST00127,UNITED STATES
501404,P10032,Gel Pen Pack,Stationery & Office,2,2025-08-17,687.3,CUST00392,India
500602,P10010,Insulated Water Bottle,Home & Kitchen,5,2025-09-04,396.84,CUST00179,UAE
500490,P10017,Formal Shirt,Apparel,2,2025-08-06,562.91,CUST00164,India
502513,P10001,Wireless Earbuds,Electronics,-3,2026-03-28,606.94,CUST00711,United States
502969,P10031,Notebook Set,Stationery & Office,3,2026-01-04,268.52,CUST00830,India
503023,P10022,Sunscreen SPF50,Beauty & Personal Care,3,2025-02-28,514.51,CUST00833,India
501842,P10029,Badminton Racket,Sports & Outdoors,3,2025-12-27,274.87,CUST00511,United Kingdom
502428,P10033,Desk Organizer,Stationery & Office,1,2025-04-20,67.73,CUST00699,India
500729,P10027,Water Bottle Sipper,Sports & Outdoors,1,2026-02-15,2203.72,CUST00205,United Kingdom
502773,P10028,Camping Torch,Sports & Outdoors,2,2025-06-18,2043.99,CUST00779,United States
501766,P10002,Bluetooth Speaker,Electronics,5,2025-04-08,2723.88,CUST00486,UAE
501164,P10018,Yoga Pants,Apparel,5,2025-09-02,608.28,CUST00324,India
500318,P10011,Ceramic Mug Set,Home & Kitchen,2,2025-10-22,1993.94,CUST00122,Germany
500663,P10032,Gel Pen Pack,Stationery & Office,1,2025-08-15,687.3,CUST00195,INDIA
500184,P10022,Sunscreen SPF50,Beauty & Personal Care,2,2025-12-21,514.51,CUST00067,India
502084,P10007,Non-Stick Pan,Home & Kitchen,3,2025-07-04,331.24,CUST00579, India 
500540,P10028,Camping Torch,Sports & Outdoors,1,2026-06-08,2043.99,CUST00169,India
501194,P10031,Notebook Set,Stationery & Office,2,2025-11-22,268.52,CUST00324,India
502394,P10010,Insulated Water Bottle,Home & Kitchen,5,2025-02-01,396.84,CUST00680,germany
500380,P10016,Wool Sweater,Apparel,3,2025-12-03,1250.39,CUST00131, India 
502349,P10025,Yoga Mat,Sports & Outdoors,2,2025-02-07,270.08,CUST00665,India
501993,P10025,Yoga Mat,Sports & Outdoors,3,2026-02-24,270.08,CUST00555,Germany
502240,P10020,Herbal Shampoo,Beauty & Personal Care,1,2025-09-14,1426.26,CUST00627,India
501502,P10035,Whiteboard Marker Set,Stationery & Office,4,2026-03-04,808.92,CUST00425,India
501213,P10004,USB-C Cable,Electronics,2,2025-12-30,3182.97,CUST00329,India
502215,P10032,Gel Pen Pack,Stationery & Office,4,2025-11-26,687.3,CUST00616,UAE
501476,P10036,Backpack,Stationery & Office,1,2026-04-28,218.62,CUST00416,India
500392,P10011,Ceramic Mug Set,Home & Kitchen,3,2025-04-30,1993.94,CUST00135,UAE
500272,P10002,Bluetooth Speaker,Electronics,2,2026-05-04,2723.88,CUST00109, India 
500955,P10026,Resistance Bands Set,Sports & Outdoors,3,2025-05-07,636.23,CUST00266,United States
500188,P10018,Yoga Pants,Apparel,4,2026-03-08,608.28,CUST00068,United States
502962,P10002,Bluetooth Speaker,Electronics,5,2026-03-18,2723.88,CUST00830,INDIA
503044,P10023,Hair Dryer,Beauty & Personal Care,4,2026-05-31,1018.4,CUST00842,United Kingdom
502099,P10036,Backpack,Stationery & Office,1,2026-05-15,218.62,,India
500604,P10003,Phone Case,Electronics,3,2025-02-22,1049.71,CUST00180,India
501286,P10017,Formal Shirt,Apparel,4,2025-12-12,562.91,CUST00345,India
500313,P10007,Non-Stick Pan,Home & Kitchen,4,2025-02-24,331.24,CUST00120,India
500014,P10002,Bluetooth Speaker,Electronics,4,2025-01-15,2723.88,CUST00007,india
501749,P10011,Ceramic Mug Set,Home & Kitchen,3,2025-03-10,1993.94,CUST00485,United Kingdom
500494,P10010,Insulated Water Bottle,Home & Kitchen,1,2026-04-12,396.84,CUST00165,India
502295,P10036,Backpack,Stationery & Office,1,2026-05-29,218.62,CUST00646,Germany
501739,P10021,Lip Balm Set,Beauty & Personal Care,5,2026-02-26,652.97,CUST00481,United Kingdom
500545,P10035,Whiteboard Marker Set,Stationery & Office,1,2025-02-07,808.92,CUST00169,India
502532,P10021,Lip Balm Set,Beauty & Personal Care,1,2026-01-03,652.97,CUST00722,India
500477,P10018,Yoga Pants,Apparel,4,2025-08-18,608.28,CUST00159,India
500881,P10014,Denim Jacket,Apparel,4,2025-07-31,1048.3,CUST00237,India
501556,P10014,Denim Jacket,Apparel,2,2025-05-31,1048.3,CUST00442,SINGAPORE
502835,P10008,LED Desk Lamp,Home & Kitchen,3,2025-10-21,1311.15,CUST00787,united kingdom
500013,P10015,Running Shoes,Apparel,5,2026-02-01,980.3,CUST00006,India
500638,P10024,Beard Trimmer,Beauty & Personal Care,5,2025-05-29,700.79,CUST00189,INDIA
502380,P10029,Badminton Racket,Sports & Outdoors,1,2025-03-20,274.87,CUST00674, India 
502864,P10019,Face Serum,Beauty & Personal Care,4,2026-01-28,1312.41,CUST00796,GERMANY
501584,P10020,Herbal Shampoo,Beauty & Personal Care,4,2026-04-10,1426.26,CUST00448,United States
500169,P10001,Wireless Earbuds,Electronics,1,2025-06-10,606.94,CUST00062,India
500091,P10018,Yoga Pants,Apparel,4,2025-04-13,608.28,CUST00037,India
501560,P10023,Hair Dryer,Beauty & Personal Care,1,2025-11-22,1018.4,CUST00443,INDIA
500740,P10025,Yoga Mat,Sports & Outdoors,3,2025-07-20,270.08,CUST00207,INDIA
500732,P10018,Yoga Pants,Apparel,2,2026-06-24,608.28,CUST00205,United Kingdom
501105,P10019,Face Serum,Beauty & Personal Care,5,2025-08-11,1312.41,CUST00310,India
500448,P10009,Cotton Bedsheet Set,Home & Kitchen,3,2026-01-24,1519.89,CUST00144,INDIA
500326,P10001,Wireless Earbuds,Electronics,4,2026-05-20,606.94,CUST00126,India
502016,P10027,Water Bottle Sipper,Sports & Outdoors,1,2026-05-06,2203.72,CUST00560,UNITED KINGDOM
500585,P10029,Badminton Racket,Sports & Outdoors,1,2025-01-14,274.87,CUST00176,India
500028,P10008,LED Desk Lamp,Home & Kitchen,4,2026-03-21,1311.15,CUST00012,Singapore
502996,P10027,Water Bottle Sipper,Sports & Outdoors,4,2025-02-26,2203.72,CUST00830, India 
502033,P10011,Ceramic Mug Set,Home & Kitchen,-4,2025-04-23,1993.94,CUST00563,India
501916,P10023,Hair Dryer,Beauty & Personal Care,5,2026-04-29,1018.4,CUST00539,India
501321,P10026,Resistance Bands Set,Sports & Outdoors,4,2025-01-20,636.23,CUST00355,india
502531,P10028,Camping Torch,Sports & Outdoors,3,2025-03-04,2043.99,CUST00722,India
500931,P10027,Water Bottle Sipper,Sports & Outdoors,-1,2025-04-20,2203.72,CUST00260,INDIA
501583,P10015,Running Shoes,Apparel,5,2025-06-29,980.3,CUST00448,United States
500377,P10012,Storage Organizer,Home & Kitchen,3,2025-12-22,1268.9,CUST00130,India
501173,P10033,Desk Organizer,Stationery & Office,1,2026-03-28,67.73,CUST00324,India
501530,P10008,LED Desk Lamp,Home & Kitchen,1,2025-04-12,1311.15,CUST00437,India
502853,P10027,Water Bottle Sipper,Sports & Outdoors,4,2025-12-25,2203.72,CUST00796,Germany
500676,P10021,Lip Balm Set,Beauty & Personal Care,3,2025-08-11,652.97,CUST00199,Germany
502156,P10032,Gel Pen Pack,Stationery & Office,5,2025-05-03,687.3,CUST00586,India
500508,P10028,Camping Torch,Sports & Outdoors,3,2025-07-18,2043.99,CUST00167,India
502546,P10030,Cycling Gloves,Sports & Outdoors,2,2026-01-14,820.52,CUST00727,India
501822,P10026,Resistance Bands Set,Sports & Outdoors,4,2025-07-16,636.23,CUST00503,india
500061,P10035,Whiteboard Marker Set,Stationery & Office,2,2026-03-25,808.92,CUST00030,India
500628,P10012,Storage Organizer,Home & Kitchen,5,2025-02-08,1268.9,,India
501443,P10015,Running Shoes,Apparel,4,2025-01-09,980.3,CUST00400,united states
501855,P10027,Water Bottle Sipper,Sports & Outdoors,5,2025-05-19,2203.72,CUST00519,Singapore
501466,P10033,Desk Organizer,Stationery & Office,1,2025-11-05,67.73,CUST00414,UNITED KINGDOM
502218,P10032,Gel Pen Pack,Stationery & Office,3,2025-04-22,687.3,CUST00618,India
501726,P10008,LED Desk Lamp,Home & Kitchen,4,2025-04-05,1311.15,CUST00475,India
500635,P10036,Backpack,Stationery & Office,3,2025-07-09,218.62,CUST00189,India
501239,P10026,Resistance Bands Set,Sports & Outdoors,2,2025-09-14,636.23,CUST00338, United States 
502049,P10025,Yoga Mat,Sports & Outdoors,1,2025-06-11,270.08,CUST00568,India
502911,P10009,Cotton Bedsheet Set,Home & Kitchen,3,2025-06-08,1519.89,CUST00813,India
502935,P10035,Whiteboard Marker Set,Stationery & Office,1,2026-03-06,808.92,CUST00815,Germany
501426,P10030,Cycling Gloves,Sports & Outdoors,5,2025-02-11,820.52,CUST00392, India 
500885,P10023,Hair Dryer,Beauty & Personal Care,5,2025-08-19,1018.4,CUST00238,India
501471,P10034,Sticky Notes Pack,Stationery & Office,3,2025-01-18,147.9,CUST00416,INDIA
500364,P10008,LED Desk Lamp,Home & Kitchen,3,2025-10-09,1311.15,CUST00127,UNITED STATES
500776,P10013,Cotton T-Shirt,Apparel,2,2025-04-02,1190.46,CUST00218,united states
500190,P10012,Storage Organizer,Home & Kitchen,1,2025-10-24,1268.9,CUST00068,United States
501358,P10005,Power Bank 10000mAh,Electronics,5,2026-05-12,1034.93,CUST00367,SINGAPORE
500015,P10028,Camping Torch,Sports & Outdoors,2,2026-06-20,2043.99,CUST00007,India
502639,P10012,Storage Organizer,Home & Kitchen,3,2026-01-19,1268.9,CUST00748,India
502545,P10001,Wireless Earbuds,Electronics,1,2025-01-11,606.94,CUST00726,Germany
501436,P10024,Beard Trimmer,Beauty & Personal Care,5,2025-12-26,700.79,CUST00396,UAE
500347,P10036,Backpack,Stationery & Office,4,2025-11-25,218.62,CUST00126,India
500854,P10027,Water Bottle Sipper,Sports & Outdoors,2,2025-08-07,2203.72,CUST00232,India
501402,P10001,Wireless Earbuds,Electronics,2,2026-06-09,606.94,CUST00392,India
501913,P10016,Wool Sweater,Apparel,2,2025-09-07,1250.39,CUST00539,India
501684,P10029,Badminton Racket,Sports & Outdoors,4,2025-02-19,274.87,CUST00463,UNITED STATES
500507,P10031,Notebook Set,Stationery & Office,2,2026-03-30,268.52,CUST00167,India
502875,P10034,Sticky Notes Pack,Stationery & Office,4,2026-02-13,147.9,CUST00798,UNITED KINGDOM
501759,P10003,Phone Case,Electronics,3,2025-11-23,1049.71,CUST00485,united kingdom
500942,P10001,Wireless Earbuds,Electronics,1,2026-03-04,606.94,CUST00263,India
501749,P10011,Ceramic Mug Set,Home & Kitchen,5,2025-03-10,1993.94,CUST00485,United Kingdom
501280,P10014,Denim Jacket,Apparel,1,2025-05-24,1048.3,CUST00345,INDIA
501042,P10031,Notebook Set,Stationery & Office,3,2025-11-03,268.52,CUST00292,India
502684,P10029,Badminton Racket,Sports & Outdoors,-4,2025-08-11,274.87,CUST00753,United Kingdom
500013,P10006,Smartwatch Band,Electronics,4,2026-02-01,990.13,CUST00006,India
502630,P10017,Formal Shirt,Apparel,4,2025-05-03,562.91,CUST00745,India
501711,P10007,Non-Stick Pan,Home & Kitchen,2,2026-05-13,331.24,CUST00471,India
500584,P10025,Yoga Mat,Sports & Outdoors,4,2025-11-30,270.08,CUST00176,India
501600,P10024,Beard Trimmer,Beauty & Personal Care,1,2026-04-24,700.79,CUST00448,United States
502173,P10028,Camping Torch,Sports & Outdoors,2,2025-07-31,2043.99,CUST00592,United Kingdom
501061,P10019,Face Serum,Beauty & Personal Care,-3,2025-01-09,1312.41,,India
503031,P10004,USB-C Cable,Electronics,3,2025-05-20,3182.97,,India
501707,P10030,Cycling Gloves,Sports & Outdoors,4,2025-08-30,820.52,CUST00470,Singapore
500012,P10035,Whiteboard Marker Set,Stationery & Office,2,2026-01-19,808.92,,india
500058,P10012,Storage Organizer,Home & Kitchen,3,2026-04-21,1268.9,CUST00028,India
502426,P10033,Desk Organizer,Stationery & Office,3,2025-10-01,67.73,CUST00698,United Kingdom
500421,P10022,Sunscreen SPF50,Beauty & Personal Care,4,2025-11-02,514.51,CUST00138,United States
500861,P10027,Water Bottle Sipper,Sports & Outdoors,4,2025-06-23,2203.72,CUST00235,india
502524,P10034,Sticky Notes Pack,Stationery & Office,3,2025-12-09,147.9,CUST00716,UAE
500258,P10008,LED Desk Lamp,Home & Kitchen,3,2025-12-19,1311.15,CUST00104,India
503057,P10035,Whiteboard Marker Set,Stationery & Office,4,2025-11-21,808.92,,United Kingdom
500111,P10031,Notebook Set,Stationery & Office,3,2026-01-05,268.52,CUST00047,India
502482,P10006,Smartwatch Band,Electronics,2,2026-06-05,990.13,CUST00706,Singapore
500473,P10027,Water Bottle Sipper,Sports & Outdoors,2,2025-02-10,2203.72,CUST00158,united states
500601,P10023,Hair Dryer,Beauty & Personal Care,1,2025-06-23,1018.4,CUST00178,India
502339,P10001,Wireless Earbuds,Electronics,5,2026-04-12,606.94,CUST00663, United Kingdom 
502833,P10027,Water Bottle Sipper,Sports & Outdoors,4,2025-06-06,2203.72,CUST00787,United Kingdom
501493,P10019,Face Serum,Beauty & Personal Care,3,2025-05-22,1312.41,CUST00422,United States
500037,P10015,Running Shoes,Apparel,4,2025-04-11,980.3,CUST00018,India
501287,P10005,Power Bank 10000mAh,Electronics,5,2026-02-19,1034.93,CUST00346,United Kingdom
501158,P10009,Cotton Bedsheet Set,Home & Kitchen,3,2025-07-27,1519.89,CUST00321,India
501878,P10028,Camping Torch,Sports & Outdoors,4,2026-06-08,2043.99,CUST00528,INDIA
500380,P10011,Ceramic Mug Set,Home & Kitchen,5,2025-12-03,1993.94,CUST00131,India
500997,P10006,Smartwatch Band,Electronics,1,2026-01-21,990.13,CUST00280,United States
500831,P10023,Hair Dryer,Beauty & Personal Care,1,2025-01-01,1018.4,CUST00222,United Kingdom
502033,P10007,Non-Stick Pan,Home & Kitchen,4,2025-04-23,331.24,CUST00563,India
500062,P10030,Cycling Gloves,Sports & Outdoors,4,2025-06-12,820.52,CUST00031,United Kingdom
501095,P10030,Cycling Gloves,Sports & Outdoors,5,2025-03-12,820.52,CUST00306,Singapore
502474,P10025,Yoga Mat,Sports & Outdoors,3,2025-07-07,270.08,CUST00706,Singapore
500818,P10014,Denim Jacket,Apparel,3,2025-08-29,1048.3,CUST00219,United Kingdom
503097,P10017,Formal Shirt,Apparel,1,2026-06-10,562.91,CUST00846,India
501559,P10031,Notebook Set,Stationery & Office,2,2026-03-22,268.52,CUST00442,Singapore
501583,P10017,Formal Shirt,Apparel,4,2025-06-29,562.91,CUST00448,united states
501930,P10022,Sunscreen SPF50,Beauty & Personal Care,3,2025-02-11,514.51,CUST00539,India
502634,P10035,Whiteboard Marker Set,Stationery & Office,5,2026-02-14,808.92,CUST00747,India
501916,P10023,Hair Dryer,Beauty & Personal Care,3,2026-04-29,1018.4,CUST00539,India
502867,P10029,Badminton Racket,Sports & Outdoors,2,2026-05-10,274.87,CUST00796,Germany
501743,P10031,Notebook Set,Stationery & Office,4,2026-02-05,268.52,CUST00482,United Kingdom
502795,P10019,Face Serum,Beauty & Personal Care,5,2025-09-01,1312.41,CUST00779,United States
501878,P10028,Camping Torch,Sports & Outdoors,1,2026-06-08,2043.99,CUST00528,india
501794,P10006,Smartwatch Band,Electronics,2,2026-02-15,990.13,CUST00497, United Kingdom 
501622,P10013,Cotton T-Shirt,Apparel,4,2026-04-30,1190.46,CUST00449,India
501127,P10007,Non-Stick Pan,Home & Kitchen,5,2026-03-06,331.24,CUST00312,India
501538,P10013,Cotton T-Shirt,Apparel,1,2025-08-19,1190.46,CUST00439,United States
500195,P10013,Cotton T-Shirt,Apparel,5,2025-01-18,1190.46,CUST00071,United States
502802,P10022,Sunscreen SPF50,Beauty & Personal Care,4,2026-05-07,514.51,CUST00779, United States 
501875,P10033,Desk Organizer,Stationery & Office,5,2025-03-11,67.73,CUST00525,Germany
500206,P10031,Notebook Set,Stationery & Office,4,2025-11-25,268.52,CUST00078,INDIA
501646,P10010,Insulated Water Bottle,Home & Kitchen,2,2025-04-19,396.84,CUST00457, India 
500258,P10015,Running Shoes,Apparel,5,2025-12-19,980.3,CUST00104,India
502514,P10022,Sunscreen SPF50,Beauty & Personal Care,1,2025-02-01,514.51,CUST00712, United Kingdom 
501957,P10015,Running Shoes,Apparel,5,2025-06-11,980.3,CUST00542,UNITED KINGDOM
502221,P10035,Whiteboard Marker Set,Stationery & Office,4,2026-01-21,808.92,CUST00621,India
501796,P10034,Sticky Notes Pack,Stationery & Office,3,2025-09-18,147.9,CUST00497,United Kingdom
500034,P10034,Sticky Notes Pack,Stationery & Office,-5,2026-01-13,147.9,CUST00016,India
500755,P10001,Wireless Earbuds,Electronics,4,2025-11-30,606.94,CUST00216,India
501895,P10007,Non-Stick Pan,Home & Kitchen,2,2025-03-20,331.24,CUST00534,UNITED KINGDOM
502291,P10009,,Home & Kitchen,2,2025-09-15,1519.89,CUST00643,India
500438,P10026,Resistance Bands Set,Sports & Outdoors,4,2026-01-29,636.23,CUST00141,Singapore
500145,P10035,Whiteboard Marker Set,Stationery & Office,5,2026-04-14,808.92,CUST00052,united states
502492,P10010,Insulated Water Bottle,Home & Kitchen,3,2026-01-08,396.84,CUST00706,Singapore
502363,P10007,Non-Stick Pan,Home & Kitchen,3,2025-05-10,331.24,CUST00668,India
501414,P10014,Denim Jacket,Apparel,2,2026-03-07,1048.3,CUST00392, India 
502359,P10014,Denim Jacket,Apparel,5,2025-10-04,1048.3,CUST00667,India
503003,P10029,Badminton Racket,Sports & Outdoors,2,2025-12-11,274.87,CUST00830,India
502347,P10007,Non-Stick Pan,Home & Kitchen,2,2025-01-09,331.24,CUST00665,INDIA
500493,P10003,Phone Case,Electronics,1,2026-01-01,1049.71,CUST00165,India
500084,P10029,Badminton Racket,Sports & Outdoors,1,2025-05-26,274.87,CUST00036,United States
502301,P10002,Bluetooth Speaker,Electronics,1,2025-12-16,2723.88,CUST00649,United States
500577,P10012,Storage Organizer,Home & Kitchen,3,2026-04-01,1268.9,CUST00176,India
502605,P10004,USB-C Cable,Electronics,3,2025-05-28,3182.97,CUST00736,Germany
502395,P10026,Resistance Bands Set,Sports & Outdoors,1,2026-03-07,636.23,CUST00681,United States
500193,P10028,Camping Torch,Sports & Outdoors,5,2025-09-30,2043.99,,India
502661,P10014,Denim Jacket,Apparel,1,2025-03-26,1048.3,CUST00753,UNITED KINGDOM
501703,P10031,Notebook Set,Stationery & Office,2,2026-03-27,268.52,CUST00470,Singapore
502607,P10032,Gel Pen Pack,Stationery & Office,3,2025-09-25,687.3,CUST00737,India
500443,P10006,Smartwatch Band,Electronics,2,2026-01-07,990.13,CUST00142,india
502705,P10029,Badminton Racket,Sports & Outdoors,2,2026-06-06,274.87,CUST00756, United States 
501364,P10015,Running Shoes,Apparel,2,2026-03-31,980.3,CUST00371,India
501783,P10010,Insulated Water Bottle,Home & Kitchen,3,2026-04-02,396.84,CUST00492,United Kingdom
501652,P10032,Gel Pen Pack,Stationery & Office,4,2025-07-19,687.3,CUST00459,India
502905,P10023,Hair Dryer,Beauty & Personal Care,-5,2025-12-22,1018.4,CUST00811,Singapore
502628,P10017,Formal Shirt,Apparel,5,2025-11-24,562.91,CUST00743,United States
500592,P10010,Insulated Water Bottle,Home & Kitchen,5,2026-04-26,396.84,CUST00176,INDIA
500692,P10013,Cotton T-Shirt,Apparel,1,2025-04-27,1190.46,CUST00203,india
501407,P10029,Badminton Racket,Sports & Outdoors,5,2026-06-11,274.87,CUST00392,India
500613,P10019,Face Serum,Beauty & Personal Care,1,2025-07-21,1312.41,CUST00188,United Kingdom
501628,P10016,Wool Sweater,Apparel,4,2025-02-19,1250.39,CUST00449,India
500678,P10033,Desk Organizer,Stationery & Office,2,2025-03-23,67.73,CUST00199,Germany
502520,P10026,Resistance Bands Set,Sports & Outdoors,5,2025-04-05,636.23,CUST00714,India
502897,P10021,Lip Balm Set,Beauty & Personal Care,2,2026-03-07,652.97,CUST00804,United Kingdom
502161,P10024,Beard Trimmer,Beauty & Personal Care,5,2025-03-09,700.79,CUST00587,India
501277,P10036,Backpack,Stationery & Office,3,2026-04-17,218.62,CUST00343,India
500238,P10036,Backpack,Stationery & Office,4,2025-07-22,218.62,CUST00093, United States 
502938,P10012,Storage Organizer,Home & Kitchen,1,2025-12-10,1268.9,CUST00816,INDIA
501507,P10025,Yoga Mat,Sports & Outdoors,3,2025-11-22,270.08,CUST00426,India
502774,P10033,Desk Organizer,Stationery & Office,1,2026-06-25,67.73,CUST00779,UNITED STATES
500345,P10016,Wool Sweater,Apparel,5,2026-06-18,1250.39,CUST00126,India
501020,P10034,Sticky Notes Pack,Stationery & Office,2,2025-06-06,147.9,CUST00286,India
502750,P10019,Face Serum,Beauty & Personal Care,3,2025-12-27,1312.41,CUST00775,UNITED STATES
502868,P10021,Lip Balm Set,Beauty & Personal Care,4,2025-01-21,652.97,CUST00796,Germany
502750,P10015,Running Shoes,Apparel,2,2025-12-27,980.3,CUST00775,United States
500610,P10036,Backpack,Stationery & Office,1,2026-05-29,218.62,CUST00185,India
500030,P10036,Backpack,Stationery & Office,2,2026-04-28,218.62,CUST00012,SINGAPORE
502707,P10020,Herbal Shampoo,Beauty & Personal Care,2,2025-09-27,1426.26,CUST00756,United States
502624,P10024,Beard Trimmer,Beauty & Personal Care,3,2026-05-10,700.79,CUST00740,India
500988,P10035,Whiteboard Marker Set,Stationery & Office,3,2025-07-14,808.92,CUST00276,INDIA
500984,P10005,Power Bank 10000mAh,Electronics,2,2025-05-27,1034.93,CUST00275,India
502989,P10020,Herbal Shampoo,Beauty & Personal Care,3,2025-01-21,1426.26,CUST00830,India
501772,P10016,Wool Sweater,Apparel,4,2026-03-26,1250.39,CUST00488,India
500045,P10022,Sunscreen SPF50,Beauty & Personal Care,4,2026-06-08,514.51,CUST00020,India
503010,P10021,Lip Balm Set,Beauty & Personal Care,4,2025-03-09,652.97,CUST00833,India
500481,P10021,Lip Balm Set,Beauty & Personal Care,3,2025-12-24,652.97,CUST00160,United States
502373,P10036,Backpack,Stationery & Office,4,2025-05-02,218.62,CUST00673,India
503104,P10036,Backpack,Stationery & Office,5,2025-07-03,218.62,CUST00850, United Kingdom 
501411,P10015,Running Shoes,Apparel,4,2026-06-12,980.3,CUST00392,India
502396,P10011,Ceramic Mug Set,Home & Kitchen,5,2025-06-19,1993.94,CUST00681,United States
502447,P10014,Denim Jacket,Apparel,5,2025-09-20,1048.3,CUST00699,India
502701,P10001,Wireless Earbuds,Electronics,4,2026-03-15,606.94,CUST00754,India
502791,P10029,Badminton Racket,Sports & Outdoors,3,2026-01-30,274.87,CUST00779, United States 
501671,P10013,Cotton T-Shirt,Apparel,2,2025-03-22,1190.46,CUST00463,UNITED STATES
500224,P10018,Yoga Pants,Apparel,1,2025-04-29,608.28,CUST00086,INDIA
501515,P10015,Running Shoes,Apparel,4,2025-02-11,980.3,CUST00428,Germany
502824,P10004,USB-C Cable,Electronics,3,2025-11-15,3182.97,CUST00786,UAE
500528,P10003,Phone Case,Electronics,5,2026-02-08,1049.71,CUST00169,India
502827,P10012,Storage Organizer,Home & Kitchen,5,2025-08-09,1268.9,CUST00786,uae
502068,P10026,Resistance Bands Set,Sports & Outdoors,4,2025-09-10,636.23,CUST00574,United Kingdom
500809,P10012,Storage Organizer,Home & Kitchen,2,2025-08-03,1268.9,CUST00219,United Kingdom
500215,P10036,Backpack,Stationery & Office,2,2026-06-19,0.0,CUST00084,india
501920,P10027,Water Bottle Sipper,Sports & Outdoors,5,2025-02-03,2203.72,CUST00539,India
501195,P10006,Smartwatch Band,Electronics,2,2025-12-13,990.13,CUST00324,India
501303,P10009,Cotton Bedsheet Set,Home & Kitchen,5,2025-04-28,1519.89,CUST00353,United Kingdom
502287,P10029,Badminton Racket,Sports & Outdoors,2,2026-05-13,274.87,CUST00642,India
502323,P10024,Beard Trimmer,Beauty & Personal Care,4,2025-08-12,700.79,CUST00659,United Kingdom
500113,P10035,Whiteboard Marker Set,Stationery & Office,2,2025-11-25,808.92,CUST00047,India
501386,P10012,Storage Organizer,Home & Kitchen,3,2026-03-25,1268.9,CUST00385,United States
500164,P10003,Phone Case,Electronics,2,2025-10-12,1049.71,CUST00061,India
500616,P10022,Sunscreen SPF50,Beauty & Personal Care,2,2026-04-19,514.51,CUST00189,India
501499,P10027,Water Bottle Sipper,Sports & Outdoors,5,2026-04-25,2203.72,CUST00424,India
503054,P10033,Desk Organizer,Stationery & Office,2,2025-01-03,67.73,CUST00842,United Kingdom
500123,P10014,Denim Jacket,Apparel,2,2025-05-23,1048.3,,India
502819,P10030,Cycling Gloves,Sports & Outdoors,3,2026-04-15,820.52,CUST00784,india
500368,P10023,Hair Dryer,Beauty & Personal Care,3,2025-08-16,1018.4,CUST00129,India
501193,P10032,Gel Pen Pack,Stationery & Office,2,2025-10-16,687.3,CUST00324,INDIA
501586,P10025,Yoga Mat,Sports & Outdoors,1,2025-06-04,270.08,CUST00448,United States
501398,P10010,Insulated Water Bottle,Home & Kitchen,3,2025-01-02,396.84,CUST00389,United States
500868,P10012,Storage Organizer,Home & Kitchen,4,2025-05-02,1268.9,CUST00236,United States
502991,P10019,Face Serum,Beauty & Personal Care,1,2026-02-13,1312.41,CUST00830,India
501637,P10016,Wool Sweater,Apparel,3,2025-10-24,1250.39,CUST00452,UNITED KINGDOM
500491,P10024,Beard Trimmer,Beauty & Personal Care,5,2025-05-31,700.79,CUST00165,India
502357,P10017,Formal Shirt,Apparel,2,2026-01-06,562.91,CUST00667,India
500261,P10027,Water Bottle Sipper,Sports & Outdoors,5,2025-11-15,2203.72,,India
500071,P10008,LED Desk Lamp,Home & Kitchen,3,2025-07-03,1311.15,,INDIA
502647,P10035,Whiteboard Marker Set,Stationery & Office,4,2025-05-16,808.92,CUST00749,UAE
501005,P10031,Notebook Set,Stationery & Office,3,2025-09-08,268.52,CUST00283,India
500989,P10034,Sticky Notes Pack,Stationery & Office,1,2025-05-22,147.9,CUST00277,united states
502527,P10025,Yoga Mat,Sports & Outdoors,2,2025-01-11,270.08,CUST00719, India 
502406,P10015,Running Shoes,Apparel,5,2026-01-06,980.3,CUST00687,united kingdom
501138,P10036,Backpack,Stationery & Office,2,2025-09-30,218.62,CUST00312,India
502016,P10003,Phone Case,Electronics,1,2026-05-06,1049.71,CUST00560,United Kingdom
502822,P10002,Bluetooth Speaker,Electronics,5,2025-05-01,2723.88,CUST00784, India 
501785,P10004,USB-C Cable,Electronics,5,2026-05-13,3182.97,CUST00494,INDIA
502939,P10021,Lip Balm Set,Beauty & Personal Care,3,2025-01-02,652.97,CUST00817,UNITED KINGDOM
502881,P10026,Resistance Bands Set,Sports & Outdoors,5,2025-12-01,636.23,CUST00800,UAE
500445,P10009,Cotton Bedsheet Set,Home & Kitchen,4,2026-06-01,1519.89,CUST00144,India
500494,P10036,Backpack,Stationery & Office,2,2026-04-12,218.62,CUST00165,India
501692,P10020,Herbal Shampoo,Beauty & Personal Care,5,2026-03-03,1426.26,CUST00465,Singapore
500915,P10027,Water Bottle Sipper,Sports & Outdoors,2,2025-06-07,2203.72,,India
500084,P10018,Yoga Pants,Apparel,1,2025-05-26,608.28,CUST00036,United States
500946,P10031,Notebook Set,Stationery & Office,2,2026-03-21,268.52,CUST00264,India
501046,P10008,LED Desk Lamp,Home & Kitchen,2,2026-01-15,1311.15,CUST00294,INDIA
500812,P10031,Notebook Set,Stationery & Office,-2,2026-06-14,268.52,CUST00219,United Kingdom
501189,P10016,Wool Sweater,Apparel,5,2026-06-29,1250.39,CUST00324, India 
503000,P10014,Denim Jacket,Apparel,2,2025-04-29,1048.3,CUST00830,india
500647,P10006,Smartwatch Band,Electronics,2,2025-07-17,990.13,CUST00192,Germany
502547,P10036,Backpack,Stationery & Office,2,2025-11-19,218.62,CUST00727,INDIA
502967,P10004,USB-C Cable,Electronics,5,2025-08-10,3182.97,CUST00830,India
501168,P10014,Denim Jacket,Apparel,4,2026-01-05,1048.3,CUST00324,INDIA
500196,P10036,Backpack,Stationery & Office,5,2026-03-10,218.62,CUST00071,United States
502238,P10021,Lip Balm Set,Beauty & Personal Care,4,2025-10-08,652.97,CUST00627,India
500845,P10016,Wool Sweater,Apparel,2,2026-02-09,1250.39,CUST00228,India
501530,P10033,Desk Organizer,Stationery & Office,4,2025-04-12,67.73,CUST00437,India
502859,P10009,Cotton Bedsheet Set,Home & Kitchen,3,2025-10-28,1519.89,CUST00796,Germany
502163,P10009,Cotton Bedsheet Set,Home & Kitchen,1,2026-04-12,1519.89,CUST00587,India
500027,P10025,Yoga Mat,Sports & Outdoors,4,2025-10-09,270.08,CUST00012,Singapore
500704,P10019,Face Serum,Beauty & Personal Care,2,2025-07-24,1312.41,CUST00203,India
500190,P10012,Storage Organizer,Home & Kitchen,3,2025-10-24,1268.9,CUST00068,United States
502064,P10006,Smartwatch Band,Electronics,5,2026-06-26,990.13,CUST00572, United States 
501105,P10017,Formal Shirt,Apparel,5,2025-08-11,562.91,CUST00310,India
502122,P10013,Cotton T-Shirt,Apparel,2,2025-12-23,1190.46,CUST00581,India
500570,P10011,Ceramic Mug Set,Home & Kitchen,1,2026-05-17,1993.94,CUST00175,United Kingdom
500998,P10032,Gel Pen Pack,Stationery & Office,5,2025-08-29,687.3,CUST00281,Germany
502555,P10034,Sticky Notes Pack,Stationery & Office,3,2026-04-01,147.9,CUST00731,India
502372,P10014,Denim Jacket,Apparel,1,2026-05-07,1048.3,CUST00673,India
501271,P10019,Face Serum,Beauty & Personal Care,2,2025-09-29,1312.41,CUST00343,India
500125,P10014,Denim Jacket,Apparel,1,2025-08-17,1048.3,CUST00047,INDIA
501182,P10022,Sunscreen SPF50,Beauty & Personal Care,1,2026-04-02,514.51,,INDIA
503076,P10028,Camping Torch,Sports & Outdoors,2,2026-01-15,2043.99,CUST00842,United Kingdom
502386,P10005,Power Bank 10000mAh,Electronics,2,2026-02-27,1034.93,CUST00677,India
502887,P10006,Smartwatch Band,Electronics,4,2025-01-25,990.13,CUST00801,United States
500852,P10024,Beard Trimmer,Beauty & Personal Care,2,2026-06-29,700.79,CUST00232,India
501400,P10033,Desk Organizer,Stationery & Office,5,2025-05-05,67.73,CUST00390,United States
500009,P10036,,Stationery & Office,5,2026-01-22,218.62,CUST00006,India
500250,P10027,Water Bottle Sipper,Sports & Outdoors,4,2026-03-18,2203.72,CUST00099,INDIA
500352,P10002,Bluetooth Speaker,Electronics,1,2026-06-25,2723.88,CUST00126,India
502281,P10029,Badminton Racket,Sports & Outdoors,3,2025-08-19,274.87,,india
501814,P10012,Storage Organizer,Home & Kitchen,1,2025-11-15,1268.9,CUST00503,India
501270,P10014,Denim Jacket,Apparel,3,2025-01-26,1048.3,CUST00343,India
501014,P10017,Formal Shirt,Apparel,-2,2026-01-17,562.91,CUST00286,India
501795,P10024,Beard Trimmer,Beauty & Personal Care,3,2025-12-24,700.79,CUST00497,United Kingdom
501403,P10003,Phone Case,Electronics,-2,2025-01-06,1049.71,CUST00392,INDIA
500173,P10024,Beard Trimmer,Beauty & Personal Care,2,2025-05-12,700.79,CUST00063,Germany
500077,P10011,Ceramic Mug Set,Home & Kitchen,3,2025-05-07,1993.94,CUST00034,UAE
500532,P10012,Storage Organizer,Home & Kitchen,1,2025-08-28,1268.9,CUST00169,india
501785,P10034,Sticky Notes Pack,Stationery & Office,2,2026-05-13,147.9,CUST00494,India
502871,P10006,Smartwatch Band,Electronics,1,2025-11-28,990.13,CUST00797,UAE
500451,P10034,Sticky Notes Pack,Stationery & Office,3,2025-01-27,147.9,,India
502568,P10034,Sticky Notes Pack,Stationery & Office,2,2026-02-17,147.9,CUST00731,india
500629,P10029,Badminton Racket,Sports & Outdoors,3,2025-09-16,274.87,CUST00189,India
500396,P10024,Beard Trimmer,Beauty & Personal Care,5,2025-09-19,700.79,CUST00137, India 
501837,P10002,Bluetooth Speaker,Electronics,5,2025-02-04,2723.88,,United States
500280,P10013,Cotton T-Shirt,Apparel,3,2025-02-12,1190.46,CUST00111,India
502877,P10028,Camping Torch,Sports & Outdoors,3,2026-01-19,2043.99,CUST00799, United Kingdom 
500569,P10004,USB-C Cable,Electronics,1,2026-05-29,3182.97,CUST00175,United Kingdom
500750,P10015,Running Shoes,Apparel,5,2025-01-22,980.3,CUST00213,United Kingdom
502034,P10027,Water Bottle Sipper,Sports & Outdoors,5,2025-02-27,2203.72,CUST00563, India 
500485,P10029,Badminton Racket,Sports & Outdoors,-2,2025-02-15,274.87,CUST00163,United Kingdom
500450,P10032,Gel Pen Pack,Stationery & Office,3,2026-03-07,687.3,CUST00145, India 
502800,P10005,Power Bank 10000mAh,Electronics,2,2026-03-29,1034.93,CUST00779,United States
501181,P10009,Cotton Bedsheet Set,Home & Kitchen,2,2026-02-08,1519.89,CUST00324,India
502495,P10024,Beard Trimmer,Beauty & Personal Care,4,2026-03-23,700.79,CUST00706,Singapore
500586,P10033,Desk Organizer,Stationery & Office,4,2025-07-27,67.73,CUST00176,India
501395,P10008,LED Desk Lamp,Home & Kitchen,3,2025-11-22,1311.15,CUST00387,INDIA
502800,P10008,LED Desk Lamp,Home & Kitchen,4,2026-03-29,1311.15,CUST00779,United States
502286,P10030,Cycling Gloves,Sports & Outdoors,1,2025-12-22,820.52,CUST00641,India
501083,P10019,Face Serum,Beauty & Personal Care,5,2025-08-13,1312.41,CUST00300,India
500942,P10032,Gel Pen Pack,Stationery & Office,3,2026-03-04,687.3,,India
501470,P10031,Notebook Set,Stationery & Office,2,2026-03-07,268.52,CUST00416,India
502887,P10022,Sunscreen SPF50,Beauty & Personal Care,1,2025-01-25,514.51,CUST00801,United States
501097,P10003,Phone Case,Electronics,1,2026-02-02,1049.71,CUST00308,India
501799,P10003,,Electronics,4,2025-07-13,1049.71,CUST00497,United Kingdom
502401,P10007,Non-Stick Pan,Home & Kitchen,5,2026-04-27,331.24,CUST00685,uae
501929,P10016,Wool Sweater,Apparel,5,2025-03-09,1250.39,CUST00539,India
502311,P10014,Denim Jacket,Apparel,1,2026-04-10,1048.3,CUST00655,India
502681,P10004,USB-C Cable,Electronics,4,2026-02-22,3182.97,CUST00753,United Kingdom
501549,P10003,Phone Case,Electronics,4,2025-09-12,1049.71,CUST00439,United States
500593,P10021,Lip Balm Set,Beauty & Personal Care,4,2025-08-06,652.97,CUST00176,India
502212,P10015,Running Shoes,Apparel,1,2025-02-04,980.3,CUST00614, India 
500168,P10021,Lip Balm Set,Beauty & Personal Care,2,2025-07-21,652.97,CUST00062,India
502788,P10004,USB-C Cable,Electronics,3,2026-04-24,3182.97,CUST00779,United States
500016,P10005,Power Bank 10000mAh,Electronics,-3,2025-04-06,1034.93,CUST00007,india
500148,P10001,Wireless Earbuds,Electronics,1,2026-02-27,606.94,CUST00052,United States
502908,P10030,Cycling Gloves,Sports & Outdoors,1,2026-02-13,820.52,CUST00813,India
502028,P10022,Sunscreen SPF50,Beauty & Personal Care,4,2025-02-12,514.51,,india
502732,P10034,Sticky Notes Pack,Stationery & Office,3,2025-09-26,147.9,CUST00768,Germany
502956,P10016,Wool Sweater,Apparel,3,2026-05-26,1250.39,CUST00827,India
501819,P10020,Herbal Shampoo,Beauty & Personal Care,4,2026-01-30,1426.26,CUST00503,India
501405,P10035,Whiteboard Marker Set,Stationery & Office,1,2026-04-08,808.92,CUST00392,india
500463,P10031,Notebook Set,Stationery & Office,3,2026-04-07,268.52,CUST00153,INDIA
501642,P10007,Non-Stick Pan,Home & Kitchen,2,2025-06-05,331.24,CUST00456,India
502789,P10008,LED Desk Lamp,Home & Kitchen,5,2026-01-12,1311.15,CUST00779,United States
501263,P10011,Ceramic Mug Set,Home & Kitchen,4,2025-05-14,1993.94,CUST00343,India
500044,P10011,Ceramic Mug Set,Home & Kitchen,1,2026-01-27,1993.94,CUST00020,India
501672,P10002,Bluetooth Speaker,Electronics,3,2025-01-15,2723.88,CUST00463,United States
502152,P10016,Wool Sweater,Apparel,1,2026-05-25,1250.39,CUST00584,india
500658,P10031,,Stationery & Office,2,2025-11-08,268.52,CUST00194,United Kingdom
501802,P10025,Yoga Mat,Sports & Outdoors,3,2026-04-14,270.08,CUST00497,United Kingdom
502460,P10017,Formal Shirt,Apparel,4,2025-07-03,562.91,CUST00701,INDIA
500514,P10027,Water Bottle Sipper,Sports & Outdoors,2,2025-06-06,2203.72,CUST00169,INDIA
502535,P10007,Non-Stick Pan,Home & Kitchen,-5,2025-01-27,331.24,CUST00723,India
501238,P10017,Formal Shirt,Apparel,4,2025-12-23,562.91,CUST00338,UNITED STATES
502712,P10036,Backpack,Stationery & Office,1,2025-07-11,218.62,CUST00758,INDIA
501086,P10015,Running Shoes,Apparel,2,2025-03-03,980.3,CUST00301,india
502360,P10003,Phone Case,Electronics,3,2025-11-28,1049.71,CUST00668,INDIA
500610,P10035,Whiteboard Marker Set,Stationery & Office,2,2026-05-29,808.92,CUST00185,India
500330,P10008,LED Desk Lamp,Home & Kitchen,5,2025-03-13,1311.15,CUST00126, India 
501500,P10034,Sticky Notes Pack,Stationery & Office,-5,2025-03-15,147.9,CUST00424,india
502456,P10007,Non-Stick Pan,Home & Kitchen,5,2026-05-30,331.24,CUST00699,india
502205,P10007,Non-Stick Pan,Home & Kitchen,2,2025-12-02,331.24,CUST00611,India
501659,P10010,Insulated Water Bottle,Home & Kitchen,5,2025-08-24,396.84,CUST00463,United States
501141,P10005,Power Bank 10000mAh,Electronics,1,2025-07-06,1034.93,CUST00313,INDIA
502725,P10006,Smartwatch Band,Electronics,-2,2026-05-02,990.13,CUST00763,India
500848,P10004,USB-C Cable,Electronics,4,2026-06-26,3182.97,CUST00230,UNITED KINGDOM
501877,P10012,Storage Organizer,Home & Kitchen,5,2025-10-11,1268.9,CUST00527,India
501995,P10011,Ceramic Mug Set,Home & Kitchen,4,2025-06-15,1993.94,CUST00555,Germany
500379,P10009,Cotton Bedsheet Set,Home & Kitchen,4,2025-07-29,1519.89,CUST00130,India
502567,P10028,Camping Torch,Sports & Outdoors,5,2025-07-20,2043.99,CUST00731,India
500546,P10018,Yoga Pants,Apparel,5,2026-02-13,608.28,CUST00169,India
500526,P10017,Formal Shirt,Apparel,2,2025-12-01,562.91,CUST00169,INDIA
501060,P10015,Running Shoes,Apparel,2,2025-06-12,980.3,CUST00295,India
500727,P10005,Power Bank 10000mAh,Electronics,5,2026-04-27,1034.93,CUST00205,UNITED KINGDOM
501140,P10031,Notebook Set,Stationery & Office,1,2025-07-27,268.52,CUST00313,India
502883,P10001,Wireless Earbuds,Electronics,5,2025-05-06,606.94,CUST00801,United States
500537,P10036,Backpack,Stationery & Office,2,2026-01-31,218.62,CUST00169,India
501809,P10012,Storage Organizer,Home & Kitchen,3,2025-08-25,1268.9,CUST00501,United Kingdom
501387,P10018,Yoga Pants,Apparel,2,2025-11-16,608.28,CUST00385,United States
502104,P10025,Yoga Mat,Sports & Outdoors,4,2025-07-27,270.08,CUST00579,India
500996,P10024,Beard Trimmer,Beauty & Personal Care,3,2025-04-01,700.79,CUST00280,UNITED STATES
501025,P10033,Desk Organizer,Stationery & Office,2,2025-11-26,67.73,CUST00286,India
501076,P10001,Wireless Earbuds,Electronics,2,2025-12-07,606.94,CUST00300,India
500183,P10012,Storage Organizer,Home & Kitchen,1,2026-04-24,1268.9,CUST00066,india
500378,P10031,Notebook Set,Stationery & Office,2,2025-07-25,268.52,CUST00130,India
502805,P10030,Cycling Gloves,Sports & Outdoors,3,2025-04-05,820.52,,United Kingdom
502897,P10025,Yoga Mat,Sports & Outdoors,3,2026-03-07,270.08,CUST00804,United Kingdom
502814,P10006,Smartwatch Band,Electronics,4,2025-12-15,990.13,CUST00782,INDIA
501858,P10002,Bluetooth Speaker,Electronics,5,2025-06-23,2723.88,CUST00521,United Kingdom
502194,P10007,Non-Stick Pan,Home & Kitchen,3,2026-05-23,331.24,CUST00603,India
501973,P10033,Desk Organizer,Stationery & Office,2,2025-08-30,67.73,CUST00546,India
500281,P10024,Beard Trimmer,Beauty & Personal Care,2,2026-01-19,700.79,CUST00111,India
502321,P10036,Backpack,Stationery & Office,1,2026-02-22,218.62,CUST00659,UNITED KINGDOM
502641,P10027,Water Bottle Sipper,Sports & Outdoors,3,2026-04-22,2203.72,CUST00749,UAE
501992,P10018,Yoga Pants,Apparel,2,2025-10-03,608.28,CUST00555,Germany
501300,P10033,Desk Organizer,Stationery & Office,5,2026-01-22,67.73,CUST00353,United Kingdom
502197,P10003,Phone Case,Electronics,3,2025-10-13,1049.71,CUST00606,India
500288,P10004,USB-C Cable,Electronics,1,2026-05-04,3182.97,CUST00113,UAE
502002,P10016,Wool Sweater,Apparel,5,2025-10-21,1250.39,CUST00555,germany
501484,P10023,Hair Dryer,Beauty & Personal Care,1,2026-04-05,1018.4,CUST00420,United States
502590,P10009,Cotton Bedsheet Set,Home & Kitchen,3,2025-04-01,1519.89,CUST00731,India
502411,P10026,Resistance Bands Set,Sports & Outdoors,5,2025-06-08,636.23,CUST00688,India
501412,P10029,Badminton Racket,Sports & Outdoors,1,2025-02-25,274.87,CUST00392,INDIA
501704,P10017,Formal Shirt,Apparel,2,2025-06-03,562.91,CUST00470, Singapore 
501683,P10006,Smartwatch Band,Electronics,-1,2025-05-25,990.13,CUST00463,united states
500356,P10036,Backpack,Stationery & Office,5,2025-01-21,218.62,CUST00127,United States
501013,P10035,Whiteboard Marker Set,Stationery & Office,4,2025-10-08,808.92,CUST00286,india
501295,P10035,Whiteboard Marker Set,Stationery & Office,4,2025-10-04,808.92,CUST00351,India
501690,P10031,Notebook Set,Stationery & Office,4,2025-01-30,268.52,CUST00465,Singapore
500526,P10012,Storage Organizer,Home & Kitchen,1,2025-12-01,1268.9,CUST00169,India
500770,P10006,Smartwatch Band,Electronics,4,2025-10-14,990.13,CUST00217,india
502087,P10020,Herbal Shampoo,Beauty & Personal Care,1,2026-01-07,1426.26,CUST00579,India
502916,P10016,Wool Sweater,Apparel,3,2025-03-27,1250.39,CUST00813,India
500091,P10003,Phone Case,Electronics,1,2025-04-13,1049.71,CUST00037,India
501676,P10022,Sunscreen SPF50,Beauty & Personal Care,3,2026-01-15,514.51,CUST00463,United States
500461,P10018,Yoga Pants,Apparel,5,2026-05-05,608.28,CUST00152,India
502923,P10027,Water Bottle Sipper,Sports & Outdoors,2,2025-11-25,2203.72,CUST00815,GERMANY
502759,P10006,Smartwatch Band,Electronics,3,2026-01-11,990.13,CUST00777,India
500371,P10012,Storage Organizer,Home & Kitchen,1,2026-02-02,1268.9,,India
502617,P10034,Sticky Notes Pack,Stationery & Office,5,2025-08-10,147.9,CUST00738,United States
502906,P10036,Backpack,Stationery & Office,2,2025-07-17,218.62,CUST00812,Germany
500852,P10005,Power Bank 10000mAh,Electronics,1,2026-06-29,1034.93,CUST00232,India
502470,P10015,Running Shoes,Apparel,4,2026-03-02,980.3,CUST00706,Singapore
500587,P10002,Bluetooth Speaker,Electronics,1,2025-06-14,2723.88,CUST00176,India
502045,P10002,Bluetooth Speaker,Electronics,2,2026-02-04,2723.88,CUST00567,India
500225,P10031,Notebook Set,Stationery & Office,1,2025-08-19,268.52,CUST00086,India
502394,P10022,Sunscreen SPF50,Beauty & Personal Care,2,2025-02-01,514.51,CUST00680, Germany 
500827,P10009,Cotton Bedsheet Set,Home & Kitchen,3,2025-05-11,1519.89,CUST00219,United Kingdom
502827,P10012,Storage Organizer,Home & Kitchen,2,2025-08-09,1268.9,CUST00786,uae
502184,P10030,Cycling Gloves,Sports & Outdoors,5,2025-08-29,820.52,CUST00596,India
501059,P10021,Lip Balm Set,Beauty & Personal Care,1,2026-02-13,652.97,CUST00295,India
500310,P10011,Ceramic Mug Set,Home & Kitchen,1,2025-09-17,1993.94,CUST00119,Germany
500948,P10011,Ceramic Mug Set,Home & Kitchen,3,2025-09-23,1993.94,CUST00264,India
500965,P10011,Ceramic Mug Set,Home & Kitchen,3,2025-03-11,1993.94,CUST00269,india
500022,P10005,Power Bank 10000mAh,Electronics,1,2026-01-17,1034.93,CUST00010,United States
502215,P10009,Cotton Bedsheet Set,Home & Kitchen,1,2025-11-26,1519.89,CUST00616,uae
501368,P10020,Herbal Shampoo,Beauty & Personal Care,2,2025-07-09,1426.26,CUST00374,United Kingdom
501596,P10030,Cycling Gloves,Sports & Outdoors,5,2025-07-20,820.52,CUST00448,United States
500928,P10021,Lip Balm Set,Beauty & Personal Care,4,2025-12-21,652.97,CUST00260,India
501917,P10018,Yoga Pants,Apparel,5,2025-03-03,608.28,CUST00539,India
500703,P10024,Beard Trimmer,Beauty & Personal Care,4,2025-08-28,700.79,CUST00203,India
502338,P10012,Storage Organizer,Home & Kitchen,2,2025-01-14,1268.9,CUST00662,Singapore
500899,P10027,Water Bottle Sipper,Sports & Outdoors,5,2025-09-28,2203.72,CUST00246,UAE
502683,P10033,Desk Organizer,Stationery & Office,3,2025-06-09,67.73,CUST00753,United Kingdom
500527,P10006,Smartwatch Band,Electronics,5,2026-03-10,990.13,CUST00169,INDIA
500968,P10036,Backpack,Stationery & Office,-2,2025-10-01,218.62,CUST00270,India
501865,P10010,Insulated Water Bottle,Home & Kitchen,4,2025-04-18,396.84,CUST00522,India
501241,P10012,Storage Organizer,Home & Kitchen,5,2025-03-02,1268.9,CUST00338, United States 
501527,P10017,Formal Shirt,Apparel,4,2025-09-04,562.91,CUST00436,United States
501857,P10013,Cotton T-Shirt,Apparel,4,2025-01-15,1190.46,CUST00520,India
502453,P10009,Cotton Bedsheet Set,Home & Kitchen,3,2025-10-22,1519.89,CUST00699,India
500437,P10021,Lip Balm Set,Beauty & Personal Care,3,2025-04-24,652.97,CUST00141,Singapore
502937,P10036,Backpack,Stationery & Office,5,2025-09-06,218.62,CUST00815,Germany
501760,P10003,Phone Case,Electronics,1,2025-11-29,1049.71,CUST00485,United Kingdom
500620,P10029,Badminton Racket,Sports & Outdoors,1,2025-12-29,274.87,CUST00189,India
502903,P10020,Herbal Shampoo,Beauty & Personal Care,4,2025-06-07,1426.26,CUST00809,India
501312,P10018,Yoga Pants,Apparel,5,2025-04-13,608.28,CUST00353,United Kingdom
501736,P10007,Non-Stick Pan,Home & Kitchen,5,2025-05-07,331.24,CUST00480,India
500074,P10025,Yoga Mat,Sports & Outdoors,5,2026-03-26,270.08,CUST00033,India
501740,P10020,Herbal Shampoo,Beauty & Personal Care,5,2025-03-03,1426.26,CUST00482,United Kingdom
502789,P10026,Resistance Bands Set,Sports & Outdoors,-4,2026-01-12,636.23,CUST00779, United States 
500300,P10016,Wool Sweater,Apparel,5,2025-01-16,1250.39,CUST00117,United States
500691,P10031,Notebook Set,Stationery & Office,5,2025-10-26,268.52,CUST00203,India
500472,P10002,Bluetooth Speaker,Electronics,3,2026-05-20,2723.88,CUST00158,United States
502647,P10028,Camping Torch,Sports & Outdoors,5,2025-05-16,2043.99,CUST00749,UAE
502332,P10001,Wireless Earbuds,Electronics,4,2025-01-18,606.94,CUST00660,United Kingdom
501562,P10024,Beard Trimmer,Beauty & Personal Care,4,2026-01-31,700.79,CUST00444,India
502657,P10028,Camping Torch,Sports & Outdoors,3,2025-03-08,2043.99,CUST00753,United Kingdom
502639,P10011,Ceramic Mug Set,Home & Kitchen,4,2026-01-19,1993.94,CUST00748,India
501403,P10029,Badminton Racket,Sports & Outdoors,4,2025-01-06,274.87,CUST00392,India
500366,P10006,Smartwatch Band,Electronics,3,2025-05-23,990.13,CUST00127,United States
502129,P10035,Whiteboard Marker Set,Stationery & Office,3,2025-03-20,0.0,CUST00581,India
501437,P10030,Cycling Gloves,Sports & Outdoors,2,2025-11-22,820.52,CUST00396,UAE
501347,P10013,Cotton T-Shirt,Apparel,1,2025-07-18,1190.46,CUST00363, India 
500197,P10011,Ceramic Mug Set,Home & Kitchen,1,2025-05-29,1993.94,CUST00072,India
501301,P10015,Running Shoes,Apparel,2,2026-02-10,980.3,CUST00353,United Kingdom
502612,P10012,Storage Organizer,Home & Kitchen,5,2025-06-15,1268.9,CUST00738,United States
500261,P10011,Ceramic Mug Set,Home & Kitchen,2,2025-11-15,1993.94,CUST00104,india
502026,P10008,,Home & Kitchen,2,2025-05-10,1311.15,CUST00563,India
502237,P10034,Sticky Notes Pack,Stationery & Office,4,2025-06-03,147.9,CUST00627,India
502287,P10002,Bluetooth Speaker,Electronics,2,2026-05-13,2723.88,CUST00642,India
502524,P10012,Storage Organizer,Home & Kitchen,2,2025-12-09,1268.9,CUST00716,UAE
500564,P10025,Yoga Mat,Sports & Outdoors,4,2026-05-27,270.08,CUST00173,India
500706,P10006,Smartwatch Band,Electronics,2,2025-10-27,990.13,CUST00203,INDIA
502738,P10005,Power Bank 10000mAh,Electronics,4,2026-01-14,1034.93,CUST00770,Germany
503093,P10003,Phone Case,Electronics,2,2026-05-01,1049.71,CUST00844,Singapore
502809,P10027,Water Bottle Sipper,Sports & Outdoors,1,2025-08-25,2203.72,CUST00782,India
500650,P10020,Herbal Shampoo,Beauty & Personal Care,4,2025-07-04,1426.26,CUST00194,United Kingdom
500739,P10004,USB-C Cable,Electronics,1,2026-05-06,3182.97,,India
500342,P10002,Bluetooth Speaker,Electronics,1,2025-09-09,2723.88,CUST00126,INDIA
500338,P10017,Formal Shirt,Apparel,5,2026-04-13,562.91,CUST00126,India
502826,P10028,Camping Torch,Sports & Outdoors,-4,2025-09-10,2043.99,CUST00786,UAE
502283,P10018,Yoga Pants,Apparel,4,2025-01-19,608.28,CUST00639,India
501742,P10033,Desk Organizer,Stationery & Office,2,2025-12-02,67.73,CUST00482,United Kingdom
502828,P10027,Water Bottle Sipper,Sports & Outdoors,4,2025-03-05,2203.72,CUST00786,UAE
502175,P10018,,Apparel,5,2025-06-23,608.28,CUST00593,India
500502,P10030,Cycling Gloves,Sports & Outdoors,5,2026-02-10,820.52,CUST00167, India 
502600,P10004,USB-C Cable,Electronics,-5,2025-08-04,3182.97,CUST00733,United Kingdom
500642,P10002,Bluetooth Speaker,Electronics,3,2025-12-10,2723.88,CUST00189,India
502623,P10020,Herbal Shampoo,Beauty & Personal Care,4,2025-07-08,1426.26,CUST00740,India
500001,P10006,Smartwatch Band,Electronics,5,2026-04-28,990.13,CUST00001,India
502283,P10014,Denim Jacket,Apparel,4,2025-01-19,1048.3,CUST00639,India
501456,P10006,Smartwatch Band,Electronics,1,2026-04-24,990.13,CUST00409,UAE
501738,P10028,Camping Torch,Sports & Outdoors,4,2025-06-01,2043.99,CUST00481,United Kingdom
502662,P10009,Cotton Bedsheet Set,Home & Kitchen,5,2025-09-18,1519.89,CUST00753,United Kingdom
502711,P10002,Bluetooth Speaker,Electronics,5,2025-01-07,2723.88,CUST00758,India
502733,P10006,Smartwatch Band,Electronics,3,2025-05-09,990.13,CUST00769,India
501538,P10013,Cotton T-Shirt,Apparel,4,2025-08-19,1190.46,CUST00439,united states
500128,P10012,Storage Organizer,Home & Kitchen,2,2025-04-26,1268.9,CUST00047,India
502111,P10019,Face Serum,Beauty & Personal Care,3,2025-03-29,1312.41,CUST00579,INDIA
500152,P10021,Lip Balm Set,Beauty & Personal Care,3,2025-03-27,652.97,CUST00055,united kingdom
502763,P10006,Smartwatch Band,Electronics,5,2025-05-24,990.13,CUST00779,United States
501317,P10010,Insulated Water Bottle,Home & Kitchen,5,2025-12-13,396.84,CUST00355,india
501618,P10013,Cotton T-Shirt,Apparel,3,2026-02-28,1190.46,CUST00449,India
500481,P10005,Power Bank 10000mAh,Electronics,3,2025-12-24,1034.93,CUST00160,United States
500338,P10012,Storage Organizer,Home & Kitchen,4,2026-04-13,1268.9,CUST00126,India
501554,P10029,Badminton Racket,Sports & Outdoors,5,2026-03-16,274.87,CUST00440,INDIA
501610,P10025,Yoga Mat,Sports & Outdoors,4,2025-02-24,270.08,,United States
502873,P10010,Insulated Water Bottle,Home & Kitchen,5,2026-02-26,396.84,CUST00798,United Kingdom
500140,P10011,Ceramic Mug Set,Home & Kitchen,4,2025-04-12,1993.94,CUST00051,Singapore
501786,P10008,LED Desk Lamp,Home & Kitchen,4,2025-06-15,1311.15,CUST00494,India
501873,P10035,Whiteboard Marker Set,Stationery & Office,4,2025-12-19,808.92,CUST00524,Germany
502666,P10018,Yoga Pants,Apparel,3,2025-07-05,608.28,CUST00753,United Kingdom
503066,P10023,Hair Dryer,Beauty & Personal Care,1,2025-06-21,1018.4,CUST00842,United Kingdom
502222,P10007,Non-Stick Pan,Home & Kitchen,5,2025-10-20,331.24,CUST00621,India
502539,P10034,Sticky Notes Pack,Stationery & Office,1,2026-03-24,147.9,CUST00725,United Kingdom
502732,P10016,Wool Sweater,Apparel,5,2025-09-26,1250.39,CUST00768,Germany
502992,P10011,Ceramic Mug Set,Home & Kitchen,2,2025-07-01,1993.94,CUST00830,India
502794,P10015,Running Shoes,Apparel,2,2026-06-27,980.3,CUST00779,United States
500264,P10014,Denim Jacket,Apparel,2,2026-03-07,1048.3,CUST00105,UAE
502370,P10015,Running Shoes,Apparel,1,2025-08-07,980.3,CUST00672,germany
501949,P10007,Non-Stick Pan,Home & Kitchen,1,2026-01-02,331.24,CUST00540,India
500563,P10018,Yoga Pants,Apparel,4,2025-04-18,608.28,CUST00173,India
501920,P10024,Beard Trimmer,Beauty & Personal Care,5,2025-02-03,700.79,CUST00539,India
503079,P10009,Cotton Bedsheet Set,Home & Kitchen,1,2025-02-12,1519.89,CUST00842,United Kingdom
501709,P10028,Camping Torch,Sports & Outdoors,4,2025-03-09,2043.99,CUST00471,India
500404,P10006,Smartwatch Band,Electronics,2,2025-05-16,990.13,,India
501498,P10016,Wool Sweater,Apparel,2,2025-12-06,1250.39,,INDIA
502257,P10025,Yoga Mat,Sports & Outdoors,4,2025-12-10,270.08,CUST00632,Germany
501483,P10030,,Sports & Outdoors,2,2025-02-11,820.52,CUST00419,United Kingdom
500657,P10010,Insulated Water Bottle,Home & Kitchen,3,2026-02-23,396.84,CUST00194,United Kingdom
501489,P10036,Backpack,Stationery & Office,4,2026-02-07,218.62,CUST00420,United States
500644,P10026,Resistance Bands Set,Sports & Outdoors,3,2025-04-08,636.23,CUST00190,India
500491,P10016,Wool Sweater,Apparel,2,2025-05-31,1250.39,CUST00165,India
500938,P10036,Backpack,Stationery & Office,3,2025-04-23,218.62,CUST00262,singapore
502270,P10031,Notebook Set,Stationery & Office,4,2029-01-01,268.52,,india
502495,P10024,Beard Trimmer,Beauty & Personal Care,4,2026-03-23,700.79,CUST00706,SINGAPORE
501207,P10028,Camping Torch,Sports & Outdoors,-5,2025-06-24,2043.99,CUST00326,United States
500940,P10005,Power Bank 10000mAh,Electronics,-2,2025-07-12,1034.93,CUST00263,India
501969,P10006,Smartwatch Band,Electronics,4,2025-05-18,0.0,CUST00544,UNITED KINGDOM
500567,P10006,Smartwatch Band,Electronics,3,2025-04-09,990.13,CUST00175,united kingdom
501001,P10009,Cotton Bedsheet Set,Home & Kitchen,2,2025-12-03,1519.89,CUST00281,Germany
501329,P10035,Whiteboard Marker Set,Stationery & Office,1,2025-06-06,808.92,CUST00357,india
501229,P10033,Desk Organizer,Stationery & Office,4,2025-06-29,67.73,CUST00335,India
502235,P10005,Power Bank 10000mAh,Electronics,5,2025-11-10,1034.93,CUST00626,india
501362,P10003,Phone Case,Electronics,3,2025-01-10,1049.71,CUST00369,India
502459,P10007,Non-Stick Pan,Home & Kitchen,3,2025-11-07,331.24,CUST00701,india
502130,P10018,Yoga Pants,Apparel,1,2025-04-01,608.28,CUST00581,India
500764,P10022,Sunscreen SPF50,Beauty & Personal Care,-2,2025-03-25,514.51,CUST00216,India
501953,P10014,Denim Jacket,Apparel,2,2025-08-17,1048.3,CUST00542,UNITED KINGDOM
503010,P10036,Backpack,Stationery & Office,1,2025-03-09,218.62,CUST00833,India
502820,P10019,Face Serum,Beauty & Personal Care,2,2025-02-01,1312.41,CUST00784,India
500821,P10034,Sticky Notes Pack,Stationery & Office,5,2025-05-11,147.9,CUST00219,United Kingdom
501478,P10016,Wool Sweater,Apparel,1,2025-11-23,1250.39,CUST00417,India
501807,P10032,Gel Pen Pack,Stationery & Office,2,2026-04-25,687.3,CUST00499,SINGAPORE
500105,P10017,Formal Shirt,Apparel,4,2026-01-26,562.91,CUST00045,India
502921,P10005,Power Bank 10000mAh,Electronics,4,2025-01-11,1034.93,,UAE
500014,P10022,Sunscreen SPF50,Beauty & Personal Care,2,2025-01-15,514.51,CUST00007,India
500605,P10013,Cotton T-Shirt,Apparel,4,2026-01-12,1190.46,CUST00180,India
500874,P10034,Sticky Notes Pack,Stationery & Office,5,2026-05-01,147.9,CUST00236,United States
500939,P10012,Storage Organizer,Home & Kitchen,2,2025-03-08,1268.9,,Singapore
502683,P10027,Water Bottle Sipper,Sports & Outdoors,1,2025-06-09,2203.72,CUST00753,United Kingdom
500423,P10006,Smartwatch Band,Electronics,4,2026-01-24,990.13,CUST00139,INDIA
500058,P10033,Desk Organizer,Stationery & Office,1,2026-04-21,67.73,CUST00028,India
502732,P10011,Ceramic Mug Set,Home & Kitchen,1,2025-09-26,1993.94,CUST00768,Germany
501250,P10030,Cycling Gloves,Sports & Outdoors,3,2026-03-11,820.52,CUST00340,india
502691,P10014,Denim Jacket,Apparel,4,2025-08-03,1048.3,CUST00753,United Kingdom
502863,P10018,Yoga Pants,Apparel,5,2025-12-26,608.28,CUST00796,Germany
502075,P10022,Sunscreen SPF50,Beauty & Personal Care,3,2025-12-30,514.51,CUST00578,UAE
503069,P10005,Power Bank 10000mAh,Electronics,2,2025-07-22,1034.93,CUST00842,United Kingdom
501162,P10035,Whiteboard Marker Set,Stationery & Office,5,2026-03-07,808.92,CUST00324,India
502497,P10033,Desk Organizer,Stationery & Office,2,2025-10-31,67.73,CUST00706,Singapore
502138,P10024,Beard Trimmer,Beauty & Personal Care,4,2025-04-26,700.79,CUST00581,India
501939,P10012,Storage Organizer,Home & Kitchen,2,2025-08-12,1268.9,CUST00540,INDIA
501686,P10029,Badminton Racket,Sports & Outdoors,2,2025-04-18,274.87,,united states
502476,P10011,Ceramic Mug Set,Home & Kitchen,5,2026-03-03,1993.94,CUST00706,Singapore
502873,P10002,Bluetooth Speaker,Electronics,5,2026-02-26,2723.88,CUST00798,United Kingdom
500436,P10021,Lip Balm Set,Beauty & Personal Care,1,2025-08-23,652.97,CUST00141,Singapore
501099,P10013,Cotton T-Shirt,Apparel,5,2025-10-19,1190.46,CUST00309,United States
502942,P10021,Lip Balm Set,Beauty & Personal Care,3,2026-04-16,652.97,CUST00819,India
502750,P10013,Cotton T-Shirt,Apparel,-1,2025-12-27,1190.46,CUST00775,UNITED STATES
501583,P10029,Badminton Racket,Sports & Outdoors,2,2025-06-29,274.87,CUST00448,United States
500799,P10035,Whiteboard Marker Set,Stationery & Office,1,2025-02-01,808.92,CUST00219,UNITED KINGDOM
500921,P10030,Cycling Gloves,Sports & Outdoors,1,2026-06-29,820.52,CUST00256,United Kingdom
500158,P10029,Badminton Racket,Sports & Outdoors,5,2025-03-02,274.87,CUST00058,India
500096,P10020,Herbal Shampoo,Beauty & Personal Care,2,2025-03-12,1426.26,CUST00038,india
502064,P10029,Badminton Racket,Sports & Outdoors,1,2026-06-26,274.87,CUST00572,United States
502177,P10014,Denim Jacket,Apparel,4,2025-06-02,1048.3,CUST00593,India
501509,P10017,Formal Shirt,Apparel,1,2025-07-28,562.91,CUST00426,India
501837,P10004,USB-C Cable,Electronics,2,2025-02-04,3182.97,CUST00510,United States
502511,P10024,Beard Trimmer,Beauty & Personal Care,3,2025-08-29,700.79,CUST00710,UNITED KINGDOM
502890,P10023,Hair Dryer,Beauty & Personal Care,3,2025-02-08,1018.4,CUST00801,United States
502782,P10035,Whiteboard Marker Set,Stationery & Office,5,2025-12-30,808.92,CUST00779,United States
500048,P10011,Ceramic Mug Set,Home & Kitchen,3,2025-11-07,1993.94,CUST00021,United Kingdom
501221,P10028,Camping Torch,Sports & Outdoors,4,2025-06-09,2043.99,CUST00333,India
501847,P10032,Gel Pen Pack,Stationery & Office,3,2025-12-30,687.3,CUST00514,Germany
501809,P10015,Running Shoes,Apparel,2,2025-08-25,980.3,CUST00501,United Kingdom
500717,P10002,Bluetooth Speaker,Electronics,5,2025-08-03,2723.88,CUST00203,India
501879,P10025,Yoga Mat,Sports & Outdoors,2,2026-06-18,270.08,CUST00529,India
502686,P10026,Resistance Bands Set,Sports & Outdoors,2,2025-11-22,636.23,CUST00753,United Kingdom
500077,P10005,Power Bank 10000mAh,Electronics,4,2025-05-07,1034.93,CUST00034,UAE
501984,P10010,Insulated Water Bottle,Home & Kitchen,2,2025-01-19,396.84,CUST00552,Germany
501276,P10033,Desk Organizer,Stationery & Office,3,2025-02-28,67.73,CUST00343,India
503043,P10011,Ceramic Mug Set,Home & Kitchen,3,2025-03-04,1993.94,CUST00841,India
500913,P10034,Sticky Notes Pack,Stationery & Office,1,2025-05-17,147.9,CUST00253,Germany
502536,P10014,Denim Jacket,Apparel,-3,2026-03-03,1048.3,CUST00724,United States
502018,P10017,Formal Shirt,Apparel,5,2025-01-03,562.91,CUST00561,UNITED STATES
500559,P10002,Bluetooth Speaker,Electronics,-3,2025-12-16,2723.88,CUST00171,United Kingdom
502780,P10019,Face Serum,Beauty & Personal Care,5,2025-10-23,1312.41,CUST00779,UNITED STATES
500432,P10019,Face Serum,Beauty & Personal Care,3,2025-09-07,1312.41,CUST00139,India
501292,P10020,Herbal Shampoo,Beauty & Personal Care,5,2025-09-21,1426.26,CUST00350,United Kingdom
502593,P10009,Cotton Bedsheet Set,Home & Kitchen,3,2026-06-04,1519.89,CUST00731,India
500158,P10010,Insulated Water Bottle,Home & Kitchen,5,2025-03-02,396.84,CUST00058,India
500489,P10012,Storage Organizer,Home & Kitchen,1,2025-06-10,1268.9,CUST00163,United Kingdom
500031,P10036,Backpack,Stationery & Office,4,2025-03-14,218.62,CUST00013,Germany
503083,P10015,Running Shoes,Apparel,3,2026-05-26,980.3,CUST00842,United Kingdom
500484,P10007,Non-Stick Pan,Home & Kitchen,3,2025-12-07,331.24,CUST00163,United Kingdom
501153,P10005,Power Bank 10000mAh,Electronics,2,2025-04-26,1034.93,CUST00320,INDIA
502148,P10001,Wireless Earbuds,Electronics,2,2026-02-14,606.94,CUST00583,India
500725,P10007,Non-Stick Pan,Home & Kitchen,2,2026-06-04,331.24,CUST00203,india
501891,P10019,Face Serum,Beauty & Personal Care,3,2025-06-23,1312.41,CUST00531,United States
500551,P10003,Phone Case,Electronics,3,2025-09-14,1049.71,CUST00169,India
500221,P10006,Smartwatch Band,Electronics,3,2026-02-25,990.13,CUST00086,india
502183,P10033,Desk Organizer,Stationery & Office,4,2025-06-22,67.73,CUST00595,germany
501294,P10021,Lip Balm Set,Beauty & Personal Care,2,2026-01-12,652.97,CUST00351,India
501258,P10005,Power Bank 10000mAh,Electronics,2,2026-02-08,1034.93,CUST00343,India
502934,P10018,Yoga Pants,Apparel,2,2025-07-29,608.28,CUST00815, Germany 
502657,P10012,Storage Organizer,Home & Kitchen,5,2025-03-08,1268.9,CUST00753,United Kingdom
501655,P10016,Wool Sweater,Apparel,4,2026-05-02,1250.39,CUST00460,India
500827,P10031,Notebook Set,Stationery & Office,5,2025-05-11,268.52,CUST00219,United Kingdom
502817,P10002,Bluetooth Speaker,Electronics,4,2025-03-10,2723.88,CUST00782,India
503019,P10001,Wireless Earbuds,Electronics,3,2025-06-20,606.94,CUST00833,INDIA
501624,P10013,Cotton T-Shirt,Apparel,2,2026-02-07,1190.46,CUST00449,India
500382,P10022,Sunscreen SPF50,Beauty & Personal Care,4,2026-04-20,514.51,CUST00132,India
502853,P10016,Wool Sweater,Apparel,1,2025-12-25,1250.39,CUST00796,Germany
502090,P10020,Herbal Shampoo,Beauty & Personal Care,2,2025-02-11,0.0,CUST00579,India
502102,P10002,Bluetooth Speaker,Electronics,3,2025-03-06,2723.88,CUST00579,India
502361,P10005,Power Bank 10000mAh,Electronics,5,2026-04-30,1034.93,CUST00668,india
500620,P10005,Power Bank 10000mAh,Electronics,2,2025-12-29,1034.93,CUST00189,INDIA
501229,P10017,Formal Shirt,Apparel,1,2025-06-29,562.91,CUST00335, India 
500670,P10016,Wool Sweater,Apparel,4,2025-06-01,1250.39,CUST00198,Germany
500316,P10015,Running Shoes,Apparel,3,2026-03-12,980.3,CUST00121,United States
502291,P10031,Notebook Set,Stationery & Office,1,2025-09-15,268.52,CUST00643,India
502031,P10033,Desk Organizer,Stationery & Office,5,2025-12-25,67.73,,India
501989,P10016,Wool Sweater,Apparel,3,2025-10-03,1250.39,CUST00555,Germany
502300,P10009,Cotton Bedsheet Set,Home & Kitchen,1,2025-12-29,1519.89,CUST00648,UNITED KINGDOM
502566,P10023,Hair Dryer,Beauty & Personal Care,1,2026-02-05,1018.4,CUST00731,India
502123,P10036,Backpack,Stationery & Office,2,2026-05-07,218.62,CUST00581,india
502526,P10002,Bluetooth Speaker,Electronics,3,2025-09-14,2723.88,CUST00718,SINGAPORE
501357,P10026,Resistance Bands Set,Sports & Outdoors,3,2026-04-18,636.23,CUST00366,india
502408,P10009,Cotton Bedsheet Set,Home & Kitchen,2,2026-01-24,1519.89,CUST00688,India
501247,P10034,Sticky Notes Pack,Stationery & Office,2,2026-03-26,147.9,CUST00338,united states
501044,P10018,Yoga Pants,Apparel,1,2025-06-25,608.28,CUST00293,Germany
500343,P10034,Sticky Notes Pack,Stationery & Office,-2,2025-02-27,147.9,CUST00126, India 
501791,P10034,Sticky Notes Pack,Stationery & Office,1,2025-01-18,147.9,CUST00497,United Kingdom
500633,P10009,Cotton Bedsheet Set,Home & Kitchen,3,2025-03-06,1519.89,CUST00189,India
501366,P10025,Yoga Mat,Sports & Outdoors,1,2025-09-06,270.08,CUST00372,india
502017,P10015,Running Shoes,Apparel,1,2025-08-08,980.3,CUST00561,United States
501265,P10001,Wireless Earbuds,Electronics,2,2025-07-06,606.94,CUST00343,india
501866,P10006,Smartwatch Band,Electronics,2,2025-01-01,990.13,CUST00522,India
500093,P10025,Yoga Mat,Sports & Outdoors,1,2025-02-26,270.08,CUST00038,INDIA
501807,P10017,Formal Shirt,Apparel,3,2026-04-25,562.91,CUST00499,Singapore
502376,P10003,Phone Case,Electronics,4,2025-04-10,1049.71,CUST00674,India
500773,P10011,Ceramic Mug Set,Home & Kitchen,3,2025-08-09,1993.94,CUST00217,india
500525,P10022,Sunscreen SPF50,Beauty & Personal Care,2,2026-02-10,514.51,CUST00169,India
502221,P10006,Smartwatch Band,Electronics,1,2026-01-21,990.13,CUST00621,India
501398,P10014,Denim Jacket,Apparel,5,2025-01-02,1048.3,CUST00389,United States
500397,P10035,Whiteboard Marker Set,Stationery & Office,5,2026-01-01,808.92,CUST00137,India
502488,P10032,Gel Pen Pack,Stationery & Office,2,2025-02-01,687.3,CUST00706,Singapore
501746,P10033,Desk Organizer,Stationery & Office,4,2025-09-14,67.73,CUST00482,United Kingdom
501231,P10025,Yoga Mat,Sports & Outdoors,5,2026-06-17,270.08,CUST00335,India
502389,P10023,Hair Dryer,Beauty & Personal Care,5,2025-01-31,1018.4,CUST00678,India
501524,P10014,Denim Jacket,Apparel,4,2025-02-15,1048.3,CUST00433,united kingdom
500289,P10028,Camping Torch,Sports & Outdoors,4,2026-05-24,2043.99,CUST00113,UAE
502808,P10032,Gel Pen Pack,Stationery & Office,2,2025-07-04,687.3,CUST00781,United Kingdom
501820,P10032,Gel Pen Pack,Stationery & Office,3,2029-01-01,687.3,CUST00503,India
501561,P10013,Cotton T-Shirt,Apparel,5,2026-06-21,1190.46,CUST00443,india
500813,P10006,Smartwatch Band,Electronics,4,2026-06-02,990.13,CUST00219,United Kingdom
500827,P10002,Bluetooth Speaker,Electronics,1,2025-05-11,2723.88,CUST00219,United Kingdom
500347,P10017,Formal Shirt,Apparel,3,2025-11-25,562.91,CUST00126,India
500656,P10003,Phone Case,Electronics,2,2026-05-09,1049.71,CUST00194,UNITED KINGDOM
501118,P10006,Smartwatch Band,Electronics,1,2025-07-22,990.13,CUST00311,India
502038,P10001,Wireless Earbuds,Electronics,5,2025-12-17,606.94,CUST00564,India
502564,P10035,Whiteboard Marker Set,Stationery & Office,5,2025-05-04,808.92,CUST00731,India
502487,P10021,Lip Balm Set,Beauty & Personal Care,5,2025-07-27,652.97,CUST00706,SINGAPORE
500567,P10032,Gel Pen Pack,Stationery & Office,3,2025-04-09,687.3,CUST00175,UNITED KINGDOM
503058,P10015,Running Shoes,Apparel,1,2025-11-10,980.3,CUST00842,United Kingdom
500884,P10025,Yoga Mat,Sports & Outdoors,2,2025-10-05,270.08,CUST00238,India
500271,P10013,Cotton T-Shirt,Apparel,4,2025-11-08,1190.46,CUST00108,united states
502647,P10010,Insulated Water Bottle,Home & Kitchen,3,2025-05-16,396.84,CUST00749,UAE
500937,P10022,Sunscreen SPF50,Beauty & Personal Care,5,2026-02-28,514.51,CUST00261,United Kingdom
500181,P10015,Running Shoes,Apparel,5,2025-01-05,980.3,CUST00065, India 
502502,P10016,Wool Sweater,Apparel,3,2026-01-13,1250.39,CUST00706,Singapore
500317,P10035,Whiteboard Marker Set,Stationery & Office,5,2025-09-16,808.92,CUST00122,Germany
501561,P10007,Non-Stick Pan,Home & Kitchen,2,2026-06-21,331.24,CUST00443,India
501658,P10030,Cycling Gloves,Sports & Outdoors,2,2025-03-01,820.52,CUST00463,United States
500677,P10013,Cotton T-Shirt,Apparel,5,2025-06-21,1190.46,CUST00199,Germany
501989,P10036,Backpack,Stationery & Office,3,2025-10-03,218.62,CUST00555,Germany
501847,P10020,Herbal Shampoo,Beauty & Personal Care,4,2025-12-30,1426.26,CUST00514,Germany
500064,P10006,Smartwatch Band,Electronics,4,2026-01-31,990.13,CUST00032, India 
501545,P10022,Sunscreen SPF50,Beauty & Personal Care,3,2025-02-25,514.51,CUST00439,United States
500311,P10035,Whiteboard Marker Set,Stationery & Office,1,2026-02-26,808.92,CUST00119,Germany
500543,P10017,Formal Shirt,Apparel,3,2025-04-07,562.91,CUST00169,INDIA
500310,P10025,Yoga Mat,Sports & Outdoors,4,2025-09-17,270.08,CUST00119,Germany
501132,P10005,Power Bank 10000mAh,Electronics,4,2025-08-16,1034.93,CUST00312,India
500930,P10016,Wool Sweater,Apparel,1,2026-05-20,1250.39,CUST00260,India
501922,P10007,Non-Stick Pan,Home & Kitchen,1,2025-08-24,331.24,CUST00539,India
500724,P10014,Denim Jacket,Apparel,5,2026-05-23,1048.3,CUST00203,India
502777,P10020,Herbal Shampoo,Beauty & Personal Care,4,2025-05-22,1426.26,CUST00779,United States
503033,P10035,Whiteboard Marker Set,Stationery & Office,1,2025-08-30,808.92,CUST00834,India
500517,P10014,Denim Jacket,Apparel,5,2026-01-24,1048.3,CUST00169, India 
500016,P10005,Power Bank 10000mAh,Electronics,-3,2025-04-06,1034.93,CUST00007,india
501888,P10025,Yoga Mat,Sports & Outdoors,2,2025-11-19,270.08,CUST00530,Germany
501167,P10022,Sunscreen SPF50,Beauty & Personal Care,2,2026-05-22,514.51,CUST00324,India
500286,P10035,Whiteboard Marker Set,Stationery & Office,2,2025-02-09,808.92,CUST00113,UAE
501245,P10025,Yoga Mat,Sports & Outdoors,3,2025-07-20,270.08,CUST00338,United States
500081,P10009,Cotton Bedsheet Set,Home & Kitchen,1,2025-01-08,1519.89,CUST00035, Singapore 
502389,P10017,Formal Shirt,Apparel,4,2025-01-31,562.91,CUST00678,India
500811,P10001,Wireless Earbuds,Electronics,2,2025-05-16,606.94,CUST00219,united kingdom
502643,P10003,Phone Case,Electronics,5,2026-04-19,1049.71,CUST00749,UAE
501259,P10003,Phone Case,Electronics,3,2025-01-31,1049.71,CUST00343,India
502556,P10003,Phone Case,Electronics,4,2025-06-26,1049.71,CUST00731,India
500693,P10012,Storage Organizer,Home & Kitchen,1,2026-06-19,1268.9,CUST00203,India
500434,P10030,Cycling Gloves,Sports & Outdoors,3,2025-04-26,820.52,CUST00141,Singapore
500946,P10014,Denim Jacket,Apparel,1,2026-03-21,1048.3,CUST00264,India
501739,P10035,Whiteboard Marker Set,Stationery & Office,5,2026-02-26,808.92,CUST00481,united kingdom
500737,P10019,Face Serum,Beauty & Personal Care,2,2025-01-19,1312.41,CUST00206,India
502639,P10001,Wireless Earbuds,Electronics,4,2026-01-19,606.94,CUST00748,India
501409,P10033,Desk Organizer,Stationery & Office,4,2025-08-17,67.73,CUST00392,India
500523,P10033,Desk Organizer,Stationery & Office,1,2025-06-30,67.73,CUST00169,India
500454,P10018,Yoga Pants,Apparel,2,2025-10-16,608.28,CUST00148,India
502566,P10022,Sunscreen SPF50,Beauty & Personal Care,3,2026-02-05,514.51,CUST00731,India
500164,P10018,Yoga Pants,Apparel,4,2025-10-12,608.28,CUST00061,India
502751,P10006,Smartwatch Band,Electronics,1,2025-06-24,990.13,CUST00776,india
501637,P10028,Camping Torch,Sports & Outdoors,5,2025-10-24,2043.99,CUST00452,United Kingdom
500925,P10029,Badminton Racket,Sports & Outdoors,1,2026-05-15,274.87,CUST00258,United Kingdom
500440,P10018,Yoga Pants,Apparel,3,2026-02-20,608.28,CUST00142,India
500193,P10004,USB-C Cable,Electronics,1,2025-09-30,3182.97,,India
501865,P10010,Insulated Water Bottle,Home & Kitchen,4,2025-04-18,396.84,CUST00522,INDIA
502719,P10013,Cotton T-Shirt,Apparel,5,2026-05-17,1190.46,CUST00762,India
500605,P10019,Face Serum,Beauty & Personal Care,3,2026-01-12,1312.41,CUST00180,India
500410,P10025,Yoga Mat,Sports & Outdoors,4,2025-07-09,270.08,CUST00138,United States
500818,P10017,Formal Shirt,Apparel,2,2025-08-29,562.91,CUST00219,United Kingdom
501710,P10036,Backpack,Stationery & Office,1,2025-12-18,218.62,CUST00471,India
500376,P10022,Sunscreen SPF50,Beauty & Personal Care,-5,2025-07-22,514.51,CUST00130,India
503005,P10007,Non-Stick Pan,Home & Kitchen,1,2026-05-03,331.24,,India
501845,P10003,Phone Case,Electronics,3,2025-05-06,1049.71,CUST00513,UAE
502420,P10002,Bluetooth Speaker,Electronics,4,2025-10-23,2723.88,CUST00694,INDIA
501605,P10033,Desk Organizer,Stationery & Office,1,2025-07-08,67.73,CUST00448,United States
500326,P10022,Sunscreen SPF50,Beauty & Personal Care,2,2026-05-20,514.51,CUST00126,India
500275,P10028,Camping Torch,Sports & Outdoors,5,2025-03-09,2043.99,CUST00111,India
501893,P10024,Beard Trimmer,Beauty & Personal Care,5,2026-04-28,700.79,,Singapore
503063,P10028,Camping Torch,Sports & Outdoors,2,2025-02-26,2043.99,CUST00842, United Kingdom 
502324,P10005,Power Bank 10000mAh,Electronics,3,2026-01-12,1034.93,CUST00659,United Kingdom
500096,P10002,Bluetooth Speaker,Electronics,5,2025-03-12,2723.88,CUST00038,India
501022,P10002,Bluetooth Speaker,Electronics,1,2026-02-12,2723.88,CUST00286,India
501603,P10026,Resistance Bands Set,Sports & Outdoors,5,2026-01-14,636.23,CUST00448,United States
500110,P10035,Whiteboard Marker Set,Stationery & Office,3,2025-12-12,808.92,CUST00046,United Kingdom
501708,P10034,Sticky Notes Pack,Stationery & Office,3,2026-03-05,147.9,CUST00470,Singapore
500956,P10028,Camping Torch,Sports & Outdoors,4,2026-05-29,2043.99,CUST00266,United States
500414,P10029,Badminton Racket,Sports & Outdoors,4,2026-01-24,274.87,CUST00138,United States
500379,P10009,Cotton Bedsheet Set,Home & Kitchen,3,2025-07-29,1519.89,CUST00130,India
500516,P10019,Face Serum,Beauty & Personal Care,5,2025-05-09,1312.41,CUST00169,India
502652,P10021,Lip Balm Set,Beauty & Personal Care,1,2025-03-26,652.97,,United Kingdom
502189,P10007,Non-Stick Pan,Home & Kitchen,5,2025-05-18,331.24,CUST00600,India
501271,P10033,Desk Organizer,Stationery & Office,4,2025-09-29,67.73,CUST00343,India
500465,P10003,Phone Case,Electronics,3,2025-07-09,1049.71,CUST00155,Singapore
502129,P10033,Desk Organizer,Stationery & Office,2,2025-03-20,67.73,CUST00581,INDIA
501463,P10008,LED Desk Lamp,Home & Kitchen,5,2025-03-26,1311.15,CUST00413,UAE
501078,P10030,Cycling Gloves,Sports & Outdoors,4,2026-02-02,820.52,CUST00300,india
502053,P10013,Cotton T-Shirt,Apparel,2,2026-05-15,1190.46,CUST00570,india
502006,P10007,Non-Stick Pan,Home & Kitchen,2,2025-06-26,331.24,CUST00557,India
500232,P10023,Hair Dryer,Beauty & Personal Care,5,2025-11-11,1018.4,CUST00089,Germany
502622,P10016,Wool Sweater,Apparel,3,2025-04-20,1250.39,CUST00740,india
502770,P10030,Cycling Gloves,Sports & Outdoors,3,2025-08-23,820.52,CUST00779,UNITED STATES
500116,P10011,Ceramic Mug Set,Home & Kitchen,5,2026-04-26,1993.94,CUST00047,India
501844,P10032,Gel Pen Pack,Stationery & Office,3,2025-12-29,687.3,CUST00513,UAE
502915,P10025,Yoga Mat,Sports & Outdoors,1,2025-04-01,270.08,CUST00813,India
500218,P10019,Face Serum,Beauty & Personal Care,1,2026-05-20,1312.41,CUST00086,India
502928,P10026,Resistance Bands Set,Sports & Outdoors,-2,2026-06-09,636.23,CUST00815,Germany
503045,P10009,Cotton Bedsheet Set,Home & Kitchen,5,2025-07-30,1519.89,CUST00842,UNITED KINGDOM
501133,P10010,Insulated Water Bottle,Home & Kitchen,3,2025-09-18,396.84,CUST00312,India
502048,P10035,Whiteboard Marker Set,Stationery & Office,1,2025-02-04,808.92,CUST00567,India
503070,P10017,Formal Shirt,Apparel,4,2025-05-12,562.91,CUST00842,United Kingdom
502069,P10014,Denim Jacket,Apparel,5,2025-07-08,1048.3,CUST00574,United Kingdom
502555,P10013,Cotton T-Shirt,Apparel,4,2026-04-01,1190.46,CUST00731,India
500559,P10028,Camping Torch,Sports & Outdoors,3,2025-12-16,2043.99,CUST00171,United Kingdom
502756,P10012,Storage Organizer,Home & Kitchen,4,2026-06-03,1268.9,CUST00777,India
501049,P10034,Sticky Notes Pack,Stationery & Office,5,2025-01-23,147.9,CUST00295,India
502425,P10035,Whiteboard Marker Set,Stationery & Office,3,2025-07-24,808.92,CUST00698,United Kingdom
501304,P10013,Cotton T-Shirt,Apparel,4,2025-08-22,1190.46,CUST00353,United Kingdom
501685,P10012,Storage Organizer,Home & Kitchen,4,2025-07-24,1268.9,CUST00463,united states
501597,P10025,Yoga Mat,Sports & Outdoors,1,2025-11-22,270.08,CUST00448,united states
501110,P10017,Formal Shirt,Apparel,1,2025-02-07,562.91,CUST00311,India
502183,P10011,Ceramic Mug Set,Home & Kitchen,4,2025-06-22,1993.94,CUST00595, Germany 
502767,P10005,Power Bank 10000mAh,Electronics,2,2025-10-01,1034.93,CUST00779,United States
502312,P10003,Phone Case,Electronics,2,2026-04-29,1049.71,CUST00655,india
500504,P10001,Wireless Earbuds,Electronics,1,2026-02-09,606.94,,india
501122,P10005,Power Bank 10000mAh,Electronics,3,2025-01-24,1034.93,CUST00311,India
502248,P10008,LED Desk Lamp,Home & Kitchen,5,2025-08-17,1311.15,CUST00627,India
500182,P10036,Backpack,Stationery & Office,5,2026-03-22,218.62,CUST00066,India
501454,P10001,Wireless Earbuds,Electronics,3,2026-04-20,606.94,CUST00408,INDIA
501617,P10030,Cycling Gloves,Sports & Outdoors,3,2025-05-11,820.52,CUST00449,India
500618,P10025,Yoga Mat,Sports & Outdoors,3,2026-05-16,270.08,CUST00189,India
501326,P10030,Cycling Gloves,Sports & Outdoors,1,2025-05-13,820.52,CUST00357,India
502720,P10025,Yoga Mat,Sports & Outdoors,4,2025-01-12,270.08,CUST00762,India
502778,P10019,Face Serum,Beauty & Personal Care,5,2026-02-09,1312.41,CUST00779,United States
500479,P10036,Backpack,Stationery & Office,3,2025-09-17,218.62,CUST00159,India
500035,P10026,Resistance Bands Set,Sports & Outdoors,5,2025-11-19,636.23,CUST00017, India 
502039,P10014,Denim Jacket,Apparel,1,2026-03-06,1048.3,CUST00565,India
501843,P10018,Yoga Pants,Apparel,-2,2025-02-18,608.28,CUST00512,India
501649,P10036,Backpack,Stationery & Office,5,2025-10-05,218.62,CUST00458,india
503091,P10022,Sunscreen SPF50,Beauty & Personal Care,2,2025-07-13,514.51,CUST00843,India
501815,P10030,Cycling Gloves,Sports & Outdoors,1,2026-05-26,820.52,CUST00503,INDIA
500910,P10004,USB-C Cable,Electronics,2,2025-12-12,3182.97,CUST00251,India
500946,P10006,Smartwatch Band,Electronics,3,2026-03-21,990.13,CUST00264,India
500946,P10035,Whiteboard Marker Set,Stationery & Office,2,2026-03-21,808.92,,India
502342,P10033,Desk Organizer,Stationery & Office,1,2025-12-16,67.73,CUST00665,India
503019,P10034,Sticky Notes Pack,Stationery & Office,4,2025-06-20,147.9,CUST00833,India
503090,P10030,Cycling Gloves,Sports & Outdoors,5,2025-01-09,820.52,CUST00843,India
501874,P10030,Cycling Gloves,Sports & Outdoors,2,2026-03-15,820.52,CUST00524,Germany
501919,P10028,Camping Torch,Sports & Outdoors,2,2026-06-05,2043.99,CUST00539,India
502961,P10032,Gel Pen Pack,Stationery & Office,5,2025-03-16,687.3,CUST00830,India
501799,P10015,Running Shoes,Apparel,2,2025-07-13,980.3,CUST00497,United Kingdom
502596,P10014,Denim Jacket,Apparel,5,2025-01-03,1048.3,CUST00731,India
502807,P10004,USB-C Cable,Electronics,4,2026-03-29,3182.97,CUST00780,United Kingdom
502562,P10002,Bluetooth Speaker,Electronics,-2,2025-03-06,2723.88,,India
502676,P10029,Badminton Racket,Sports & Outdoors,1,2025-04-08,274.87,CUST00753,United Kingdom
500450,P10015,Running Shoes,Apparel,2,2026-03-07,980.3,CUST00145,India
501429,P10015,Running Shoes,Apparel,5,2025-05-19,980.3,CUST00392,india
501612,P10010,Insulated Water Bottle,Home & Kitchen,2,2025-08-30,396.84,CUST00448,United States
502061,P10032,Gel Pen Pack,Stationery & Office,2,2026-02-15,687.3,CUST00571,India
501279,P10036,Backpack,Stationery & Office,4,2025-12-08,218.62,CUST00344,India
502316,P10036,Backpack,Stationery & Office,3,2025-09-07,218.62,,India
502559,P10035,Whiteboard Marker Set,Stationery & Office,1,2025-08-24,808.92,CUST00731,India
500987,P10031,Notebook Set,Stationery & Office,2,2026-01-15,268.52,CUST00275,INDIA
502462,P10024,Beard Trimmer,Beauty & Personal Care,4,2026-05-23,700.79,CUST00703,INDIA
502127,P10033,Desk Organizer,Stationery & Office,3,2025-01-30,67.73,CUST00581,India
501975,P10017,Formal Shirt,Apparel,3,2025-05-13,562.91,CUST00547,India
501270,P10018,Yoga Pants,Apparel,4,2025-01-26,608.28,CUST00343,India
501760,P10027,Water Bottle Sipper,Sports & Outdoors,4,2025-11-29,2203.72,CUST00485,United Kingdom
501265,P10009,Cotton Bedsheet Set,Home & Kitchen,4,2025-07-06,1519.89,CUST00343,INDIA
500284,P10021,Lip Balm Set,Beauty & Personal Care,1,2025-06-23,652.97,CUST00113,UAE
501420,P10036,Backpack,Stationery & Office,2,2025-06-01,218.62,CUST00392,India
502708,P10017,Formal Shirt,Apparel,5,2026-05-18,562.91,CUST00756,United States
500998,P10025,Yoga Mat,Sports & Outdoors,3,2025-08-29,270.08,CUST00281,Germany
501687,P10034,Sticky Notes Pack,Stationery & Office,-5,2025-07-18,147.9,CUST00463,United States
500066,P10033,Desk Organizer,Stationery & Office,1,2025-03-30,67.73,CUST00032, India 
502108,P10024,Beard Trimmer,Beauty & Personal Care,3,2025-02-11,700.79,CUST00579,India
500356,P10034,Sticky Notes Pack,Stationery & Office,-4,2025-01-21,147.9,CUST00127,United States
501080,P10026,Resistance Bands Set,Sports & Outdoors,5,2026-06-14,636.23,CUST00300,India
502239,P10024,Beard Trimmer,Beauty & Personal Care,5,2025-04-26,700.79,CUST00627, India 
503007,P10012,Storage Organizer,Home & Kitchen,3,2026-02-15,1268.9,CUST00832,India
501097,P10006,Smartwatch Band,Electronics,4,2026-02-02,990.13,CUST00308,India
501834,P10004,USB-C Cable,Electronics,4,2025-02-22,3182.97,CUST00508,Germany
501897,P10017,Formal Shirt,Apparel,2,2025-04-16,562.91,CUST00534,United Kingdom
501925,P10021,Lip Balm Set,Beauty & Personal Care,1,2026-06-08,652.97,CUST00539,India
502722,P10018,Yoga Pants,Apparel,5,2025-09-29,608.28,CUST00763,india
500801,P10010,Insulated Water Bottle,Home & Kitchen,4,2025-08-21,396.84,CUST00219,United Kingdom
502422,P10007,Non-Stick Pan,Home & Kitchen,-2,2025-12-01,331.24,CUST00696,United Kingdom
501466,P10033,Desk Organizer,Stationery & Office,5,2025-11-05,67.73,CUST00414, United Kingdom 
500255,P10012,Storage Organizer,Home & Kitchen,4,2025-03-18,1268.9,CUST00101,India
502422,P10016,Wool Sweater,Apparel,5,2025-12-01,1250.39,CUST00696,united kingdom
501755,P10031,Notebook Set,Stationery & Office,5,2025-06-30,268.52,CUST00485,United Kingdom
500967,P10017,Formal Shirt,Apparel,5,2025-11-01,562.91,CUST00270,India
500856,P10020,Herbal Shampoo,Beauty & Personal Care,-1,2025-08-13,1426.26,CUST00232,India
502732,P10035,Whiteboard Marker Set,Stationery & Office,4,2025-09-26,808.92,CUST00768,Germany
502665,P10023,Hair Dryer,Beauty & Personal Care,2,2025-08-04,1018.4,CUST00753,United Kingdom
500857,P10017,Formal Shirt,Apparel,4,2025-01-28,562.91,CUST00233,United Kingdom
501004,P10002,Bluetooth Speaker,Electronics,4,2026-05-15,2723.88,CUST00282,India
500713,P10013,Cotton T-Shirt,Apparel,4,2026-01-08,1190.46,CUST00203,India
500026,P10034,Sticky Notes Pack,Stationery & Office,2,2026-05-12,147.9,CUST00012, Singapore 
502758,P10006,Smartwatch Band,Electronics,5,2025-07-05,990.13,CUST00777,INDIA
502465,P10006,Smartwatch Band,Electronics,3,2026-06-28,990.13,CUST00704,India
500155,P10018,Yoga Pants,Apparel,2,2026-01-25,608.28,CUST00057,India
500073,P10017,Formal Shirt,Apparel,5,2025-12-11,562.91,CUST00032,India
501162,P10019,Face Serum,Beauty & Personal Care,4,2026-03-07,1312.41,CUST00324,India
501632,P10001,Wireless Earbuds,Electronics,1,2025-03-19,0.0,CUST00449,india
502695,P10015,Running Shoes,Apparel,5,2025-06-15,980.3,CUST00754,india
502325,P10035,Whiteboard Marker Set,Stationery & Office,5,2025-10-25,808.92,CUST00659,United Kingdom
502686,P10010,Insulated Water Bottle,Home & Kitchen,3,2025-11-22,396.84,CUST00753,United Kingdom
501877,P10003,Phone Case,Electronics,3,2025-10-11,1049.71,CUST00527,India
502435,P10024,Beard Trimmer,Beauty & Personal Care,5,2029-01-01,0.0,CUST00699,India
501984,P10024,Beard Trimmer,Beauty & Personal Care,1,2025-01-19,700.79,CUST00552,Germany
502490,P10026,Resistance Bands Set,Sports & Outdoors,3,2026-04-22,636.23,CUST00706,Singapore
503035,P10028,Camping Torch,Sports & Outdoors,4,2026-04-16,2043.99,CUST00836,india
502620,P10034,Sticky Notes Pack,Stationery & Office,5,2025-09-22,147.9,CUST00738,UNITED STATES
501967,P10027,Water Bottle Sipper,Sports & Outdoors,1,2025-02-06,2203.72,CUST00544,United Kingdom
500933,P10004,USB-C Cable,Electronics,5,2025-09-20,3182.97,CUST00260,India
500672,P10022,Sunscreen SPF50,Beauty & Personal Care,5,2025-03-13,514.51,CUST00198,Germany
501205,P10028,Camping Torch,Sports & Outdoors,3,2025-06-16,2043.99,CUST00324,India
501913,P10014,Denim Jacket,Apparel,2,2025-09-07,1048.3,CUST00539,India
502385,P10030,Cycling Gloves,Sports & Outdoors,1,2025-08-30,820.52,CUST00677,INDIA
503082,P10015,Running Shoes,Apparel,2,2026-05-11,980.3,CUST00842,United Kingdom
500039,P10022,Sunscreen SPF50,Beauty & Personal Care,3,2025-09-04,514.51,CUST00020,INDIA
500901,P10017,Formal Shirt,Apparel,4,2025-10-01,562.91,CUST00248,Singapore
502896,P10035,Whiteboard Marker Set,Stationery & Office,2,2025-10-22,808.92,CUST00804,United Kingdom
501956,P10031,Notebook Set,Stationery & Office,2,2025-04-04,268.52,CUST00542,United Kingdom
501477,P10026,Resistance Bands Set,Sports & Outdoors,3,2025-12-24,636.23,CUST00416,India
501115,P10030,Cycling Gloves,Sports & Outdoors,2,2026-02-08,820.52,CUST00311,India
500376,P10011,Ceramic Mug Set,Home & Kitchen,2,2025-07-22,1993.94,CUST00130,India
501751,P10007,Non-Stick Pan,Home & Kitchen,1,2026-04-27,331.24,CUST00485,United Kingdom
500352,P10021,Lip Balm Set,Beauty & Personal Care,3,2026-06-25,652.97,CUST00126,India
502179,P10028,Camping Torch,Sports & Outdoors,3,2025-01-27,2043.99,CUST00594,INDIA
502494,P10008,LED Desk Lamp,Home & Kitchen,5,2025-11-25,1311.15,CUST00706,Singapore
502626,P10003,Phone Case,Electronics,4,2026-02-27,1049.71,CUST00742,India
502842,P10033,Desk Organizer,Stationery & Office,2,2025-06-21,67.73,CUST00789,India
500919,P10006,Smartwatch Band,Electronics,3,2025-07-03,990.13,CUST00255, India 
500629,P10003,Phone Case,Electronics,2,2025-09-16,1049.71,CUST00189,INDIA
500422,P10025,Yoga Mat,Sports & Outdoors,4,2026-02-16,270.08,CUST00139,India
502006,P10033,Desk Organizer,Stationery & Office,4,2025-06-26,67.73,CUST00557,India
500190,P10006,Smartwatch Band,Electronics,1,2025-10-24,990.13,CUST00068,United States
500289,P10034,Sticky Notes Pack,Stationery & Office,3,2026-05-24,147.9,CUST00113,UAE
500280,P10013,Cotton T-Shirt,Apparel,-4,2025-02-12,1190.46,CUST00111,India
500567,P10027,Water Bottle Sipper,Sports & Outdoors,5,2025-04-09,2203.72,CUST00175,UNITED KINGDOM
502045,P10026,Resistance Bands Set,Sports & Outdoors,3,2026-02-04,636.23,CUST00567,INDIA
502577,P10017,Formal Shirt,Apparel,2,2026-01-07,562.91,CUST00731,INDIA
500679,P10019,Face Serum,Beauty & Personal Care,1,2026-03-09,1312.41,CUST00199,Germany
500319,P10017,Formal Shirt,Apparel,3,2025-11-17,562.91,CUST00122,Germany
502802,P10034,Sticky Notes Pack,Stationery & Office,1,2026-05-07,147.9,CUST00779,United States
501729,P10013,Cotton T-Shirt,Apparel,3,2025-04-22,1190.46,CUST00477,India
500146,P10035,Whiteboard Marker Set,Stationery & Office,2,2025-08-27,808.92,CUST00052,UNITED STATES
500127,P10013,Cotton T-Shirt,Apparel,3,2026-04-26,1190.46,CUST00047,India
502235,P10018,Yoga Pants,Apparel,5,2025-11-10,608.28,CUST00626,India
500116,P10030,Cycling Gloves,Sports & Outdoors,3,2026-04-26,820.52,CUST00047,India
500098,P10015,Running Shoes,Apparel,5,2025-09-29,980.3,CUST00040,India
501157,P10013,Cotton T-Shirt,Apparel,2,2025-06-29,1190.46,,India
501339,P10012,Storage Organizer,Home & Kitchen,1,2025-09-02,1268.9,CUST00360,United Kingdom
501421,P10003,Phone Case,Electronics,2,2025-03-09,1049.71,CUST00392, India 
502751,P10036,Backpack,Stationery & Office,3,2025-06-24,218.62,CUST00776,India
503050,P10002,Bluetooth Speaker,Electronics,1,2025-05-10,2723.88,CUST00842,United Kingdom
502048,P10017,Formal Shirt,Apparel,1,2025-02-04,562.91,CUST00567,India
502478,P10007,Non-Stick Pan,Home & Kitchen,2,2025-04-09,331.24,CUST00706, Singapore 
500826,P10016,Wool Sweater,Apparel,-1,2025-05-26,1250.39,CUST00219,United Kingdom
501420,P10006,Smartwatch Band,Electronics,4,2025-06-01,990.13,CUST00392,India
502344,P10026,Resistance Bands Set,Sports & Outdoors,2,2025-04-23,636.23,CUST00665,INDIA
501883,P10012,Storage Organizer,Home & Kitchen,3,2026-04-06,1268.9,CUST00530,Germany
500604,P10010,Insulated Water Bottle,Home & Kitchen,1,2025-02-22,396.84,CUST00180,India
501081,P10013,Cotton T-Shirt,Apparel,2,2026-06-29,1190.46,CUST00300,India
500045,P10006,Smartwatch Band,Electronics,2,2026-06-08,990.13,CUST00020,india
502035,P10006,Smartwatch Band,Electronics,1,2025-07-29,990.13,CUST00563,india
502155,P10030,Cycling Gloves,Sports & Outdoors,3,2026-06-15,820.52,CUST00586,INDIA
502701,P10022,Sunscreen SPF50,Beauty & Personal Care,4,2026-03-15,514.51,CUST00754,India
502913,P10024,Beard Trimmer,Beauty & Personal Care,4,2025-04-12,700.79,CUST00813,INDIA
502417,P10001,Wireless Earbuds,Electronics,1,2025-01-13,606.94,,India
503025,P10015,Running Shoes,Apparel,4,2026-01-01,980.3,CUST00833,India
501110,P10009,Cotton Bedsheet Set,Home & Kitchen,2,2025-02-07,1519.89,CUST00311,India
501911,P10008,LED Desk Lamp,Home & Kitchen,3,2025-06-27,1311.15,CUST00539,INDIA
501006,P10004,USB-C Cable,Electronics,4,2025-06-19,3182.97,CUST00284,India
501982,P10017,Formal Shirt,Apparel,3,2026-04-25,562.91,CUST00552,Germany
500694,P10013,Cotton T-Shirt,Apparel,1,2025-02-07,1190.46,CUST00203,India
501912,P10028,Camping Torch,Sports & Outdoors,2,2026-01-26,2043.99,CUST00539,India
501081,P10032,Gel Pen Pack,Stationery & Office,5,2026-06-29,687.3,CUST00300,India
500531,P10019,Face Serum,Beauty & Personal Care,3,2025-09-15,1312.41,CUST00169,India
501578,P10009,Cotton Bedsheet Set,Home & Kitchen,2,2025-01-13,1519.89,CUST00448,UNITED STATES
501659,P10010,Insulated Water Bottle,Home & Kitchen,1,2025-08-24,396.84,CUST00463,United States
501011,P10032,Gel Pen Pack,Stationery & Office,2,2025-03-15,687.3,CUST00286,India
500286,P10011,Ceramic Mug Set,Home & Kitchen,3,2025-02-09,1993.94,CUST00113,UAE
500674,P10036,Backpack,Stationery & Office,4,2025-05-17,218.62,CUST00199,Germany
503072,P10017,Formal Shirt,Apparel,-1,2025-02-27,562.91,CUST00842,United Kingdom
500073,P10009,Cotton Bedsheet Set,Home & Kitchen,3,2025-12-11,1519.89,CUST00032,India
502416,P10032,Gel Pen Pack,Stationery & Office,5,2025-01-18,687.3,CUST00692,India
500211,P10008,LED Desk Lamp,Home & Kitchen,4,2025-06-06,1311.15,CUST00081, Germany 
502962,P10001,Wireless Earbuds,Electronics,1,2026-03-18,606.94,CUST00830,India
500973,P10012,Storage Organizer,Home & Kitchen,1,2026-02-19,1268.9,CUST00272,United States
502023,P10007,Non-Stick Pan,Home & Kitchen,1,2025-04-20,331.24,CUST00562,India
500877,P10008,LED Desk Lamp,Home & Kitchen,2,2025-12-01,1311.15,CUST00236,United States
501230,P10034,Sticky Notes Pack,Stationery & Office,4,2025-12-28,147.9,CUST00335,India
502063,P10017,Formal Shirt,Apparel,5,2025-09-04,562.91,CUST00571,India
502148,P10030,Cycling Gloves,Sports & Outdoors,5,2026-02-14,820.52,CUST00583,INDIA
502021,P10035,Whiteboard Marker Set,Stationery & Office,2,2026-01-15,808.92,CUST00562,India
500516,P10031,Notebook Set,Stationery & Office,4,2025-05-09,268.52,CUST00169,India
501381,P10033,Desk Organizer,Stationery & Office,-4,2025-01-29,67.73,CUST00382,United Kingdom
501507,P10026,Resistance Bands Set,Sports & Outdoors,2,2025-11-22,636.23,, India 
500258,P10027,Water Bottle Sipper,Sports & Outdoors,4,2025-12-19,2203.72,CUST00104,India
502416,P10028,Camping Torch,Sports & Outdoors,1,2025-01-18,2043.99,CUST00692,India
500607,P10035,Whiteboard Marker Set,Stationery & Office,1,2025-10-21,808.92,CUST00182,India
502719,P10036,Backpack,Stationery & Office,3,2026-05-17,218.62,CUST00762,india
500514,P10022,Sunscreen SPF50,Beauty & Personal Care,3,2025-06-06,514.51,CUST00169,india
502624,P10003,Phone Case,Electronics,3,2026-05-10,1049.71,,India
503035,P10028,Camping Torch,Sports & Outdoors,2,2026-04-16,2043.99,CUST00836,India
502939,P10021,Lip Balm Set,Beauty & Personal Care,2,2025-01-02,652.97,CUST00817, United Kingdom 
501826,P10029,Badminton Racket,Sports & Outdoors,1,2025-03-05,274.87,CUST00503,India
501490,P10012,Storage Organizer,Home & Kitchen,4,2025-10-19,1268.9,CUST00421,united states
501827,P10003,Phone Case,Electronics,3,2026-04-25,1049.71,CUST00503,India
502046,P10005,Power Bank 10000mAh,Electronics,5,2025-05-26,1034.93,CUST00567,India
501425,P10007,Non-Stick Pan,Home & Kitchen,4,2025-05-14,331.24,CUST00392,India
502734,P10023,Hair Dryer,Beauty & Personal Care,1,2025-06-14,1018.4,CUST00770,GERMANY
500556,P10032,Gel Pen Pack,Stationery & Office,5,2025-03-12,687.3,CUST00169,India
502735,P10002,Bluetooth Speaker,Electronics,4,2025-06-26,2723.88,CUST00770,Germany
500775,P10008,LED Desk Lamp,Home & Kitchen,3,2025-07-11,1311.15,CUST00218,United States
501231,P10025,Yoga Mat,Sports & Outdoors,1,2026-06-17,270.08,CUST00335,india
500812,P10034,Sticky Notes Pack,Stationery & Office,4,2026-06-14,147.9,CUST00219,United Kingdom
502242,P10010,Insulated Water Bottle,Home & Kitchen,5,2026-03-22,396.84,CUST00627,India
501035,P10022,Sunscreen SPF50,Beauty & Personal Care,2,2026-03-06,514.51,CUST00289,India
500673,P10008,LED Desk Lamp,Home & Kitchen,1,2025-01-24,1311.15,CUST00198,Germany
500421,P10014,Denim Jacket,Apparel,1,2025-11-02,1048.3,CUST00138,United States
501861,P10008,LED Desk Lamp,Home & Kitchen,5,2025-04-04,1311.15,CUST00521,UNITED KINGDOM
502452,P10024,Beard Trimmer,Beauty & Personal Care,-4,2025-04-17,700.79,CUST00699,India
501303,P10035,Whiteboard Marker Set,Stationery & Office,2,2025-04-28,808.92,CUST00353,United Kingdom
501709,P10035,Whiteboard Marker Set,Stationery & Office,4,2025-03-09,808.92,CUST00471,India
502175,P10006,Smartwatch Band,Electronics,5,2025-06-23,990.13,CUST00593,India
501008,P10021,Lip Balm Set,Beauty & Personal Care,2,2025-12-22,652.97,CUST00285,United Kingdom
500797,P10022,Sunscreen SPF50,Beauty & Personal Care,3,2025-03-06,514.51,CUST00219,united kingdom
500227,P10011,Ceramic Mug Set,Home & Kitchen,3,2025-11-18,1993.94,CUST00086,india
500160,P10018,Yoga Pants,Apparel,5,2025-03-08,608.28,CUST00058,India
500725,P10019,Face Serum,Beauty & Personal Care,1,2026-06-04,1312.41,CUST00203,India
501808,P10016,Wool Sweater,Apparel,2,2025-05-15,1250.39,CUST00500,Singapore
500861,P10026,Resistance Bands Set,Sports & Outdoors,2,2025-06-23,636.23,CUST00235,India
501086,P10006,Smartwatch Band,Electronics,5,2025-03-03,990.13,CUST00301,India
500754,P10003,Phone Case,Electronics,1,2026-05-10,1049.71,CUST00216,India
500535,P10004,USB-C Cable,Electronics,4,2026-01-21,3182.97,CUST00169,india
502503,P10016,Wool Sweater,Apparel,2,2025-06-25,1250.39,CUST00706,Singapore
501666,P10013,Cotton T-Shirt,Apparel,5,2025-01-07,1190.46,CUST00463,United States
501933,P10034,Sticky Notes Pack,Stationery & Office,4,2025-12-18,147.9,CUST00539, India 
501942,P10022,Sunscreen SPF50,Beauty & Personal Care,1,2025-12-06,514.51,CUST00540,India
502043,P10014,Denim Jacket,Apparel,5,2025-03-10,1048.3,CUST00567,india
502968,P10034,Sticky Notes Pack,Stationery & Office,-2,2025-10-11,147.9,CUST00830,INDIA
502135,P10007,Non-Stick Pan,Home & Kitchen,2,2026-02-05,331.24,CUST00581, India 
502444,P10015,Running Shoes,Apparel,-5,2025-03-31,980.3,CUST00699,India
501523,P10014,Denim Jacket,Apparel,1,2025-12-12,1048.3,CUST00432,United States
501419,P10024,Beard Trimmer,Beauty & Personal Care,5,2025-10-31,700.79,CUST00392,India
501783,P10009,Cotton Bedsheet Set,Home & Kitchen,2,2026-04-02,1519.89,CUST00492,UNITED KINGDOM
500118,P10032,Gel Pen Pack,Stationery & Office,3,2025-06-25,687.3,CUST00047,INDIA
501380,P10028,Camping Torch,Sports & Outdoors,3,2026-01-02,2043.99,CUST00382,United Kingdom
501328,P10022,Sunscreen SPF50,Beauty & Personal Care,1,2025-09-30,514.51,CUST00357,India
502203,P10017,Formal Shirt,Apparel,5,2025-10-04,562.91,CUST00610,United Kingdom
502473,P10021,Lip Balm Set,Beauty & Personal Care,2,2025-05-02,652.97,CUST00706,Singapore
501003,P10029,Badminton Racket,Sports & Outdoors,2,2025-07-13,274.87,CUST00282,india
500964,P10034,Sticky Notes Pack,Stationery & Office,2,2025-12-14,147.9,CUST00268,United States
502596,P10032,Gel Pen Pack,Stationery & Office,5,2025-01-03,687.3,CUST00731,India
502849,P10009,Cotton Bedsheet Set,Home & Kitchen,5,2025-11-14,1519.89,CUST00794,United Kingdom
501919,P10004,USB-C Cable,Electronics,2,2026-06-05,3182.97,CUST00539,India
501295,P10025,Yoga Mat,Sports & Outdoors,2,2025-10-04,270.08,CUST00351,India
502407,P10035,Whiteboard Marker Set,Stationery & Office,4,2026-04-17,808.92,CUST00688,India
502700,P10025,Yoga Mat,Sports & Outdoors,2,2025-09-12,270.08,CUST00754,INDIA
502858,P10017,Formal Shirt,Apparel,5,2026-05-20,562.91,CUST00796,Germany
501624,P10001,Wireless Earbuds,Electronics,4,2026-02-07,606.94,CUST00449,India
502820,P10027,Water Bottle Sipper,Sports & Outdoors,4,2025-02-01,2203.72,CUST00784, India 
501534,P10029,Badminton Racket,Sports & Outdoors,1,2025-06-05,274.87,CUST00438,Germany
502900,P10014,Denim Jacket,Apparel,5,2025-05-04,1048.3,CUST00806,united states
501246,P10013,Cotton T-Shirt,Apparel,3,2025-08-09,1190.46,CUST00338,United States
501545,P10030,Cycling Gloves,Sports & Outdoors,3,2025-02-25,820.52,CUST00439,United States
501316,P10002,Bluetooth Speaker,Electronics,2,2026-05-08,2723.88,CUST00355,India
501821,P10019,Face Serum,Beauty & Personal Care,3,2025-04-07,1312.41,CUST00503,India
501472,P10026,Resistance Bands Set,Sports & Outdoors,5,2026-05-05,636.23,CUST00416,India
502590,P10030,Cycling Gloves,Sports & Outdoors,4,2025-04-01,820.52,CUST00731,india
501280,P10013,Cotton T-Shirt,Apparel,-3,2025-05-24,1190.46,,India
502808,P10019,Face Serum,Beauty & Personal Care,5,2025-07-04,1312.41,CUST00781,United Kingdom
502848,P10028,Camping Torch,Sports & Outdoors,1,2025-12-18,2043.99,CUST00794,united kingdom
501416,P10030,Cycling Gloves,Sports & Outdoors,5,2026-03-17,820.52,CUST00392,India
500231,P10034,Sticky Notes Pack,Stationery & Office,3,2025-03-16,147.9,CUST00088,United Kingdom
502535,P10027,Water Bottle Sipper,Sports & Outdoors,4,2025-01-27,2203.72,CUST00723,India
501336,P10030,Cycling Gloves,Sports & Outdoors,2,2025-07-26,820.52,,UAE
501913,P10014,Denim Jacket,Apparel,5,2025-09-07,1048.3,CUST00539,India
502536,P10003,Phone Case,Electronics,2,2026-03-03,1049.71,CUST00724,UNITED STATES
500069,P10034,Sticky Notes Pack,Stationery & Office,4,2025-07-22,147.9,CUST00032,India
501485,P10025,Yoga Mat,Sports & Outdoors,4,2026-05-27,270.08,,United States
501953,P10034,Sticky Notes Pack,Stationery & Office,2,2025-08-17,147.9,CUST00542,United Kingdom
501778,P10011,Ceramic Mug Set,Home & Kitchen,3,2026-02-21,1993.94,CUST00490,Germany
502984,P10019,Face Serum,Beauty & Personal Care,5,2026-04-24,1312.41,CUST00830,india
503054,P10033,Desk Organizer,Stationery & Office,3,2025-01-03,67.73,CUST00842, United Kingdom 
501308,P10018,Yoga Pants,Apparel,-2,2025-08-23,608.28,CUST00353,United Kingdom
500659,P10021,Lip Balm Set,Beauty & Personal Care,4,2026-06-12,652.97,CUST00194,United Kingdom
502667,P10031,Notebook Set,Stationery & Office,1,2025-08-06,268.52,CUST00753,United Kingdom
501066,P10017,,Apparel,3,2025-01-31,562.91,CUST00298,India
502646,P10025,Yoga Mat,Sports & Outdoors,-2,2029-01-01,270.08,CUST00749,uae
502526,P10025,Yoga Mat,Sports & Outdoors,3,2025-09-14,270.08,CUST00718,singapore
502807,P10033,Desk Organizer,Stationery & Office,1,2026-03-29,67.73,CUST00780,United Kingdom
501512,P10022,Sunscreen SPF50,Beauty & Personal Care,5,2026-03-03,514.51,CUST00428,Germany
502155,P10006,Smartwatch Band,Electronics,5,2026-06-15,990.13,CUST00586, India 
500660,P10017,Formal Shirt,Apparel,2,2025-12-04,562.91,CUST00194,United Kingdom
500557,P10007,Non-Stick Pan,Home & Kitchen,4,2025-01-13,331.24,CUST00169,India
500434,P10034,Sticky Notes Pack,Stationery & Office,4,2025-04-26,147.9,CUST00141,Singapore
500092,P10029,Badminton Racket,Sports & Outdoors,2,2025-11-17,274.87,,India
500047,P10034,Sticky Notes Pack,Stationery & Office,4,2026-01-03,147.9,CUST00021,UNITED KINGDOM
503087,P10018,Yoga Pants,Apparel,4,2026-01-12,608.28,CUST00842,United Kingdom
501473,P10030,Cycling Gloves,Sports & Outdoors,3,2026-06-09,820.52,CUST00416,India
500789,P10020,Herbal Shampoo,Beauty & Personal Care,2,2025-09-03,1426.26,CUST00219,United Kingdom
500104,P10032,Gel Pen Pack,Stationery & Office,4,2025-11-24,687.3,CUST00044,UAE
502363,P10005,Power Bank 10000mAh,Electronics,-5,2025-05-10,1034.93,CUST00668,India
500203,P10021,Lip Balm Set,Beauty & Personal Care,2,2025-01-22,652.97,,United States
500076,P10019,Face Serum,Beauty & Personal Care,1,2025-05-01,1312.41,,INDIA
500006,P10015,Running Shoes,Apparel,1,2025-09-08,980.3,CUST00005,INDIA
502171,P10036,Backpack,Stationery & Office,5,2025-08-13,218.62,CUST00591,India
502870,P10030,Cycling Gloves,Sports & Outdoors,3,2025-01-17,820.52,CUST00796,Germany
502160,P10009,Cotton Bedsheet Set,Home & Kitchen,1,2026-02-14,1519.89,CUST00587,India
500712,P10022,Sunscreen SPF50,Beauty & Personal Care,3,2025-12-11,514.51,CUST00203,India
500173,P10025,Yoga Mat,Sports & Outdoors,2,2025-05-12,270.08,CUST00063, Germany 
500382,P10033,Desk Organizer,Stationery & Office,3,2026-04-20,67.73,CUST00132,INDIA
502586,P10036,Backpack,Stationery & Office,2,2025-05-31,218.62,CUST00731,India
500153,P10008,LED Desk Lamp,Home & Kitchen,-5,2025-07-14,1311.15,CUST00056,UAE
501226,P10019,Face Serum,Beauty & Personal Care,2,2025-02-13,1312.41,CUST00335,India
501724,P10020,Herbal Shampoo,Beauty & Personal Care,1,2025-10-12,1426.26,CUST00475,India
501933,P10021,Lip Balm Set,Beauty & Personal Care,2,2025-12-18,652.97,CUST00539,india
500651,P10028,Camping Torch,Sports & Outdoors,2,2025-12-24,2043.99,CUST00194,united kingdom
500648,P10015,Running Shoes,Apparel,4,2025-05-12,980.3,CUST00192,germany
502807,P10022,Sunscreen SPF50,Beauty & Personal Care,1,2026-03-29,514.51,CUST00780,United Kingdom
501713,P10009,Cotton Bedsheet Set,Home & Kitchen,3,2026-01-05,1519.89,CUST00471,India
502291,P10012,Storage Organizer,Home & Kitchen,5,2025-09-15,1268.9,CUST00643,India
501536,P10016,Wool Sweater,Apparel,3,2026-03-11,1250.39,CUST00439,United States
502240,P10001,Wireless Earbuds,Electronics,5,2025-09-14,606.94,CUST00627,India
501002,P10035,Whiteboard Marker Set,Stationery & Office,1,2025-07-22,808.92,CUST00281,Germany
501068,P10025,Yoga Mat,Sports & Outdoors,3,2025-03-23,270.08,CUST00298,India
502199,P10023,Hair Dryer,Beauty & Personal Care,4,2025-10-19,1018.4,CUST00608,india
502923,P10026,Resistance Bands Set,Sports & Outdoors,5,2025-11-25,636.23,CUST00815,Germany
500451,P10015,Running Shoes,Apparel,5,2025-01-27,980.3,CUST00146,India
501113,P10026,Resistance Bands Set,Sports & Outdoors,3,2025-05-20,636.23,CUST00311,india
501041,P10033,Desk Organizer,Stationery & Office,2,2025-10-13,67.73,CUST00291,India
500173,P10033,Desk Organizer,Stationery & Office,5,2025-05-12,67.73,CUST00063,Germany
501978,P10018,Yoga Pants,Apparel,2,2025-08-13,608.28,CUST00548,United Kingdom
502836,P10012,Storage Organizer,Home & Kitchen,4,2025-12-08,1268.9,CUST00788,INDIA
500562,P10036,Backpack,Stationery & Office,2,2025-05-29,218.62,CUST00172,INDIA
501248,P10023,Hair Dryer,Beauty & Personal Care,2,2025-07-13,1018.4,CUST00338,United States
503030,P10010,Insulated Water Bottle,Home & Kitchen,3,2025-06-04,396.84,,india
502187,P10021,Lip Balm Set,Beauty & Personal Care,5,2025-05-08,652.97,CUST00598,India
500657,P10025,Yoga Mat,Sports & Outdoors,4,2026-02-23,270.08,CUST00194,United Kingdom
500441,P10033,Desk Organizer,Stationery & Office,1,2025-10-17,67.73,CUST00142,India
501666,P10025,Yoga Mat,Sports & Outdoors,2,2025-01-07,270.08,CUST00463,United States
502655,P10025,Yoga Mat,Sports & Outdoors,5,2025-06-19,270.08,CUST00753,United Kingdom
501631,P10008,LED Desk Lamp,Home & Kitchen,1,2026-02-22,1311.15,CUST00449,INDIA
502951,P10012,Storage Organizer,Home & Kitchen,2,2025-08-13,1268.9,CUST00825,India
500755,P10028,Camping Torch,Sports & Outdoors,3,2025-11-30,2043.99,CUST00216,India
502834,P10034,Sticky Notes Pack,Stationery & Office,5,2025-02-26,147.9,CUST00787,United Kingdom
500369,P10036,Backpack,Stationery & Office,3,2026-01-08,218.62,CUST00129, India 
503039,P10031,Notebook Set,Stationery & Office,4,2025-12-01,268.52,CUST00839,UNITED KINGDOM
501470,P10003,Phone Case,Electronics,4,2026-03-07,1049.71,CUST00416,INDIA
501947,P10023,Hair Dryer,Beauty & Personal Care,2,2026-01-16,1018.4,CUST00540,india
502149,P10010,Insulated Water Bottle,Home & Kitchen,4,2025-08-02,396.84,CUST00584,India
501900,P10033,Desk Organizer,Stationery & Office,2,2025-12-03,67.73,CUST00534,United Kingdom
500854,P10024,Beard Trimmer,Beauty & Personal Care,5,2025-08-07,700.79,CUST00232,india
501987,P10018,Yoga Pants,Apparel,3,2025-01-11,608.28,CUST00554,united kingdom
500424,P10027,Water Bottle Sipper,Sports & Outdoors,4,2026-03-25,2203.72,CUST00139,INDIA
502590,P10023,Hair Dryer,Beauty & Personal Care,2,2025-04-01,1018.4,CUST00731,india
501506,P10009,Cotton Bedsheet Set,Home & Kitchen,5,2025-08-18,1519.89,CUST00426,India
501761,P10026,Resistance Bands Set,Sports & Outdoors,3,2025-01-14,636.23,CUST00485,United Kingdom
500849,P10028,Camping Torch,Sports & Outdoors,1,2025-12-30,2043.99,CUST00230,United Kingdom
501441,P10014,Denim Jacket,Apparel,1,2026-04-19,1048.3,CUST00399,United States
500181,P10019,Face Serum,Beauty & Personal Care,3,2025-01-05,1312.41,CUST00065,India
502892,P10031,Notebook Set,Stationery & Office,1,2026-01-13,268.52,CUST00802,India
501352,P10007,Non-Stick Pan,Home & Kitchen,1,2026-02-27,331.24,CUST00365,UAE
501492,P10009,Cotton Bedsheet Set,Home & Kitchen,4,2025-10-15,1519.89,CUST00421,United States
502049,P10004,USB-C Cable,Electronics,5,2025-06-11,3182.97,CUST00568,India
501751,P10015,Running Shoes,Apparel,2,2026-04-27,980.3,CUST00485,United Kingdom
500149,P10031,Notebook Set,Stationery & Office,4,2025-01-28,268.52,CUST00053, UAE 
500161,P10032,Gel Pen Pack,Stationery & Office,5,2025-03-24,687.3,CUST00058,India
502116,P10031,Notebook Set,Stationery & Office,1,2026-04-10,268.52,CUST00579,India
500406,P10009,Cotton Bedsheet Set,Home & Kitchen,4,2025-08-27,1519.89,CUST00138,United States
502137,P10031,Notebook Set,Stationery & Office,3,2025-01-10,268.52,CUST00581,india
502227,P10005,Power Bank 10000mAh,Electronics,1,2025-09-06,1034.93,CUST00624,India
502221,P10035,Whiteboard Marker Set,Stationery & Office,4,2026-01-21,808.92,CUST00621,India
501193,P10026,Resistance Bands Set,Sports & Outdoors,3,2025-10-16,636.23,CUST00324,India
502780,P10004,USB-C Cable,Electronics,1,2025-10-23,3182.97,CUST00779,United States
500871,P10034,Sticky Notes Pack,Stationery & Office,1,2025-08-04,147.9,CUST00236,United States
503061,P10029,Badminton Racket,Sports & Outdoors,2,2026-01-19,274.87,CUST00842,United Kingdom
502792,P10012,Storage Organizer,Home & Kitchen,4,2025-02-10,1268.9,CUST00779,United States
502804,P10018,Yoga Pants,Apparel,3,2025-06-07,608.28,CUST00780,United Kingdom
501633,P10010,,Home & Kitchen,-2,2026-01-04,396.84,CUST00450,India
502565,P10013,Cotton T-Shirt,Apparel,5,2025-11-21,1190.46,CUST00731,India
501617,P10028,Camping Torch,Sports & Outdoors,4,2025-05-11,2043.99,CUST00449,India
503008,P10005,,Electronics,2,2025-09-12,1034.93,CUST00833,India
501899,P10020,Herbal Shampoo,Beauty & Personal Care,1,2025-09-18,1426.26,CUST00534,UNITED KINGDOM
502247,P10024,Beard Trimmer,Beauty & Personal Care,2,2025-08-01,700.79,CUST00627,India
500961,P10027,Water Bottle Sipper,Sports & Outdoors,1,2025-07-20,2203.72,CUST00267,United Kingdom
500803,P10005,Power Bank 10000mAh,Electronics,2,2026-03-08,1034.93,CUST00219,United Kingdom
502583,P10031,Notebook Set,Stationery & Office,4,2026-03-22,268.52,CUST00731,India
501875,P10023,Hair Dryer,Beauty & Personal Care,2,2025-03-11,1018.4,CUST00525,Germany
501154,P10034,Sticky Notes Pack,Stationery & Office,5,2025-02-17,147.9,CUST00320,India
500632,P10029,Badminton Racket,Sports & Outdoors,5,2025-10-05,274.87,CUST00189,India
501565,P10032,Gel Pen Pack,Stationery & Office,4,2026-01-13,687.3,CUST00445,United States
501988,P10027,Water Bottle Sipper,Sports & Outdoors,2,2025-10-15,2203.72,CUST00554,United Kingdom
500079,P10028,Camping Torch,Sports & Outdoors,2,2025-06-16,2043.99,CUST00035,Singapore
500549,P10024,Beard Trimmer,Beauty & Personal Care,5,2026-01-24,700.79,CUST00169,India
500618,P10002,Bluetooth Speaker,Electronics,1,2026-05-16,2723.88,CUST00189,India
501598,P10034,Sticky Notes Pack,Stationery & Office,1,2026-03-01,147.9,,United States
501645,P10019,Face Serum,Beauty & Personal Care,4,2026-06-27,1312.41,CUST00457,India
502599,P10022,Sunscreen SPF50,Beauty & Personal Care,4,2026-06-09,514.51,,united kingdom
501787,P10033,Desk Organizer,Stationery & Office,3,2026-06-09,67.73,,INDIA
502559,P10004,USB-C Cable,Electronics,1,2025-08-24,3182.97,CUST00731,India
500843,P10029,Badminton Racket,Sports & Outdoors,5,2026-01-21,274.87,CUST00227,Singapore
502443,P10033,Desk Organizer,Stationery & Office,5,2025-02-17,67.73,CUST00699,INDIA
502974,P10006,Smartwatch Band,Electronics,4,2025-05-21,990.13,,India
501049,P10034,Sticky Notes Pack,Stationery & Office,4,2025-01-23,147.9,CUST00295,India
501668,P10002,Bluetooth Speaker,Electronics,1,2025-08-09,2723.88,CUST00463,United States
502572,P10016,Wool Sweater,Apparel,2,2025-11-15,1250.39,CUST00731,India
501046,P10011,Ceramic Mug Set,Home & Kitchen,3,2026-01-15,1993.94,CUST00294,INDIA
500697,P10012,Storage Organizer,Home & Kitchen,1,2025-06-27,1268.9,CUST00203,India
500533,P10010,Insulated Water Bottle,Home & Kitchen,1,2025-05-25,396.84,CUST00169,INDIA
500380,P10027,Water Bottle Sipper,Sports & Outdoors,1,2025-12-03,2203.72,CUST00131,India
502043,P10025,Yoga Mat,Sports & Outdoors,2,2025-03-10,0.0,CUST00567,India
500979,P10035,Whiteboard Marker Set,Stationery & Office,-4,2025-02-09,808.92,CUST00273,Germany
501339,P10022,Sunscreen SPF50,Beauty & Personal Care,4,2025-09-02,514.51,CUST00360,United Kingdom
502933,P10012,Storage Organizer,Home & Kitchen,4,2025-12-08,1268.9,CUST00815,Germany
502852,P10009,Cotton Bedsheet Set,Home & Kitchen,1,2026-04-10,1519.89,CUST00796,Germany
501465,P10031,Notebook Set,Stationery & Office,3,2025-03-21,268.52,CUST00414, United Kingdom 
502949,P10020,Herbal Shampoo,Beauty & Personal Care,3,2025-11-01,1426.26,CUST00824,india
500267,P10010,Insulated Water Bottle,Home & Kitchen,5,2025-10-27,396.84,CUST00106,INDIA
500323,P10005,Power Bank 10000mAh,Electronics,5,2025-07-20,1034.93,CUST00124,India
502043,P10021,Lip Balm Set,Beauty & Personal Care,2,2025-03-10,652.97,CUST00567,India
501310,P10024,Beard Trimmer,Beauty & Personal Care,3,2025-05-26,700.79,CUST00353,United Kingdom
501308,P10027,Water Bottle Sipper,Sports & Outdoors,3,2025-08-23,2203.72,CUST00353,United Kingdom
501532,P10013,Cotton T-Shirt,Apparel,5,2025-03-31,1190.46,CUST00437,India
501401,P10018,Yoga Pants,Apparel,4,2026-02-02,608.28,CUST00391,Singapore
502474,P10013,Cotton T-Shirt,Apparel,2,2025-07-07,1190.46,CUST00706,Singapore
502573,P10009,Cotton Bedsheet Set,Home & Kitchen,3,2026-03-14,1519.89,CUST00731,India
502480,P10024,Beard Trimmer,Beauty & Personal Care,2,2025-08-06,700.79,CUST00706,Singapore
501079,P10001,Wireless Earbuds,Electronics,-4,2025-02-19,606.94,CUST00300,India
502506,P10015,Running Shoes,Apparel,3,2025-12-07,980.3,CUST00707,India
502637,P10020,Herbal Shampoo,Beauty & Personal Care,-5,2026-05-24,1426.26,CUST00748,INDIA
502595,P10015,Running Shoes,Apparel,1,2025-05-22,980.3,CUST00731,India
500655,P10016,Wool Sweater,Apparel,4,2025-06-02,1250.39,CUST00194,United Kingdom
502097,P10015,Running Shoes,Apparel,3,2025-04-25,980.3,CUST00579,India
502394,P10010,Insulated Water Bottle,Home & Kitchen,3,2025-02-01,396.84,CUST00680,Germany
501886,P10021,Lip Balm Set,Beauty & Personal Care,3,2025-06-04,652.97,CUST00530,Germany
501968,P10034,Sticky Notes Pack,Stationery & Office,1,2025-06-15,147.9,CUST00544,United Kingdom
501609,P10025,Yoga Mat,Sports & Outdoors,1,2025-06-25,270.08,CUST00448,united states
500355,P10036,Backpack,Stationery & Office,-4,2026-03-14,218.62,CUST00126, India 
500757,P10018,Yoga Pants,Apparel,1,2025-07-06,608.28,CUST00216,India
502740,P10026,Resistance Bands Set,Sports & Outdoors,3,2026-01-10,636.23,CUST00770,Germany
500672,P10020,Herbal Shampoo,Beauty & Personal Care,2,2025-03-13,1426.26,CUST00198,Germany
502152,P10027,Water Bottle Sipper,Sports & Outdoors,4,2026-05-25,2203.72,CUST00584,India
500106,P10002,Bluetooth Speaker,Electronics,2,2025-07-12,2723.88,CUST00046,United Kingdom
502529,P10015,Running Shoes,Apparel,5,2026-01-20,980.3,CUST00720,United States
501285,P10030,Cycling Gloves,Sports & Outdoors,2,2026-05-26,820.52,CUST00345,India
502285,P10022,Sunscreen SPF50,Beauty & Personal Care,3,2026-02-26,514.51,CUST00640,India
501749,P10010,Insulated Water Bottle,Home & Kitchen,3,2025-03-10,396.84,CUST00485,United Kingdom
500819,P10002,Bluetooth Speaker,Electronics,2,2026-02-09,2723.88,CUST00219,United Kingdom
502696,P10035,Whiteboard Marker Set,Stationery & Office,4,2025-09-15,808.92,CUST00754,India
502835,P10024,Beard Trimmer,Beauty & Personal Care,3,2025-10-21,700.79,CUST00787,United Kingdom
501881,P10003,Phone Case,Electronics,3,2025-04-13,1049.71,CUST00530, Germany 
500849,P10036,Backpack,Stationery & Office,2,2025-12-30,218.62,CUST00230,united kingdom
501219,P10010,Insulated Water Bottle,Home & Kitchen,4,2026-05-12,396.84,CUST00332,United States
500612,P10019,Face Serum,Beauty & Personal Care,3,2026-01-06,1312.41,CUST00187,United States
502935,P10008,LED Desk Lamp,Home & Kitchen,3,2026-03-06,1311.15,CUST00815,Germany
501750,P10024,Beard Trimmer,Beauty & Personal Care,5,2025-09-20,700.79,CUST00485,United Kingdom
502066,P10023,Hair Dryer,Beauty & Personal Care,5,2025-04-27,1018.4,CUST00572,United States
501217,P10003,Phone Case,Electronics,1,2026-03-01,1049.71,CUST00331,India
502234,P10013,Cotton T-Shirt,Apparel,5,2025-10-22,1190.46,CUST00626,india
500126,P10001,,Electronics,4,2026-05-17,606.94,CUST00047,INDIA
502707,P10002,Bluetooth Speaker,Electronics,1,2025-09-27,2723.88,,united states
500878,P10006,Smartwatch Band,Electronics,2,2026-01-18,990.13,CUST00237,India
502844,P10018,Yoga Pants,Apparel,5,2025-08-10,608.28,CUST00790,UAE
500669,P10005,Power Bank 10000mAh,Electronics,5,2025-03-26,1034.93,CUST00198,Germany
502384,P10029,Badminton Racket,Sports & Outdoors,4,2025-04-14,274.87,CUST00676,Singapore
502406,P10004,USB-C Cable,Electronics,3,2026-01-06,3182.97,CUST00687,United Kingdom
501138,P10032,Gel Pen Pack,Stationery & Office,-2,2025-09-30,687.3,CUST00312,india
502439,P10019,Face Serum,Beauty & Personal Care,4,2026-01-19,1312.41,CUST00699,India
500036,P10020,Herbal Shampoo,Beauty & Personal Care,1,2025-03-26,1426.26,CUST00018,India
500677,P10029,Badminton Racket,Sports & Outdoors,1,2025-06-21,274.87,CUST00199,germany
501836,P10022,Sunscreen SPF50,Beauty & Personal Care,2,2025-07-13,514.51,CUST00509,UAE
500384,P10004,USB-C Cable,Electronics,2,2025-12-16,3182.97,CUST00133,India
502821,P10035,Whiteboard Marker Set,Stationery & Office,3,2025-12-08,808.92,CUST00784,India
500011,P10032,Gel Pen Pack,Stationery & Office,2,2026-05-14,687.3,CUST00006,India
500752,P10017,Formal Shirt,Apparel,5,2026-02-16,562.91,CUST00215,UNITED STATES
502677,P10008,LED Desk Lamp,Home & Kitchen,2,2025-06-09,1311.15,CUST00753,United Kingdom
500665,P10013,Cotton T-Shirt,Apparel,1,2026-01-22,1190.46,CUST00195, India 
503046,P10020,Herbal Shampoo,Beauty & Personal Care,1,2025-03-25,1426.26,CUST00842,UNITED KINGDOM
501442,P10034,Sticky Notes Pack,Stationery & Office,3,2025-05-02,147.9,CUST00400,United States
501034,P10028,Camping Torch,Sports & Outdoors,3,2025-02-25,2043.99,CUST00289,India
500834,P10026,Resistance Bands Set,Sports & Outdoors,2,2025-06-03,636.23,CUST00223,India
501301,P10034,Sticky Notes Pack,Stationery & Office,3,2026-02-10,147.9,,United Kingdom
502117,P10030,Cycling Gloves,Sports & Outdoors,2,2025-02-05,820.52,CUST00579,India
502477,P10029,Badminton Racket,Sports & Outdoors,1,2026-06-21,274.87,CUST00706,Singapore
500825,P10005,Power Bank 10000mAh,Electronics,3,2025-12-17,1034.93,,United Kingdom
503027,P10018,Yoga Pants,Apparel,2,2025-03-30,608.28,CUST00833,india
502122,P10010,Insulated Water Bottle,Home & Kitchen,3,2025-12-23,396.84,CUST00581,India
501215,P10026,Resistance Bands Set,Sports & Outdoors,1,2025-04-06,636.23,CUST00329, India 
500879,P10035,Whiteboard Marker Set,Stationery & Office,5,2026-04-01,808.92,CUST00237,INDIA
500066,P10004,USB-C Cable,Electronics,-1,2025-03-30,3182.97,CUST00032,India
500247,P10002,Bluetooth Speaker,Electronics,5,2025-10-08,2723.88,CUST00098,INDIA
501532,P10031,Notebook Set,Stationery & Office,4,2025-03-31,268.52,CUST00437,india
500579,P10024,Beard Trimmer,Beauty & Personal Care,1,2025-08-21,700.79,CUST00176,India
502589,P10017,Formal Shirt,Apparel,3,2026-06-20,562.91,CUST00731,India
501279,P10019,Face Serum,Beauty & Personal Care,5,2025-12-08,1312.41,CUST00344,India
500083,P10006,Smartwatch Band,Electronics,5,2025-11-05,990.13,CUST00035,Singapore
500275,P10004,USB-C Cable,Electronics,3,2025-03-09,3182.97,CUST00111,India
501526,P10015,Running Shoes,Apparel,5,2026-06-18,980.3,CUST00435,India
501890,P10034,Sticky Notes Pack,Stationery & Office,2,2026-03-22,147.9,CUST00530,Germany
502621,P10019,Face Serum,Beauty & Personal Care,5,2025-10-27,1312.41,CUST00739,india
502282,P10008,LED Desk Lamp,Home & Kitchen,2,2025-01-31,1311.15,CUST00638,india
500665,P10023,Hair Dryer,Beauty & Personal Care,2,2026-01-22,1018.4,CUST00195,India
500945,P10008,LED Desk Lamp,Home & Kitchen,4,2026-01-12,1311.15,CUST00264,India
503074,P10008,LED Desk Lamp,Home & Kitchen,2,2025-07-26,1311.15,CUST00842,United Kingdom
500374,P10017,Formal Shirt,Apparel,2,2026-01-28,562.91,CUST00130,India
500630,P10002,Bluetooth Speaker,Electronics,5,2025-05-23,2723.88,CUST00189,India
501282,P10006,Smartwatch Band,Electronics,2,2026-03-31,990.13,CUST00345,India
501747,P10007,Non-Stick Pan,Home & Kitchen,4,2026-05-07,331.24,CUST00483,India
502280,P10002,Bluetooth Speaker,Electronics,5,2025-11-10,2723.88,CUST00636,INDIA
502005,P10007,Non-Stick Pan,Home & Kitchen,3,2026-03-20,331.24,CUST00556,India
502433,P10030,Cycling Gloves,Sports & Outdoors,5,2026-04-16,820.52,CUST00699,India
502289,P10018,Yoga Pants,Apparel,2,2026-04-18,608.28,CUST00643,India
502163,P10019,Face Serum,Beauty & Personal Care,3,2026-04-12,1312.41,CUST00587,India
501802,P10031,Notebook Set,Stationery & Office,4,2026-04-14,268.52,CUST00497,United Kingdom
501757,P10006,Smartwatch Band,Electronics,2,2025-05-23,990.13,CUST00485,United Kingdom
501888,P10004,USB-C Cable,Electronics,1,2025-11-19,3182.97,CUST00530,germany
500875,P10009,Cotton Bedsheet Set,Home & Kitchen,2,2026-02-09,1519.89,CUST00236,United States
502145,P10025,Yoga Mat,Sports & Outdoors,3,2026-06-06,270.08,CUST00583, India 
502086,P10023,Hair Dryer,Beauty & Personal Care,1,2025-06-27,1018.4,CUST00579,india
502510,P10022,Sunscreen SPF50,Beauty & Personal Care,2,2025-08-03,514.51,CUST00709,India
501182,P10018,Yoga Pants,Apparel,4,2026-04-02,608.28,CUST00324,India
502547,P10023,Hair Dryer,Beauty & Personal Care,4,2025-11-19,1018.4,CUST00727, India 
502182,P10023,Hair Dryer,Beauty & Personal Care,3,2025-11-03,1018.4,CUST00595,Germany
500850,P10005,Power Bank 10000mAh,Electronics,5,2026-02-23,1034.93,CUST00231,United States
500125,P10031,Notebook Set,Stationery & Office,5,2025-08-17,268.52,CUST00047,india
501739,P10027,Water Bottle Sipper,Sports & Outdoors,2,2026-02-26,2203.72,CUST00481,United Kingdom
502684,P10025,Yoga Mat,Sports & Outdoors,2,2025-08-11,270.08,CUST00753,United Kingdom
501578,P10034,Sticky Notes Pack,Stationery & Office,4,2025-01-13,147.9,CUST00448,United States
501658,P10006,Smartwatch Band,Electronics,1,2025-03-01,990.13,CUST00463,United States
502688,P10031,Notebook Set,Stationery & Office,3,2026-03-14,268.52,CUST00753,united kingdom
501871,P10013,Cotton T-Shirt,Apparel,1,2025-02-20,1190.46,CUST00524,Germany
500636,P10002,Bluetooth Speaker,Electronics,3,2026-05-25,2723.88,CUST00189,India
502957,P10001,Wireless Earbuds,Electronics,2,2025-05-22,606.94,CUST00828,India
500091,P10014,Denim Jacket,Apparel,3,2025-04-13,1048.3,CUST00037,India
501789,P10009,Cotton Bedsheet Set,Home & Kitchen,1,2025-09-10,1519.89,CUST00497,United Kingdom
501341,P10012,Storage Organizer,Home & Kitchen,3,2025-11-05,1268.9,CUST00362,United Kingdom
502438,P10022,Sunscreen SPF50,Beauty & Personal Care,4,2026-04-14,514.51,CUST00699,India
500045,P10015,Running Shoes,Apparel,1,2026-06-08,980.3,CUST00020,India
500595,P10033,Desk Organizer,Stationery & Office,4,2026-02-27,67.73,CUST00176,India
502545,P10036,Backpack,Stationery & Office,4,2025-01-11,218.62,CUST00726,GERMANY
502049,P10009,Cotton Bedsheet Set,Home & Kitchen,2,2025-06-11,1519.89,CUST00568,India
502895,P10021,Lip Balm Set,Beauty & Personal Care,3,2025-01-23,652.97,CUST00804,United Kingdom
502579,P10010,Insulated Water Bottle,Home & Kitchen,4,2025-09-28,396.84,CUST00731, India 
500677,P10030,Cycling Gloves,Sports & Outdoors,2,2025-06-21,820.52,CUST00199,GERMANY
500011,P10027,Water Bottle Sipper,Sports & Outdoors,1,2026-05-14,2203.72,CUST00006,INDIA
502998,P10025,Yoga Mat,Sports & Outdoors,1,2025-11-03,270.08,CUST00830,India
501404,P10017,Formal Shirt,Apparel,1,2025-08-17,562.91,CUST00392,India
500804,P10034,Sticky Notes Pack,Stationery & Office,4,2025-09-19,147.9,CUST00219,United Kingdom
501935,P10004,USB-C Cable,Electronics,1,2025-05-03,3182.97,CUST00539,India
503050,P10009,Cotton Bedsheet Set,Home & Kitchen,5,2025-05-10,1519.89,CUST00842,united kingdom
502981,P10024,Beard Trimmer,Beauty & Personal Care,1,2025-09-17,700.79,CUST00830,India
502822,P10017,Formal Shirt,Apparel,5,2025-05-01,562.91,CUST00784,india
502439,P10005,Power Bank 10000mAh,Electronics,5,2026-01-19,1034.93,CUST00699,India
502026,P10020,Herbal Shampoo,Beauty & Personal Care,3,2025-05-10,1426.26,CUST00563,INDIA
500307,P10002,Bluetooth Speaker,Electronics,4,2026-05-06,2723.88,CUST00118,INDIA
500838,P10014,Denim Jacket,Apparel,2,2026-03-23,1048.3,CUST00225,INDIA
502404,P10017,Formal Shirt,Apparel,-2,2025-06-05,562.91,CUST00687,United Kingdom
500572,P10013,Cotton T-Shirt,Apparel,-4,2025-03-13,1190.46,CUST00175,United Kingdom
500631,P10028,Camping Torch,Sports & Outdoors,4,2025-05-18,2043.99,CUST00189,India
502377,P10012,Storage Organizer,Home & Kitchen,4,2025-08-23,1268.9,CUST00674,India
500907,P10020,Herbal Shampoo,Beauty & Personal Care,2,2026-04-11,1426.26,CUST00251,India
500283,P10027,Water Bottle Sipper,Sports & Outdoors,4,2025-11-07,2203.72,CUST00113,UAE
500488,P10017,Formal Shirt,Apparel,5,2026-03-31,562.91,CUST00163,United Kingdom
502715,P10031,Notebook Set,Stationery & Office,5,2025-07-11,268.52,CUST00760,United States
503031,P10006,Smartwatch Band,Electronics,2,2025-05-20,990.13,CUST00833,India
502900,P10008,LED Desk Lamp,Home & Kitchen,1,2025-05-04,1311.15,CUST00806,United States
501626,P10002,Bluetooth Speaker,Electronics,3,2025-10-12,2723.88,CUST00449, India 
502527,P10024,Beard Trimmer,Beauty & Personal Care,5,2025-01-11,700.79,CUST00719,India
500227,P10002,Bluetooth Speaker,Electronics,3,2025-11-18,2723.88,CUST00086,India
502747,P10003,Phone Case,Electronics,4,2025-12-07,1049.71,CUST00773,India
500928,P10016,Wool Sweater,Apparel,1,2025-12-21,1250.39,CUST00260,India
502437,P10008,LED Desk Lamp,Home & Kitchen,2,2025-04-29,1311.15,CUST00699,India
502452,P10007,Non-Stick Pan,Home & Kitchen,3,2025-04-17,331.24,CUST00699,India
502713,P10011,Ceramic Mug Set,Home & Kitchen,5,2026-01-31,1993.94,CUST00759,Germany
501793,P10013,Cotton T-Shirt,Apparel,1,2025-09-05,1190.46,CUST00497,United Kingdom
500038,P10024,Beard Trimmer,Beauty & Personal Care,3,2025-06-04,700.79,CUST00019,india
501296,P10027,Water Bottle Sipper,Sports & Outdoors,5,2025-12-07,2203.72,CUST00351,India
500641,P10008,LED Desk Lamp,Home & Kitchen,4,2025-07-26,1311.15,CUST00189,India
501723,P10005,Power Bank 10000mAh,Electronics,1,2025-03-18,1034.93,CUST00475,India
503010,P10016,Wool Sweater,Apparel,4,2025-03-09,1250.39,CUST00833,India
502973,P10002,Bluetooth Speaker,Electronics,5,2025-09-10,2723.88,CUST00830,India
500559,P10001,Wireless Earbuds,Electronics,3,2025-12-16,606.94,CUST00171,United Kingdom
500644,P10008,LED Desk Lamp,Home & Kitchen,1,2025-04-08,1311.15,CUST00190,India
500880,P10029,Badminton Racket,Sports & Outdoors,4,2026-04-14,274.87,CUST00237, India 
501713,P10031,Notebook Set,Stationery & Office,2,2026-01-05,268.52,CUST00471,India
500985,P10035,Whiteboard Marker Set,Stationery & Office,5,2026-05-03,808.92,CUST00275,India
500334,P10009,Cotton Bedsheet Set,Home & Kitchen,1,2026-05-03,1519.89,CUST00126,India
502916,P10004,USB-C Cable,Electronics,-4,2025-03-27,3182.97,,INDIA
501259,P10002,Bluetooth Speaker,Electronics,5,2025-01-31,2723.88,CUST00343, India 
500710,P10018,Yoga Pants,Apparel,1,2025-12-01,608.28,CUST00203,India
501115,P10009,Cotton Bedsheet Set,Home & Kitchen,5,2026-02-08,1519.89,CUST00311,india
501527,P10018,Yoga Pants,Apparel,-3,2025-09-04,608.28,CUST00436,United States
501952,P10011,Ceramic Mug Set,Home & Kitchen,5,2025-09-06,1993.94,CUST00542,United Kingdom
501549,P10003,Phone Case,Electronics,4,2025-09-12,1049.71,CUST00439,United States
501633,P10005,Power Bank 10000mAh,Electronics,4,2026-01-04,1034.93,CUST00450,India
501608,P10011,Ceramic Mug Set,Home & Kitchen,2,2026-01-13,1993.94,CUST00448,united states
501374,P10020,Herbal Shampoo,Beauty & Personal Care,3,2026-02-03,1426.26,,India
502531,P10018,Yoga Pants,Apparel,5,2025-03-04,608.28,, India 
502256,P10011,Ceramic Mug Set,Home & Kitchen,4,2025-07-15,1993.94,CUST00632,Germany
502326,P10020,Herbal Shampoo,Beauty & Personal Care,4,2026-03-21,1426.26,CUST00659,UNITED KINGDOM
503047,P10013,Cotton T-Shirt,Apparel,3,2026-01-09,1190.46,CUST00842,United Kingdom
502965,P10032,Gel Pen Pack,Stationery & Office,4,2026-01-11,687.3,CUST00830,India
501422,P10018,Yoga Pants,Apparel,1,2026-01-28,608.28,CUST00392,India
501099,P10003,Phone Case,Electronics,5,2025-10-19,1049.71,CUST00309,united states
501081,P10002,Bluetooth Speaker,Electronics,5,2026-06-29,2723.88,CUST00300,India
502287,P10030,Cycling Gloves,Sports & Outdoors,2,2026-05-13,820.52,CUST00642,india
500796,P10012,Storage Organizer,Home & Kitchen,2,2025-12-18,1268.9,CUST00219,United Kingdom
503084,P10017,Formal Shirt,Apparel,2,2025-11-13,562.91,CUST00842,United Kingdom
502133,P10001,Wireless Earbuds,Electronics,2,2025-03-29,606.94,CUST00581,INDIA
500003,P10030,Cycling Gloves,Sports & Outdoors,2,2026-06-25,820.52,CUST00002,UAE
500372,P10001,Wireless Earbuds,Electronics,1,2025-09-02,606.94,CUST00130,India
501756,P10015,,Apparel,3,2025-06-20,980.3,CUST00485,United Kingdom
502938,P10003,Phone Case,Electronics,5,2025-12-10,1049.71,CUST00816,INDIA
501637,P10016,Wool Sweater,Apparel,5,2025-10-24,1250.39,CUST00452,united kingdom
502024,P10011,Ceramic Mug Set,Home & Kitchen,1,2026-04-09,1993.94,CUST00562,India
500913,P10019,Face Serum,Beauty & Personal Care,4,2025-05-17,1312.41,CUST00253,GERMANY
500945,P10016,Wool Sweater,Apparel,1,2026-01-12,1250.39,CUST00264, India 
502806,P10011,Ceramic Mug Set,Home & Kitchen,1,2025-07-08,1993.94,CUST00780,United Kingdom
501776,P10017,Formal Shirt,Apparel,1,2026-05-23,562.91,CUST00490,Germany
500768,P10014,Denim Jacket,Apparel,3,2025-10-23,1048.3,CUST00216,India
500640,P10015,Running Shoes,Apparel,2,2025-05-28,980.3,CUST00189,India
501737,P10014,Denim Jacket,Apparel,3,2025-07-29,1048.3,CUST00481,united kingdom
502431,P10009,Cotton Bedsheet Set,Home & Kitchen,3,2026-05-15,1519.89,CUST00699,India
500356,P10004,USB-C Cable,Electronics,1,2025-01-21,3182.97,CUST00127,UNITED STATES
501084,P10013,Cotton T-Shirt,Apparel,4,2026-06-12,1190.46,CUST00300,India
500736,P10015,Running Shoes,Apparel,1,2025-07-23,980.3,CUST00205,United Kingdom
500949,P10018,Yoga Pants,Apparel,1,2025-12-10,608.28,CUST00264, India 
502950,P10034,Sticky Notes Pack,Stationery & Office,1,2025-12-03,147.9,CUST00824,India
501900,P10020,Herbal Shampoo,Beauty & Personal Care,3,2025-12-03,1426.26,CUST00534,united kingdom
501381,P10033,Desk Organizer,Stationery & Office,1,2025-01-29,67.73,CUST00382,United Kingdom
502799,P10030,Cycling Gloves,Sports & Outdoors,4,2026-01-29,820.52,CUST00779,United States
501699,P10030,Cycling Gloves,Sports & Outdoors,1,2026-03-15,820.52,CUST00468,Germany
502615,P10023,Hair Dryer,Beauty & Personal Care,4,2026-01-05,1018.4,CUST00738,United States
500766,P10019,Face Serum,Beauty & Personal Care,4,2026-05-22,1312.41,CUST00216,India
501060,P10014,Denim Jacket,Apparel,2,2025-06-12,1048.3,CUST00295,India
501903,P10034,Sticky Notes Pack,Stationery & Office,1,2025-12-05,147.9,CUST00535,United States
501398,P10001,Wireless Earbuds,Electronics,2,2025-01-02,606.94,CUST00389,United States
502369,P10025,Yoga Mat,Sports & Outdoors,5,2025-05-03,270.08,CUST00671,India
500418,P10020,Herbal Shampoo,Beauty & Personal Care,4,2026-05-26,1426.26,CUST00138,United States
502685,P10009,Cotton Bedsheet Set,Home & Kitchen,5,2026-02-09,1519.89,CUST00753,united kingdom
500435,P10031,Notebook Set,Stationery & Office,3,2025-07-06,268.52,CUST00141,Singapore
501789,P10009,Cotton Bedsheet Set,Home & Kitchen,4,2025-09-10,1519.89,CUST00497,United Kingdom
500240,P10021,Lip Balm Set,Beauty & Personal Care,-4,2026-06-09,652.97,CUST00094,united kingdom
501281,P10014,Denim Jacket,Apparel,1,2025-06-11,1048.3,CUST00345,India
501860,P10018,Yoga Pants,Apparel,4,2026-03-18,608.28,CUST00521,UNITED KINGDOM
501256,P10009,Cotton Bedsheet Set,Home & Kitchen,5,2026-03-29,1519.89,CUST00343,india
500212,P10022,Sunscreen SPF50,Beauty & Personal Care,2,2025-10-21,514.51,CUST00082,United Kingdom
500674,P10009,Cotton Bedsheet Set,Home & Kitchen,1,2025-05-17,1519.89,CUST00199,Germany
500895,P10020,Herbal Shampoo,Beauty & Personal Care,2,2025-04-05,1426.26,CUST00245,India
501001,P10027,Water Bottle Sipper,Sports & Outdoors,5,2025-12-03,2203.72,CUST00281,GERMANY
501028,P10032,Gel Pen Pack,Stationery & Office,4,2026-05-20,687.3,,India
500286,P10017,Formal Shirt,Apparel,3,2025-02-09,562.91,CUST00113,UAE
502093,P10023,Hair Dryer,Beauty & Personal Care,2,2025-10-30,1018.4,CUST00579,india
500402,P10002,Bluetooth Speaker,Electronics,3,2026-01-14,2723.88,CUST00137,India
500670,P10033,Desk Organizer,Stationery & Office,3,2025-06-01,67.73,CUST00198,Germany
502208,P10034,Sticky Notes Pack,Stationery & Office,5,2025-03-10,147.9,CUST00614,INDIA
501134,P10028,Camping Torch,Sports & Outdoors,5,2026-06-18,2043.99,CUST00312,India
503014,P10031,Notebook Set,Stationery & Office,4,2025-02-20,268.52,CUST00833, India 
502376,P10008,LED Desk Lamp,Home & Kitchen,2,2025-04-10,1311.15,CUST00674,India
502089,P10010,Insulated Water Bottle,Home & Kitchen,2,2025-09-14,396.84,CUST00579,India
502890,P10015,Running Shoes,Apparel,1,2025-02-08,980.3,CUST00801,united states
502451,P10013,Cotton T-Shirt,Apparel,2,2025-01-25,1190.46,,India
501331,P10024,Beard Trimmer,Beauty & Personal Care,3,2026-06-22,700.79,CUST00358,United Kingdom
502145,P10028,Camping Torch,Sports & Outdoors,-4,2026-06-06,2043.99,CUST00583,India
502429,P10016,Wool Sweater,Apparel,4,2025-02-13,1250.39,CUST00699,India
500528,P10020,Herbal Shampoo,Beauty & Personal Care,5,2026-02-08,1426.26,CUST00169,India
500094,P10013,Cotton T-Shirt,Apparel,4,2025-01-03,0.0,CUST00038,India
501868,P10035,Whiteboard Marker Set,Stationery & Office,3,2025-06-22,808.92,CUST00523, Singapore 
502898,P10014,Denim Jacket,Apparel,4,2025-08-13,1048.3,CUST00805,India
501931,P10006,Smartwatch Band,Electronics,-2,2025-12-17,990.13,CUST00539,India
500173,P10001,Wireless Earbuds,Electronics,1,2025-05-12,606.94,CUST00063,germany
500332,P10006,Smartwatch Band,Electronics,2,2025-11-06,990.13,,India
500936,P10016,Wool Sweater,Apparel,1,2025-04-04,1250.39,CUST00261,United Kingdom
502576,P10014,Denim Jacket,Apparel,5,2025-06-15,1048.3,CUST00731,India
501684,P10013,Cotton T-Shirt,Apparel,5,2025-02-19,1190.46,CUST00463,United States
500913,P10035,Whiteboard Marker Set,Stationery & Office,2,2025-05-17,808.92,CUST00253,Germany
502138,P10032,Gel Pen Pack,Stationery & Office,5,2025-04-26,687.3,CUST00581,India
500890,P10029,Badminton Racket,Sports & Outdoors,5,2026-06-29,274.87,CUST00240,India
502181,P10009,Cotton Bedsheet Set,Home & Kitchen,-1,2025-08-10,1519.89,CUST00595,Germany
502508,P10034,Sticky Notes Pack,Stationery & Office,1,2026-04-10,147.9,CUST00709,India
501866,P10023,Hair Dryer,Beauty & Personal Care,1,2025-01-01,1018.4,CUST00522,India
500705,P10036,Backpack,Stationery & Office,2,2026-03-05,218.62,CUST00203, India 
500323,P10009,Cotton Bedsheet Set,Home & Kitchen,2,2025-07-20,1519.89,CUST00124,India
501652,P10032,Gel Pen Pack,Stationery & Office,4,2025-07-19,687.3,CUST00459,India
501849,P10031,Notebook Set,Stationery & Office,4,2025-07-05,268.52,CUST00515,India
501654,P10008,LED Desk Lamp,Home & Kitchen,-2,2026-01-23,1311.15,CUST00459, India 
502295,P10019,Face Serum,Beauty & Personal Care,4,2026-05-29,1312.41,CUST00646,Germany
500130,P10016,Wool Sweater,Apparel,3,2025-03-22,1250.39,CUST00047,India
502209,P10033,Desk Organizer,Stationery & Office,2,2026-05-23,67.73,CUST00614,India
502510,P10020,Herbal Shampoo,Beauty & Personal Care,1,2025-08-03,1426.26,CUST00709,India
500025,P10010,Insulated Water Bottle,Home & Kitchen,3,2025-10-23,396.84,CUST00012,SINGAPORE
501613,P10032,Gel Pen Pack,Stationery & Office,3,2026-04-29,687.3,CUST00448,united states
501568,P10027,Water Bottle Sipper,Sports & Outdoors,4,2025-08-17,2203.72,CUST00446,UAE
502769,P10008,LED Desk Lamp,Home & Kitchen,1,2025-06-27,1311.15,CUST00779,United States
500172,P10007,Non-Stick Pan,Home & Kitchen,3,2025-03-30,331.24,CUST00063,Germany
500898,P10019,Face Serum,Beauty & Personal Care,1,2026-02-10,1312.41,CUST00246,UAE
501241,P10006,Smartwatch Band,Electronics,5,2025-03-02,990.13,CUST00338,United States
503035,P10025,Yoga Mat,Sports & Outdoors,3,2026-04-16,270.08,CUST00836,India
500364,P10013,Cotton T-Shirt,Apparel,1,2025-10-09,1190.46,CUST00127,United States
502745,P10029,Badminton Racket,Sports & Outdoors,5,2025-07-12,274.87,CUST00771,India
502463,P10001,Wireless Earbuds,Electronics,2,2025-03-02,606.94,CUST00704, India 
502953,P10005,Power Bank 10000mAh,Electronics,3,2025-11-24,1034.93,CUST00827,India
501206,P10017,Formal Shirt,Apparel,2,2026-06-27,562.91,CUST00325,UAE
500244,P10019,Face Serum,Beauty & Personal Care,3,2025-09-24,1312.41,CUST00096,India
501043,P10016,Wool Sweater,Apparel,5,2026-02-05,1250.39,CUST00293,GERMANY
502803,P10011,Ceramic Mug Set,Home & Kitchen,2,2026-01-30,1993.94,CUST00780,United Kingdom
502082,P10010,Insulated Water Bottle,Home & Kitchen,1,2025-08-21,396.84,CUST00579,India
502048,P10032,Gel Pen Pack,Stationery & Office,2,2025-02-04,687.3,CUST00567,India
501546,P10022,Sunscreen SPF50,Beauty & Personal Care,1,2025-11-17,514.51,CUST00439,United States
500846,P10033,Desk Organizer,Stationery & Office,1,2026-01-29,67.73,CUST00229,Germany
501897,P10015,Running Shoes,Apparel,4,2025-04-16,980.3,CUST00534,United Kingdom
501746,P10015,Running Shoes,Apparel,3,2025-09-14,980.3,CUST00482,United Kingdom
501099,P10017,Formal Shirt,Apparel,2,2025-10-19,562.91,CUST00309, United States 
500681,P10017,Formal Shirt,Apparel,1,2026-03-26,562.91,CUST00199,Germany
500779,P10034,Sticky Notes Pack,Stationery & Office,1,2029-01-01,147.9,CUST00218,UNITED STATES
500866,P10009,Cotton Bedsheet Set,Home & Kitchen,1,2025-08-08,1519.89,CUST00236,UNITED STATES
501829,P10026,Resistance Bands Set,Sports & Outdoors,2,2026-05-07,636.23,CUST00503,India
501862,P10012,Storage Organizer,Home & Kitchen,1,2025-08-15,1268.9,CUST00521,United Kingdom
502756,P10012,Storage Organizer,Home & Kitchen,4,2026-06-03,1268.9,CUST00777,India
501283,P10012,Storage Organizer,Home & Kitchen,2,2025-01-08,1268.9,CUST00345,India
501752,P10022,Sunscreen SPF50,Beauty & Personal Care,4,2025-07-05,514.51,CUST00485,United Kingdom
502340,P10022,Sunscreen SPF50,Beauty & Personal Care,2,2026-05-04,514.51,CUST00664,India
501121,P10002,,Electronics,1,2025-12-19,2723.88,CUST00311,India
501147,P10031,Notebook Set,Stationery & Office,1,2025-08-16,268.52,CUST00316,United Kingdom
501100,P10007,Non-Stick Pan,Home & Kitchen,3,2025-03-17,331.24,CUST00310,India
500449,P10012,Storage Organizer,Home & Kitchen,4,2025-08-24,1268.9,CUST00144,India
501932,P10019,Face Serum,Beauty & Personal Care,4,2025-01-20,1312.41,CUST00539,India
502313,P10036,Backpack,Stationery & Office,3,2025-05-31,218.62,CUST00656,India
501991,P10006,Smartwatch Band,Electronics,3,2025-07-05,990.13,CUST00555,Germany
500303,P10018,Yoga Pants,Apparel,4,2025-02-17,608.28,CUST00117,United States
501516,P10005,Power Bank 10000mAh,Electronics,4,2025-09-22,1034.93,CUST00429,India
501472,P10034,Sticky Notes Pack,Stationery & Office,5,2026-05-05,147.9,CUST00416,INDIA
501232,P10023,Hair Dryer,Beauty & Personal Care,3,2026-01-29,1018.4,CUST00335,India
502837,P10006,Smartwatch Band,Electronics,3,2025-01-12,990.13,CUST00788, India 
502729,P10021,Lip Balm Set,Beauty & Personal Care,3,2025-08-03,652.97,CUST00765,India
501778,P10020,Herbal Shampoo,Beauty & Personal Care,1,2026-02-21,1426.26,CUST00490,Germany
500969,P10017,Formal Shirt,Apparel,5,2025-08-13,562.91,CUST00270,india
500108,P10026,Resistance Bands Set,Sports & Outdoors,1,2026-01-02,636.23,CUST00046,united kingdom
503064,P10014,Denim Jacket,Apparel,3,2025-01-15,1048.3,CUST00842,United Kingdom
502710,P10024,Beard Trimmer,Beauty & Personal Care,5,2026-01-07,700.79,,UNITED KINGDOM
502017,P10022,Sunscreen SPF50,Beauty & Personal Care,2,2025-08-08,514.51,CUST00561,United States
501476,P10029,Badminton Racket,Sports & Outdoors,2,2026-04-28,274.87,CUST00416,India
500692,P10026,Resistance Bands Set,Sports & Outdoors,3,2025-04-27,636.23,,India
502515,P10008,LED Desk Lamp,Home & Kitchen,-4,2025-08-20,1311.15,CUST00713,India
503013,P10026,Resistance Bands Set,Sports & Outdoors,2,2025-11-30,636.23,CUST00833,India
502776,P10035,Whiteboard Marker Set,Stationery & Office,4,2026-05-06,808.92,CUST00779,United States
502570,P10030,Cycling Gloves,Sports & Outdoors,2,2025-03-19,820.52,CUST00731,INDIA
500022,P10008,LED Desk Lamp,Home & Kitchen,2,2026-01-17,1311.15,CUST00010,United States
502088,P10030,Cycling Gloves,Sports & Outdoors,5,2025-08-05,820.52,CUST00579,India
500863,P10015,Running Shoes,Apparel,3,2025-03-02,980.3,CUST00235,INDIA
500626,P10019,Face Serum,Beauty & Personal Care,4,2026-04-16,1312.41,CUST00189,India
502024,P10009,Cotton Bedsheet Set,Home & Kitchen,4,2026-04-09,1519.89,CUST00562,India
501093,P10015,Running Shoes,Apparel,1,2025-02-04,980.3,CUST00305,United States
502653,P10020,Herbal Shampoo,Beauty & Personal Care,4,2025-07-28,1426.26,CUST00753,United Kingdom
501268,P10011,Ceramic Mug Set,Home & Kitchen,1,2025-08-31,1993.94,CUST00343,India
501303,P10035,Whiteboard Marker Set,Stationery & Office,4,2025-04-28,808.92,CUST00353,United Kingdom
503090,P10024,Beard Trimmer,Beauty & Personal Care,4,2025-01-09,700.79,CUST00843,India
502763,P10006,Smartwatch Band,Electronics,5,2025-05-24,990.13,CUST00779,united states
500077,P10018,Yoga Pants,Apparel,5,2025-05-07,608.28,CUST00034,UAE
500641,P10017,Formal Shirt,Apparel,2,2025-07-26,562.91,CUST00189,India
500720,P10027,Water Bottle Sipper,Sports & Outdoors,5,2026-01-17,2203.72,CUST00203,India
501724,P10015,Running Shoes,Apparel,5,2025-10-12,980.3,CUST00475,INDIA
501578,P10011,Ceramic Mug Set,Home & Kitchen,4,2025-01-13,1993.94,CUST00448,UNITED STATES
502393,P10033,Desk Organizer,Stationery & Office,5,2025-10-28,67.73,CUST00679,Singapore
502400,P10008,LED Desk Lamp,Home & Kitchen,3,2025-11-08,1311.15,CUST00684,United Kingdom
500048,P10017,Formal Shirt,Apparel,1,2025-11-07,562.91,CUST00021, United Kingdom 
501292,P10009,Cotton Bedsheet Set,Home & Kitchen,1,2025-09-21,1519.89,CUST00350,United Kingdom
500875,P10003,Phone Case,Electronics,4,2026-02-09,1049.71,CUST00236,United States
500600,P10007,Non-Stick Pan,Home & Kitchen,5,2025-02-26,331.24,CUST00177,United Kingdom
502276,P10007,Non-Stick Pan,Home & Kitchen,5,2025-09-14,331.24,CUST00636,India
500893,P10022,Sunscreen SPF50,Beauty & Personal Care,1,2025-06-20,514.51,CUST00243,UAE
501815,P10002,Bluetooth Speaker,Electronics,2,2026-05-26,2723.88,CUST00503,India
501376,P10024,Beard Trimmer,Beauty & Personal Care,2,2025-04-17,700.79,CUST00378,India
502900,P10032,Gel Pen Pack,Stationery & Office,-1,2025-05-04,687.3,,United States
500575,P10014,Denim Jacket,Apparel,5,2025-04-10,1048.3,CUST00176,India
502776,P10018,Yoga Pants,Apparel,5,2026-05-06,608.28,CUST00779,United States
503053,P10001,Wireless Earbuds,Electronics,4,2026-02-05,606.94,CUST00842,United Kingdom
502644,P10031,Notebook Set,Stationery & Office,5,2025-06-19,268.52,CUST00749,UAE
501469,P10013,Cotton T-Shirt,Apparel,1,2025-12-29,1190.46,CUST00416,India
500366,P10005,Power Bank 10000mAh,Electronics,4,2025-05-23,1034.93,CUST00127,united states
501015,P10012,Storage Organizer,Home & Kitchen,4,2025-12-19,1268.9,CUST00286,India
500802,P10016,Wool Sweater,Apparel,2,2025-01-17,1250.39,CUST00219,United Kingdom
500633,P10032,Gel Pen Pack,Stationery & Office,3,2025-03-06,687.3,CUST00189,India
501379,P10010,Insulated Water Bottle,Home & Kitchen,1,2025-02-19,396.84,CUST00381,India
502607,P10009,Cotton Bedsheet Set,Home & Kitchen,4,2025-09-25,1519.89,CUST00737,India
502576,P10029,Badminton Racket,Sports & Outdoors,1,2025-06-15,274.87,CUST00731,India
500008,P10027,Water Bottle Sipper,Sports & Outdoors,3,2025-11-14,2203.72,CUST00005,India
502135,P10027,Water Bottle Sipper,Sports & Outdoors,1,2026-02-05,2203.72,CUST00581,India
500668,P10004,USB-C Cable,Electronics,1,2026-03-14,3182.97,CUST00198,GERMANY
502406,P10016,Wool Sweater,Apparel,5,2026-01-06,1250.39,CUST00687, United Kingdom 
501784,P10007,Non-Stick Pan,Home & Kitchen,5,2026-03-20,331.24,CUST00493,INDIA
500879,P10019,Face Serum,Beauty & Personal Care,5,2026-04-01,1312.41,CUST00237, India 
500025,P10015,Running Shoes,Apparel,5,2029-01-01,980.3,CUST00012,singapore
501936,P10029,Badminton Racket,Sports & Outdoors,5,2025-03-18,274.87,CUST00540,India
502209,P10017,Formal Shirt,Apparel,3,2026-05-23,562.91,CUST00614,India
500054,P10003,Phone Case,Electronics,2,2026-02-17,1049.71,CUST00025,INDIA
501926,P10022,Sunscreen SPF50,Beauty & Personal Care,2,2026-01-28,514.51,CUST00539,India
501822,P10005,Power Bank 10000mAh,Electronics,3,2025-07-16,1034.93,CUST00503,INDIA
502450,P10005,Power Bank 10000mAh,Electronics,2,2025-10-20,1034.93,CUST00699,India
500092,P10021,Lip Balm Set,Beauty & Personal Care,4,2025-11-17,652.97,CUST00037,India
500609,P10004,USB-C Cable,Electronics,1,2025-11-14,3182.97,CUST00184,Germany
501332,P10034,Sticky Notes Pack,Stationery & Office,2,2025-02-28,147.9,CUST00358,united kingdom
502328,P10027,Water Bottle Sipper,Sports & Outdoors,1,2025-02-04,2203.72,CUST00659,United Kingdom
500991,P10001,Wireless Earbuds,Electronics,1,2026-02-22,606.94,CUST00278,United Kingdom
500395,P10024,Beard Trimmer,Beauty & Personal Care,2,2026-01-21,700.79,CUST00136,India
500795,P10028,Camping Torch,Sports & Outdoors,1,2025-05-25,2043.99,CUST00219,United Kingdom
500265,P10034,Sticky Notes Pack,Stationery & Office,4,2026-06-06,147.9,CUST00105,UAE
502936,P10002,Bluetooth Speaker,Electronics,2,2026-06-17,2723.88,CUST00815,Germany
500206,P10036,Backpack,Stationery & Office,3,2025-11-25,218.62,CUST00078,India
502643,P10009,Cotton Bedsheet Set,Home & Kitchen,2,2026-04-19,1519.89,CUST00749,UAE
502861,P10016,Wool Sweater,Apparel,2,2025-11-11,1250.39,CUST00796,Germany
500235,P10024,Beard Trimmer,Beauty & Personal Care,3,2025-07-15,700.79,CUST00091,India
501294,P10022,Sunscreen SPF50,Beauty & Personal Care,5,2026-01-12,514.51,CUST00351,India
502111,P10012,Storage Organizer,Home & Kitchen,-4,2025-03-29,1268.9,CUST00579,India
501960,P10001,Wireless Earbuds,Electronics,5,2026-06-22,606.94,CUST00542, United Kingdom 
501251,P10026,Resistance Bands Set,Sports & Outdoors,-5,2026-06-20,636.23,CUST00340,India
501439,P10030,Cycling Gloves,Sports & Outdoors,5,2025-05-09,820.52,CUST00397,Germany
500025,P10036,Backpack,Stationery & Office,4,2025-10-23,218.62,CUST00012,Singapore
501025,P10012,Storage Organizer,Home & Kitchen,4,2025-11-26,1268.9,CUST00286,india
502449,P10030,Cycling Gloves,Sports & Outdoors,3,2025-08-03,820.52,CUST00699,India
502509,P10009,Cotton Bedsheet Set,Home & Kitchen,3,2025-05-27,1519.89,CUST00709,India
501251,P10013,Cotton T-Shirt,Apparel,2,2026-06-20,1190.46,CUST00340,India
500535,P10005,Power Bank 10000mAh,Electronics,5,2026-01-21,1034.93,CUST00169,India
502628,P10005,Power Bank 10000mAh,Electronics,5,2025-11-24,1034.93,CUST00743,United States
501642,P10026,Resistance Bands Set,Sports & Outdoors,5,2025-06-05,636.23,CUST00456,India
501625,P10010,Insulated Water Bottle,Home & Kitchen,1,2026-01-14,396.84,CUST00449,India
502154,P10031,Notebook Set,Stationery & Office,1,2025-04-25,268.52,,united kingdom
500139,P10024,Beard Trimmer,Beauty & Personal Care,2,2025-03-08,700.79,CUST00050,INDIA
500400,P10027,Water Bottle Sipper,Sports & Outdoors,1,2026-05-28,2203.72,CUST00137,India
502818,P10033,Desk Organizer,Stationery & Office,3,2026-01-27,67.73,CUST00783,india
501628,P10003,Phone Case,Electronics,2,2025-02-19,1049.71,CUST00449,India
502935,P10004,USB-C Cable,Electronics,3,2026-03-06,3182.97,CUST00815,Germany
502587,P10023,Hair Dryer,Beauty & Personal Care,4,2025-07-13,1018.4,CUST00731,India
502169,P10031,Notebook Set,Stationery & Office,4,2025-11-03,268.52,CUST00591,india
500387,P10021,Lip Balm Set,Beauty & Personal Care,2,2025-02-15,652.97,CUST00133, India 
502496,P10001,Wireless Earbuds,Electronics,2,2025-02-01,606.94,CUST00706,Singapore
500696,P10013,Cotton T-Shirt,Apparel,1,2025-10-09,1190.46,CUST00203,INDIA
500761,P10010,Insulated Water Bottle,Home & Kitchen,1,2026-03-22,396.84,CUST00216,India
501426,P10004,USB-C Cable,Electronics,2,2025-02-11,3182.97,CUST00392,India
502667,P10013,Cotton T-Shirt,Apparel,2,2025-08-06,1190.46,CUST00753,United Kingdom
501840,P10032,Gel Pen Pack,Stationery & Office,4,2026-02-06,687.3,CUST00510,United States
501988,P10029,Badminton Racket,Sports & Outdoors,2,2025-10-15,274.87,CUST00554,United Kingdom
500344,P10002,Bluetooth Speaker,Electronics,1,2026-03-24,2723.88,CUST00126,India
503020,P10001,Wireless Earbuds,Electronics,2,2025-09-10,606.94,CUST00833,India
500090,P10012,Storage Organizer,Home & Kitchen,1,2025-11-21,1268.9,CUST00037,India
500973,P10021,Lip Balm Set,Beauty & Personal Care,1,2026-02-19,652.97,CUST00272,United States
500660,P10018,Yoga Pants,Apparel,2,2025-12-04,0.0,CUST00194,UNITED KINGDOM
501344,P10027,Water Bottle Sipper,Sports & Outdoors,1,2025-06-07,2203.72,CUST00363,India
501739,P10009,Cotton Bedsheet Set,Home & Kitchen,3,2026-02-26,1519.89,CUST00481,United Kingdom
500263,P10016,Wool Sweater,Apparel,1,2025-06-20,1250.39,CUST00105,uae
502269,P10028,Camping Torch,Sports & Outdoors,3,2025-12-03,2043.99,CUST00634,India
501452,P10035,Whiteboard Marker Set,Stationery & Office,2,2026-03-10,808.92,CUST00408,india
500839,P10030,Cycling Gloves,Sports & Outdoors,5,2025-04-17,820.52,CUST00225,India
502864,P10006,Smartwatch Band,Electronics,2,2026-01-28,990.13,CUST00796,Germany
500354,P10034,Sticky Notes Pack,Stationery & Office,2,2026-02-03,147.9,CUST00126,India
500782,P10020,Herbal Shampoo,Beauty & Personal Care,5,2025-09-28,1426.26,CUST00218,United States
500183,P10013,Cotton T-Shirt,Apparel,-2,2026-04-24,1190.46,CUST00066,India
500859,P10016,Wool Sweater,Apparel,3,2025-01-30,1250.39,CUST00235,India
503103,P10031,Notebook Set,Stationery & Office,3,2025-10-31,268.52,CUST00850,United Kingdom
501693,P10036,Backpack,Stationery & Office,2,2025-11-29,218.62,CUST00465,singapore
500218,P10011,Ceramic Mug Set,Home & Kitchen,1,2026-05-20,1993.94,CUST00086,INDIA
502885,P10025,Yoga Mat,Sports & Outdoors,4,2025-08-18,270.08,CUST00801,United States
502153,P10009,Cotton Bedsheet Set,Home & Kitchen,2,2025-02-09,1519.89,CUST00585,United Kingdom
501218,P10022,Sunscreen SPF50,Beauty & Personal Care,4,2025-07-08,514.51,CUST00332,United States
503065,P10020,Herbal Shampoo,Beauty & Personal Care,4,2025-09-24,1426.26,CUST00842,United Kingdom
503017,P10032,Gel Pen Pack,Stationery & Office,1,2026-03-15,687.3,CUST00833,India
501239,P10030,Cycling Gloves,Sports & Outdoors,5,2025-09-14,820.52,CUST00338, United States 
502891,P10007,Non-Stick Pan,Home & Kitchen,2,2026-05-06,331.24,CUST00802,India
501340,P10009,Cotton Bedsheet Set,Home & Kitchen,5,2025-02-03,1519.89,CUST00361,India
500375,P10031,Notebook Set,Stationery & Office,3,2025-02-21,268.52,CUST00130, India 
502690,P10016,Wool Sweater,Apparel,5,2025-10-03,1250.39,CUST00753,United Kingdom
502738,P10013,Cotton T-Shirt,Apparel,5,2026-01-14,0.0,CUST00770,Germany
501079,P10017,Formal Shirt,Apparel,1,2025-02-19,562.91,CUST00300,India
501202,P10004,USB-C Cable,Electronics,5,2026-02-21,3182.97,CUST00324,India
500159,P10014,Denim Jacket,Apparel,5,2025-05-11,1048.3,CUST00058,India
500771,P10017,Formal Shirt,Apparel,1,2025-08-18,562.91,CUST00217,india
502509,P10031,Notebook Set,Stationery & Office,3,2025-05-27,268.52,CUST00709,India
501962,P10026,Resistance Bands Set,Sports & Outdoors,4,2026-02-28,636.23,CUST00542,United Kingdom
500974,P10031,Notebook Set,Stationery & Office,3,2025-06-20,268.52,CUST00272,United States
501194,P10035,Whiteboard Marker Set,Stationery & Office,4,2025-11-22,808.92,CUST00324,India
501727,P10005,Power Bank 10000mAh,Electronics,3,2025-08-05,1034.93,CUST00475,India
501500,P10008,LED Desk Lamp,Home & Kitchen,3,2025-03-15,1311.15,CUST00424,India
502511,P10026,Resistance Bands Set,Sports & Outdoors,5,2025-08-29,636.23,CUST00710,United Kingdom
502133,P10018,Yoga Pants,Apparel,3,2025-03-29,608.28,CUST00581,INDIA
501067,P10021,Lip Balm Set,Beauty & Personal Care,2,2025-06-19,652.97,CUST00298,India
501914,P10006,Smartwatch Band,Electronics,5,2025-08-12,990.13,CUST00539,India
502699,P10015,Running Shoes,Apparel,5,2025-10-29,980.3,CUST00754,India
502181,P10023,Hair Dryer,Beauty & Personal Care,5,2025-08-10,1018.4,CUST00595,Germany
501668,P10002,Bluetooth Speaker,Electronics,3,2025-08-09,2723.88,CUST00463,United States
500914,P10018,Yoga Pants,Apparel,5,2026-05-19,608.28,CUST00253,germany
502391,P10028,Camping Torch,Sports & Outdoors,4,2025-05-04,2043.99,CUST00679,SINGAPORE
501144,P10012,Storage Organizer,Home & Kitchen,4,2025-10-12,1268.9,CUST00315,Germany
501867,P10025,,Sports & Outdoors,3,2025-12-19,270.08,CUST00523, Singapore 
502705,P10011,Ceramic Mug Set,Home & Kitchen,3,2026-06-06,1993.94,CUST00756,united states
500905,P10035,Whiteboard Marker Set,Stationery & Office,3,2025-03-19,808.92,CUST00250,Germany
500333,P10028,Camping Torch,Sports & Outdoors,3,2026-06-27,2043.99,CUST00126,india
502954,P10007,Non-Stick Pan,Home & Kitchen,1,2025-12-10,331.24,CUST00827,India
502082,P10023,Hair Dryer,Beauty & Personal Care,2,2025-08-21,1018.4,CUST00579,India
500668,P10010,Insulated Water Bottle,Home & Kitchen,4,2026-03-14,396.84,CUST00198,Germany
501735,P10011,Ceramic Mug Set,Home & Kitchen,1,2025-06-17,1993.94,CUST00479,SINGAPORE
502108,P10021,Lip Balm Set,Beauty & Personal Care,5,2025-02-11,652.97,CUST00579,India
501811,P10025,Yoga Mat,Sports & Outdoors,1,2026-01-13,270.08,CUST00501,UNITED KINGDOM
500763,P10022,Sunscreen SPF50,Beauty & Personal Care,3,2025-02-01,514.51,CUST00216,India
500627,P10020,Herbal Shampoo,Beauty & Personal Care,2,2026-02-17,1426.26,CUST00189,india
501178,P10031,Notebook Set,Stationery & Office,1,2026-04-26,268.52,CUST00324,India
502917,P10010,Insulated Water Bottle,Home & Kitchen,2,2025-01-26,396.84,CUST00813,India
501347,P10029,Badminton Racket,Sports & Outdoors,3,2025-07-18,274.87,CUST00363,India
500049,P10024,Beard Trimmer,Beauty & Personal Care,1,2025-11-22,700.79,CUST00021,united kingdom
502741,P10023,,Beauty & Personal Care,4,2025-02-13,1018.4,CUST00770,Germany
501044,P10018,Yoga Pants,Apparel,4,2025-06-25,608.28,CUST00293,GERMANY
500466,P10011,Ceramic Mug Set,Home & Kitchen,4,2025-11-12,1993.94,CUST00155,Singapore
500064,P10007,Non-Stick Pan,Home & Kitchen,3,2026-01-31,331.24,CUST00032,India
500482,P10014,Denim Jacket,Apparel,1,2025-08-10,1048.3,CUST00161,India
502324,P10031,Notebook Set,Stationery & Office,4,2026-01-12,268.52,CUST00659,united kingdom
501893,P10009,Cotton Bedsheet Set,Home & Kitchen,4,2026-04-28,1519.89,CUST00533, Singapore 
501633,P10017,Formal Shirt,Apparel,5,2026-01-04,562.91,CUST00450,India
500725,P10006,Smartwatch Band,Electronics,5,2026-06-04,990.13,CUST00203,India
502397,P10028,Camping Torch,Sports & Outdoors,1,2026-03-15,2043.99,CUST00682,India
500310,P10027,Water Bottle Sipper,Sports & Outdoors,5,2025-09-17,2203.72,CUST00119,Germany
502583,P10008,LED Desk Lamp,Home & Kitchen,2,2026-03-22,1311.15,CUST00731,INDIA
501390,P10028,Camping Torch,Sports & Outdoors,3,2025-04-26,2043.99,CUST00386,United States
501726,P10034,Sticky Notes Pack,Stationery & Office,4,2025-04-05,147.9,CUST00475,India
501293,P10002,Bluetooth Speaker,Electronics,4,2026-02-27,2723.88,CUST00351,India
502758,P10036,Backpack,Stationery & Office,1,2025-07-05,218.62,CUST00777, India 
502284,P10004,USB-C Cable,Electronics,2,2026-03-04,3182.97,CUST00639,India
502188,P10033,Desk Organizer,Stationery & Office,-2,2025-05-01,67.73,,INDIA
503078,P10026,Resistance Bands Set,Sports & Outdoors,4,2025-04-03,636.23,CUST00842,United Kingdom
500982,P10015,Running Shoes,Apparel,1,2025-08-28,980.3,CUST00273,Germany
501332,P10027,Water Bottle Sipper,Sports & Outdoors,4,2025-02-28,2203.72,CUST00358,United Kingdom
500342,P10008,LED Desk Lamp,Home & Kitchen,1,2025-09-09,1311.15,CUST00126,India
500890,P10034,Sticky Notes Pack,Stationery & Office,5,2026-06-29,147.9,CUST00240,India
501335,P10031,Notebook Set,Stationery & Office,1,2025-02-11,268.52,CUST00359,UAE
500351,P10008,LED Desk Lamp,Home & Kitchen,1,2025-06-01,1311.15,CUST00126,India
501100,P10032,Gel Pen Pack,Stationery & Office,4,2025-03-17,687.3,CUST00310,india
502618,P10004,USB-C Cable,Electronics,1,2025-12-19,3182.97,CUST00738,United States
502981,P10010,Insulated Water Bottle,Home & Kitchen,4,2025-09-17,396.84,CUST00830,India
501758,P10035,Whiteboard Marker Set,Stationery & Office,4,2026-05-26,0.0,,United Kingdom
500260,P10019,Face Serum,Beauty & Personal Care,4,2025-10-19,1312.41,CUST00104,India
502159,P10006,Smartwatch Band,Electronics,1,2026-05-04,990.13,CUST00587,India
500581,P10003,Phone Case,Electronics,1,2025-08-04,1049.71,CUST00176,India
502259,P10031,Notebook Set,Stationery & Office,1,2025-02-23,268.52,CUST00632,germany
500134,P10013,Cotton T-Shirt,Apparel,1,2025-03-23,1190.46,CUST00047,India
503075,P10036,Backpack,Stationery & Office,1,2025-03-15,218.62,CUST00842,United Kingdom
501232,P10017,Formal Shirt,Apparel,3,2026-01-29,562.91,CUST00335, India 
500280,P10001,Wireless Earbuds,Electronics,1,2025-02-12,606.94,CUST00111,INDIA
500454,P10006,Smartwatch Band,Electronics,4,2025-10-16,990.13,CUST00148,India
500947,P10026,Resistance Bands Set,Sports & Outdoors,3,2026-01-22,636.23,CUST00264,India
502514,P10001,Wireless Earbuds,Electronics,1,2025-02-01,606.94,CUST00712,United Kingdom
502041,P10006,Smartwatch Band,Electronics,1,2025-12-25,990.13,CUST00566,UNITED KINGDOM
500774,P10006,Smartwatch Band,Electronics,3,2025-04-26,990.13,,india
502991,P10034,,Stationery & Office,3,2026-02-13,147.9,CUST00830,INDIA
502168,P10029,Badminton Racket,Sports & Outdoors,3,2025-12-05,274.87,CUST00591, India 
502978,P10022,Sunscreen SPF50,Beauty & Personal Care,5,2025-03-08,514.51,CUST00830,India
500289,P10021,Lip Balm Set,Beauty & Personal Care,2,2026-05-24,652.97,CUST00113,UAE
502374,P10024,Beard Trimmer,Beauty & Personal Care,3,2026-03-17,700.79,CUST00673,India
501262,P10012,Storage Organizer,Home & Kitchen,3,2025-08-09,1268.9,CUST00343, India 
501824,P10029,Badminton Racket,Sports & Outdoors,4,2026-03-09,274.87,,India
501673,P10020,Herbal Shampoo,Beauty & Personal Care,1,2025-11-18,1426.26,CUST00463,United States
502577,P10016,Wool Sweater,Apparel,5,2026-01-07,1250.39,CUST00731,India
501247,P10031,Notebook Set,Stationery & Office,4,2026-03-26,268.52,CUST00338,united states
501627,P10012,Storage Organizer,Home & Kitchen,3,2026-03-07,1268.9,CUST00449,INDIA
500696,P10021,Lip Balm Set,Beauty & Personal Care,1,2025-10-09,652.97,CUST00203,India
501173,P10033,Desk Organizer,Stationery & Office,5,2026-03-28,67.73,CUST00324,India
501688,P10032,Gel Pen Pack,Stationery & Office,3,2026-06-10,687.3,CUST00464,United Kingdom
502229,P10027,Water Bottle Sipper,Sports & Outdoors,5,2025-05-23,2203.72,CUST00624,India
500859,P10030,Cycling Gloves,Sports & Outdoors,4,2025-01-30,820.52,CUST00235,INDIA
502720,P10030,Cycling Gloves,Sports & Outdoors,-5,2029-01-01,820.52,CUST00762,India
501119,P10019,Face Serum,Beauty & Personal Care,4,2026-06-24,1312.41,CUST00311,INDIA
502559,P10035,Whiteboard Marker Set,Stationery & Office,1,2025-08-24,808.92,CUST00731, India 
501580,P10035,Whiteboard Marker Set,Stationery & Office,1,2025-11-29,808.92,CUST00448,United States
501990,P10035,Whiteboard Marker Set,Stationery & Office,4,2026-06-14,808.92,CUST00555,Germany
500426,P10016,Wool Sweater,Apparel,2,2026-01-22,1250.39,CUST00139,India
501685,P10024,Beard Trimmer,Beauty & Personal Care,1,2025-07-24,700.79,CUST00463,United States
500915,P10015,Running Shoes,Apparel,5,2025-06-07,980.3,CUST00254,India
501616,P10011,Ceramic Mug Set,Home & Kitchen,4,2026-03-27,1993.94,CUST00449,India
500494,P10006,Smartwatch Band,Electronics,3,2026-04-12,990.13,CUST00165,INDIA
500416,P10027,Water Bottle Sipper,Sports & Outdoors,2,2025-09-15,2203.72,CUST00138,United States
500887,P10020,Herbal Shampoo,Beauty & Personal Care,3,2025-06-27,1426.26,CUST00239, United Kingdom 
502309,P10026,Resistance Bands Set,Sports & Outdoors,4,2025-11-01,636.23,CUST00654,United States
501172,P10002,Bluetooth Speaker,Electronics,2,2026-06-22,2723.88,CUST00324,India
502049,P10027,Water Bottle Sipper,Sports & Outdoors,2,2025-06-11,2203.72,CUST00568,India
501535,P10018,Yoga Pants,Apparel,5,2025-12-15,608.28,CUST00439,United States
501752,P10006,Smartwatch Band,Electronics,5,2025-07-05,990.13,CUST00485,United Kingdom
502015,P10008,LED Desk Lamp,Home & Kitchen,2,2025-12-04,1311.15,CUST00559,UNITED STATES
500913,P10028,Camping Torch,Sports & Outdoors,4,2025-05-17,2043.99,CUST00253,Germany
502207,P10024,Beard Trimmer,Beauty & Personal Care,5,2025-12-23,700.79,CUST00613, United Kingdom 
500574,P10011,Ceramic Mug Set,Home & Kitchen,2,2025-10-29,1993.94,CUST00176,India
501813,P10028,Camping Torch,Sports & Outdoors,5,2025-03-31,2043.99,CUST00502,India
500483,P10012,Storage Organizer,Home & Kitchen,3,2025-11-05,1268.9,CUST00162,United Kingdom
502945,P10003,Phone Case,Electronics,4,2026-02-12,1049.71,CUST00821,UNITED STATES
501783,P10018,Yoga Pants,Apparel,3,2026-04-02,608.28,CUST00492,United Kingdom
501311,P10003,Phone Case,Electronics,3,2025-01-20,1049.71,CUST00353,United Kingdom
502021,P10027,Water Bottle Sipper,Sports & Outdoors,4,2026-01-15,2203.72,CUST00562,INDIA
500060,P10006,Smartwatch Band,Electronics,5,2025-09-24,990.13,CUST00029,United Kingdom
501300,P10015,Running Shoes,Apparel,5,2026-01-22,980.3,CUST00353,United Kingdom
500316,P10031,Notebook Set,Stationery & Office,5,2026-03-12,268.52,CUST00121,United States
500073,P10036,Backpack,Stationery & Office,5,2025-12-11,218.62,CUST00032,India
501732,P10017,Formal Shirt,Apparel,5,2025-09-29,562.91,CUST00478,United Kingdom
501493,P10025,Yoga Mat,Sports & Outdoors,4,2025-05-22,270.08,CUST00422,UNITED STATES
501889,P10027,Water Bottle Sipper,Sports & Outdoors,2,2025-09-09,2203.72,CUST00530, Germany 
500525,P10019,Face Serum,Beauty & Personal Care,1,2026-02-10,1312.41,CUST00169, India 
501388,P10004,USB-C Cable,Electronics,5,2026-05-31,3182.97,CUST00386, United States 
501118,P10032,Gel Pen Pack,Stationery & Office,2,2025-07-22,687.3,CUST00311,India
502121,P10027,Water Bottle Sipper,Sports & Outdoors,5,2025-11-14,2203.72,CUST00580,India
500164,P10017,Formal Shirt,Apparel,4,2025-10-12,562.91,CUST00061,India
501095,P10012,Storage Organizer,Home & Kitchen,1,2025-03-12,1268.9,CUST00306,SINGAPORE
501603,P10025,Yoga Mat,Sports & Outdoors,4,2026-01-14,270.08,CUST00448,UNITED STATES
502564,P10004,USB-C Cable,Electronics,1,2025-05-04,3182.97,CUST00731,india
501906,P10034,Sticky Notes Pack,Stationery & Office,1,2025-07-08,147.9,CUST00537,Germany
500202,P10009,Cotton Bedsheet Set,Home & Kitchen,4,2025-09-26,1519.89,CUST00075,United States
500669,P10025,Yoga Mat,Sports & Outdoors,4,2025-03-26,270.08,CUST00198,GERMANY
502831,P10019,Face Serum,Beauty & Personal Care,3,2025-09-23,1312.41,CUST00787,United Kingdom
502464,P10018,Yoga Pants,Apparel,5,2025-10-09,608.28,CUST00704,India
501558,P10010,Insulated Water Bottle,Home & Kitchen,2,2025-12-24,396.84,CUST00442,Singapore
502203,P10006,Smartwatch Band,Electronics,3,2025-10-04,990.13,CUST00610,united kingdom
502474,P10027,Water Bottle Sipper,Sports & Outdoors,4,2025-07-07,2203.72,CUST00706,Singapore
500277,P10003,Phone Case,Electronics,2,2025-11-07,1049.71,CUST00111, India 
500258,P10032,Gel Pen Pack,Stationery & Office,5,2025-12-19,687.3,CUST00104,India
500224,P10020,Herbal Shampoo,Beauty & Personal Care,3,2025-04-29,1426.26,CUST00086,India
500420,P10009,Cotton Bedsheet Set,Home & Kitchen,5,2026-03-27,1519.89,CUST00138,United States
501665,P10010,Insulated Water Bottle,Home & Kitchen,-1,2025-04-25,396.84,CUST00463,United States
501673,P10008,LED Desk Lamp,Home & Kitchen,4,2025-11-18,1311.15,CUST00463,united states
501957,P10036,Backpack,Stationery & Office,5,2025-06-11,218.62,CUST00542,UNITED KINGDOM
500131,P10023,Hair Dryer,Beauty & Personal Care,3,2025-08-14,1018.4,CUST00047,India
502100,P10018,Yoga Pants,Apparel,2,2025-03-01,608.28,CUST00579,India
501627,P10020,Herbal Shampoo,Beauty & Personal Care,5,2026-03-07,1426.26,CUST00449,India
501701,P10036,Backpack,Stationery & Office,2,2026-03-21,0.0,CUST00469,India
500531,P10005,Power Bank 10000mAh,Electronics,1,2025-09-15,1034.93,CUST00169,India
501337,P10033,Desk Organizer,Stationery & Office,2,2025-03-18,67.73,,UAE
501154,P10011,Ceramic Mug Set,Home & Kitchen,-4,2025-02-17,1993.94,CUST00320,India
500414,P10030,Cycling Gloves,Sports & Outdoors,3,2026-01-24,820.52,CUST00138,United States
502012,P10023,Hair Dryer,Beauty & Personal Care,-3,2026-02-04,1018.4,CUST00559,united states
501038,P10010,Insulated Water Bottle,Home & Kitchen,3,2026-01-28,396.84,CUST00291,INDIA
503048,P10002,Bluetooth Speaker,Electronics,2,2026-04-11,2723.88,CUST00842,United Kingdom
500302,P10033,Desk Organizer,Stationery & Office,5,2025-01-24,67.73,CUST00117,United States
500253,P10022,Sunscreen SPF50,Beauty & Personal Care,2,2025-10-02,514.51,CUST00101,India
502363,P10001,Wireless Earbuds,Electronics,1,2025-05-10,606.94,CUST00668,India
501731,P10010,Insulated Water Bottle,Home & Kitchen,5,2025-02-14,396.84,CUST00478,United Kingdom
500185,P10033,Desk Organizer,Stationery & Office,3,2025-11-03,67.73,CUST00068,united states
503029,P10002,Bluetooth Speaker,Electronics,3,2025-11-13,2723.88,CUST00833,India
502229,P10031,Notebook Set,Stationery & Office,5,2025-05-23,268.52,CUST00624,india
502044,P10024,Beard Trimmer,Beauty & Personal Care,3,2025-05-19,700.79,CUST00567,India
502520,P10004,USB-C Cable,Electronics,5,2025-04-05,3182.97,CUST00714,india
500128,P10005,Power Bank 10000mAh,Electronics,5,2025-04-26,1034.93,CUST00047,India
502360,P10030,Cycling Gloves,Sports & Outdoors,2,2025-11-28,820.52,CUST00668, India 
502269,P10029,Badminton Racket,Sports & Outdoors,3,2025-12-03,274.87,CUST00634,India
502403,P10013,Cotton T-Shirt,Apparel,5,2026-04-06,1190.46,CUST00686,United Kingdom
501346,P10018,Yoga Pants,Apparel,2,2026-04-28,608.28,CUST00363,INDIA
500717,P10034,Sticky Notes Pack,Stationery & Office,5,2025-08-03,147.9,CUST00203,INDIA
501572,P10020,Herbal Shampoo,Beauty & Personal Care,3,2025-02-27,1426.26,CUST00448,United States
500984,P10036,Backpack,Stationery & Office,2,2025-05-27,218.62,CUST00275,India
502665,P10012,Storage Organizer,Home & Kitchen,-3,2025-08-04,1268.9,CUST00753,united kingdom
500441,P10007,Non-Stick Pan,Home & Kitchen,2,2025-10-17,331.24,CUST00142,India
501699,P10012,Storage Organizer,Home & Kitchen,5,2026-03-15,1268.9,CUST00468,Germany
500939,P10028,Camping Torch,Sports & Outdoors,2,2025-03-08,2043.99,CUST00262,Singapore
500830,P10014,Denim Jacket,Apparel,-1,2025-10-26,1048.3,CUST00221, United Kingdom 
501799,P10019,Face Serum,Beauty & Personal Care,2,2025-07-13,1312.41,CUST00497,United Kingdom
500664,P10012,Storage Organizer,Home & Kitchen,5,2025-05-15,1268.9,CUST00195, India 
500696,P10018,Yoga Pants,Apparel,3,2025-10-09,608.28,CUST00203,India
501353,P10012,Storage Organizer,Home & Kitchen,1,2026-05-24,1268.9,CUST00365,UAE
501111,P10006,Smartwatch Band,Electronics,4,2025-09-07,990.13,CUST00311, India 
503056,P10030,Cycling Gloves,Sports & Outdoors,2,2025-03-30,820.52,CUST00842,United Kingdom
501879,P10009,Cotton Bedsheet Set,Home & Kitchen,5,2026-06-18,1519.89,CUST00529,india
502048,P10003,Phone Case,Electronics,1,2025-02-04,1049.71,CUST00567,India
501769,P10021,Lip Balm Set,Beauty & Personal Care,5,2026-05-13,652.97,CUST00487,India
500565,P10029,Badminton Racket,Sports & Outdoors,2,2025-11-01,274.87,CUST00174,India
500495,P10012,Storage Organizer,Home & Kitchen,4,2025-06-06,1268.9,CUST00165,India
501953,P10010,Insulated Water Bottle,Home & Kitchen,5,2025-08-17,396.84,CUST00542,United Kingdom
502142,P10032,Gel Pen Pack,Stationery & Office,4,2025-05-03,687.3,CUST00582,Singapore
500372,P10026,Resistance Bands Set,Sports & Outdoors,2,2025-09-02,636.23,CUST00130,India
500814,P10007,Non-Stick Pan,Home & Kitchen,1,2025-02-04,331.24,CUST00219,United Kingdom
500016,P10026,Resistance Bands Set,Sports & Outdoors,5,2025-04-06,636.23,CUST00007,India
500639,P10031,Notebook Set,Stationery & Office,1,2025-11-14,268.52,CUST00189,India
502864,P10026,Resistance Bands Set,Sports & Outdoors,3,2026-01-28,636.23,CUST00796,Germany
502459,P10005,Power Bank 10000mAh,Electronics,3,2025-11-07,1034.93,CUST00701,india
501538,P10029,Badminton Racket,Sports & Outdoors,5,2025-08-19,274.87,CUST00439,United States
502110,P10028,Camping Torch,Sports & Outdoors,4,2025-03-15,2043.99,CUST00579,India
502254,P10004,USB-C Cable,Electronics,3,2025-12-27,3182.97,CUST00632,Germany
502335,P10007,Non-Stick Pan,Home & Kitchen,2,2025-12-29,331.24,CUST00661,INDIA
500518,P10011,Ceramic Mug Set,Home & Kitchen,3,2025-07-06,1993.94,CUST00169,INDIA
502814,P10029,,Sports & Outdoors,1,2025-12-15,274.87,CUST00782,India
501656,P10022,Sunscreen SPF50,Beauty & Personal Care,2,2025-01-30,514.51,CUST00461,INDIA
501805,P10001,Wireless Earbuds,Electronics,4,2025-09-14,606.94,CUST00498,India
500500,P10010,Insulated Water Bottle,Home & Kitchen,2,2025-06-14,396.84,CUST00167,India
501947,P10008,LED Desk Lamp,Home & Kitchen,1,2026-01-16,1311.15,CUST00540,India
501582,P10010,Insulated Water Bottle,Home & Kitchen,4,2025-06-18,396.84,CUST00448,United States
501133,P10005,Power Bank 10000mAh,Electronics,2,2025-09-18,1034.93,CUST00312,India
500060,P10002,Bluetooth Speaker,Electronics,2,2025-09-24,2723.88,CUST00029,United Kingdom
501810,P10018,Yoga Pants,Apparel,2,2025-07-05,608.28,CUST00501,United Kingdom
502604,P10026,Resistance Bands Set,Sports & Outdoors,4,2026-05-27,636.23,CUST00735,India
500952,P10026,Resistance Bands Set,Sports & Outdoors,5,2026-01-11,636.23,CUST00265,Germany
502863,P10017,Formal Shirt,Apparel,3,2025-12-26,562.91,CUST00796,Germany
500540,P10001,Wireless Earbuds,Electronics,2,2026-06-08,606.94,CUST00169,India
500970,P10015,Running Shoes,Apparel,2,2025-11-25,980.3,,United States
502461,P10019,Face Serum,Beauty & Personal Care,2,2026-03-08,1312.41,CUST00702,India
502522,P10007,Non-Stick Pan,Home & Kitchen,5,2026-04-06,331.24,CUST00714,india
500047,P10036,Backpack,Stationery & Office,-3,2026-01-03,218.62,,United Kingdom
501312,P10010,Insulated Water Bottle,Home & Kitchen,1,2025-04-13,396.84,CUST00353,UNITED KINGDOM
502828,P10013,Cotton T-Shirt,Apparel,4,2025-03-05,1190.46,CUST00786, UAE 
501652,P10012,Storage Organizer,Home & Kitchen,2,2025-07-19,1268.9,CUST00459,India
500313,P10008,LED Desk Lamp,Home & Kitchen,1,2025-02-24,1311.15,CUST00120,India
500508,P10016,Wool Sweater,Apparel,1,2025-07-18,1250.39,CUST00167,India
501206,P10018,Yoga Pants,Apparel,3,2026-06-27,608.28,CUST00325,uae
501023,P10018,Yoga Pants,Apparel,1,2025-09-11,608.28,CUST00286,India
501645,P10003,Phone Case,Electronics,1,2026-06-27,1049.71,CUST00457,India
502816,P10024,Beard Trimmer,Beauty & Personal Care,3,2025-08-24,700.79,CUST00782,India
502162,P10027,Water Bottle Sipper,Sports & Outdoors,2,2025-04-19,2203.72,CUST00587,INDIA
502693,P10014,Denim Jacket,Apparel,5,2025-02-20,1048.3,CUST00754, India 
500408,P10036,Backpack,Stationery & Office,1,2025-07-16,218.62,CUST00138,United States
500436,P10023,Hair Dryer,Beauty & Personal Care,5,2025-08-23,1018.4,CUST00141,Singapore
501557,P10001,Wireless Earbuds,Electronics,4,2026-04-10,606.94,CUST00442,Singapore
502024,P10034,Sticky Notes Pack,Stationery & Office,1,2026-04-09,147.9,CUST00562,India
500361,P10016,Wool Sweater,Apparel,1,2025-06-19,1250.39,CUST00127,United States
500890,P10031,Notebook Set,Stationery & Office,2,2026-06-29,268.52,CUST00240, India 
500464,P10002,Bluetooth Speaker,Electronics,2,2026-01-20,2723.88,,India
500314,P10031,Notebook Set,Stationery & Office,5,2025-06-30,268.52,CUST00121,United States
502016,P10006,Smartwatch Band,Electronics,2,2026-05-06,990.13,,United Kingdom
500501,P10017,Formal Shirt,Apparel,3,2026-06-18,562.91,CUST00167,India
502553,P10019,Face Serum,Beauty & Personal Care,2,2025-04-12,1312.41,CUST00731,india
500693,P10007,Non-Stick Pan,Home & Kitchen,5,2026-06-19,331.24,CUST00203,India
500442,P10029,Badminton Racket,Sports & Outdoors,4,2025-10-07,274.87,CUST00142,INDIA
502246,P10016,Wool Sweater,Apparel,4,2025-05-29,1250.39,CUST00627,India
501725,P10020,Herbal Shampoo,Beauty & Personal Care,5,2026-06-02,1426.26,CUST00475,India
503026,P10018,Yoga Pants,Apparel,2,2025-01-29,608.28,CUST00833, India 
502080,P10001,Wireless Earbuds,Electronics,1,2025-09-06,606.94,CUST00579, India 
501616,P10006,Smartwatch Band,Electronics,1,2026-03-27,990.13,CUST00449,India
502724,P10002,Bluetooth Speaker,Electronics,2,2026-05-12,2723.88,CUST00763,India
503095,P10001,Wireless Earbuds,Electronics,1,2026-05-21,606.94,CUST00845,India
500214,P10018,Yoga Pants,Apparel,2,2025-06-14,608.28,CUST00083,India
502879,P10028,Camping Torch,Sports & Outdoors,1,2025-01-21,2043.99,CUST00800,uae
502070,P10036,Backpack,Stationery & Office,5,2025-09-19,218.62,CUST00575, Germany 
501762,P10030,Cycling Gloves,Sports & Outdoors,1,2026-06-11,820.52,CUST00485,United Kingdom
502909,P10010,Insulated Water Bottle,Home & Kitchen,1,2026-04-11,396.84,CUST00813,India
501124,P10014,Denim Jacket,Apparel,3,2026-06-07,1048.3,CUST00312,India
502180,P10036,Backpack,Stationery & Office,3,2026-03-16,218.62,CUST00595,germany
502139,P10004,USB-C Cable,Electronics,3,2025-04-25,3182.97,CUST00581,India
501900,P10018,Yoga Pants,Apparel,3,2025-12-03,608.28,CUST00534,United Kingdom
502993,P10003,Phone Case,Electronics,4,2026-06-18,1049.71,CUST00830,India
501099,P10017,Formal Shirt,Apparel,2,2025-10-19,562.91,CUST00309,United States
502786,P10036,Backpack,Stationery & Office,1,2025-04-13,218.62,CUST00779,United States
500490,P10023,Hair Dryer,Beauty & Personal Care,5,2025-08-06,1018.4,CUST00164,INDIA
501104,P10015,Running Shoes,Apparel,2,2025-05-29,980.3,CUST00310,India
501585,P10033,Desk Organizer,Stationery & Office,2,2026-01-03,67.73,CUST00448,United States
501903,P10019,Face Serum,Beauty & Personal Care,-5,2025-12-05,1312.41,CUST00535,UNITED STATES
502446,P10005,Power Bank 10000mAh,Electronics,3,2026-06-04,1034.93,CUST00699,INDIA
502380,P10025,Yoga Mat,Sports & Outdoors,4,2025-03-20,270.08,,India
503089,P10026,Resistance Bands Set,Sports & Outdoors,3,2025-03-22,636.23,CUST00843,India
500761,P10005,Power Bank 10000mAh,Electronics,5,2026-03-22,1034.93,CUST00216, India 
500191,P10020,Herbal Shampoo,Beauty & Personal Care,2,2025-12-18,1426.26,CUST00068,United States
500517,P10022,Sunscreen SPF50,Beauty & Personal Care,5,2026-01-24,514.51,CUST00169,INDIA
502537,P10030,Cycling Gloves,Sports & Outdoors,4,2026-02-21,820.52,CUST00724,United States
503003,P10005,Power Bank 10000mAh,Electronics,5,2025-12-11,1034.93,CUST00830,India
500401,P10015,Running Shoes,Apparel,2,2026-04-24,980.3,CUST00137,India
502706,P10009,Cotton Bedsheet Set,Home & Kitchen,1,2025-07-27,1519.89,CUST00756,United States
501853,P10031,Notebook Set,Stationery & Office,4,2025-12-01,268.52,CUST00518,United States
500099,P10006,Smartwatch Band,Electronics,5,2025-09-16,990.13,CUST00041,India
500220,P10026,Resistance Bands Set,Sports & Outdoors,3,2025-09-26,636.23,CUST00086,India
501025,P10016,Wool Sweater,Apparel,5,2025-11-26,1250.39,CUST00286,India
502379,P10026,Resistance Bands Set,Sports & Outdoors,1,2026-03-03,636.23,CUST00674,India
501666,P10003,Phone Case,Electronics,3,2025-01-07,1049.71,CUST00463,United States
501243,P10019,Face Serum,Beauty & Personal Care,4,2026-03-06,1312.41,CUST00338,united states
500469,P10004,USB-C Cable,Electronics,4,2025-11-22,3182.97,CUST00156, India 
500470,P10027,Water Bottle Sipper,Sports & Outdoors,2,2025-08-31,2203.72,CUST00156,India
501319,P10034,Sticky Notes Pack,Stationery & Office,4,2025-12-30,147.9,CUST00355,India
500142,P10008,LED Desk Lamp,Home & Kitchen,5,2025-03-18,1311.15,CUST00052,United States
502177,P10028,,Sports & Outdoors,1,2025-06-02,2043.99,CUST00593,India
503049,P10011,Ceramic Mug Set,Home & Kitchen,4,2026-01-01,1993.94,CUST00842,United Kingdom
501929,P10018,Yoga Pants,Apparel,1,2025-03-09,608.28,CUST00539,India
502427,P10012,Storage Organizer,Home & Kitchen,3,2025-03-19,1268.9,CUST00699,India
500288,P10029,Badminton Racket,Sports & Outdoors,2,2026-05-04,274.87,CUST00113,UAE
502498,P10012,Storage Organizer,Home & Kitchen,1,2025-10-20,1268.9,,Singapore
502480,P10012,Storage Organizer,Home & Kitchen,2,2025-08-06,1268.9,CUST00706,Singapore
502079,P10008,LED Desk Lamp,Home & Kitchen,4,2026-01-07,1311.15,CUST00579,India
502013,P10035,Whiteboard Marker Set,Stationery & Office,1,2025-07-23,808.92,CUST00559,United States
502906,P10025,Yoga Mat,Sports & Outdoors,2,2025-07-17,270.08,CUST00812,germany
500143,P10011,Ceramic Mug Set,Home & Kitchen,2,2025-06-24,1993.94,CUST00052,united states
501955,P10009,Cotton Bedsheet Set,Home & Kitchen,5,2025-10-11,1519.89,CUST00542,United Kingdom
500230,P10016,Wool Sweater,Apparel,3,2026-05-18,1250.39,CUST00087,United States
500228,P10027,Water Bottle Sipper,Sports & Outdoors,4,2025-07-08,2203.72,CUST00087,United States
500943,P10003,Phone Case,Electronics,1,2026-04-19,1049.71,CUST00263, India 
501323,P10034,Sticky Notes Pack,Stationery & Office,1,2026-03-28,147.9,CUST00356,UNITED KINGDOM
500998,P10001,Wireless Earbuds,Electronics,2,2025-08-29,606.94,CUST00281,Germany
502014,P10023,Hair Dryer,Beauty & Personal Care,-1,2026-05-27,1018.4,CUST00559, United States 
501945,P10003,Phone Case,Electronics,4,2025-10-02,1049.71,CUST00540,India
501263,P10010,Insulated Water Bottle,Home & Kitchen,3,2025-05-14,396.84,CUST00343,india
501383,P10018,Yoga Pants,Apparel,5,2025-06-11,608.28,CUST00383,united kingdom
502557,P10010,Insulated Water Bottle,Home & Kitchen,2,2025-12-15,396.84,CUST00731,India
501983,P10034,Sticky Notes Pack,Stationery & Office,2,2025-10-17,147.9,,Germany
500365,P10026,Resistance Bands Set,Sports & Outdoors,2,2025-09-30,636.23,CUST00127,united states
500437,P10001,Wireless Earbuds,Electronics,5,2025-04-24,606.94,CUST00141,singapore
501106,P10024,Beard Trimmer,Beauty & Personal Care,3,2026-01-17,700.79,CUST00311,India
500978,P10015,Running Shoes,Apparel,4,2026-06-06,980.3,CUST00273,germany
500718,P10015,Running Shoes,Apparel,3,2025-10-02,980.3,CUST00203,India
502288,P10034,Sticky Notes Pack,Stationery & Office,4,2026-03-10,147.9,CUST00643,India
501130,P10001,Wireless Earbuds,Electronics,3,2025-07-14,606.94,CUST00312,India
501060,P10018,Yoga Pants,Apparel,1,2025-06-12,608.28,CUST00295,India
502683,P10005,Power Bank 10000mAh,Electronics,2,2025-06-09,1034.93,CUST00753,United Kingdom
502522,P10001,Wireless Earbuds,Electronics,1,2026-04-06,606.94,CUST00714,India
500357,P10003,Phone Case,Electronics,1,2025-10-20,1049.71,CUST00127,UNITED STATES
501801,P10018,Yoga Pants,Apparel,1,2025-07-16,608.28,CUST00497,United Kingdom
501777,P10032,Gel Pen Pack,Stationery & Office,1,2025-07-19,687.3,CUST00490,Germany
501045,P10021,Lip Balm Set,Beauty & Personal Care,4,2025-08-08,652.97,CUST00293,Germany
500130,P10016,Wool Sweater,Apparel,1,2025-03-22,1250.39,CUST00047,India
502143,P10028,Camping Torch,Sports & Outdoors,2,2026-04-13,2043.99,CUST00583,India
503007,P10025,Yoga Mat,Sports & Outdoors,1,2026-02-15,270.08,CUST00832,India
500177,P10024,Beard Trimmer,Beauty & Personal Care,3,2026-02-24,700.79,CUST00063,Germany
501770,P10010,Insulated Water Bottle,Home & Kitchen,4,2025-07-26,396.84,CUST00487,India
501795,P10016,Wool Sweater,Apparel,5,2025-12-24,1250.39,CUST00497,united kingdom
500749,P10007,Non-Stick Pan,Home & Kitchen,4,2025-10-04,331.24,CUST00213,United Kingdom
500077,P10014,Denim Jacket,Apparel,3,2025-05-07,1048.3,CUST00034,uae
502193,P10028,Camping Torch,Sports & Outdoors,2,2026-02-10,2043.99,CUST00602,India
501101,P10024,Beard Trimmer,Beauty & Personal Care,5,2026-01-09,700.79,CUST00310,India
502923,P10008,LED Desk Lamp,Home & Kitchen,1,2025-11-25,1311.15,CUST00815,Germany
501038,P10025,Yoga Mat,Sports & Outdoors,4,2026-01-28,270.08,CUST00291,India
500901,P10004,USB-C Cable,Electronics,3,2025-10-01,3182.97,CUST00248,Singapore
501983,P10015,Running Shoes,Apparel,4,2025-10-17,980.3,CUST00552,Germany
503013,P10028,Camping Torch,Sports & Outdoors,5,2025-11-30,2043.99,CUST00833,India
500805,P10004,USB-C Cable,Electronics,1,2025-04-04,3182.97,CUST00219,United Kingdom
500585,P10019,,Beauty & Personal Care,4,2025-01-14,1312.41,CUST00176,India
502641,P10013,Cotton T-Shirt,Apparel,2,2026-04-22,1190.46,CUST00749,UAE
501120,P10002,Bluetooth Speaker,Electronics,1,2025-03-29,2723.88,CUST00311,India
500677,P10002,Bluetooth Speaker,Electronics,-1,2025-06-21,2723.88,CUST00199,germany
501408,P10028,Camping Torch,Sports & Outdoors,1,2026-01-20,2043.99,CUST00392,India
501433,P10028,Camping Torch,Sports & Outdoors,5,2026-01-31,2043.99,CUST00395,India
502253,P10008,LED Desk Lamp,Home & Kitchen,4,2025-09-14,1311.15,CUST00631,UNITED STATES
500979,P10010,Insulated Water Bottle,Home & Kitchen,4,2025-02-09,396.84,CUST00273,GERMANY
500698,P10003,Phone Case,Electronics,5,2026-03-07,1049.71,CUST00203,India
501820,P10002,Bluetooth Speaker,Electronics,4,2026-02-12,2723.88,CUST00503,India
501894,P10031,Notebook Set,Stationery & Office,2,2025-04-02,268.52,CUST00534,United Kingdom
502962,P10003,Phone Case,Electronics,5,2026-03-18,1049.71,CUST00830,India
501010,P10017,Formal Shirt,Apparel,3,2026-01-24,562.91,CUST00286,India
500049,P10026,Resistance Bands Set,Sports & Outdoors,5,2025-11-22,636.23,CUST00021,UNITED KINGDOM
502494,P10007,Non-Stick Pan,Home & Kitchen,4,2025-11-25,331.24,CUST00706,Singapore
502464,P10035,Whiteboard Marker Set,Stationery & Office,5,2025-10-09,808.92,CUST00704,india
500800,P10018,Yoga Pants,Apparel,5,2025-11-18,608.28,CUST00219,United Kingdom
500817,P10033,Desk Organizer,Stationery & Office,5,2025-11-26,67.73,CUST00219,United Kingdom
502819,P10027,Water Bottle Sipper,Sports & Outdoors,5,2026-04-15,2203.72,CUST00784,India
500165,P10035,,Stationery & Office,5,2026-04-30,808.92,CUST00062,India
502960,P10024,Beard Trimmer,Beauty & Personal Care,5,2026-03-11,700.79,CUST00830,india
501964,P10015,Running Shoes,Apparel,5,2025-10-07,980.3,CUST00543,India
502277,P10035,Whiteboard Marker Set,Stationery & Office,4,2025-10-12,808.92,CUST00636, India 
502914,P10004,USB-C Cable,Electronics,3,2025-10-30,3182.97,CUST00813,India
500094,P10008,LED Desk Lamp,Home & Kitchen,1,2025-01-03,1311.15,CUST00038,INDIA
501253,P10035,Whiteboard Marker Set,Stationery & Office,2,2026-02-04,808.92,CUST00342,India
501660,P10011,Ceramic Mug Set,Home & Kitchen,1,2026-01-10,1993.94,CUST00463,United States
500400,P10025,Yoga Mat,Sports & Outdoors,5,2026-05-28,270.08,CUST00137,INDIA
500398,P10018,Yoga Pants,Apparel,1,2026-05-23,608.28,CUST00137,India
501339,P10025,Yoga Mat,Sports & Outdoors,5,2025-09-02,270.08,CUST00360, United Kingdom 
501208,P10010,Insulated Water Bottle,Home & Kitchen,5,2025-10-10,396.84,CUST00327,United Kingdom
501820,P10021,Lip Balm Set,Beauty & Personal Care,4,2026-02-12,652.97,CUST00503,India
502921,P10031,Notebook Set,Stationery & Office,3,2025-01-11,268.52,CUST00814,UAE
502305,P10012,Storage Organizer,Home & Kitchen,1,2025-01-04,1268.9,CUST00652,India
502661,P10005,Power Bank 10000mAh,Electronics,4,2025-03-26,1034.93,CUST00753,United Kingdom
502315,P10025,Yoga Mat,Sports & Outdoors,2,2025-06-25,270.08,,India
500434,P10002,Bluetooth Speaker,Electronics,5,2025-04-26,2723.88,CUST00141,Singapore
500223,P10030,Cycling Gloves,Sports & Outdoors,2,2025-03-04,820.52,CUST00086,India
502523,P10014,Denim Jacket,Apparel,1,2025-08-12,1048.3,CUST00715,INDIA
502152,P10036,Backpack,Stationery & Office,2,2026-05-25,218.62,CUST00584,india
502019,P10031,Notebook Set,Stationery & Office,3,2025-10-20,268.52,CUST00561,United States
501550,P10028,Camping Torch,Sports & Outdoors,1,2025-09-20,2043.99,CUST00439,United States
500687,P10023,Hair Dryer,Beauty & Personal Care,4,2025-10-08,1018.4,CUST00201,United Kingdom
500492,P10003,Phone Case,Electronics,5,2025-02-09,1049.71,CUST00165,INDIA
502197,P10020,Herbal Shampoo,Beauty & Personal Care,4,2025-10-13,1426.26,CUST00606,India
501123,P10007,Non-Stick Pan,Home & Kitchen,1,2025-11-03,331.24,CUST00311,INDIA
500657,P10006,Smartwatch Band,Electronics,4,2026-02-23,990.13,CUST00194,United Kingdom
501495,P10004,USB-C Cable,Electronics,4,2026-04-30,3182.97,,United States
500040,P10027,Water Bottle Sipper,Sports & Outdoors,5,2025-03-12,2203.72,CUST00020,India
500520,P10015,Running Shoes,Apparel,5,2026-02-14,980.3,CUST00169,India
501084,P10008,LED Desk Lamp,Home & Kitchen,4,2026-06-12,1311.15,CUST00300,India
502986,P10006,Smartwatch Band,Electronics,2,2025-01-07,990.13,CUST00830,India
500751,P10006,Smartwatch Band,Electronics,5,2026-04-16,990.13,CUST00214,India
501848,P10036,Backpack,Stationery & Office,3,2026-02-24,218.62,CUST00514,Germany
501967,P10031,Notebook Set,Stationery & Office,4,2025-02-06,268.52,CUST00544,UNITED KINGDOM
502531,P10020,Herbal Shampoo,Beauty & Personal Care,3,2025-03-04,1426.26,CUST00722,India
502303,P10028,Camping Torch,Sports & Outdoors,5,2025-04-09,2043.99,CUST00651,India
501620,P10009,Cotton Bedsheet Set,Home & Kitchen,1,2025-02-10,1519.89,CUST00449,India
501205,P10030,Cycling Gloves,Sports & Outdoors,5,2025-06-16,820.52,CUST00324,India
501442,P10025,Yoga Mat,Sports & Outdoors,2,2025-05-02,270.08,CUST00400,UNITED STATES
502036,P10009,Cotton Bedsheet Set,Home & Kitchen,3,2025-01-24,1519.89,CUST00564,India
501249,P10033,Desk Organizer,Stationery & Office,2,2025-06-23,67.73,CUST00339,India
501249,P10036,Backpack,Stationery & Office,1,2025-06-23,218.62,CUST00339,India
502570,P10012,Storage Organizer,Home & Kitchen,1,2025-03-19,1268.9,CUST00731,India
501272,P10018,Yoga Pants,Apparel,-3,2025-05-16,608.28,CUST00343,INDIA
501343,P10019,Face Serum,Beauty & Personal Care,5,2026-03-02,1312.41,CUST00363,India
502498,P10011,Ceramic Mug Set,Home & Kitchen,4,2025-10-20,1993.94,CUST00706,Singapore
501881,P10033,Desk Organizer,Stationery & Office,-3,2025-04-13,67.73,CUST00530,Germany
501427,P10017,Formal Shirt,Apparel,2,2025-01-11,562.91,CUST00392,India
502768,P10006,Smartwatch Band,Electronics,1,2025-05-23,990.13,CUST00779,United States
501926,P10010,Insulated Water Bottle,Home & Kitchen,3,2026-01-28,396.84,CUST00539,India
500160,P10030,Cycling Gloves,Sports & Outdoors,2,2025-03-08,820.52,CUST00058,India
501009,P10032,Gel Pen Pack,Stationery & Office,4,2025-11-18,687.3,CUST00286,India
501886,P10031,Notebook Set,Stationery & Office,3,2025-06-04,268.52,CUST00530,Germany
502973,P10028,Camping Torch,Sports & Outdoors,1,2025-09-10,2043.99,CUST00830,India
500755,P10032,Gel Pen Pack,Stationery & Office,4,2025-11-30,687.3,CUST00216,India
502642,P10024,Beard Trimmer,Beauty & Personal Care,4,2025-01-29,700.79,CUST00749,UAE
500163,P10006,Smartwatch Band,Electronics,1,2025-11-11,990.13,CUST00060,India
502720,P10015,Running Shoes,Apparel,4,2025-01-12,980.3,CUST00762,India
501242,P10031,Notebook Set,Stationery & Office,3,2026-05-25,268.52,CUST00338,United States
501697,P10026,Resistance Bands Set,Sports & Outdoors,4,2026-02-22,636.23,CUST00467,India
500776,P10020,Herbal Shampoo,Beauty & Personal Care,5,2025-04-02,1426.26,CUST00218,United States
502104,P10006,Smartwatch Band,Electronics,-2,2025-07-27,990.13,CUST00579,India
502589,P10011,Ceramic Mug Set,Home & Kitchen,5,2026-06-20,1993.94,CUST00731, India 
503088,P10027,Water Bottle Sipper,Sports & Outdoors,1,2025-09-25,2203.72,CUST00842,United Kingdom
502766,P10030,Cycling Gloves,Sports & Outdoors,1,2025-12-06,820.52,,united states
500042,P10006,Smartwatch Band,Electronics,1,2025-01-01,990.13,CUST00020,India
500047,P10012,Storage Organizer,Home & Kitchen,4,2026-01-03,1268.9,CUST00021,United Kingdom
502656,P10029,Badminton Racket,Sports & Outdoors,3,2025-02-18,274.87,CUST00753,United Kingdom
501063,P10005,Power Bank 10000mAh,Electronics,5,2026-05-18,1034.93,CUST00297,UNITED STATES
501565,P10023,Hair Dryer,Beauty & Personal Care,1,2026-01-13,1018.4,,united states
502416,P10014,Denim Jacket,Apparel,4,2025-01-18,1048.3,CUST00692,India
502971,P10020,Herbal Shampoo,Beauty & Personal Care,4,2025-12-30,1426.26,CUST00830,India
502260,P10028,Camping Torch,Sports & Outdoors,2,2026-04-26,2043.99,CUST00632, Germany 
501631,P10002,Bluetooth Speaker,Electronics,5,2026-02-22,2723.88,,india
502534,P10014,Denim Jacket,Apparel,2,2025-06-28,1048.3,CUST00722,India
502453,P10004,USB-C Cable,Electronics,5,2025-10-22,3182.97,CUST00699,India
501986,P10030,Cycling Gloves,Sports & Outdoors,4,2025-11-02,820.52,CUST00554,United Kingdom
500151,P10013,,Apparel,3,2026-02-04,1190.46,CUST00054,Germany
501902,P10001,Wireless Earbuds,Electronics,4,2026-06-11,606.94,CUST00534,United Kingdom
501694,P10011,Ceramic Mug Set,Home & Kitchen,2,2025-08-22,1993.94,CUST00465,Singapore
502475,P10028,Camping Torch,Sports & Outdoors,1,2025-05-11,2043.99,CUST00706,Singapore
502845,P10010,Insulated Water Bottle,Home & Kitchen,2,2026-05-14,396.84,CUST00791,India
501244,P10005,Power Bank 10000mAh,Electronics,4,2025-06-12,1034.93,CUST00338,united states
500121,P10019,Face Serum,Beauty & Personal Care,5,2025-02-06,1312.41,CUST00047,INDIA
500860,P10014,Denim Jacket,Apparel,3,2025-10-11,1048.3,CUST00235,India
500719,P10017,Formal Shirt,Apparel,3,2025-01-10,562.91,CUST00203,India
502918,P10023,Hair Dryer,Beauty & Personal Care,3,2025-03-01,1018.4,CUST00813,India
500388,P10033,Desk Organizer,Stationery & Office,5,2025-09-29,67.73,CUST00133,India
501048,P10013,Cotton T-Shirt,Apparel,5,2026-04-21,1190.46,CUST00295,India
500153,P10022,Sunscreen SPF50,Beauty & Personal Care,2,2025-07-14,514.51,CUST00056,UAE
500396,P10014,Denim Jacket,Apparel,-4,2025-09-19,1048.3,CUST00137,India
501167,P10004,USB-C Cable,Electronics,1,2026-05-22,3182.97,CUST00324,India
500669,P10002,Bluetooth Speaker,Electronics,1,2025-03-26,2723.88,CUST00198, Germany 
502536,P10031,Notebook Set,Stationery & Office,3,2026-03-03,268.52,CUST00724,United States
502094,P10002,Bluetooth Speaker,Electronics,2,2025-10-31,2723.88,CUST00579,India
501173,P10013,Cotton T-Shirt,Apparel,2,2026-03-28,1190.46,CUST00324,India
501676,P10012,Storage Organizer,Home & Kitchen,4,2026-01-15,1268.9,CUST00463,United States
502548,P10014,Denim Jacket,Apparel,2,2026-06-21,1048.3,CUST00728,United States
501810,P10026,Resistance Bands Set,Sports & Outdoors,4,2025-07-05,636.23,CUST00501,United Kingdom
502076,P10003,Phone Case,Electronics,5,2026-02-28,1049.71,CUST00579,India
500639,P10033,Desk Organizer,Stationery & Office,4,2025-11-14,67.73,CUST00189,India
502424,P10024,Beard Trimmer,Beauty & Personal Care,1,2025-05-13,700.79,CUST00697,India
502580,P10007,Non-Stick Pan,Home & Kitchen,3,2025-12-17,331.24,CUST00731,India
501551,P10030,Cycling Gloves,Sports & Outdoors,1,2026-01-13,820.52,CUST00439, United States 
502470,P10012,Storage Organizer,Home & Kitchen,2,2026-03-02,1268.9,CUST00706,singapore
500723,P10008,LED Desk Lamp,Home & Kitchen,4,2026-04-30,0.0,CUST00203,India
501825,P10025,Yoga Mat,Sports & Outdoors,3,2025-08-25,270.08,CUST00503,india
502092,P10036,Backpack,Stationery & Office,4,2025-10-30,218.62,CUST00579,India
501947,P10009,Cotton Bedsheet Set,Home & Kitchen,4,2026-01-16,1519.89,CUST00540,India
502963,P10029,Badminton Racket,Sports & Outdoors,3,2026-03-13,274.87,CUST00830,India
501219,P10035,Whiteboard Marker Set,Stationery & Office,2,2026-05-12,808.92,CUST00332,UNITED STATES
500881,P10025,Yoga Mat,Sports & Outdoors,2,2025-07-31,270.08,CUST00237,India
501516,P10012,Storage Organizer,Home & Kitchen,1,2025-09-22,1268.9,CUST00429,India
501775,P10034,,Stationery & Office,3,2029-01-01,147.9,CUST00490,Germany
500342,P10026,Resistance Bands Set,Sports & Outdoors,4,2025-09-09,636.23,CUST00126,India
501110,P10017,Formal Shirt,Apparel,4,2025-02-07,562.91,CUST00311,india
500254,P10007,Non-Stick Pan,Home & Kitchen,5,2025-01-05,331.24,CUST00101,India
501497,P10026,Resistance Bands Set,Sports & Outdoors,2,2026-01-26,636.23,CUST00423,India
501290,P10001,Wireless Earbuds,Electronics,5,2025-12-11,606.94,CUST00349,India
501904,P10012,Storage Organizer,Home & Kitchen,-5,2025-05-05,1268.9,CUST00536,UAE
502154,P10026,Resistance Bands Set,Sports & Outdoors,3,2025-04-25,636.23,CUST00585,UNITED KINGDOM
503004,P10017,Formal Shirt,Apparel,3,2025-07-28,562.91,CUST00831,India
502328,P10014,Denim Jacket,Apparel,4,2025-02-04,1048.3,CUST00659, United Kingdom 
502744,P10025,Yoga Mat,Sports & Outdoors,1,2025-10-13,270.08,CUST00771,India
502669,P10036,Backpack,Stationery & Office,1,2025-04-06,218.62,CUST00753,United Kingdom
500981,P10004,USB-C Cable,Electronics,3,2026-05-25,3182.97,CUST00273,Germany
500810,P10008,LED Desk Lamp,Home & Kitchen,4,2026-06-22,1311.15,CUST00219,United Kingdom
500839,P10007,Non-Stick Pan,Home & Kitchen,2,2025-04-17,331.24,CUST00225,INDIA
501812,P10010,Insulated Water Bottle,Home & Kitchen,3,2025-10-21,396.84,CUST00501,United Kingdom
502146,P10027,Water Bottle Sipper,Sports & Outdoors,3,2025-08-27,2203.72,CUST00583,India
502960,P10014,Denim Jacket,Apparel,-4,2026-03-11,1048.3,CUST00830,India
500618,P10031,Notebook Set,Stationery & Office,1,2026-05-16,268.52,CUST00189,India
502160,P10019,Face Serum,Beauty & Personal Care,2,2026-02-14,1312.41,CUST00587,India
502760,P10007,Non-Stick Pan,Home & Kitchen,1,2025-10-02,331.24,CUST00777,India
500579,P10007,Non-Stick Pan,Home & Kitchen,5,2025-08-21,331.24,CUST00176,India
500427,P10019,Face Serum,Beauty & Personal Care,5,2025-09-02,1312.41,CUST00139,India
503098,P10014,Denim Jacket,Apparel,1,2025-04-06,1048.3,CUST00847,India
501411,P10022,Sunscreen SPF50,Beauty & Personal Care,5,2026-06-12,514.51,CUST00392,India
502838,P10013,Cotton T-Shirt,Apparel,5,2025-06-06,1190.46,CUST00788,INDIA
502496,P10023,,Beauty & Personal Care,3,2025-02-01,1018.4,CUST00706,Singapore
500266,P10003,Phone Case,Electronics,4,2026-04-08,1049.71,CUST00106,India
503016,P10009,Cotton Bedsheet Set,Home & Kitchen,1,2025-04-20,1519.89,CUST00833,India
500682,P10031,Notebook Set,Stationery & Office,2,2026-02-08,268.52,CUST00199,Germany
501144,P10024,Beard Trimmer,Beauty & Personal Care,2,2025-10-12,700.79,CUST00315,Germany
502544,P10028,Camping Torch,Sports & Outdoors,2,2026-06-04,2043.99,CUST00726,Germany
503100,P10026,Resistance Bands Set,Sports & Outdoors,4,2025-11-21,636.23,CUST00848,Singapore
502237,P10030,Cycling Gloves,Sports & Outdoors,5,2025-06-03,820.52,CUST00627,India
500806,P10025,Yoga Mat,Sports & Outdoors,3,2025-07-04,270.08,CUST00219,United Kingdom
501833,P10013,Cotton T-Shirt,Apparel,4,2026-02-27,1190.46,CUST00507,UAE
502368,P10020,Herbal Shampoo,Beauty & Personal Care,2,2025-05-30,1426.26,CUST00671,India
501325,P10004,USB-C Cable,Electronics,4,2025-05-21,3182.97,CUST00356,United Kingdom
503067,P10020,Herbal Shampoo,Beauty & Personal Care,-5,2025-11-22,1426.26,CUST00842,United Kingdom
500422,P10004,USB-C Cable,Electronics,1,2026-02-16,3182.97,CUST00139,India
500101,P10014,Denim Jacket,Apparel,5,2025-06-23,1048.3,CUST00042,India
501591,P10035,Whiteboard Marker Set,Stationery & Office,3,2025-05-31,808.92,CUST00448,United States
500051,P10007,Non-Stick Pan,Home & Kitchen,5,2026-03-17,331.24,CUST00023, India 
501369,P10013,Cotton T-Shirt,Apparel,4,2025-10-03,1190.46,CUST00374,United Kingdom
502457,P10015,Running Shoes,Apparel,1,2026-02-17,980.3,CUST00700,India
500932,P10007,Non-Stick Pan,Home & Kitchen,5,2026-01-16,331.24,CUST00260,India
502426,P10019,Face Serum,Beauty & Personal Care,2,2025-10-01,1312.41,CUST00698,United Kingdom
501438,P10011,Ceramic Mug Set,Home & Kitchen,2,2025-08-20,1993.94,CUST00397,germany
500376,P10013,Cotton T-Shirt,Apparel,4,2025-07-22,1190.46,CUST00130, India 
502382,P10019,Face Serum,Beauty & Personal Care,5,2025-06-13,1312.41,CUST00674,India
500372,P10025,Yoga Mat,Sports & Outdoors,3,2025-09-02,270.08,CUST00130,India
502614,P10007,Non-Stick Pan,Home & Kitchen,5,2025-10-23,331.24,CUST00738,United States
501003,P10005,Power Bank 10000mAh,Electronics,4,2025-07-13,1034.93,CUST00282,India
501679,P10012,Storage Organizer,Home & Kitchen,2,2025-03-24,1268.9,CUST00463,United States
500434,P10021,Lip Balm Set,Beauty & Personal Care,2,2025-04-26,652.97,CUST00141,Singapore
500135,P10009,Cotton Bedsheet Set,Home & Kitchen,1,2025-08-15,1519.89,CUST00047,India
502469,P10007,Non-Stick Pan,Home & Kitchen,5,2025-10-17,331.24,CUST00706,Singapore
502498,P10005,Power Bank 10000mAh,Electronics,-2,2025-10-20,1034.93,CUST00706,Singapore
502302,P10026,Resistance Bands Set,Sports & Outdoors,1,2025-12-03,636.23,CUST00650,India
502440,P10026,Resistance Bands Set,Sports & Outdoors,1,2025-11-27,636.23,CUST00699,India
503057,P10027,Water Bottle Sipper,Sports & Outdoors,5,2025-11-21,2203.72,CUST00842,United Kingdom
500451,P10029,Badminton Racket,Sports & Outdoors,3,2025-01-27,274.87,CUST00146,India
502663,P10018,,Apparel,-3,2026-03-31,608.28,CUST00753,United Kingdom
501170,P10031,Notebook Set,Stationery & Office,3,2025-03-10,268.52,CUST00324,INDIA
503061,P10029,Badminton Racket,Sports & Outdoors,2,2026-01-19,274.87,CUST00842, United Kingdom 
501670,P10036,Backpack,Stationery & Office,5,2025-01-18,218.62,CUST00463,United States
500867,P10008,LED Desk Lamp,Home & Kitchen,4,2025-08-28,1311.15,CUST00236,United States
500987,P10005,Power Bank 10000mAh,Electronics,4,2026-01-15,1034.93,CUST00275,India
500991,P10028,Camping Torch,Sports & Outdoors,3,2026-02-22,2043.99,CUST00278,United Kingdom
501759,P10023,Hair Dryer,Beauty & Personal Care,1,2025-11-23,1018.4,CUST00485,United Kingdom
501771,P10025,Yoga Mat,Sports & Outdoors,1,2026-06-15,270.08,CUST00487,India
502753,P10017,Formal Shirt,Apparel,3,2025-12-15,562.91,CUST00777,INDIA
500280,P10015,Running Shoes,Apparel,2,2025-02-12,980.3,CUST00111,India
501632,P10013,Cotton T-Shirt,Apparel,4,2025-03-19,1190.46,CUST00449,INDIA
502062,P10035,Whiteboard Marker Set,Stationery & Office,-3,2025-09-02,808.92,CUST00571,India
500986,P10003,Phone Case,Electronics,2,2025-07-15,1049.71,CUST00275, India 
502663,P10001,Wireless Earbuds,Electronics,5,2026-03-31,606.94,CUST00753,United Kingdom
500780,P10004,USB-C Cable,Electronics,5,2025-01-13,3182.97,CUST00218,United States
501310,P10014,Denim Jacket,Apparel,3,2025-05-26,1048.3,CUST00353,United Kingdom
500831,P10011,Ceramic Mug Set,Home & Kitchen,2,2025-01-01,1993.94,CUST00222,United Kingdom
500371,P10022,Sunscreen SPF50,Beauty & Personal Care,3,2026-02-02,514.51,CUST00130,India
500304,P10005,Power Bank 10000mAh,Electronics,5,2025-10-19,1034.93,CUST00117,United States
500100,P10027,Water Bottle Sipper,Sports & Outdoors,4,2025-07-20,2203.72,CUST00042,india
500565,P10023,Hair Dryer,Beauty & Personal Care,1,2025-11-01,1018.4,CUST00174,INDIA
502463,P10014,Denim Jacket,Apparel,4,2025-03-02,1048.3,CUST00704,India
500838,P10028,Camping Torch,Sports & Outdoors,4,2026-03-23,2043.99,CUST00225, India 
502266,P10015,Running Shoes,Apparel,2,2025-03-19,980.3,CUST00634,India
502569,P10029,Badminton Racket,Sports & Outdoors,3,2026-05-16,274.87,CUST00731,India
500241,P10008,LED Desk Lamp,Home & Kitchen,4,2025-11-27,1311.15,CUST00095,United States
502430,P10009,Cotton Bedsheet Set,Home & Kitchen,2,2026-06-04,1519.89,CUST00699,India
501083,P10025,Yoga Mat,Sports & Outdoors,1,2025-08-13,270.08,CUST00300,India
500819,P10014,Denim Jacket,Apparel,1,2026-02-09,1048.3,CUST00219,United Kingdom
502824,P10033,Desk Organizer,Stationery & Office,3,2025-11-15,67.73,CUST00786,UAE
501507,P10011,Ceramic Mug Set,Home & Kitchen,1,2025-11-22,1993.94,CUST00426,INDIA
500270,P10028,Camping Torch,Sports & Outdoors,4,2026-03-06,2043.99,CUST00108,United States
502876,P10010,Insulated Water Bottle,Home & Kitchen,4,2025-01-05,396.84,CUST00798,United Kingdom
502237,P10020,Herbal Shampoo,Beauty & Personal Care,1,2025-06-03,1426.26,CUST00627,INDIA
501183,P10035,Whiteboard Marker Set,Stationery & Office,1,2025-02-19,808.92,CUST00324,India
501281,P10015,Running Shoes,Apparel,5,2025-06-11,980.3,CUST00345,India
502943,P10032,Gel Pen Pack,Stationery & Office,3,2026-02-13,687.3,CUST00820,India
500729,P10016,Wool Sweater,Apparel,5,2026-02-15,0.0,CUST00205,United Kingdom
502156,P10002,Bluetooth Speaker,Electronics,1,2025-05-03,2723.88,CUST00586,India
500018,P10008,LED Desk Lamp,Home & Kitchen,1,2025-12-11,1311.15,CUST00007,India
501488,P10022,Sunscreen SPF50,Beauty & Personal Care,2,2026-03-31,514.51,CUST00420,United States
501735,P10015,Running Shoes,Apparel,2,2025-06-17,980.3,CUST00479,Singapore
501141,P10009,Cotton Bedsheet Set,Home & Kitchen,1,2025-07-06,1519.89,CUST00313,India
501892,P10020,Herbal Shampoo,Beauty & Personal Care,2,2026-06-22,1426.26,CUST00532,Singapore
502502,P10026,Resistance Bands Set,Sports & Outdoors,5,2026-01-13,636.23,CUST00706,Singapore
500634,P10032,Gel Pen Pack,Stationery & Office,1,2026-02-04,687.3,CUST00189,INDIA
500417,P10011,Ceramic Mug Set,Home & Kitchen,5,2025-10-03,1993.94,CUST00138,United States
502205,P10023,Hair Dryer,Beauty & Personal Care,1,2025-12-02,1018.4,CUST00611,India
500973,P10033,Desk Organizer,Stationery & Office,3,2026-02-19,67.73,CUST00272,United States
501867,P10002,Bluetooth Speaker,Electronics,3,2025-12-19,2723.88,CUST00523,Singapore
502358,P10013,Cotton T-Shirt,Apparel,3,2025-04-20,1190.46,CUST00667,India
502236,P10003,Phone Case,Electronics,5,2025-04-14,1049.71,CUST00626,INDIA
500002,P10024,Beard Trimmer,Beauty & Personal Care,1,2025-12-18,700.79,CUST00001,India
500064,P10021,Lip Balm Set,Beauty & Personal Care,1,2026-01-31,652.97,CUST00032,INDIA
501278,P10005,Power Bank 10000mAh,Electronics,5,2025-01-31,1034.93,CUST00343,India
501527,P10032,,Stationery & Office,3,2025-09-04,687.3,CUST00436,United States
500738,P10020,Herbal Shampoo,Beauty & Personal Care,4,2025-08-24,1426.26,CUST00206,India
500400,P10033,Desk Organizer,Stationery & Office,5,2026-05-28,67.73,CUST00137,India
501844,P10029,Badminton Racket,Sports & Outdoors,3,2025-12-29,274.87,CUST00513,UAE
500945,P10016,Wool Sweater,Apparel,1,2026-01-12,1250.39,,India
502941,P10012,Storage Organizer,Home & Kitchen,1,2026-03-18,1268.9,CUST00818, India 
500424,P10014,Denim Jacket,Apparel,2,2026-03-25,1048.3,CUST00139,India
502178,P10009,Cotton Bedsheet Set,Home & Kitchen,3,2026-02-17,1519.89,,INDIA
502014,P10023,Hair Dryer,Beauty & Personal Care,4,2026-05-27,1018.4,CUST00559,United States
502858,P10020,Herbal Shampoo,Beauty & Personal Care,2,2026-05-20,1426.26,CUST00796,Germany
501818,P10017,Formal Shirt,Apparel,1,2026-06-14,562.91,CUST00503,India
501032,P10018,Yoga Pants,Apparel,3,2025-07-20,608.28,CUST00287,India
501425,P10009,Cotton Bedsheet Set,Home & Kitchen,5,2025-05-14,1519.89,CUST00392,India
500386,P10017,Formal Shirt,Apparel,3,2025-05-14,562.91,CUST00133,India
501247,P10032,Gel Pen Pack,Stationery & Office,4,2026-03-26,687.3,CUST00338,United States
501134,P10019,Face Serum,Beauty & Personal Care,3,2026-06-18,1312.41,CUST00312,India
501514,P10018,Yoga Pants,Apparel,2,2025-08-22,608.28,CUST00428,Germany
501423,P10013,Cotton T-Shirt,Apparel,3,2026-06-04,1190.46,CUST00392,India
502913,P10001,Wireless Earbuds,Electronics,4,2025-04-12,606.94,CUST00813,INDIA
501219,P10028,Camping Torch,Sports & Outdoors,4,2026-05-12,2043.99,CUST00332,united states
502326,P10024,Beard Trimmer,Beauty & Personal Care,-3,2026-03-21,700.79,CUST00659,United Kingdom
502699,P10012,Storage Organizer,Home & Kitchen,5,2025-10-29,1268.9,CUST00754,INDIA
501119,P10002,Bluetooth Speaker,Electronics,3,2026-06-24,2723.88,CUST00311,India
501240,P10033,Desk Organizer,Stationery & Office,1,2025-11-28,67.73,CUST00338,United States
502097,P10025,Yoga Mat,Sports & Outdoors,4,2025-04-25,270.08,CUST00579,India
500096,P10015,Running Shoes,Apparel,4,2025-03-12,980.3,CUST00038,INDIA
500199,P10014,Denim Jacket,Apparel,5,2025-11-04,1048.3,CUST00074,United States
501324,P10021,Lip Balm Set,Beauty & Personal Care,1,2026-01-27,652.97,CUST00356,United Kingdom
502880,P10011,Ceramic Mug Set,Home & Kitchen,1,2025-03-08,1993.94,CUST00800,UAE
502410,P10025,Yoga Mat,Sports & Outdoors,3,2025-05-01,270.08,CUST00688,India
501836,P10023,Hair Dryer,Beauty & Personal Care,4,2025-07-13,1018.4,CUST00509,UAE
500064,P10018,Yoga Pants,Apparel,5,2026-01-31,608.28,CUST00032,India
500240,P10023,Hair Dryer,Beauty & Personal Care,2,2026-06-09,1018.4,CUST00094,United Kingdom
500187,P10026,Resistance Bands Set,Sports & Outdoors,2,2026-03-10,636.23,CUST00068,United States
500993,P10004,USB-C Cable,Electronics,4,2025-08-12,3182.97,CUST00279,UNITED STATES
501488,P10029,Badminton Racket,Sports & Outdoors,1,2026-03-31,274.87,CUST00420,United States
502651,P10001,Wireless Earbuds,Electronics,4,2025-03-19,606.94,CUST00752,uae
501384,P10025,Yoga Mat,Sports & Outdoors,5,2025-01-11,270.08,CUST00384,Germany
501153,P10008,LED Desk Lamp,Home & Kitchen,5,2025-04-26,1311.15,CUST00320,India
500018,P10027,Water Bottle Sipper,Sports & Outdoors,2,2025-12-11,2203.72,CUST00007,India
500238,P10001,Wireless Earbuds,Electronics,1,2025-07-22,606.94,CUST00093,United States
500476,P10035,Whiteboard Marker Set,Stationery & Office,4,2025-05-13,808.92,CUST00159,India
501478,P10005,Power Bank 10000mAh,Electronics,4,2025-11-23,1034.93,CUST00417,india
501476,P10003,Phone Case,Electronics,2,2026-04-28,1049.71,CUST00416,INDIA
501474,P10020,Herbal Shampoo,Beauty & Personal Care,5,2026-01-23,1426.26,CUST00416,India
502719,P10017,Formal Shirt,Apparel,5,2026-05-17,562.91,CUST00762,India
502037,P10025,Yoga Mat,Sports & Outdoors,4,2026-04-28,270.08,CUST00564,India
502502,P10027,Water Bottle Sipper,Sports & Outdoors,2,2026-01-13,2203.72,CUST00706,Singapore
500160,P10026,Resistance Bands Set,Sports & Outdoors,3,2025-03-08,636.23,CUST00058,India
501605,P10027,Water Bottle Sipper,Sports & Outdoors,3,2025-07-08,2203.72,CUST00448,United States
502692,P10013,Cotton T-Shirt,Apparel,2,2025-08-29,1190.46,CUST00753,United Kingdom
501415,P10025,Yoga Mat,Sports & Outdoors,2,2026-01-03,270.08,CUST00392, India 
500864,P10035,Whiteboard Marker Set,Stationery & Office,1,2025-01-02,808.92,CUST00235,India
501344,P10033,Desk Organizer,Stationery & Office,5,2025-06-07,67.73,CUST00363,India
502382,P10027,Water Bottle Sipper,Sports & Outdoors,3,2025-06-13,2203.72,CUST00674,India
502377,P10015,Running Shoes,Apparel,3,2025-08-23,980.3,CUST00674,India
502452,P10027,Water Bottle Sipper,Sports & Outdoors,3,2025-04-17,2203.72,CUST00699, India 
501027,P10025,Yoga Mat,Sports & Outdoors,5,2025-01-20,270.08,CUST00286,india
501054,P10014,Denim Jacket,Apparel,2,2025-06-10,1048.3,CUST00295,India
500108,P10008,LED Desk Lamp,Home & Kitchen,3,2026-01-02,1311.15,CUST00046,United Kingdom
500372,P10023,Hair Dryer,Beauty & Personal Care,1,2025-09-02,1018.4,CUST00130,India
501264,P10016,Wool Sweater,Apparel,2,2026-01-30,1250.39,CUST00343,INDIA
502110,P10032,Gel Pen Pack,Stationery & Office,4,2025-03-15,687.3,CUST00579,India
501441,P10010,Insulated Water Bottle,Home & Kitchen,2,2026-04-19,396.84,CUST00399,United States
502402,P10010,Insulated Water Bottle,Home & Kitchen,2,2026-05-24,396.84,CUST00685,UAE
502768,P10011,Ceramic Mug Set,Home & Kitchen,1,2025-05-23,1993.94,CUST00779,UNITED STATES
501563,P10036,Backpack,Stationery & Office,3,2026-06-07,218.62,CUST00444,India
501466,P10028,Camping Torch,Sports & Outdoors,4,2025-11-05,2043.99,CUST00414,UNITED KINGDOM
500546,P10036,Backpack,Stationery & Office,2,2026-02-13,218.62,CUST00169,india
501407,P10007,Non-Stick Pan,Home & Kitchen,2,2026-06-11,331.24,CUST00392,India
502193,P10030,Cycling Gloves,Sports & Outdoors,3,2026-02-10,820.52,CUST00602,India
501145,P10034,Sticky Notes Pack,Stationery & Office,1,2026-01-20,147.9,CUST00315,Germany
501035,P10017,Formal Shirt,Apparel,3,2026-03-06,562.91,CUST00289,India
501666,P10029,Badminton Racket,Sports & Outdoors,4,2025-01-07,274.87,CUST00463,united states
500796,P10015,Running Shoes,Apparel,5,2025-12-18,980.3,CUST00219,United Kingdom
502031,P10030,Cycling Gloves,Sports & Outdoors,4,2025-12-25,820.52,CUST00563,India
502749,P10016,Wool Sweater,Apparel,2,2026-04-07,1250.39,CUST00775,United States
502556,P10006,,Electronics,5,2025-06-26,990.13,CUST00731,India
502740,P10026,Resistance Bands Set,Sports & Outdoors,1,2026-01-10,636.23,CUST00770,Germany
502822,P10017,Formal Shirt,Apparel,4,2025-05-01,562.91,CUST00784,india
502986,P10026,Resistance Bands Set,Sports & Outdoors,3,2025-01-07,636.23,CUST00830,India
501608,P10011,Ceramic Mug Set,Home & Kitchen,2,2026-01-13,1993.94,CUST00448,United States
502892,P10003,Phone Case,Electronics,2,2026-01-13,1049.71,CUST00802,India
501338,P10026,Resistance Bands Set,Sports & Outdoors,2,2025-02-24,636.23,CUST00360,United Kingdom
502199,P10020,Herbal Shampoo,Beauty & Personal Care,3,2025-10-19,1426.26,CUST00608,India
500743,P10007,Non-Stick Pan,Home & Kitchen,3,2025-11-09,331.24,CUST00209,India
502930,P10031,Notebook Set,Stationery & Office,2,2026-05-04,268.52,,germany
500670,P10007,Non-Stick Pan,Home & Kitchen,1,2025-06-01,331.24,CUST00198,GERMANY
501512,P10024,Beard Trimmer,Beauty & Personal Care,5,2026-03-03,700.79,CUST00428,Germany
502939,P10022,Sunscreen SPF50,Beauty & Personal Care,1,2025-01-02,514.51,CUST00817,United Kingdom
501415,P10024,Beard Trimmer,Beauty & Personal Care,4,2026-01-03,700.79,CUST00392,India
501074,P10018,Yoga Pants,Apparel,2,2025-01-11,608.28,CUST00299,United Kingdom
501823,P10036,Backpack,Stationery & Office,1,2026-03-26,218.62,CUST00503,India
502174,P10001,Wireless Earbuds,Electronics,2,2025-02-26,606.94,CUST00592,united kingdom
501291,P10001,Wireless Earbuds,Electronics,4,2025-09-23,606.94,CUST00349,India
501197,P10010,Insulated Water Bottle,Home & Kitchen,2,2025-07-15,396.84,CUST00324,India
500897,P10021,Lip Balm Set,Beauty & Personal Care,5,2025-06-30,652.97,CUST00245,india
502540,P10023,Hair Dryer,Beauty & Personal Care,2,2025-05-31,1018.4,CUST00725,United Kingdom
500189,P10024,Beard Trimmer,Beauty & Personal Care,1,2025-09-27,700.79,CUST00068,united states
501465,P10006,Smartwatch Band,Electronics,2,2025-03-21,990.13,CUST00414,United Kingdom
500681,P10011,Ceramic Mug Set,Home & Kitchen,4,2026-03-26,1993.94,CUST00199,Germany
500300,P10021,Lip Balm Set,Beauty & Personal Care,5,2025-01-16,652.97,CUST00117,United States
500595,P10036,Backpack,Stationery & Office,4,2026-02-27,218.62,CUST00176,India
500653,P10016,Wool Sweater,Apparel,1,2026-05-11,1250.39,CUST00194,UNITED KINGDOM
502503,P10033,Desk Organizer,Stationery & Office,2,2025-06-25,67.73,CUST00706,Singapore
501442,P10035,Whiteboard Marker Set,Stationery & Office,3,2025-05-02,808.92,CUST00400,United States
500679,P10014,Denim Jacket,Apparel,2,2026-03-09,1048.3,CUST00199,Germany
501750,P10022,Sunscreen SPF50,Beauty & Personal Care,1,2025-09-20,514.51,CUST00485,United Kingdom
502987,P10023,Hair Dryer,Beauty & Personal Care,2,2025-06-01,1018.4,CUST00830,India
501467,P10029,Badminton Racket,Sports & Outdoors,4,2025-09-30,274.87,CUST00415,United Kingdom
503067,P10022,Sunscreen SPF50,Beauty & Personal Care,5,2025-11-22,514.51,CUST00842,United Kingdom
502118,P10007,Non-Stick Pan,Home & Kitchen,1,2025-09-11,331.24,CUST00579,India
501666,P10022,Sunscreen SPF50,Beauty & Personal Care,1,2025-01-07,514.51,CUST00463,United States
502685,P10005,Power Bank 10000mAh,Electronics,3,2026-02-09,1034.93,CUST00753,United Kingdom
501663,P10036,Backpack,Stationery & Office,1,2025-10-15,218.62,CUST00463,United States
500929,P10006,Smartwatch Band,Electronics,4,2025-05-22,990.13,CUST00260,india
500610,P10001,Wireless Earbuds,Electronics,4,2026-05-29,606.94,CUST00185, India 
500503,P10004,USB-C Cable,Electronics,-2,2026-05-12,3182.97,CUST00167,india
501401,P10030,Cycling Gloves,Sports & Outdoors,2,2026-02-02,820.52,CUST00391,Singapore
500834,P10027,Water Bottle Sipper,Sports & Outdoors,3,2025-06-03,2203.72,CUST00223,india
501151,P10005,Power Bank 10000mAh,Electronics,3,2026-02-03,1034.93,CUST00319,India
501934,P10013,Cotton T-Shirt,Apparel,2,2026-06-06,1190.46,CUST00539,India
502511,P10035,Whiteboard Marker Set,Stationery & Office,3,2025-08-29,808.92,CUST00710,UNITED KINGDOM
502680,P10017,Formal Shirt,Apparel,2,2025-11-10,562.91,CUST00753,United Kingdom
500279,P10036,Backpack,Stationery & Office,1,2026-01-13,218.62,CUST00111,india
501144,P10015,Running Shoes,Apparel,4,2025-10-12,980.3,CUST00315,Germany
501134,P10029,Badminton Racket,Sports & Outdoors,2,2026-06-18,274.87,CUST00312,India
502317,P10031,Notebook Set,Stationery & Office,5,2026-03-03,268.52,CUST00659, United Kingdom 
500574,P10020,Herbal Shampoo,Beauty & Personal Care,3,2025-10-29,1426.26,CUST00176,India
501236,P10001,Wireless Earbuds,Electronics,1,2025-09-07,606.94,CUST00336,India
501379,P10020,Herbal Shampoo,Beauty & Personal Care,3,2025-02-19,1426.26,CUST00381,india
502994,P10003,,Electronics,5,2025-05-04,1049.71,CUST00830,India
502469,P10014,Denim Jacket,Apparel,4,2025-10-17,1048.3,CUST00706,Singapore
502869,P10009,Cotton Bedsheet Set,Home & Kitchen,5,2026-01-18,1519.89,CUST00796, Germany 
502191,P10007,Non-Stick Pan,Home & Kitchen,1,2025-10-31,331.24,CUST00602,India
502612,P10019,Face Serum,Beauty & Personal Care,2,2025-06-15,1312.41,CUST00738,United States
501208,P10004,USB-C Cable,Electronics,2,2025-10-10,3182.97,CUST00327,United Kingdom
500519,P10012,Storage Organizer,Home & Kitchen,2,2025-11-24,1268.9,CUST00169,India
500212,P10032,Gel Pen Pack,Stationery & Office,3,2025-10-21,687.3,CUST00082,United Kingdom
500190,P10025,Yoga Mat,Sports & Outdoors,1,2025-10-24,270.08,CUST00068,United States
500726,P10030,Cycling Gloves,Sports & Outdoors,1,2025-12-15,820.52,CUST00204,Germany
502868,P10006,Smartwatch Band,Electronics,1,2025-01-21,990.13,CUST00796,Germany
502981,P10008,LED Desk Lamp,Home & Kitchen,2,2025-09-17,1311.15,,India
502818,P10033,Desk Organizer,Stationery & Office,5,2026-01-27,67.73,CUST00783,India
501463,P10011,Ceramic Mug Set,Home & Kitchen,3,2025-03-26,1993.94,CUST00413,UAE
501823,P10032,Gel Pen Pack,Stationery & Office,3,2026-03-26,687.3,CUST00503,india
501744,P10005,Power Bank 10000mAh,Electronics,1,2026-04-05,1034.93,CUST00482,United Kingdom
502994,P10003,Phone Case,Electronics,1,2025-05-04,1049.71,CUST00830,INDIA
503035,P10034,Sticky Notes Pack,Stationery & Office,5,2026-04-16,147.9,CUST00836,India
500676,P10001,Wireless Earbuds,Electronics,5,2025-08-11,606.94,CUST00199,GERMANY
502264,P10019,Face Serum,Beauty & Personal Care,4,2026-06-08,1312.41,CUST00634,India
502467,P10006,Smartwatch Band,Electronics,2,2025-10-25,990.13,CUST00705,india
502036,P10004,USB-C Cable,Electronics,1,2025-01-24,3182.97,CUST00564,India
502397,P10027,Water Bottle Sipper,Sports & Outdoors,1,2026-03-15,2203.72,CUST00682,India
500712,P10010,Insulated Water Bottle,Home & Kitchen,1,2025-12-11,396.84,CUST00203,India
501029,P10025,Yoga Mat,Sports & Outdoors,5,2025-10-22,270.08,CUST00286,India
501399,P10010,Insulated Water Bottle,Home & Kitchen,1,2025-08-22,396.84,CUST00389,united states
501852,P10001,Wireless Earbuds,Electronics,5,2026-02-12,606.94,CUST00518,United States
500365,P10001,Wireless Earbuds,Electronics,4,2025-09-30,606.94,CUST00127,United States
502252,P10002,Bluetooth Speaker,Electronics,4,2026-03-03,2723.88,CUST00631,united states
501746,P10025,Yoga Mat,Sports & Outdoors,3,2025-09-14,270.08,CUST00482,United Kingdom
500865,P10028,Camping Torch,Sports & Outdoors,4,2025-05-30,2043.99,CUST00236,UNITED STATES
501031,P10030,Cycling Gloves,Sports & Outdoors,3,2026-02-15,820.52,CUST00287,India
502785,P10026,Resistance Bands Set,Sports & Outdoors,4,2025-07-29,636.23,CUST00779,United States
502770,P10014,Denim Jacket,Apparel,1,2025-08-23,1048.3,CUST00779,United States
502619,P10005,Power Bank 10000mAh,Electronics,1,2025-04-19,1034.93,CUST00738,United States
501197,P10008,LED Desk Lamp,Home & Kitchen,-3,2025-07-15,1311.15,CUST00324,India
502445,P10001,Wireless Earbuds,Electronics,5,2026-02-25,606.94,CUST00699,India
500853,P10027,Water Bottle Sipper,Sports & Outdoors,4,2026-04-17,2203.72,CUST00232,India
502882,P10034,Sticky Notes Pack,Stationery & Office,4,2026-06-04,147.9,CUST00800,UAE
502524,P10016,Wool Sweater,Apparel,3,2025-12-09,1250.39,CUST00716,UAE
502318,P10017,Formal Shirt,Apparel,1,2025-05-30,562.91,CUST00659,United Kingdom
501817,P10013,Cotton T-Shirt,Apparel,2,2025-10-20,1190.46,CUST00503,India
500099,P10009,Cotton Bedsheet Set,Home & Kitchen,1,2025-09-16,1519.89,CUST00041,india
501830,P10001,Wireless Earbuds,Electronics,5,2025-07-02,606.94,CUST00504,United States
500717,P10011,Ceramic Mug Set,Home & Kitchen,2,2025-08-03,1993.94,CUST00203,India
501207,P10002,Bluetooth Speaker,Electronics,2,2025-06-24,2723.88,CUST00326, United States 
500720,P10033,Desk Organizer,Stationery & Office,2,2026-01-17,67.73,CUST00203,India
503091,P10005,Power Bank 10000mAh,Electronics,3,2025-07-13,1034.93,CUST00843,India
500744,P10005,Power Bank 10000mAh,Electronics,3,2026-02-23,1034.93,CUST00210,India
501177,P10011,Ceramic Mug Set,Home & Kitchen,1,2025-04-16,1993.94,CUST00324,India
500778,P10027,Water Bottle Sipper,Sports & Outdoors,3,2026-06-03,2203.72,CUST00218,United States
502250,P10032,Gel Pen Pack,Stationery & Office,3,2026-04-16,687.3,CUST00629,India
503060,P10027,Water Bottle Sipper,Sports & Outdoors,2,2025-12-27,2203.72,CUST00842,UNITED KINGDOM
500515,P10014,Denim Jacket,Apparel,2,2025-07-10,1048.3,CUST00169,india
500097,P10008,LED Desk Lamp,Home & Kitchen,3,2026-01-21,1311.15,CUST00039,United Kingdom
502479,P10019,Face Serum,Beauty & Personal Care,1,2025-09-11,1312.41,CUST00706,SINGAPORE
502861,P10024,Beard Trimmer,Beauty & Personal Care,2,2025-11-11,700.79,CUST00796,Germany
500767,P10026,Resistance Bands Set,Sports & Outdoors,2,2025-03-31,636.23,CUST00216,India
501557,P10032,Gel Pen Pack,Stationery & Office,4,2026-04-10,687.3,CUST00442,SINGAPORE
501049,P10021,Lip Balm Set,Beauty & Personal Care,5,2025-01-23,652.97,CUST00295,India
501136,P10019,Face Serum,Beauty & Personal Care,5,2026-03-28,1312.41,CUST00312,India
501701,P10017,Formal Shirt,Apparel,1,2026-03-21,562.91,CUST00469,INDIA
502598,P10036,Backpack,Stationery & Office,1,2025-04-22,218.62,CUST00732,United States
501009,P10013,Cotton T-Shirt,Apparel,5,2025-11-18,1190.46,CUST00286,India
502632,P10005,Power Bank 10000mAh,Electronics,1,2025-04-17,1034.93,CUST00745,India
500210,P10024,Beard Trimmer,Beauty & Personal Care,3,2025-05-24,700.79,CUST00081,Germany
502266,P10001,Wireless Earbuds,Electronics,-4,2025-03-19,606.94,CUST00634,India
503106,P10031,Notebook Set,Stationery & Office,1,2026-02-18,268.52,CUST00850,United Kingdom
502725,P10001,Wireless Earbuds,Electronics,3,2026-05-02,606.94,CUST00763,India
502239,P10026,Resistance Bands Set,Sports & Outdoors,3,2025-04-26,636.23,CUST00627,India
500988,P10019,Face Serum,Beauty & Personal Care,3,2025-07-14,1312.41,CUST00276,India
500406,P10026,Resistance Bands Set,Sports & Outdoors,2,2025-08-27,636.23,CUST00138,United States
503100,P10007,Non-Stick Pan,Home & Kitchen,4,2025-11-21,331.24,CUST00848,singapore
501436,P10025,Yoga Mat,Sports & Outdoors,2,2025-12-26,270.08,CUST00396,UAE
502358,P10035,Whiteboard Marker Set,Stationery & Office,4,2025-04-20,808.92,CUST00667,India
501423,P10028,Camping Torch,Sports & Outdoors,2,2026-06-04,2043.99,CUST00392,India
500921,P10013,Cotton T-Shirt,Apparel,1,2026-06-29,1190.46,CUST00256,United Kingdom
500394,P10022,Sunscreen SPF50,Beauty & Personal Care,5,2025-08-07,514.51,CUST00135,UAE
501220,P10024,Beard Trimmer,Beauty & Personal Care,3,2025-10-28,700.79,CUST00332,United States
501669,P10014,,Apparel,3,2025-08-20,1048.3,CUST00463,United States
500608,P10019,Face Serum,Beauty & Personal Care,5,2025-05-12,1312.41,CUST00183,UAE
502402,P10004,USB-C Cable,Electronics,3,2026-05-24,3182.97,CUST00685,UAE
502320,P10008,LED Desk Lamp,Home & Kitchen,4,2025-12-22,1311.15,CUST00659,UNITED KINGDOM
502000,P10010,Insulated Water Bottle,Home & Kitchen,1,2025-09-06,396.84,CUST00555,Germany
500880,P10009,Cotton Bedsheet Set,Home & Kitchen,4,2026-04-14,1519.89,CUST00237,India
501417,P10011,Ceramic Mug Set,Home & Kitchen,2,2026-02-11,1993.94,CUST00392, India 
502505,P10007,Non-Stick Pan,Home & Kitchen,1,2026-04-30,331.24,CUST00706,Singapore
500175,P10011,Ceramic Mug Set,Home & Kitchen,3,2025-02-18,1993.94,CUST00063, Germany 
500518,P10011,Ceramic Mug Set,Home & Kitchen,2,2025-07-06,1993.94,CUST00169,India
500926,P10013,Cotton T-Shirt,Apparel,1,2025-08-21,1190.46,CUST00258,United Kingdom
500860,P10004,,Electronics,4,2025-10-11,3182.97,CUST00235,india
500567,P10033,Desk Organizer,Stationery & Office,2,2025-04-09,67.73,CUST00175,united kingdom
502227,P10016,Wool Sweater,Apparel,2,2025-09-06,1250.39,CUST00624,India
502917,P10032,Gel Pen Pack,Stationery & Office,2,2025-01-26,687.3,,INDIA
500632,P10013,Cotton T-Shirt,Apparel,5,2025-10-05,1190.46,CUST00189,India
501337,P10031,Notebook Set,Stationery & Office,2,2025-03-18,268.52,CUST00359,uae
501450,P10015,Running Shoes,Apparel,3,2025-08-26,980.3,CUST00407,INDIA
501053,P10002,Bluetooth Speaker,Electronics,3,2025-05-01,2723.88,CUST00295,India
500486,P10021,Lip Balm Set,Beauty & Personal Care,2,2025-06-24,652.97,CUST00163,United Kingdom
502397,P10026,Resistance Bands Set,Sports & Outdoors,3,2026-03-15,636.23,CUST00682,INDIA
501703,P10025,Yoga Mat,Sports & Outdoors,4,2026-03-27,270.08,CUST00470,singapore
500147,P10030,Cycling Gloves,Sports & Outdoors,4,2025-07-12,820.52,CUST00052,United States
500662,P10035,Whiteboard Marker Set,Stationery & Office,5,2025-08-30,808.92,CUST00195,India
501273,P10017,Formal Shirt,Apparel,4,2025-08-26,562.91,CUST00343,India
501840,P10009,Cotton Bedsheet Set,Home & Kitchen,3,2026-02-06,1519.89,CUST00510,United States
500050,P10031,Notebook Set,Stationery & Office,4,2025-08-08,268.52,CUST00022,India
501539,P10026,Resistance Bands Set,Sports & Outdoors,1,2026-06-16,636.23,CUST00439,UNITED STATES
500364,P10012,Storage Organizer,Home & Kitchen,2,2025-10-09,1268.9,CUST00127,united states
501026,P10010,Insulated Water Bottle,Home & Kitchen,2,2025-10-18,396.84,CUST00286,India
500928,P10001,Wireless Earbuds,Electronics,5,2025-12-21,606.94,CUST00260,India
502789,P10032,Gel Pen Pack,Stationery & Office,3,2026-01-12,687.3,CUST00779,United States
501554,P10021,Lip Balm Set,Beauty & Personal Care,2,2026-03-16,652.97,CUST00440,India
503096,P10033,Desk Organizer,Stationery & Office,1,2025-10-05,67.73,,India
503027,P10002,Bluetooth Speaker,Electronics,3,2025-03-30,2723.88,,India
501642,P10012,Storage Organizer,Home & Kitchen,1,2025-06-05,1268.9,CUST00456,INDIA
502820,P10026,Resistance Bands Set,Sports & Outdoors,3,2025-02-01,636.23,CUST00784,INDIA
501582,P10005,Power Bank 10000mAh,Electronics,5,2025-06-18,1034.93,CUST00448,United States
500003,P10011,Ceramic Mug Set,Home & Kitchen,1,2026-06-25,1993.94,CUST00002,UAE
501159,P10024,Beard Trimmer,Beauty & Personal Care,3,2025-11-16,700.79,CUST00322,United States
500122,P10024,Beard Trimmer,Beauty & Personal Care,2,2026-01-15,700.79,CUST00047,india
501193,P10033,Desk Organizer,Stationery & Office,4,2025-10-16,67.73,CUST00324,India
502568,P10023,Hair Dryer,Beauty & Personal Care,4,2026-02-17,1018.4,CUST00731,India
502306,P10035,Whiteboard Marker Set,Stationery & Office,5,2025-08-23,808.92,CUST00652,India
503098,P10008,LED Desk Lamp,Home & Kitchen,3,2025-04-06,1311.15,CUST00847,India
500161,P10030,Cycling Gloves,Sports & Outdoors,3,2025-03-24,820.52,CUST00058,India
501558,P10003,Phone Case,Electronics,2,2025-12-24,1049.71,CUST00442,Singapore
502999,P10032,Gel Pen Pack,Stationery & Office,5,2025-10-05,687.3,CUST00830,India
501463,P10033,Desk Organizer,Stationery & Office,5,2025-03-26,67.73,CUST00413, UAE 
501083,P10003,Phone Case,Electronics,2,2025-08-13,1049.71,CUST00300,India
502974,P10022,Sunscreen SPF50,Beauty & Personal Care,2,2025-05-21,514.51,CUST00830,India
502985,P10001,Wireless Earbuds,Electronics,3,2025-06-13,606.94,CUST00830,india
501041,P10006,Smartwatch Band,Electronics,4,2025-10-13,990.13,CUST00291,India
500097,P10029,Badminton Racket,Sports & Outdoors,2,2026-01-21,274.87,CUST00039,United Kingdom
500433,P10006,Smartwatch Band,Electronics,4,2026-06-25,990.13,CUST00140,SINGAPORE
502739,P10010,Insulated Water Bottle,Home & Kitchen,4,2026-03-12,396.84,CUST00770,Germany
501355,P10026,Resistance Bands Set,Sports & Outdoors,4,2025-01-21,636.23,CUST00365,UAE
501093,P10023,Hair Dryer,Beauty & Personal Care,2,2025-02-04,1018.4,CUST00305,UNITED STATES
502135,P10002,Bluetooth Speaker,Electronics,3,2026-02-05,2723.88,CUST00581,India
500760,P10031,Notebook Set,Stationery & Office,3,2025-08-27,268.52,CUST00216,India
500722,P10020,Herbal Shampoo,Beauty & Personal Care,3,2025-10-28,1426.26,CUST00203,India
501480,P10029,Badminton Racket,Sports & Outdoors,4,2025-04-08,274.87,CUST00418,India
500445,P10006,Smartwatch Band,Electronics,4,2026-06-01,990.13,CUST00144,India
501482,P10004,USB-C Cable,Electronics,5,2025-01-18,3182.97,CUST00419,United Kingdom
501051,P10022,Sunscreen SPF50,Beauty & Personal Care,3,2025-03-17,514.51,CUST00295,India
502102,P10014,Denim Jacket,Apparel,4,2025-03-06,1048.3,CUST00579,INDIA
500045,P10021,Lip Balm Set,Beauty & Personal Care,4,2026-06-08,652.97,,india
502543,P10016,Wool Sweater,Apparel,3,2026-04-08,1250.39,CUST00725,United Kingdom
500699,P10003,Phone Case,Electronics,4,2026-01-22,1049.71,CUST00203, India 
502819,P10029,Badminton Racket,Sports & Outdoors,2,2026-04-15,274.87,CUST00784,India
500704,P10006,Smartwatch Band,Electronics,1,2025-07-24,990.13,CUST00203,India
502586,P10011,Ceramic Mug Set,Home & Kitchen,1,2025-05-31,1993.94,CUST00731,India
501785,P10006,Smartwatch Band,Electronics,3,2026-05-13,990.13,CUST00494,India
500369,P10006,Smartwatch Band,Electronics,3,2026-01-08,990.13,CUST00129,India
500010,P10012,Storage Organizer,Home & Kitchen,1,2025-12-10,1268.9,CUST00006,India
501790,P10018,Yoga Pants,Apparel,3,2025-12-18,608.28,CUST00497,United Kingdom
502733,P10004,USB-C Cable,Electronics,5,2025-05-09,3182.97,CUST00769,INDIA
501865,P10021,Lip Balm Set,Beauty & Personal Care,1,2025-04-18,652.97,CUST00522,India
503040,P10012,Storage Organizer,Home & Kitchen,1,2029-01-01,1268.9,CUST00839,United Kingdom
502111,P10030,,Sports & Outdoors,2,2025-03-29,820.52,CUST00579,India
500560,P10003,Phone Case,Electronics,5,2026-03-10,1049.71,CUST00171,United Kingdom
500358,P10002,,Electronics,5,2025-08-06,2723.88,CUST00127,UNITED STATES
501242,P10031,Notebook Set,Stationery & Office,5,2026-05-25,268.52,CUST00338,United States
500423,P10001,Wireless Earbuds,Electronics,4,2026-01-24,606.94,CUST00139,INDIA
502050,P10007,Non-Stick Pan,Home & Kitchen,4,2025-01-12,331.24,CUST00568,India
500392,P10032,Gel Pen Pack,Stationery & Office,1,2025-04-30,687.3,CUST00135,UAE
501024,P10030,Cycling Gloves,Sports & Outdoors,4,2025-08-28,820.52,CUST00286,INDIA
502252,P10013,Cotton T-Shirt,Apparel,4,2026-03-03,1190.46,,United States
502274,P10033,Desk Organizer,Stationery & Office,2,2026-02-04,67.73,CUST00636,India
502778,P10026,Resistance Bands Set,Sports & Outdoors,4,2026-02-09,636.23,CUST00779,United States
502967,P10031,Notebook Set,Stationery & Office,2,2025-08-10,268.52,CUST00830,India
501157,P10032,Gel Pen Pack,Stationery & Office,2,2025-06-29,687.3,CUST00321,India
500904,P10021,Lip Balm Set,Beauty & Personal Care,3,2026-02-14,652.97,CUST00249,Singapore
502971,P10026,Resistance Bands Set,Sports & Outdoors,3,2025-12-30,636.23,CUST00830,india
500517,P10023,Hair Dryer,Beauty & Personal Care,4,2026-01-24,1018.4,CUST00169,India
501851,P10019,Face Serum,Beauty & Personal Care,4,2026-05-04,1312.41,CUST00517,India
500962,P10023,Hair Dryer,Beauty & Personal Care,4,2025-12-12,1018.4,CUST00268,United States
501769,P10026,Resistance Bands Set,Sports & Outdoors,1,2026-05-13,636.23,CUST00487,India
501895,P10032,Gel Pen Pack,Stationery & Office,4,2025-03-20,687.3,CUST00534,United Kingdom
502126,P10032,Gel Pen Pack,Stationery & Office,3,2025-05-17,687.3,CUST00581,India
502824,P10035,Whiteboard Marker Set,Stationery & Office,5,2025-11-15,808.92,CUST00786,uae
501117,P10012,Storage Organizer,Home & Kitchen,5,2026-05-01,1268.9,CUST00311,INDIA
501616,P10010,Insulated Water Bottle,Home & Kitchen,5,2026-03-27,396.84,CUST00449,India
502915,P10011,Ceramic Mug Set,Home & Kitchen,4,2025-04-01,1993.94,CUST00813,India
501807,P10030,Cycling Gloves,Sports & Outdoors,5,2026-04-25,820.52,CUST00499, Singapore 
501895,P10019,Face Serum,Beauty & Personal Care,1,2025-03-20,1312.41,CUST00534,United Kingdom
501886,P10006,Smartwatch Band,Electronics,2,2025-06-04,990.13,CUST00530,Germany
502753,P10024,Beard Trimmer,Beauty & Personal Care,1,2025-12-15,700.79,CUST00777,India
500872,P10016,Wool Sweater,Apparel,1,2025-07-06,1250.39,CUST00236,United States
500446,P10033,Desk Organizer,Stationery & Office,3,2025-04-15,67.73,CUST00144,India
501895,P10021,Lip Balm Set,Beauty & Personal Care,4,2025-03-20,652.97,,United Kingdom
501011,P10027,Water Bottle Sipper,Sports & Outdoors,4,2025-03-15,2203.72,,india
500336,P10013,Cotton T-Shirt,Apparel,4,2026-01-15,1190.46,CUST00126,India
502792,P10029,Badminton Racket,Sports & Outdoors,3,2025-02-10,274.87,CUST00779,United States
500284,P10033,Desk Organizer,Stationery & Office,4,2025-06-23,67.73,CUST00113,UAE
501910,P10019,Face Serum,Beauty & Personal Care,5,2026-05-23,1312.41,CUST00539,india
502917,P10024,Beard Trimmer,Beauty & Personal Care,4,2025-01-26,700.79,CUST00813,India
502828,P10023,Hair Dryer,Beauty & Personal Care,3,2025-03-05,1018.4,CUST00786,uae
501142,P10021,Lip Balm Set,Beauty & Personal Care,1,2026-01-28,652.97,CUST00313,India
500214,P10005,Power Bank 10000mAh,Electronics,3,2025-06-14,1034.93,CUST00083,India
500934,P10015,Running Shoes,Apparel,4,2026-05-22,980.3,CUST00261,UNITED KINGDOM
502799,P10023,Hair Dryer,Beauty & Personal Care,2,2026-01-29,1018.4,CUST00779,United States
502173,P10011,Ceramic Mug Set,Home & Kitchen,3,2025-07-31,1993.94,CUST00592,UNITED KINGDOM
501328,P10020,Herbal Shampoo,Beauty & Personal Care,3,2025-09-30,1426.26,CUST00357,India
502396,P10026,Resistance Bands Set,Sports & Outdoors,5,2025-06-19,636.23,CUST00681,United States
501176,P10008,LED Desk Lamp,Home & Kitchen,1,2025-07-28,1311.15,CUST00324,India
500895,P10015,Running Shoes,Apparel,2,2025-04-05,980.3,CUST00245,INDIA
501644,P10008,LED Desk Lamp,Home & Kitchen,3,2025-11-23,1311.15,CUST00457,India
503000,P10035,Whiteboard Marker Set,Stationery & Office,4,2025-04-29,808.92,CUST00830,INDIA
501046,P10034,Sticky Notes Pack,Stationery & Office,2,2026-01-15,147.9,CUST00294,India
501381,P10021,Lip Balm Set,Beauty & Personal Care,5,2025-01-29,652.97,,United Kingdom
502490,P10021,Lip Balm Set,Beauty & Personal Care,1,2026-04-22,652.97,CUST00706,SINGAPORE
502766,P10036,Backpack,Stationery & Office,1,2025-12-06,218.62,,United States
500212,P10006,Smartwatch Band,Electronics,1,2025-10-21,990.13,CUST00082,United Kingdom
501280,P10034,Sticky Notes Pack,Stationery & Office,3,2025-05-24,147.9,CUST00345,India
501056,P10002,Bluetooth Speaker,Electronics,4,2025-10-14,2723.88,CUST00295,India
501287,P10032,Gel Pen Pack,Stationery & Office,5,2026-02-19,687.3,CUST00346,United Kingdom
501306,P10036,Backpack,Stationery & Office,4,2025-05-23,218.62,CUST00353,United Kingdom
500932,P10028,Camping Torch,Sports & Outdoors,3,2026-01-16,2043.99,CUST00260,India
501394,P10025,Yoga Mat,Sports & Outdoors,2,2025-11-28,270.08,CUST00387,India
500854,P10030,Cycling Gloves,Sports & Outdoors,3,2025-08-07,820.52,CUST00232,India
501454,P10033,Desk Organizer,Stationery & Office,4,2026-04-20,67.73,CUST00408,India
500058,P10032,Gel Pen Pack,Stationery & Office,4,2026-04-21,687.3,CUST00028,India
502882,P10025,Yoga Mat,Sports & Outdoors,4,2026-06-04,270.08,CUST00800,UAE
502413,P10028,Camping Torch,Sports & Outdoors,2,2026-03-22,2043.99,CUST00690,india
503069,P10016,Wool Sweater,Apparel,-3,2025-07-22,1250.39,CUST00842,United Kingdom
503022,P10014,Denim Jacket,Apparel,1,2025-02-14,1048.3,CUST00833,India
501676,P10004,USB-C Cable,Electronics,1,2026-01-15,3182.97,CUST00463,united states
501013,P10004,USB-C Cable,Electronics,4,2025-10-08,3182.97,CUST00286,INDIA
502452,P10022,Sunscreen SPF50,Beauty & Personal Care,2,2025-04-17,514.51,CUST00699,India
501678,P10027,Water Bottle Sipper,Sports & Outdoors,1,2026-06-25,2203.72,CUST00463, United States 
500175,P10016,Wool Sweater,Apparel,4,2025-02-18,1250.39,CUST00063,Germany
500251,P10004,USB-C Cable,Electronics,4,2026-06-18,3182.97,CUST00100,India
500115,P10008,LED Desk Lamp,Home & Kitchen,1,2026-06-18,1311.15,CUST00047,India
502874,P10008,LED Desk Lamp,Home & Kitchen,1,2025-09-19,1311.15,CUST00798,UNITED KINGDOM
500861,P10012,Storage Organizer,Home & Kitchen,5,2025-06-23,1268.9,CUST00235,india
501447,P10015,Running Shoes,Apparel,4,2025-03-01,980.3,,Germany
502296,P10005,Power Bank 10000mAh,Electronics,4,2026-04-14,1034.93,CUST00646,Germany
501668,P10002,Bluetooth Speaker,Electronics,1,2025-08-09,2723.88,CUST00463,united states
502394,P10032,Gel Pen Pack,Stationery & Office,1,2025-02-01,687.3,CUST00680,GERMANY
501774,P10030,Cycling Gloves,Sports & Outdoors,2,2025-10-28,820.52,CUST00489,uae
502804,P10031,Notebook Set,Stationery & Office,-3,2025-06-07,268.52,CUST00780,United Kingdom
501838,P10005,Power Bank 10000mAh,Electronics,3,2026-05-11,1034.93,CUST00510,United States
501479,P10028,Camping Torch,Sports & Outdoors,4,2025-12-26,2043.99,CUST00418,INDIA
501174,P10010,Insulated Water Bottle,Home & Kitchen,3,2025-09-01,396.84,CUST00324,India
501745,P10016,Wool Sweater,Apparel,4,2025-08-05,1250.39,CUST00482,United Kingdom
500032,P10030,Cycling Gloves,Sports & Outdoors,1,2025-01-26,820.52,CUST00014,India
502508,P10007,Non-Stick Pan,Home & Kitchen,4,2026-04-10,331.24,CUST00709,India
501609,P10026,Resistance Bands Set,Sports & Outdoors,2,2025-06-25,636.23,CUST00448,United States
503012,P10030,Cycling Gloves,Sports & Outdoors,5,2025-12-06,820.52,CUST00833,India
501357,P10017,Formal Shirt,Apparel,3,2026-04-18,562.91,CUST00366,India
500024,P10036,Backpack,Stationery & Office,3,2026-06-18,218.62,CUST00012,SINGAPORE
500457,P10028,Camping Torch,Sports & Outdoors,5,2025-06-29,2043.99,CUST00150,India
501757,P10008,LED Desk Lamp,Home & Kitchen,3,2025-05-23,1311.15,CUST00485,United Kingdom
501739,P10021,Lip Balm Set,Beauty & Personal Care,5,2026-02-26,652.97,CUST00481,United Kingdom
500765,P10015,Running Shoes,Apparel,2,2025-02-22,980.3,CUST00216,India
500758,P10027,Water Bottle Sipper,Sports & Outdoors,1,2025-06-11,2203.72,CUST00216,INDIA
502010,P10013,Cotton T-Shirt,Apparel,3,2026-01-21,1190.46,CUST00559,United States
500413,P10024,Beard Trimmer,Beauty & Personal Care,2,2025-05-07,700.79,CUST00138,United States
501776,P10030,Cycling Gloves,Sports & Outdoors,3,2026-05-23,820.52,CUST00490,Germany
502574,P10018,Yoga Pants,Apparel,1,2026-06-20,608.28,CUST00731,INDIA
501114,P10030,Cycling Gloves,Sports & Outdoors,4,2025-09-21,820.52,CUST00311,India
502528,P10015,Running Shoes,Apparel,-2,2025-09-30,980.3,CUST00720,United States
500991,P10027,Water Bottle Sipper,Sports & Outdoors,5,2026-02-22,2203.72,,United Kingdom
502567,P10025,Yoga Mat,Sports & Outdoors,2,2025-07-20,270.08,CUST00731,India
500023,P10032,Gel Pen Pack,Stationery & Office,1,2026-01-30,687.3,CUST00011,India
501165,P10021,Lip Balm Set,Beauty & Personal Care,1,2025-08-22,652.97,CUST00324,India
502730,P10022,Sunscreen SPF50,Beauty & Personal Care,5,2026-06-23,514.51,CUST00766,United Kingdom
501340,P10023,Hair Dryer,Beauty & Personal Care,1,2025-02-03,1018.4,CUST00361,India
503037,P10001,Wireless Earbuds,Electronics,1,2025-01-15,606.94,CUST00838,India
500149,P10034,,Stationery & Office,3,2025-01-28,147.9,CUST00053,UAE
502812,P10008,LED Desk Lamp,Home & Kitchen,5,2025-10-24,1311.15,CUST00782,India
502583,P10033,Desk Organizer,Stationery & Office,5,2026-03-22,67.73,CUST00731,India
502884,P10006,Smartwatch Band,Electronics,3,2026-02-17,990.13,CUST00801, United States 
502542,P10013,Cotton T-Shirt,Apparel,2,2025-09-29,1190.46,CUST00725,United Kingdom
502464,P10006,Smartwatch Band,Electronics,4,2025-10-09,990.13,CUST00704,INDIA
501071,P10020,Herbal Shampoo,Beauty & Personal Care,1,2025-03-08,1426.26,CUST00298,india
500968,P10021,,Beauty & Personal Care,1,2025-10-01,652.97,CUST00270,India
502033,P10001,Wireless Earbuds,Electronics,4,2025-04-23,606.94,CUST00563,India
500236,P10007,Non-Stick Pan,Home & Kitchen,1,2026-02-01,331.24,CUST00092,UNITED STATES
500984,P10002,Bluetooth Speaker,Electronics,4,2025-05-27,2723.88,CUST00275,India
501503,P10013,Cotton T-Shirt,Apparel,-4,2026-01-27,1190.46,CUST00426,India
502494,P10006,Smartwatch Band,Electronics,4,2025-11-25,990.13,CUST00706,Singapore
500440,P10006,Smartwatch Band,Electronics,2,2026-02-20,990.13,CUST00142,India
502105,P10022,Sunscreen SPF50,Beauty & Personal Care,3,2025-05-28,514.51,CUST00579,India
502335,P10002,Bluetooth Speaker,Electronics,4,2025-12-29,2723.88,CUST00661,India
502327,P10015,Running Shoes,Apparel,1,2025-04-20,980.3,CUST00659,united kingdom
502665,P10026,Resistance Bands Set,Sports & Outdoors,1,2025-08-04,636.23,CUST00753,United Kingdom
502761,P10004,USB-C Cable,Electronics,5,2025-09-25,3182.97,CUST00778,United States
501846,P10033,Desk Organizer,Stationery & Office,2,2025-08-06,67.73,CUST00514, Germany 
502026,P10026,Resistance Bands Set,Sports & Outdoors,5,2025-05-10,636.23,CUST00563,India
503063,P10008,LED Desk Lamp,Home & Kitchen,1,2025-02-26,1311.15,CUST00842,United Kingdom
501450,P10031,Notebook Set,Stationery & Office,1,2025-08-26,268.52,CUST00407,India
501064,P10028,Camping Torch,Sports & Outdoors,4,2026-04-06,2043.99,CUST00297,United States
500721,P10025,Yoga Mat,Sports & Outdoors,3,2026-03-29,270.08,CUST00203,India
502087,P10025,Yoga Mat,Sports & Outdoors,2,2026-01-07,270.08,CUST00579,India
500721,P10004,USB-C Cable,Electronics,2,2026-03-29,3182.97,CUST00203,India
500417,P10021,Lip Balm Set,Beauty & Personal Care,4,2025-10-03,652.97,,United States
500690,P10014,Denim Jacket,Apparel,5,2025-12-10,1048.3,CUST00203,India
501439,P10035,Whiteboard Marker Set,Stationery & Office,3,2025-05-09,808.92,CUST00397,Germany
500162,P10013,Cotton T-Shirt,Apparel,4,2025-02-17,1190.46,CUST00059,India
500455,P10027,Water Bottle Sipper,Sports & Outdoors,1,2025-06-03,2203.72,CUST00149,India
501528,P10016,Wool Sweater,Apparel,4,2026-03-23,1250.39,CUST00437,India
501590,P10029,Badminton Racket,Sports & Outdoors,2,2025-01-25,274.87,CUST00448,United States
501579,P10004,USB-C Cable,Electronics,5,2026-06-16,3182.97,CUST00448,United States
502760,P10017,Formal Shirt,Apparel,4,2025-10-02,562.91,CUST00777,India
501490,P10008,LED Desk Lamp,Home & Kitchen,4,2025-10-19,1311.15,CUST00421,United States
500164,P10024,Beard Trimmer,Beauty & Personal Care,4,2025-10-12,700.79,CUST00061,india
500130,P10006,Smartwatch Band,Electronics,4,2025-03-22,990.13,CUST00047,India
502658,P10022,Sunscreen SPF50,Beauty & Personal Care,3,2025-10-15,514.51,CUST00753,UNITED KINGDOM
502339,P10009,Cotton Bedsheet Set,Home & Kitchen,4,2026-04-12,1519.89,CUST00663,United Kingdom
500493,P10016,Wool Sweater,Apparel,1,2026-01-01,1250.39,CUST00165,India
502659,P10021,Lip Balm Set,Beauty & Personal Care,2,2026-05-25,652.97,CUST00753,United Kingdom
501437,P10035,Whiteboard Marker Set,Stationery & Office,2,2025-11-22,808.92,,UAE
502831,P10023,Hair Dryer,Beauty & Personal Care,4,2025-09-23,1018.4,CUST00787,United Kingdom
502984,P10013,Cotton T-Shirt,Apparel,1,2026-04-24,1190.46,CUST00830,INDIA
502506,P10012,Storage Organizer,Home & Kitchen,1,2025-12-07,1268.9,CUST00707,India
501502,P10013,Cotton T-Shirt,Apparel,2,2026-03-04,1190.46,CUST00425,India
500312,P10029,Badminton Racket,Sports & Outdoors,5,2025-01-08,274.87,CUST00120,India
502293,P10005,Power Bank 10000mAh,Electronics,5,2026-04-03,1034.93,CUST00644,India
502548,P10005,Power Bank 10000mAh,Electronics,3,2026-06-21,1034.93,CUST00728,United States
500326,P10031,Notebook Set,Stationery & Office,4,2026-05-20,268.52,CUST00126,India
502584,P10031,Notebook Set,Stationery & Office,4,2026-06-12,268.52,CUST00731,India
501992,P10006,Smartwatch Band,Electronics,2,2025-10-03,990.13,CUST00555,germany
502247,P10006,Smartwatch Band,Electronics,3,2025-08-01,990.13,CUST00627,INDIA
500967,P10007,Non-Stick Pan,Home & Kitchen,4,2025-11-01,331.24,CUST00270,India
500056,P10002,Bluetooth Speaker,Electronics,3,2026-06-07,2723.88,CUST00027,India
501769,P10012,Storage Organizer,Home & Kitchen,3,2026-05-13,1268.9,CUST00487,india
502185,P10002,Bluetooth Speaker,Electronics,5,2025-07-15,2723.88,CUST00597,United Kingdom
501394,P10013,Cotton T-Shirt,Apparel,3,2025-11-28,1190.46,CUST00387,India
500054,P10011,Ceramic Mug Set,Home & Kitchen,2,2026-02-17,1993.94,CUST00025,india
501516,P10030,Cycling Gloves,Sports & Outdoors,1,2025-09-22,820.52,CUST00429,India
502164,P10028,Camping Torch,Sports & Outdoors,1,2025-05-30,2043.99,CUST00588,INDIA
503081,P10033,Desk Organizer,Stationery & Office,5,2025-04-22,67.73,CUST00842,United Kingdom
500689,P10031,Notebook Set,Stationery & Office,5,2026-02-03,268.52,CUST00203, India 
500004,P10019,Face Serum,Beauty & Personal Care,2,2026-02-04,1312.41,CUST00003,United States
500360,P10008,LED Desk Lamp,Home & Kitchen,1,2025-03-04,1311.15,CUST00127,United States
503026,P10009,Cotton Bedsheet Set,Home & Kitchen,4,2025-01-29,1519.89,CUST00833,India
502723,P10023,Hair Dryer,Beauty & Personal Care,4,2026-02-09,1018.4,CUST00763,india
501421,P10028,Camping Torch,Sports & Outdoors,4,2025-03-09,2043.99,CUST00392, India 
500058,P10035,Whiteboard Marker Set,Stationery & Office,1,2026-04-21,808.92,,India
501871,P10031,Notebook Set,Stationery & Office,1,2025-02-20,268.52,CUST00524,Germany
500543,P10011,Ceramic Mug Set,Home & Kitchen,4,2025-04-07,1993.94,CUST00169,India
502196,P10021,Lip Balm Set,Beauty & Personal Care,5,2025-09-22,652.97,CUST00605,India
501821,P10021,Lip Balm Set,Beauty & Personal Care,4,2025-04-07,652.97,CUST00503,india
501631,P10029,Badminton Racket,Sports & Outdoors,4,2026-02-22,274.87,CUST00449,India
501339,P10010,Insulated Water Bottle,Home & Kitchen,5,2025-09-02,396.84,CUST00360,UNITED KINGDOM
501621,P10033,Desk Organizer,Stationery & Office,3,2026-04-27,67.73,CUST00449, India 
502420,P10007,Non-Stick Pan,Home & Kitchen,3,2025-10-23,331.24,CUST00694,India
502718,P10009,Cotton Bedsheet Set,Home & Kitchen,1,2025-11-08,1519.89,CUST00762,India
502111,P10007,Non-Stick Pan,Home & Kitchen,1,2025-03-29,331.24,CUST00579,India
501030,P10017,Formal Shirt,Apparel,5,2026-01-17,562.91,CUST00286,India
502314,P10005,Power Bank 10000mAh,Electronics,4,2026-04-02,1034.93,CUST00657,India
501196,P10011,Ceramic Mug Set,Home & Kitchen,2,2026-02-07,1993.94,CUST00324,India
502890,P10030,Cycling Gloves,Sports & Outdoors,-3,2025-02-08,820.52,CUST00801,united states
500960,P10020,Herbal Shampoo,Beauty & Personal Care,3,2026-02-09,1426.26,CUST00267,United Kingdom
502999,P10002,Bluetooth Speaker,Electronics,1,2025-10-05,2723.88,CUST00830,India
500519,P10023,Hair Dryer,Beauty & Personal Care,3,2025-11-24,1018.4,CUST00169,India
502010,P10034,Sticky Notes Pack,Stationery & Office,-4,2026-01-21,147.9,CUST00559,United States
500059,P10007,Non-Stick Pan,Home & Kitchen,1,2025-11-29,331.24,CUST00029,United Kingdom
502267,P10007,Non-Stick Pan,Home & Kitchen,4,2025-02-13,331.24,CUST00634,India
502548,P10024,Beard Trimmer,Beauty & Personal Care,1,2026-06-21,700.79,CUST00728,United States
500899,P10021,Lip Balm Set,Beauty & Personal Care,5,2025-09-28,652.97,CUST00246,UAE
502957,P10011,Ceramic Mug Set,Home & Kitchen,1,2025-05-22,1993.94,CUST00828,India
500295,P10033,Desk Organizer,Stationery & Office,-5,2025-08-18,67.73,CUST00114,UNITED STATES
500335,P10005,Power Bank 10000mAh,Electronics,1,2025-03-20,1034.93,CUST00126,India
501367,P10023,Hair Dryer,Beauty & Personal Care,4,2025-06-19,1018.4,CUST00373,India
501281,P10021,Lip Balm Set,Beauty & Personal Care,1,2025-06-11,652.97,CUST00345,India
502422,P10004,USB-C Cable,Electronics,5,2025-12-01,3182.97,CUST00696,United Kingdom
501653,P10010,Insulated Water Bottle,Home & Kitchen,1,2026-04-23,396.84,CUST00459,india
502381,P10002,Bluetooth Speaker,Electronics,5,2025-12-13,2723.88,CUST00674,India
501844,P10014,Denim Jacket,Apparel,5,2025-12-29,1048.3,CUST00513,UAE
502516,P10026,Resistance Bands Set,Sports & Outdoors,5,2025-06-10,636.23,CUST00714,India
500528,P10027,Water Bottle Sipper,Sports & Outdoors,3,2026-02-08,2203.72,CUST00169,India
503075,P10012,Storage Organizer,Home & Kitchen,5,2025-03-15,1268.9,CUST00842,UNITED KINGDOM
502349,P10020,Herbal Shampoo,Beauty & Personal Care,5,2025-02-07,1426.26,CUST00665,India
500595,P10027,Water Bottle Sipper,Sports & Outdoors,3,2026-02-27,2203.72,CUST00176,India
502380,P10034,Sticky Notes Pack,Stationery & Office,1,2025-03-20,147.9,CUST00674,India
500299,P10007,Non-Stick Pan,Home & Kitchen,4,2026-01-02,331.24,CUST00117,United States
500780,P10020,Herbal Shampoo,Beauty & Personal Care,1,2025-01-13,1426.26,CUST00218,United States
502870,P10001,Wireless Earbuds,Electronics,5,2025-01-17,606.94,CUST00796,germany
501457,P10022,Sunscreen SPF50,Beauty & Personal Care,5,2026-01-25,514.51,CUST00409,UAE
502969,P10008,LED Desk Lamp,Home & Kitchen,4,2026-01-04,1311.15,CUST00830,india
503089,P10034,Sticky Notes Pack,Stationery & Office,5,2025-03-22,147.9,CUST00843, India 
501630,P10022,Sunscreen SPF50,Beauty & Personal Care,1,2025-10-03,514.51,CUST00449,INDIA
501816,P10030,Cycling Gloves,Sports & Outdoors,3,2025-12-18,820.52,CUST00503,India
502026,P10030,Cycling Gloves,Sports & Outdoors,-2,2025-05-10,820.52,CUST00563,India
500911,P10013,Cotton T-Shirt,Apparel,3,2025-10-17,1190.46,CUST00252,India
502033,P10008,LED Desk Lamp,Home & Kitchen,2,2025-04-23,1311.15,CUST00563,India
500495,P10004,USB-C Cable,Electronics,1,2025-06-06,3182.97,CUST00165,India
501784,P10013,Cotton T-Shirt,Apparel,4,2026-03-20,1190.46,CUST00493,India
501100,P10022,Sunscreen SPF50,Beauty & Personal Care,2,2025-03-17,514.51,CUST00310,India
502907,P10012,Storage Organizer,Home & Kitchen,4,2025-04-30,1268.9,CUST00813,India
501755,P10035,Whiteboard Marker Set,Stationery & Office,4,2025-06-30,808.92,CUST00485,United Kingdom
502352,P10021,Lip Balm Set,Beauty & Personal Care,1,2026-01-16,652.97,CUST00665,India
502762,P10017,Formal Shirt,Apparel,2,2026-02-12,562.91,CUST00778,United States
501241,P10015,Running Shoes,Apparel,4,2025-03-02,980.3,CUST00338,United States
501388,P10004,USB-C Cable,Electronics,5,2026-05-31,3182.97,CUST00386,United States
501821,P10032,Gel Pen Pack,Stationery & Office,1,2025-04-07,687.3,CUST00503,india
502068,P10023,Hair Dryer,Beauty & Personal Care,1,2025-09-10,1018.4,CUST00574,United Kingdom
501635,P10001,Wireless Earbuds,Electronics,5,2026-01-03,606.94,CUST00451,United States
501126,P10008,LED Desk Lamp,Home & Kitchen,5,2025-05-19,1311.15,CUST00312,India
501868,P10012,Storage Organizer,Home & Kitchen,3,2025-06-22,1268.9,CUST00523, Singapore 
502988,P10018,Yoga Pants,Apparel,5,2025-01-27,608.28,CUST00830,India
503013,P10024,Beard Trimmer,Beauty & Personal Care,5,2025-11-30,700.79,CUST00833,INDIA
501379,P10009,Cotton Bedsheet Set,Home & Kitchen,-4,2025-02-19,1519.89,CUST00381, India 
501170,P10008,LED Desk Lamp,Home & Kitchen,3,2025-03-10,1311.15,CUST00324,India
501764,P10033,Desk Organizer,Stationery & Office,5,2025-02-21,67.73,CUST00485,united kingdom
502441,P10003,Phone Case,Electronics,4,2026-06-23,1049.71,CUST00699,India
501547,P10007,Non-Stick Pan,Home & Kitchen,2,2025-05-29,331.24,CUST00439, United States 
502962,P10001,Wireless Earbuds,Electronics,5,2026-03-18,606.94,CUST00830,INDIA
502391,P10024,Beard Trimmer,Beauty & Personal Care,4,2025-05-04,700.79,,Singapore
501225,P10019,Face Serum,Beauty & Personal Care,-1,2026-05-13,1312.41,CUST00335,India
501264,P10014,Denim Jacket,Apparel,3,2026-01-30,1048.3,CUST00343,India
501189,P10006,Smartwatch Band,Electronics,1,2026-06-29,990.13,CUST00324,India
500886,P10031,Notebook Set,Stationery & Office,2,2026-03-27,268.52,CUST00238,India
501210,P10024,Beard Trimmer,Beauty & Personal Care,1,2025-09-17,700.79,CUST00328,UNITED KINGDOM
501167,P10020,Herbal Shampoo,Beauty & Personal Care,-3,2026-05-22,1426.26,CUST00324,India
502392,P10016,Wool Sweater,Apparel,5,2025-08-05,1250.39,CUST00679,Singapore
501665,P10012,Storage Organizer,Home & Kitchen,3,2025-04-25,1268.9,CUST00463,united states
500169,P10024,Beard Trimmer,Beauty & Personal Care,4,2025-06-10,700.79,CUST00062,India
501887,P10015,Running Shoes,Apparel,3,2025-05-20,980.3,CUST00530,Germany
500127,P10023,Hair Dryer,Beauty & Personal Care,1,2026-04-26,1018.4,CUST00047,India
500439,P10020,Herbal Shampoo,Beauty & Personal Care,2,2025-09-20,1426.26,CUST00142,india
502940,P10028,Camping Torch,Sports & Outdoors,3,2026-05-31,2043.99,CUST00818,India
502967,P10025,Yoga Mat,Sports & Outdoors,5,2025-08-10,270.08,CUST00830,India
500194,P10035,Whiteboard Marker Set,Stationery & Office,4,2025-08-16,808.92,CUST00070,Singapore
500410,P10023,Hair Dryer,Beauty & Personal Care,5,2025-07-09,1018.4,,United States
500054,P10027,Water Bottle Sipper,Sports & Outdoors,3,2026-02-17,2203.72,CUST00025,India
502737,P10004,USB-C Cable,Electronics,2,2025-04-22,0.0,CUST00770,Germany
502986,P10014,Denim Jacket,Apparel,2,2025-01-07,1048.3,CUST00830,India
500949,P10033,Desk Organizer,Stationery & Office,2,2025-12-10,67.73,CUST00264,India
501126,P10014,Denim Jacket,Apparel,2,2025-05-19,1048.3,CUST00312, India 
501763,P10010,Insulated Water Bottle,Home & Kitchen,4,2025-10-27,396.84,,United Kingdom
502916,P10003,Phone Case,Electronics,4,2025-03-27,1049.71,CUST00813,India
502031,P10002,Bluetooth Speaker,Electronics,1,2025-12-25,2723.88,,India
500705,P10008,LED Desk Lamp,Home & Kitchen,1,2026-03-05,1311.15,CUST00203,India
500213,P10025,Yoga Mat,Sports & Outdoors,2,2025-10-31,270.08,CUST00083,india
501467,P10006,Smartwatch Band,Electronics,-2,2025-09-30,990.13,,UNITED KINGDOM
501418,P10013,Cotton T-Shirt,Apparel,4,2025-11-21,1190.46,,India
502658,P10035,Whiteboard Marker Set,Stationery & Office,2,2025-10-15,808.92,CUST00753,united kingdom
502808,P10023,Hair Dryer,Beauty & Personal Care,3,2025-07-04,1018.4,CUST00781,United Kingdom
500223,P10024,,Beauty & Personal Care,3,2025-03-04,700.79,CUST00086, India 
501260,P10023,Hair Dryer,Beauty & Personal Care,2,2025-09-26,1018.4,CUST00343,India
502468,P10004,USB-C Cable,Electronics,5,2025-08-06,3182.97,CUST00705,INDIA
501125,P10026,Resistance Bands Set,Sports & Outdoors,3,2026-03-04,636.23,CUST00312,India
501498,P10025,Yoga Mat,Sports & Outdoors,4,2025-12-06,270.08,CUST00424,india
500847,P10035,Whiteboard Marker Set,Stationery & Office,1,2025-07-09,808.92,CUST00229,GERMANY
502403,P10030,Cycling Gloves,Sports & Outdoors,1,2026-04-06,820.52,CUST00686,United Kingdom
501607,P10008,LED Desk Lamp,Home & Kitchen,1,2025-09-10,1311.15,CUST00448, United States 
501806,P10028,Camping Torch,Sports & Outdoors,5,2025-12-03,2043.99,CUST00499,Singapore
502261,P10029,Badminton Racket,Sports & Outdoors,4,2025-04-24,274.87,CUST00633,india
502500,P10025,Yoga Mat,Sports & Outdoors,4,2026-06-21,270.08,CUST00706,Singapore
501987,P10016,Wool Sweater,Apparel,3,2025-01-11,1250.39,CUST00554,United Kingdom
502572,P10024,Beard Trimmer,Beauty & Personal Care,-5,2025-11-15,700.79,CUST00731,India
500752,P10004,USB-C Cable,Electronics,4,2026-02-16,3182.97,CUST00215,United States
501399,P10016,Wool Sweater,Apparel,3,2025-08-22,1250.39,CUST00389,United States
500346,P10025,Yoga Mat,Sports & Outdoors,-1,2025-11-28,270.08,CUST00126,India
500496,P10026,Resistance Bands Set,Sports & Outdoors,5,2025-04-16,636.23,CUST00165,India
501132,P10027,Water Bottle Sipper,Sports & Outdoors,4,2025-08-16,2203.72,CUST00312,India
501237,P10029,Badminton Racket,Sports & Outdoors,3,2026-01-29,274.87,CUST00337,germany
502494,P10005,Power Bank 10000mAh,Electronics,3,2025-11-25,1034.93,CUST00706,Singapore
501909,P10024,Beard Trimmer,Beauty & Personal Care,3,2026-04-24,700.79,CUST00539,India
500420,P10012,Storage Organizer,Home & Kitchen,1,2026-03-27,1268.9,CUST00138,United States
502135,P10016,Wool Sweater,Apparel,4,2026-02-05,1250.39,CUST00581, India 
500030,P10007,Non-Stick Pan,Home & Kitchen,2,2026-04-28,331.24,CUST00012,SINGAPORE
501211,P10019,Face Serum,Beauty & Personal Care,4,2025-08-26,1312.41,CUST00328,United Kingdom
502903,P10028,Camping Torch,Sports & Outdoors,4,2025-06-07,2043.99,CUST00809,India
502446,P10018,Yoga Pants,Apparel,1,2026-06-04,608.28,CUST00699,India
501378,P10019,Face Serum,Beauty & Personal Care,2,2025-01-12,1312.41,CUST00380,India
501397,P10014,Denim Jacket,Apparel,2,2025-05-17,1048.3,CUST00388,India
500392,P10018,Yoga Pants,Apparel,1,2025-04-30,608.28,CUST00135,UAE
502361,P10036,Backpack,Stationery & Office,-4,2026-04-30,218.62,,India
502265,P10001,Wireless Earbuds,Electronics,3,2026-04-10,606.94,CUST00634,INDIA
501782,P10026,Resistance Bands Set,Sports & Outdoors,2,2026-02-21,636.23,CUST00492,United Kingdom
501574,P10018,Yoga Pants,Apparel,4,2026-04-20,608.28,CUST00448,United States
502873,P10003,Phone Case,Electronics,2,2026-02-26,1049.71,CUST00798,United Kingdom
501511,P10029,Badminton Racket,Sports & Outdoors,2,2025-03-21,274.87,CUST00427,India
501553,P10007,Non-Stick Pan,Home & Kitchen,2,2025-04-29,331.24,,UNITED STATES
501446,P10013,Cotton T-Shirt,Apparel,1,2025-05-30,1190.46,CUST00403,india
500391,P10033,Desk Organizer,Stationery & Office,3,2025-04-04,67.73,CUST00134,India
502154,P10034,Sticky Notes Pack,Stationery & Office,5,2025-04-25,147.9,CUST00585, United Kingdom 
500442,P10006,Smartwatch Band,Electronics,2,2025-10-07,990.13,CUST00142,India
501041,P10025,Yoga Mat,Sports & Outdoors,5,2025-10-13,270.08,CUST00291,INDIA
501179,P10008,LED Desk Lamp,Home & Kitchen,4,2025-06-24,1311.15,CUST00324,India
502594,P10006,Smartwatch Band,Electronics,1,2025-05-03,990.13,CUST00731,India
502456,P10021,Lip Balm Set,Beauty & Personal Care,1,2026-05-30,652.97,CUST00699,India
501541,P10033,Desk Organizer,Stationery & Office,3,2025-10-24,67.73,CUST00439,United States
502168,P10027,Water Bottle Sipper,Sports & Outdoors,4,2025-12-05,2203.72,CUST00591,India
500918,P10030,Cycling Gloves,Sports & Outdoors,2,2026-02-06,820.52,CUST00255, India 
502824,P10032,Gel Pen Pack,Stationery & Office,1,2025-11-15,687.3,CUST00786,UAE
502707,P10012,Storage Organizer,Home & Kitchen,2,2025-09-27,1268.9,CUST00756,UNITED STATES
502367,P10026,Resistance Bands Set,Sports & Outdoors,3,2025-06-02,636.23,CUST00670,India
500297,P10007,Non-Stick Pan,Home & Kitchen,4,2025-05-14,331.24,CUST00116,Germany
501447,P10028,Camping Torch,Sports & Outdoors,4,2025-03-01,2043.99,CUST00404,Germany
500122,P10012,Storage Organizer,Home & Kitchen,2,2026-01-15,1268.9,CUST00047,India
500976,P10008,LED Desk Lamp,Home & Kitchen,3,2026-06-03,1311.15,,United States
502850,P10002,Bluetooth Speaker,Electronics,3,2025-04-16,2723.88,CUST00794,United Kingdom
502312,P10013,Cotton T-Shirt,Apparel,4,2026-04-29,1190.46,CUST00655,India
501916,P10015,Running Shoes,Apparel,4,2026-04-29,980.3,CUST00539,India
501551,P10007,Non-Stick Pan,Home & Kitchen,4,2026-01-13,331.24,CUST00439,United States
500742,P10005,Power Bank 10000mAh,Electronics,4,2025-06-11,1034.93,CUST00208,United Kingdom
501903,P10015,Running Shoes,Apparel,3,2025-12-05,980.3,CUST00535,United States
501582,P10017,Formal Shirt,Apparel,4,2025-06-18,562.91,CUST00448,United States
500731,P10012,Storage Organizer,Home & Kitchen,1,2025-05-11,1268.9,CUST00205, United Kingdom 
501124,P10025,Yoga Mat,Sports & Outdoors,3,2026-06-07,270.08,CUST00312,India
501371,P10010,Insulated Water Bottle,Home & Kitchen,5,2025-09-22,396.84,CUST00376,India
501022,P10034,Sticky Notes Pack,Stationery & Office,5,2026-02-12,147.9,CUST00286,India
502929,P10035,,Stationery & Office,5,2026-01-14,808.92,CUST00815,Germany
501151,P10010,Insulated Water Bottle,Home & Kitchen,4,2026-02-03,396.84,CUST00319,India
500076,P10036,Backpack,Stationery & Office,3,2025-05-01,218.62,CUST00033, India 
500272,P10025,Yoga Mat,Sports & Outdoors,2,2026-05-04,270.08,CUST00109,India
501620,P10024,Beard Trimmer,Beauty & Personal Care,4,2025-02-10,700.79,CUST00449,India
500639,P10002,Bluetooth Speaker,Electronics,1,2025-11-14,2723.88,CUST00189,INDIA
501644,P10029,Badminton Racket,Sports & Outdoors,4,2025-11-23,274.87,CUST00457,India
500442,P10015,Running Shoes,Apparel,1,2025-10-07,980.3,CUST00142,India
500778,P10029,Badminton Racket,Sports & Outdoors,3,2026-06-03,274.87,CUST00218,United States
501710,P10007,Non-Stick Pan,Home & Kitchen,1,2025-12-18,331.24,,India
502893,P10016,Wool Sweater,Apparel,1,2025-07-16,1250.39,CUST00803,United Kingdom
501589,P10034,Sticky Notes Pack,Stationery & Office,2,2025-05-03,147.9,CUST00448,United States
502401,P10016,Wool Sweater,Apparel,4,2026-04-27,1250.39,CUST00685,UAE
501365,P10020,Herbal Shampoo,Beauty & Personal Care,2,2025-05-29,1426.26,CUST00372,INDIA
501383,P10027,Water Bottle Sipper,Sports & Outdoors,5,2025-06-11,2203.72,CUST00383,United Kingdom
500938,P10007,Non-Stick Pan,Home & Kitchen,2,2025-04-23,331.24,CUST00262,Singapore
500237,P10017,Formal Shirt,Apparel,2,2026-05-29,562.91,,United States
502344,P10027,Water Bottle Sipper,Sports & Outdoors,1,2025-04-23,2203.72,CUST00665,INDIA
501533,P10022,Sunscreen SPF50,Beauty & Personal Care,4,2025-07-06,514.51,CUST00437,India
502523,P10008,LED Desk Lamp,Home & Kitchen,4,2025-08-12,1311.15,CUST00715,India
501492,P10034,Sticky Notes Pack,Stationery & Office,3,2025-10-15,147.9,CUST00421,United States
501869,P10023,Hair Dryer,Beauty & Personal Care,2,2025-11-26,1018.4,CUST00524,Germany
501914,P10028,Camping Torch,Sports & Outdoors,3,2025-08-12,2043.99,CUST00539,India
502725,P10032,Gel Pen Pack,Stationery & Office,1,2026-05-02,687.3,CUST00763,India
501043,P10029,Badminton Racket,Sports & Outdoors,4,2026-02-05,274.87,CUST00293,Germany
500497,P10014,Denim Jacket,Apparel,2,2025-04-06,1048.3,CUST00166,Germany
502468,P10005,Power Bank 10000mAh,Electronics,5,2025-08-06,1034.93,CUST00705,India
501520,P10021,Lip Balm Set,Beauty & Personal Care,4,2025-11-20,652.97,CUST00431,India
501290,P10025,Yoga Mat,Sports & Outdoors,1,2025-12-11,270.08,CUST00349,India
501167,P10035,Whiteboard Marker Set,Stationery & Office,3,2026-05-22,808.92,CUST00324,India
501919,P10023,Hair Dryer,Beauty & Personal Care,1,2026-06-05,1018.4,CUST00539,INDIA
501742,P10036,Backpack,Stationery & Office,2,2025-12-02,218.62,CUST00482,United Kingdom
502627,P10009,Cotton Bedsheet Set,Home & Kitchen,5,2026-03-07,1519.89,CUST00742,India
500331,P10032,Gel Pen Pack,Stationery & Office,5,2026-05-29,687.3,CUST00126,India
502537,P10006,Smartwatch Band,Electronics,1,2026-02-21,990.13,CUST00724,United States
500092,P10015,Running Shoes,Apparel,5,2025-11-17,980.3,CUST00037,India
501151,P10024,Beard Trimmer,Beauty & Personal Care,-4,2026-02-03,700.79,CUST00319,India
502815,P10011,Ceramic Mug Set,Home & Kitchen,5,2025-06-22,1993.94,CUST00782,India
502525,P10024,Beard Trimmer,Beauty & Personal Care,3,2025-05-24,700.79,CUST00717,germany
500095,P10009,Cotton Bedsheet Set,Home & Kitchen,1,2025-01-27,1519.89,CUST00038,India
500072,P10030,Cycling Gloves,Sports & Outdoors,4,2025-09-05,820.52,CUST00032,India
502928,P10029,Badminton Racket,Sports & Outdoors,3,2026-06-09,274.87,CUST00815,Germany
500317,P10033,Desk Organizer,Stationery & Office,2,2025-09-16,67.73,CUST00122,Germany
501218,P10006,Smartwatch Band,Electronics,3,2025-07-08,990.13,,United States
501579,P10009,Cotton Bedsheet Set,Home & Kitchen,1,2026-06-16,1519.89,CUST00448,United States
500995,P10009,Cotton Bedsheet Set,Home & Kitchen,5,2025-09-14,1519.89,CUST00280,United States
502865,P10030,Cycling Gloves,Sports & Outdoors,-2,2025-03-26,820.52,CUST00796,Germany
500512,P10030,Cycling Gloves,Sports & Outdoors,5,2025-07-11,820.52,CUST00168,India
500108,P10034,Sticky Notes Pack,Stationery & Office,4,2026-01-02,147.9,CUST00046,united kingdom
501716,P10011,Ceramic Mug Set,Home & Kitchen,2,2025-11-04,1993.94,CUST00472,Singapore
500938,P10020,Herbal Shampoo,Beauty & Personal Care,5,2025-04-23,1426.26,CUST00262,SINGAPORE
502147,P10022,Sunscreen SPF50,Beauty & Personal Care,4,2025-12-19,514.51,CUST00583,India
500218,P10024,Beard Trimmer,Beauty & Personal Care,2,2026-05-20,700.79,CUST00086,India
502961,P10036,Backpack,Stationery & Office,3,2025-03-16,218.62,CUST00830,India
502516,P10006,Smartwatch Band,Electronics,1,2025-06-10,990.13,CUST00714, India 
500984,P10027,,Sports & Outdoors,2,2025-05-27,2203.72,CUST00275,India
502628,P10007,Non-Stick Pan,Home & Kitchen,4,2025-11-24,331.24,CUST00743,United States
500361,P10026,Resistance Bands Set,Sports & Outdoors,1,2025-06-19,636.23,CUST00127,United States
500095,P10010,Insulated Water Bottle,Home & Kitchen,1,2025-01-27,396.84,CUST00038,India
501637,P10011,Ceramic Mug Set,Home & Kitchen,2,2025-10-24,1993.94,CUST00452,United Kingdom
502239,P10025,Yoga Mat,Sports & Outdoors,3,2025-04-26,270.08,,India
501789,P10017,Formal Shirt,Apparel,3,2025-09-10,562.91,CUST00497,united kingdom
502530,P10018,Yoga Pants,Apparel,3,2026-01-02,608.28,CUST00721,UAE
502946,P10022,Sunscreen SPF50,Beauty & Personal Care,1,2025-06-16,514.51,CUST00822, India 
502022,P10023,Hair Dryer,Beauty & Personal Care,5,2025-04-14,1018.4,CUST00562,India
502336,P10003,Phone Case,Electronics,2,2026-03-04,1049.71,CUST00661,India
500262,P10019,Face Serum,Beauty & Personal Care,1,2025-10-27,1312.41,CUST00105,uae
503056,P10033,Desk Organizer,Stationery & Office,3,2025-03-30,67.73,CUST00842,United Kingdom
501170,P10007,Non-Stick Pan,Home & Kitchen,1,2025-03-10,0.0,CUST00324,India
501744,P10020,Herbal Shampoo,Beauty & Personal Care,5,2026-04-05,1426.26,CUST00482,United Kingdom
501734,P10020,Herbal Shampoo,Beauty & Personal Care,4,2025-10-02,1426.26,CUST00479,Singapore
502251,P10003,Phone Case,Electronics,1,2025-02-11,1049.71,CUST00630,India
501766,P10034,Sticky Notes Pack,Stationery & Office,3,2025-04-08,147.9,CUST00486,UAE
501061,P10027,Water Bottle Sipper,Sports & Outdoors,5,2025-01-09,2203.72,CUST00295,India
502313,P10016,Wool Sweater,Apparel,4,2025-05-31,1250.39,CUST00656,India
501233,P10004,USB-C Cable,Electronics,3,2025-01-28,3182.97,,India
500883,P10018,Yoga Pants,Apparel,4,2025-08-08,608.28,CUST00238, India 
502076,P10002,Bluetooth Speaker,Electronics,5,2026-02-28,2723.88,CUST00579,India
502449,P10027,Water Bottle Sipper,Sports & Outdoors,5,2025-08-03,2203.72,CUST00699,India
500319,P10018,Yoga Pants,Apparel,2,2025-11-17,608.28,CUST00122,Germany
500347,P10019,Face Serum,Beauty & Personal Care,2,2025-11-25,1312.41,CUST00126,India
500508,P10012,Storage Organizer,Home & Kitchen,4,2025-07-18,1268.9,CUST00167,India
500966,P10035,Whiteboard Marker Set,Stationery & Office,3,2026-03-19,808.92,CUST00269,India
501543,P10009,Cotton Bedsheet Set,Home & Kitchen,4,2025-09-01,1519.89,CUST00439,United States
500069,P10003,Phone Case,Electronics,2,2025-07-22,1049.71,CUST00032,India
502740,P10022,Sunscreen SPF50,Beauty & Personal Care,5,2026-01-10,514.51,CUST00770,Germany
502816,P10022,Sunscreen SPF50,Beauty & Personal Care,4,2025-08-24,514.51,,india
500256,P10020,Herbal Shampoo,Beauty & Personal Care,1,2026-03-12,1426.26,CUST00102,United Kingdom
500461,P10003,Phone Case,Electronics,5,2026-05-05,1049.71,CUST00152,INDIA
500014,P10015,Running Shoes,Apparel,3,2025-01-15,980.3,CUST00007,India
502183,P10019,Face Serum,Beauty & Personal Care,4,2025-06-22,1312.41,CUST00595,Germany
501745,P10034,Sticky Notes Pack,Stationery & Office,1,2025-08-05,147.9,CUST00482,United Kingdom
501308,P10020,Herbal Shampoo,Beauty & Personal Care,5,2025-08-23,1426.26,CUST00353,United Kingdom
501865,P10006,Smartwatch Band,Electronics,2,2025-04-18,990.13,CUST00522,India
500377,P10021,Lip Balm Set,Beauty & Personal Care,5,2025-12-22,652.97,,India
501520,P10034,Sticky Notes Pack,Stationery & Office,-5,2025-11-20,147.9,CUST00431, India 
503101,P10016,Wool Sweater,Apparel,3,2026-02-20,1250.39,CUST00849,India
500694,P10013,Cotton T-Shirt,Apparel,1,2025-02-07,1190.46,CUST00203,India
500988,P10026,Resistance Bands Set,Sports & Outdoors,3,2025-07-14,636.23,CUST00276,India
500772,P10010,Insulated Water Bottle,Home & Kitchen,3,2026-05-11,396.84,CUST00217, India 
501871,P10021,Lip Balm Set,Beauty & Personal Care,3,2025-02-20,652.97,CUST00524,Germany
502093,P10017,Formal Shirt,Apparel,1,2025-10-30,562.91,CUST00579,India
501375,P10005,Power Bank 10000mAh,Electronics,3,2025-05-17,1034.93,CUST00377,GERMANY
501478,P10014,Denim Jacket,Apparel,3,2025-11-23,1048.3,CUST00417,india
500779,P10021,Lip Balm Set,Beauty & Personal Care,5,2025-10-05,652.97,CUST00218,United States
501286,P10018,Yoga Pants,Apparel,5,2025-12-12,608.28,CUST00345,india
501504,P10022,Sunscreen SPF50,Beauty & Personal Care,-5,2026-01-05,514.51,CUST00426,India
500463,P10017,Formal Shirt,Apparel,2,2026-04-07,562.91,CUST00153, India 
501648,P10010,Insulated Water Bottle,Home & Kitchen,1,2025-08-20,396.84,CUST00457,India
502582,P10011,Ceramic Mug Set,Home & Kitchen,5,2026-05-25,1993.94,CUST00731,India
501495,P10014,Denim Jacket,Apparel,1,2026-04-30,1048.3,CUST00422,United States
500191,P10027,Water Bottle Sipper,Sports & Outdoors,3,2025-12-18,2203.72,CUST00068,united states
500824,P10026,Resistance Bands Set,Sports & Outdoors,5,2025-02-16,636.23,CUST00219,UNITED KINGDOM
502084,P10010,Insulated Water Bottle,Home & Kitchen,3,2025-07-04,396.84,CUST00579,India
500551,P10022,Sunscreen SPF50,Beauty & Personal Care,2,2025-09-14,514.51,CUST00169,india
501995,P10030,Cycling Gloves,Sports & Outdoors,4,2025-06-15,820.52,CUST00555,Germany
502353,P10024,Beard Trimmer,Beauty & Personal Care,2,2025-03-27,700.79,CUST00665,India
500464,P10013,Cotton T-Shirt,Apparel,4,2026-01-20,1190.46,CUST00154,India
502275,P10036,Backpack,Stationery & Office,-2,2025-09-21,218.62,CUST00636,India
502631,P10018,Yoga Pants,Apparel,-5,2026-05-09,608.28,CUST00745,India
501635,P10036,Backpack,Stationery & Office,4,2026-01-03,218.62,CUST00451,UNITED STATES
500102,P10008,LED Desk Lamp,Home & Kitchen,5,2025-04-21,1311.15,CUST00043,India
500974,P10031,Notebook Set,Stationery & Office,1,2025-06-20,268.52,CUST00272,United States
501019,P10007,Non-Stick Pan,Home & Kitchen,5,2025-06-28,331.24,CUST00286,India
500870,P10027,Water Bottle Sipper,Sports & Outdoors,2,2025-12-24,2203.72,CUST00236,united states
500171,P10030,Cycling Gloves,Sports & Outdoors,1,2025-01-23,820.52,CUST00062,India
501535,P10023,Hair Dryer,Beauty & Personal Care,4,2025-12-15,1018.4,,United States
500167,P10030,Cycling Gloves,Sports & Outdoors,1,2025-02-22,820.52,CUST00062,India
500830,P10025,Yoga Mat,Sports & Outdoors,1,2025-10-26,270.08,CUST00221,United Kingdom
501948,P10008,LED Desk Lamp,Home & Kitchen,2,2025-06-18,1311.15,CUST00540,India
500889,P10035,Whiteboard Marker Set,Stationery & Office,1,2025-10-24,808.92,CUST00240,India
500116,P10021,Lip Balm Set,Beauty & Personal Care,2,2026-04-26,652.97,CUST00047,India
500645,P10017,Formal Shirt,Apparel,5,2025-06-09,562.91,CUST00191, India 
502294,P10024,Beard Trimmer,Beauty & Personal Care,2,2025-07-16,700.79,CUST00645,India
500802,P10008,LED Desk Lamp,Home & Kitchen,5,2025-01-17,1311.15,CUST00219,united kingdom
500112,P10007,Non-Stick Pan,Home & Kitchen,2,2025-03-22,331.24,CUST00047,India
500234,P10029,Badminton Racket,Sports & Outdoors,2,2026-03-28,274.87,CUST00091,India
501540,P10022,Sunscreen SPF50,Beauty & Personal Care,1,2025-10-05,514.51,CUST00439,UNITED STATES
500294,P10002,Bluetooth Speaker,Electronics,3,2026-04-22,2723.88,CUST00113,UAE
503050,P10011,Ceramic Mug Set,Home & Kitchen,3,2025-05-10,1993.94,CUST00842,United Kingdom
502944,P10012,Storage Organizer,Home & Kitchen,3,2025-06-23,1268.9,CUST00821,United States
500127,P10004,USB-C Cable,Electronics,3,2026-04-26,3182.97,CUST00047,India
502926,P10008,LED Desk Lamp,Home & Kitchen,3,2025-06-01,1311.15,CUST00815,Germany
502977,P10015,Running Shoes,Apparel,1,2025-01-02,980.3,CUST00830,India
500856,P10032,Gel Pen Pack,Stationery & Office,4,2025-08-13,687.3,CUST00232,India
500942,P10019,Face Serum,Beauty & Personal Care,5,2026-03-04,1312.41,CUST00263,India
501254,P10026,Resistance Bands Set,Sports & Outdoors,2,2025-09-20,636.23,CUST00343,India
501772,P10018,Yoga Pants,Apparel,5,2026-03-26,608.28,CUST00488,India
502614,P10031,Notebook Set,Stationery & Office,2,2025-10-23,268.52,,united states
501664,P10014,Denim Jacket,Apparel,2,2025-07-31,1048.3,CUST00463,United States
500259,P10021,Lip Balm Set,Beauty & Personal Care,1,2026-06-14,652.97,CUST00104,India
501815,P10036,Backpack,Stationery & Office,4,2026-05-26,218.62,CUST00503,India
502203,P10009,Cotton Bedsheet Set,Home & Kitchen,2,2025-10-04,1519.89,CUST00610,UNITED KINGDOM
500398,P10027,Water Bottle Sipper,Sports & Outdoors,2,2026-05-23,2203.72,CUST00137,India
501367,P10005,Power Bank 10000mAh,Electronics,1,2025-06-19,1034.93,CUST00373,India
501801,P10013,Cotton T-Shirt,Apparel,2,2025-07-16,1190.46,CUST00497, United Kingdom 
501466,P10008,LED Desk Lamp,Home & Kitchen,3,2025-11-05,1311.15,CUST00414,UNITED KINGDOM
501546,P10031,Notebook Set,Stationery & Office,3,2025-11-17,268.52,CUST00439,United States
502496,P10025,Yoga Mat,Sports & Outdoors,2,2025-02-01,270.08,CUST00706,singapore
501820,P10011,Ceramic Mug Set,Home & Kitchen,4,2026-02-12,1993.94,CUST00503,India
501756,P10013,Cotton T-Shirt,Apparel,3,2025-06-20,1190.46,CUST00485,United Kingdom
501035,P10032,Gel Pen Pack,Stationery & Office,3,2026-03-06,687.3,CUST00289,India
502030,P10027,Water Bottle Sipper,Sports & Outdoors,4,2026-02-07,2203.72,CUST00563,India
500474,P10030,Cycling Gloves,Sports & Outdoors,2,2026-04-23,820.52,CUST00159,INDIA
503038,P10032,Gel Pen Pack,Stationery & Office,2,2025-01-10,687.3,CUST00839, United Kingdom 
502368,P10001,Wireless Earbuds,Electronics,3,2025-05-30,606.94,CUST00671,India
500879,P10003,Phone Case,Electronics,4,2026-04-01,1049.71,CUST00237,india
502880,P10019,Face Serum,Beauty & Personal Care,5,2025-03-08,1312.41,CUST00800,UAE
503100,P10016,Wool Sweater,Apparel,1,2025-11-21,1250.39,CUST00848,Singapore
500868,P10029,Badminton Racket,Sports & Outdoors,-4,2025-05-02,274.87,CUST00236, United States 
502457,P10016,Wool Sweater,Apparel,3,2026-02-17,1250.39,CUST00700,INDIA
501981,P10015,Running Shoes,Apparel,5,2025-11-28,980.3,CUST00551,India
501223,P10013,Cotton T-Shirt,Apparel,2,2026-01-30,1190.46,CUST00334,India
501117,P10019,Face Serum,Beauty & Personal Care,5,2026-05-01,1312.41,CUST00311,India
502937,P10002,Bluetooth Speaker,Electronics,5,2025-09-06,2723.88,CUST00815,Germany
501434,P10020,Herbal Shampoo,Beauty & Personal Care,4,2025-10-20,1426.26,CUST00395,India
501569,P10008,LED Desk Lamp,Home & Kitchen,5,2025-04-23,1311.15,CUST00447,Singapore
502112,P10018,Yoga Pants,Apparel,2,2025-08-11,608.28,CUST00579,india
501095,P10011,Ceramic Mug Set,Home & Kitchen,1,2025-03-12,1993.94,CUST00306,Singapore
500912,P10017,Formal Shirt,Apparel,5,2026-04-25,562.91,CUST00252,india
501386,P10004,USB-C Cable,Electronics,2,2026-03-25,3182.97,CUST00385,united states
501438,P10011,Ceramic Mug Set,Home & Kitchen,2,2025-08-20,1993.94,CUST00397,Germany
501933,P10029,Badminton Racket,Sports & Outdoors,4,2025-12-18,274.87,CUST00539,India
503070,P10018,Yoga Pants,Apparel,2,2025-05-12,608.28,,United Kingdom
501263,P10023,Hair Dryer,Beauty & Personal Care,3,2025-05-14,1018.4,CUST00343,India
502447,P10025,Yoga Mat,Sports & Outdoors,3,2025-09-20,270.08,,India
501330,P10029,Badminton Racket,Sports & Outdoors,4,2025-03-26,274.87,CUST00358,United Kingdom
500460,P10030,Cycling Gloves,Sports & Outdoors,3,2025-10-13,820.52,CUST00152,India
501548,P10018,Yoga Pants,Apparel,2,2025-12-08,608.28,CUST00439,United States
502087,P10036,Backpack,Stationery & Office,1,2026-01-07,218.62,CUST00579,India
502444,P10009,Cotton Bedsheet Set,Home & Kitchen,1,2025-03-31,1519.89,CUST00699,India
501579,P10011,Ceramic Mug Set,Home & Kitchen,5,2026-06-16,1993.94,CUST00448,United States
502012,P10022,Sunscreen SPF50,Beauty & Personal Care,4,2026-02-04,514.51,CUST00559,United States
501372,P10031,Notebook Set,Stationery & Office,2,2025-11-08,268.52,CUST00376,India
501696,P10020,Herbal Shampoo,Beauty & Personal Care,5,2025-12-21,1426.26,CUST00466,India
502861,P10001,Wireless Earbuds,Electronics,1,2025-11-11,606.94,CUST00796,GERMANY
500063,P10005,Power Bank 10000mAh,Electronics,2,2025-03-01,1034.93,CUST00032,india
501784,P10002,Bluetooth Speaker,Electronics,2,2026-03-20,2723.88,CUST00493,India
500734,P10018,Yoga Pants,Apparel,2,2025-07-28,608.28,CUST00205,UNITED KINGDOM
501847,P10026,Resistance Bands Set,Sports & Outdoors,5,2025-12-30,636.23,CUST00514, Germany 
503106,P10008,LED Desk Lamp,Home & Kitchen,1,2026-02-18,1311.15,CUST00850, United Kingdom 
502158,P10007,Non-Stick Pan,Home & Kitchen,1,2025-06-24,331.24,CUST00587,INDIA
500731,P10003,Phone Case,Electronics,1,2025-05-11,1049.71,CUST00205,united kingdom
501191,P10016,Wool Sweater,Apparel,4,2026-04-28,1250.39,CUST00324,India
500914,P10006,Smartwatch Band,Electronics,3,2026-05-19,990.13,CUST00253,Germany
501377,P10028,Camping Torch,Sports & Outdoors,3,2025-05-05,2043.99,CUST00379,united states
500915,P10029,Badminton Racket,Sports & Outdoors,5,2025-06-07,274.87,CUST00254,India
503028,P10008,LED Desk Lamp,Home & Kitchen,5,2025-04-25,1311.15,CUST00833,India
501907,P10024,Beard Trimmer,Beauty & Personal Care,4,2025-04-09,700.79,CUST00538,India
502473,P10002,Bluetooth Speaker,Electronics,3,2025-05-02,2723.88,CUST00706,SINGAPORE
500210,P10002,Bluetooth Speaker,Electronics,1,2025-05-24,2723.88,CUST00081, Germany 
501593,P10027,Water Bottle Sipper,Sports & Outdoors,1,2026-04-23,2203.72,CUST00448,United States
502185,P10032,Gel Pen Pack,Stationery & Office,1,2025-07-15,687.3,CUST00597,united kingdom
500149,P10015,Running Shoes,Apparel,2,2025-01-28,980.3,CUST00053,uae
500356,P10008,LED Desk Lamp,Home & Kitchen,2,2025-01-21,1311.15,CUST00127,United States
501277,P10008,LED Desk Lamp,Home & Kitchen,1,2026-04-17,1311.15,CUST00343,India
500841,P10025,Yoga Mat,Sports & Outdoors,3,2025-02-21,270.08,CUST00225,India
501285,P10003,Phone Case,Electronics,4,2026-05-26,1049.71,CUST00345,India
502855,P10033,Desk Organizer,Stationery & Office,4,2026-06-02,67.73,CUST00796,Germany
501935,P10008,LED Desk Lamp,Home & Kitchen,4,2025-05-03,1311.15,CUST00539,India
502827,P10021,Lip Balm Set,Beauty & Personal Care,1,2025-08-09,652.97,CUST00786,UAE
500839,P10015,Running Shoes,Apparel,1,2025-04-17,980.3,CUST00225,India
500135,P10021,Lip Balm Set,Beauty & Personal Care,2,2025-08-15,652.97,CUST00047,india
501481,P10033,Desk Organizer,Stationery & Office,5,2026-03-09,67.73,CUST00419,United Kingdom
500459,P10023,Hair Dryer,Beauty & Personal Care,5,2025-09-21,1018.4,CUST00151,UAE
501125,P10018,Yoga Pants,Apparel,3,2026-03-04,608.28,CUST00312,India
502927,P10028,Camping Torch,Sports & Outdoors,3,2025-01-25,2043.99,CUST00815,Germany
501086,P10006,Smartwatch Band,Electronics,1,2025-03-03,990.13,CUST00301,India
501391,P10012,Storage Organizer,Home & Kitchen,2,2026-05-11,1268.9,CUST00386,United States
502995,P10022,Sunscreen SPF50,Beauty & Personal Care,5,2026-06-17,514.51,CUST00830,india
500426,P10035,Whiteboard Marker Set,Stationery & Office,2,2026-01-22,808.92,CUST00139,India
502965,P10035,Whiteboard Marker Set,Stationery & Office,4,2026-01-11,808.92,CUST00830,India
502788,P10032,Gel Pen Pack,Stationery & Office,1,2026-04-24,687.3,CUST00779,United States
500504,P10028,Camping Torch,Sports & Outdoors,-5,2026-02-09,2043.99,CUST00167,India
500692,P10019,Face Serum,Beauty & Personal Care,2,2025-04-27,1312.41,CUST00203,india
500843,P10004,USB-C Cable,Electronics,1,2026-01-21,3182.97,CUST00227,SINGAPORE
500838,P10004,USB-C Cable,Electronics,3,2026-03-23,3182.97,CUST00225,India
501237,P10004,USB-C Cable,Electronics,5,2026-01-29,3182.97,CUST00337,germany
502717,P10031,Notebook Set,Stationery & Office,4,2026-04-14,268.52,CUST00761,INDIA
502941,P10012,Storage Organizer,Home & Kitchen,5,2026-03-18,1268.9,CUST00818,India
501265,P10004,USB-C Cable,Electronics,2,2025-07-06,3182.97,CUST00343,India
500585,P10018,Yoga Pants,Apparel,3,2025-01-14,608.28,CUST00176,India
501140,P10035,Whiteboard Marker Set,Stationery & Office,1,2025-07-27,808.92,CUST00313,India
500328,P10024,Beard Trimmer,Beauty & Personal Care,2,2025-01-27,700.79,CUST00126,India
502940,P10030,Cycling Gloves,Sports & Outdoors,4,2026-05-31,820.52,CUST00818,India
500947,P10036,Backpack,Stationery & Office,5,2026-01-22,218.62,CUST00264,India
500609,P10008,LED Desk Lamp,Home & Kitchen,3,2025-11-14,1311.15,CUST00184,Germany
501027,P10003,Phone Case,Electronics,3,2025-01-20,1049.71,CUST00286,India
502079,P10029,Badminton Racket,Sports & Outdoors,3,2026-01-07,274.87,CUST00579,India
502522,P10007,Non-Stick Pan,Home & Kitchen,5,2026-04-06,331.24,CUST00714,India
501558,P10036,Backpack,Stationery & Office,1,2025-12-24,218.62,CUST00442,Singapore
500775,P10021,Lip Balm Set,Beauty & Personal Care,5,2025-07-11,652.97,CUST00218,United States
500325,P10030,Cycling Gloves,Sports & Outdoors,2,2025-01-29,820.52,CUST00125,India
500773,P10030,Cycling Gloves,Sports & Outdoors,4,2025-08-09,820.52,CUST00217,India
502674,P10033,Desk Organizer,Stationery & Office,5,2025-03-29,67.73,CUST00753,United Kingdom
500531,P10003,Phone Case,Electronics,4,2025-09-15,1049.71,CUST00169,India
500537,P10022,Sunscreen SPF50,Beauty & Personal Care,4,2026-01-31,514.51,CUST00169,INDIA
500062,P10017,Formal Shirt,Apparel,2,2025-06-12,562.91,CUST00031,United Kingdom
501412,P10021,Lip Balm Set,Beauty & Personal Care,3,2025-02-25,652.97,CUST00392,India
502145,P10029,Badminton Racket,Sports & Outdoors,1,2026-06-06,274.87,CUST00583,India
501209,P10011,Ceramic Mug Set,Home & Kitchen,2,2026-04-23,1993.94,CUST00328,united kingdom
501169,P10028,Camping Torch,Sports & Outdoors,3,2025-03-24,2043.99,CUST00324,India
500055,P10011,Ceramic Mug Set,Home & Kitchen,4,2025-03-17,1993.94,CUST00026,UNITED STATES
500591,P10036,Backpack,Stationery & Office,2,2025-10-05,218.62,CUST00176,INDIA
500313,P10030,Cycling Gloves,Sports & Outdoors,-3,2025-02-24,820.52,CUST00120,India
501931,P10031,Notebook Set,Stationery & Office,2,2025-12-17,268.52,CUST00539, India 
500038,P10021,Lip Balm Set,Beauty & Personal Care,4,2025-06-04,652.97,CUST00019,India
501367,P10033,Desk Organizer,Stationery & Office,5,2025-06-19,67.73,CUST00373,India
502987,P10035,Whiteboard Marker Set,Stationery & Office,1,2025-06-01,808.92,CUST00830,India
502304,P10014,Denim Jacket,Apparel,3,2025-03-15,1048.3,CUST00652,India
501913,P10031,Notebook Set,Stationery & Office,-5,2025-09-07,268.52,CUST00539,India
503061,P10009,Cotton Bedsheet Set,Home & Kitchen,3,2026-01-19,1519.89,CUST00842,United Kingdom
500255,P10002,Bluetooth Speaker,Electronics,5,2025-03-18,2723.88,CUST00101, India 
502953,P10009,Cotton Bedsheet Set,Home & Kitchen,2,2025-11-24,1519.89,CUST00827,India
500322,P10036,Backpack,Stationery & Office,3,2026-05-04,218.62,CUST00123,India
501386,P10019,Face Serum,Beauty & Personal Care,4,2026-03-25,1312.41,CUST00385,United States
500107,P10023,Hair Dryer,Beauty & Personal Care,4,2025-12-11,1018.4,CUST00046,United Kingdom
500493,P10005,Power Bank 10000mAh,Electronics,5,2026-01-01,1034.93,CUST00165,India
500821,P10006,Smartwatch Band,Electronics,3,2025-05-11,990.13,CUST00219,united kingdom
501779,P10027,Water Bottle Sipper,Sports & Outdoors,1,2025-02-16,2203.72,CUST00490,Germany
501861,P10008,LED Desk Lamp,Home & Kitchen,2,2025-04-04,1311.15,CUST00521,United Kingdom
501977,P10009,Cotton Bedsheet Set,Home & Kitchen,1,2026-01-14,1519.89,CUST00548,United Kingdom
502878,P10013,Cotton T-Shirt,Apparel,4,2025-05-06,1190.46,CUST00800,UAE
501091,P10034,Sticky Notes Pack,Stationery & Office,5,2026-02-03,147.9,CUST00304,United Kingdom
501819,P10017,Formal Shirt,Apparel,3,2026-01-30,562.91,CUST00503,India
501114,P10026,Resistance Bands Set,Sports & Outdoors,4,2025-09-21,636.23,CUST00311,india
502599,P10029,Badminton Racket,Sports & Outdoors,1,2026-06-09,274.87,CUST00733,United Kingdom
502125,P10002,Bluetooth Speaker,Electronics,1,2025-03-07,2723.88,CUST00581,india
501804,P10023,Hair Dryer,Beauty & Personal Care,5,2025-12-28,1018.4,CUST00497,united kingdom
500185,P10003,Phone Case,Electronics,2,2025-11-03,1049.71,CUST00068,United States
503075,P10006,Smartwatch Band,Electronics,2,2025-03-15,990.13,CUST00842,United Kingdom
500990,P10035,Whiteboard Marker Set,Stationery & Office,1,2025-12-17,808.92,CUST00278,United Kingdom
500567,P10017,Formal Shirt,Apparel,1,2025-04-09,562.91,CUST00175,United Kingdom
502410,P10033,Desk Organizer,Stationery & Office,1,2025-05-01,67.73,CUST00688, India 
502473,P10009,Cotton Bedsheet Set,Home & Kitchen,3,2025-05-02,1519.89,CUST00706,Singapore
502087,P10002,Bluetooth Speaker,Electronics,2,2026-01-07,2723.88,CUST00579,India
501882,P10036,Backpack,Stationery & Office,4,2026-03-15,218.62,CUST00530,Germany
502177,P10014,Denim Jacket,Apparel,4,2025-06-02,1048.3,CUST00593,india
500754,P10006,Smartwatch Band,Electronics,2,2026-05-10,990.13,CUST00216,India
501440,P10023,Hair Dryer,Beauty & Personal Care,5,2025-05-04,1018.4,CUST00398,India
500590,P10011,Ceramic Mug Set,Home & Kitchen,5,2026-06-15,1993.94,CUST00176,India
500992,P10014,Denim Jacket,Apparel,4,2025-03-01,1048.3,CUST00278,United Kingdom
500250,P10016,Wool Sweater,Apparel,3,2026-03-18,1250.39,CUST00099,India
502241,P10018,Yoga Pants,Apparel,3,2026-03-22,0.0,CUST00627,India
501766,P10030,Cycling Gloves,Sports & Outdoors,1,2025-04-08,820.52,CUST00486,UAE
502993,P10022,Sunscreen SPF50,Beauty & Personal Care,1,2026-06-18,514.51,CUST00830,India
500373,P10003,Phone Case,Electronics,4,2025-12-28,1049.71,CUST00130,India
500220,P10017,Formal Shirt,Apparel,3,2025-09-26,562.91,CUST00086,India
501085,P10002,Bluetooth Speaker,Electronics,1,2025-07-01,2723.88,CUST00301,India
500405,P10020,Herbal Shampoo,Beauty & Personal Care,5,2025-01-27,1426.26,CUST00138,United States
501205,P10001,Wireless Earbuds,Electronics,4,2025-06-16,606.94,CUST00324,India
501010,P10008,LED Desk Lamp,Home & Kitchen,1,2026-01-24,1311.15,CUST00286,India
501852,P10003,Phone Case,Electronics,4,2026-02-12,1049.71,CUST00518,United States
502707,P10022,Sunscreen SPF50,Beauty & Personal Care,4,2025-09-27,514.51,CUST00756,United States
500829,P10033,Desk Organizer,Stationery & Office,5,2025-02-03,67.73,CUST00220,Germany
500059,P10013,Cotton T-Shirt,Apparel,3,2025-11-29,1190.46,CUST00029,United Kingdom
503009,P10019,Face Serum,Beauty & Personal Care,3,2025-09-18,1312.41,CUST00833,India
501935,P10004,USB-C Cable,Electronics,2,2025-05-03,3182.97,CUST00539,India
500429,P10036,Backpack,Stationery & Office,3,2025-10-05,0.0,CUST00139,India
502999,P10018,Yoga Pants,Apparel,5,2025-10-05,608.28,CUST00830,INDIA
501229,P10019,Face Serum,Beauty & Personal Care,5,2025-06-29,1312.41,CUST00335,INDIA
502352,P10014,Denim Jacket,Apparel,1,2026-01-16,1048.3,CUST00665, India 
501701,P10031,Notebook Set,Stationery & Office,4,2026-03-21,268.52,CUST00469,India
500737,P10023,Hair Dryer,Beauty & Personal Care,2,2025-01-19,1018.4,CUST00206,india
500135,P10012,Storage Organizer,Home & Kitchen,5,2025-08-15,1268.9,CUST00047, India 
502710,P10021,Lip Balm Set,Beauty & Personal Care,4,2026-01-07,652.97,CUST00757,United Kingdom
501859,P10018,Yoga Pants,Apparel,2,2025-09-03,608.28,CUST00521,United Kingdom
502575,P10003,Phone Case,Electronics,4,2025-07-25,1049.71,CUST00731,India
501114,P10036,Backpack,Stationery & Office,5,2025-09-21,218.62,CUST00311,India
501935,P10012,Storage Organizer,Home & Kitchen,4,2025-05-03,1268.9,CUST00539,India
502288,P10024,Beard Trimmer,Beauty & Personal Care,2,2026-03-10,700.79,CUST00643,India
502200,P10026,Resistance Bands Set,Sports & Outdoors,5,2026-05-07,636.23,CUST00609,India
501845,P10003,Phone Case,Electronics,4,2025-05-06,1049.71,CUST00513,UAE
501158,P10011,Ceramic Mug Set,Home & Kitchen,3,2025-07-27,1993.94,CUST00321,India
502861,P10027,Water Bottle Sipper,Sports & Outdoors,4,2025-11-11,2203.72,CUST00796,Germany
502801,P10012,Storage Organizer,Home & Kitchen,1,2026-06-16,1268.9,CUST00779,united states
502802,P10001,Wireless Earbuds,Electronics,4,2026-05-07,606.94,CUST00779,United States
501176,P10009,Cotton Bedsheet Set,Home & Kitchen,1,2025-07-28,1519.89,CUST00324,India
502684,P10013,Cotton T-Shirt,Apparel,3,2025-08-11,1190.46,CUST00753,United Kingdom
501025,P10016,Wool Sweater,Apparel,5,2025-11-26,1250.39,CUST00286,india
502444,P10030,Cycling Gloves,Sports & Outdoors,5,2025-03-31,820.52,CUST00699,India
500672,P10026,Resistance Bands Set,Sports & Outdoors,2,2025-03-13,636.23,CUST00198, Germany 
502599,P10014,Denim Jacket,Apparel,5,2026-06-09,1048.3,CUST00733, United Kingdom 
500568,P10034,Sticky Notes Pack,Stationery & Office,5,2025-12-26,147.9,CUST00175,United Kingdom
502561,P10011,Ceramic Mug Set,Home & Kitchen,2,2025-03-04,1993.94,CUST00731,India
501552,P10013,Cotton T-Shirt,Apparel,1,2026-02-12,1190.46,CUST00439,United States
501822,P10026,Resistance Bands Set,Sports & Outdoors,4,2025-07-16,636.23,CUST00503,India
500664,P10014,Denim Jacket,Apparel,-4,2025-05-15,1048.3,CUST00195,india
500166,P10034,Sticky Notes Pack,Stationery & Office,1,2025-10-12,147.9,CUST00062, India 
500958,P10029,Badminton Racket,Sports & Outdoors,3,2026-01-02,274.87,CUST00266,United States
500754,P10034,Sticky Notes Pack,Stationery & Office,-4,2026-05-10,147.9,CUST00216,india
500201,P10016,Wool Sweater,Apparel,-1,2025-04-07,1250.39,CUST00074, United States 
500771,P10003,Phone Case,Electronics,3,2025-08-18,1049.71,CUST00217,India
502093,P10015,Running Shoes,Apparel,4,2025-10-30,980.3,CUST00579,India
501468,P10022,Sunscreen SPF50,Beauty & Personal Care,1,2026-01-31,514.51,CUST00416,india
500897,P10005,Power Bank 10000mAh,Electronics,5,2025-06-30,1034.93,,INDIA
500617,P10021,Lip Balm Set,Beauty & Personal Care,1,2025-11-18,652.97,CUST00189,India
500416,P10034,Sticky Notes Pack,Stationery & Office,-3,2025-09-15,147.9,CUST00138,United States
500851,P10011,Ceramic Mug Set,Home & Kitchen,5,2025-03-08,1993.94,CUST00232,India
502765,P10003,Phone Case,Electronics,2,2025-05-13,1049.71,CUST00779,United States
502014,P10006,Smartwatch Band,Electronics,4,2026-05-27,990.13,CUST00559,United States
501362,P10031,Notebook Set,Stationery & Office,5,2025-01-10,268.52,CUST00369,India
503006,P10019,Face Serum,Beauty & Personal Care,2,2025-03-04,1312.41,CUST00832,India
501050,P10021,Lip Balm Set,Beauty & Personal Care,5,2025-02-06,652.97,,India
501628,P10009,Cotton Bedsheet Set,Home & Kitchen,1,2025-02-19,1519.89,CUST00449,India
502268,P10025,Yoga Mat,Sports & Outdoors,3,2026-01-15,270.08,CUST00634,India
501450,P10030,Cycling Gloves,Sports & Outdoors,1,2025-08-26,820.52,CUST00407,India
501730,P10026,Resistance Bands Set,Sports & Outdoors,1,2025-06-19,636.23,CUST00477,India
500337,P10023,Hair Dryer,Beauty & Personal Care,5,2026-05-13,1018.4,CUST00126,India
502195,P10013,Cotton T-Shirt,Apparel,3,2025-11-08,1190.46,, India 
501249,P10036,Backpack,Stationery & Office,4,2025-06-23,218.62,CUST00339,India
502375,P10008,LED Desk Lamp,Home & Kitchen,4,2026-04-20,1311.15,CUST00673,India
501492,P10009,Cotton Bedsheet Set,Home & Kitchen,3,2025-10-15,1519.89,CUST00421,United States
502983,P10021,Lip Balm Set,Beauty & Personal Care,4,2025-08-22,652.97,CUST00830,India
502461,P10006,Smartwatch Band,Electronics,3,2026-03-08,990.13,CUST00702,India
501070,P10034,Sticky Notes Pack,Stationery & Office,1,2025-08-10,147.9,CUST00298,INDIA
502215,P10010,Insulated Water Bottle,Home & Kitchen,1,2025-11-26,396.84,CUST00616,UAE
502439,P10012,Storage Organizer,Home & Kitchen,2,2026-01-19,1268.9,CUST00699,India
501416,P10028,Camping Torch,Sports & Outdoors,4,2026-03-17,2043.99,CUST00392,India
501348,P10015,Running Shoes,Apparel,4,2025-11-21,980.3,,INDIA
501084,P10032,Gel Pen Pack,Stationery & Office,-5,2026-06-12,687.3,CUST00300,INDIA
500162,P10020,Herbal Shampoo,Beauty & Personal Care,-2,2025-02-17,1426.26,CUST00059,India
500505,P10026,Resistance Bands Set,Sports & Outdoors,3,2025-08-16,636.23,CUST00167,India
500872,P10033,Desk Organizer,Stationery & Office,1,2025-07-06,67.73,CUST00236,UNITED STATES
501253,P10025,Yoga Mat,Sports & Outdoors,1,2026-02-04,270.08,CUST00342,India
502873,P10011,Ceramic Mug Set,Home & Kitchen,5,2026-02-26,1993.94,CUST00798,United Kingdom
500742,P10014,Denim Jacket,Apparel,2,2025-06-11,1048.3,CUST00208,UNITED KINGDOM
500781,P10006,Smartwatch Band,Electronics,3,2025-07-23,990.13,CUST00218,United States
500870,P10015,Running Shoes,Apparel,-3,2025-12-24,980.3,CUST00236,United States
500273,P10006,Smartwatch Band,Electronics,1,2025-01-08,990.13,CUST00110,India
501009,P10020,Herbal Shampoo,Beauty & Personal Care,-2,2025-11-18,1426.26,CUST00286,India
502524,P10011,Ceramic Mug Set,Home & Kitchen,1,2025-12-09,1993.94,,UAE
502649,P10022,Sunscreen SPF50,Beauty & Personal Care,5,2025-01-03,514.51,CUST00750,United Kingdom
501306,P10007,Non-Stick Pan,Home & Kitchen,3,2025-05-23,331.24,CUST00353,United Kingdom
500963,P10004,USB-C Cable,Electronics,2,2025-09-02,3182.97,CUST00268,United States
502645,P10025,Yoga Mat,Sports & Outdoors,1,2025-04-15,270.08,CUST00749,UAE
501545,P10022,Sunscreen SPF50,Beauty & Personal Care,3,2025-02-25,514.51,CUST00439,United States
502974,P10009,Cotton Bedsheet Set,Home & Kitchen,-5,2025-05-21,1519.89,CUST00830,India
502633,P10028,Camping Torch,Sports & Outdoors,3,2025-10-20,2043.99,CUST00746,Germany
500566,P10022,Sunscreen SPF50,Beauty & Personal Care,5,2025-09-25,514.51,CUST00174,INDIA
500821,P10009,Cotton Bedsheet Set,Home & Kitchen,1,2025-05-11,1519.89,CUST00219,United Kingdom
500153,P10012,Storage Organizer,Home & Kitchen,2,2025-07-14,1268.9,CUST00056,UAE
501295,P10029,Badminton Racket,Sports & Outdoors,1,2025-10-04,274.87,CUST00351,India
501249,P10027,Water Bottle Sipper,Sports & Outdoors,2,2025-06-23,2203.72,CUST00339,India
501708,P10023,Hair Dryer,Beauty & Personal Care,3,2026-03-05,1018.4,CUST00470,SINGAPORE
500197,P10032,Gel Pen Pack,Stationery & Office,5,2025-05-29,687.3,CUST00072,INDIA
500880,P10031,Notebook Set,Stationery & Office,1,2026-04-14,268.52,CUST00237,india
502109,P10009,Cotton Bedsheet Set,Home & Kitchen,1,2025-10-06,1519.89,CUST00579,india
500943,P10024,Beard Trimmer,Beauty & Personal Care,4,2026-04-19,700.79,CUST00263,India
502248,P10001,Wireless Earbuds,Electronics,1,2025-08-17,606.94,CUST00627,India
502489,P10032,Gel Pen Pack,Stationery & Office,4,2025-09-22,687.3,CUST00706, Singapore 
501593,P10028,Camping Torch,Sports & Outdoors,4,2026-04-23,2043.99,CUST00448, United States 
502862,P10023,Hair Dryer,Beauty & Personal Care,2,2025-04-01,0.0,CUST00796,Germany
502415,P10014,Denim Jacket,Apparel,2,2025-02-13,1048.3,CUST00692,India
500180,P10027,Water Bottle Sipper,Sports & Outdoors,1,2026-04-23,2203.72,CUST00065,India
500537,P10003,Phone Case,Electronics,3,2026-01-31,1049.71,CUST00169,India
501500,P10036,Backpack,Stationery & Office,4,2025-03-15,218.62,CUST00424,india
500346,P10014,Denim Jacket,Apparel,1,2025-11-28,1048.3,CUST00126,India
501648,P10022,Sunscreen SPF50,Beauty & Personal Care,1,2025-08-20,514.51,CUST00457,India
502109,P10028,Camping Torch,Sports & Outdoors,5,2025-10-06,2043.99,CUST00579,India
500569,P10033,Desk Organizer,Stationery & Office,5,2026-05-29,67.73,CUST00175,UNITED KINGDOM
502265,P10023,Hair Dryer,Beauty & Personal Care,5,2026-04-10,1018.4,CUST00634,India
502159,P10019,Face Serum,Beauty & Personal Care,2,2026-05-04,1312.41,CUST00587,India
501257,P10027,Water Bottle Sipper,Sports & Outdoors,4,2026-01-03,2203.72,CUST00343,India
502890,P10013,Cotton T-Shirt,Apparel,2,2025-02-08,1190.46,CUST00801,United States
502466,P10034,Sticky Notes Pack,Stationery & Office,5,2025-11-28,147.9,CUST00705, India 
502614,P10011,Ceramic Mug Set,Home & Kitchen,3,2025-10-23,1993.94,CUST00738,UNITED STATES
501614,P10022,Sunscreen SPF50,Beauty & Personal Care,4,2025-03-03,514.51,,United States
502672,P10024,Beard Trimmer,Beauty & Personal Care,4,2025-12-27,700.79,CUST00753,United Kingdom
500046,P10004,USB-C Cable,Electronics,5,2025-09-23,3182.97,CUST00021,United Kingdom
502809,P10006,Smartwatch Band,Electronics,5,2025-08-25,990.13,CUST00782,INDIA
501923,P10009,Cotton Bedsheet Set,Home & Kitchen,5,2025-04-03,1519.89,CUST00539,India
502513,P10005,Power Bank 10000mAh,Electronics,2,2026-03-28,1034.93,CUST00711,United States
501950,P10033,Desk Organizer,Stationery & Office,5,2025-04-24,67.73,CUST00540,india
501332,P10034,Sticky Notes Pack,Stationery & Office,3,2025-02-28,147.9,CUST00358,United Kingdom
500702,P10021,Lip Balm Set,Beauty & Personal Care,3,2026-06-18,652.97,CUST00203,India
502763,P10022,Sunscreen SPF50,Beauty & Personal Care,3,2025-05-24,514.51,CUST00779,United States
501719,P10030,Cycling Gloves,Sports & Outdoors,1,2025-11-10,820.52,CUST00474,Germany
502112,P10030,Cycling Gloves,Sports & Outdoors,2,2025-08-11,820.52,CUST00579,India
500989,P10009,Cotton Bedsheet Set,Home & Kitchen,3,2025-05-22,1519.89,CUST00277,United States
502435,P10024,Beard Trimmer,Beauty & Personal Care,5,2025-03-05,700.79,CUST00699,INDIA
502611,P10010,Insulated Water Bottle,Home & Kitchen,3,2026-01-23,396.84,CUST00738,United States
503040,P10035,Whiteboard Marker Set,Stationery & Office,4,2025-03-02,808.92,CUST00839,United Kingdom
500963,P10035,Whiteboard Marker Set,Stationery & Office,5,2025-09-02,808.92,CUST00268,United States
501249,P10015,Running Shoes,Apparel,4,2025-06-23,980.3,CUST00339,India
500099,P10005,Power Bank 10000mAh,Electronics,2,2025-09-16,1034.93,CUST00041,India
501717,P10014,Denim Jacket,Apparel,5,2025-05-14,1048.3,CUST00473,India
502647,P10016,Wool Sweater,Apparel,4,2025-05-16,1250.39,CUST00749,UAE
500032,P10030,Cycling Gloves,Sports & Outdoors,5,2025-01-26,820.52,CUST00014,India
500962,P10008,,Home & Kitchen,4,2025-12-12,1311.15,CUST00268,United States
500721,P10018,Yoga Pants,Apparel,5,2026-03-29,608.28,CUST00203,India
502529,P10019,Face Serum,Beauty & Personal Care,1,2026-01-20,1312.41,CUST00720,United States
502677,P10012,Storage Organizer,Home & Kitchen,1,2025-06-09,1268.9,CUST00753,united kingdom
502914,P10030,Cycling Gloves,Sports & Outdoors,5,2025-10-30,820.52,CUST00813,India
501471,P10005,Power Bank 10000mAh,Electronics,2,2025-01-18,1034.93,CUST00416,India
502490,P10012,Storage Organizer,Home & Kitchen,2,2026-04-22,1268.9,CUST00706,singapore
500852,P10005,Power Bank 10000mAh,Electronics,1,2026-06-29,1034.93,CUST00232,INDIA
500448,P10005,Power Bank 10000mAh,Electronics,1,2026-01-24,1034.93,CUST00144,INDIA
501416,P10012,Storage Organizer,Home & Kitchen,1,2026-03-17,1268.9,CUST00392,India
500113,P10007,Non-Stick Pan,Home & Kitchen,1,2025-11-25,331.24,CUST00047,India
500165,P10020,Herbal Shampoo,Beauty & Personal Care,2,2026-04-30,1426.26,CUST00062, India 
500402,P10016,Wool Sweater,Apparel,1,2026-01-14,1250.39,CUST00137,India
503042,P10027,Water Bottle Sipper,Sports & Outdoors,5,2025-11-16,2203.72,CUST00841,India
500604,P10019,Face Serum,Beauty & Personal Care,2,2025-02-22,1312.41,CUST00180,India
501091,P10031,Notebook Set,Stationery & Office,4,2026-02-03,268.52,CUST00304,United Kingdom
501764,P10030,,Sports & Outdoors,1,2025-02-21,820.52,CUST00485,United Kingdom
503046,P10029,Badminton Racket,Sports & Outdoors,3,2025-03-25,274.87,CUST00842,United Kingdom
502529,P10015,Running Shoes,Apparel,1,2026-01-20,980.3,CUST00720,United States
503019,P10032,Gel Pen Pack,Stationery & Office,3,2025-06-20,687.3,CUST00833,India
502155,P10024,Beard Trimmer,Beauty & Personal Care,2,2026-06-15,700.79,,india
500820,P10035,Whiteboard Marker Set,Stationery & Office,5,2025-10-20,808.92,CUST00219,United Kingdom
500039,P10015,Running Shoes,Apparel,3,2025-09-04,980.3,, India 
501250,P10033,Desk Organizer,Stationery & Office,2,2026-03-11,67.73,CUST00340,India
501521,P10003,Phone Case,Electronics,4,2025-06-21,1049.71,CUST00432,United States
500143,P10018,Yoga Pants,Apparel,2,2025-06-24,608.28,CUST00052,United States
502030,P10033,Desk Organizer,Stationery & Office,2,2026-02-07,67.73,CUST00563,India
500587,P10023,Hair Dryer,Beauty & Personal Care,3,2025-06-14,1018.4,CUST00176,India
502528,P10036,Backpack,Stationery & Office,1,2025-09-30,218.62,CUST00720,United States
500230,P10027,Water Bottle Sipper,Sports & Outdoors,3,2026-05-18,2203.72,CUST00087,United States
501455,P10034,Sticky Notes Pack,Stationery & Office,2,2025-11-20,147.9,CUST00409,UAE
500471,P10018,Yoga Pants,Apparel,2,2025-05-25,608.28,CUST00157,United Kingdom
502757,P10032,Gel Pen Pack,Stationery & Office,5,2025-07-15,687.3,CUST00777,INDIA
502539,P10018,Yoga Pants,Apparel,2,2026-03-24,608.28,CUST00725,United Kingdom
501282,P10024,Beard Trimmer,Beauty & Personal Care,3,2026-03-31,700.79,CUST00345, India 
500385,P10011,Ceramic Mug Set,Home & Kitchen,3,2026-02-09,1993.94,CUST00133,India
500333,P10025,Yoga Mat,Sports & Outdoors,-1,2026-06-27,270.08,CUST00126,India
501910,P10006,Smartwatch Band,Electronics,1,2026-05-23,990.13,CUST00539,India
502214,P10019,Face Serum,Beauty & Personal Care,5,2026-02-09,1312.41,,Germany
502956,P10023,Hair Dryer,Beauty & Personal Care,5,2026-05-26,1018.4,CUST00827,India
502234,P10015,Running Shoes,Apparel,1,2025-10-22,980.3,CUST00626,India
502260,P10036,Backpack,Stationery & Office,1,2026-04-26,218.62,CUST00632, Germany 
500241,P10028,Camping Torch,Sports & Outdoors,1,2025-11-27,2043.99,CUST00095,United States
500492,P10023,Hair Dryer,Beauty & Personal Care,-2,2025-02-09,1018.4,CUST00165,India
501896,P10028,Camping Torch,Sports & Outdoors,5,2025-06-14,2043.99,CUST00534, United Kingdom 
501021,P10033,Desk Organizer,Stationery & Office,1,2025-12-24,67.73,CUST00286,India
502286,P10012,Storage Organizer,Home & Kitchen,3,2025-12-22,1268.9,CUST00641,India
500447,P10016,Wool Sweater,Apparel,2,2025-02-18,1250.39,CUST00144,INDIA
501274,P10021,Lip Balm Set,Beauty & Personal Care,4,2026-05-03,652.97,CUST00343,India
500232,P10016,Wool Sweater,Apparel,1,2025-11-11,1250.39,CUST00089,germany
501593,P10020,Herbal Shampoo,Beauty & Personal Care,3,2026-04-23,1426.26,CUST00448,United States
502403,P10018,Yoga Pants,Apparel,4,2026-04-06,608.28,CUST00686,United Kingdom
501117,P10012,Storage Organizer,Home & Kitchen,5,2026-05-01,1268.9,CUST00311,India
501476,P10019,Face Serum,Beauty & Personal Care,5,2026-04-28,1312.41,CUST00416,India
500425,P10019,Face Serum,Beauty & Personal Care,3,2026-02-11,1312.41,CUST00139,India
501179,P10019,Face Serum,Beauty & Personal Care,4,2025-06-24,1312.41,CUST00324,INDIA
500932,P10012,Storage Organizer,Home & Kitchen,2,2026-01-16,1268.9,CUST00260,India
502601,P10003,Phone Case,Electronics,5,2025-03-02,1049.71,CUST00734,India
502868,P10030,Cycling Gloves,Sports & Outdoors,5,2025-01-21,820.52,CUST00796,Germany
501399,P10035,Whiteboard Marker Set,Stationery & Office,5,2025-08-22,808.92,CUST00389,United States
501850,P10021,Lip Balm Set,Beauty & Personal Care,5,2025-06-02,652.97,CUST00516,India
500813,P10010,Insulated Water Bottle,Home & Kitchen,2,2026-06-02,396.84,CUST00219,United Kingdom
501523,P10006,Smartwatch Band,Electronics,4,2025-12-12,990.13,CUST00432,United States
501647,P10028,Camping Torch,Sports & Outdoors,2,2025-10-09,2043.99,CUST00457,India
502076,P10024,Beard Trimmer,Beauty & Personal Care,1,2026-02-28,700.79,CUST00579,india
501383,P10012,Storage Organizer,Home & Kitchen,3,2025-06-11,1268.9,CUST00383,United Kingdom
500709,P10020,Herbal Shampoo,Beauty & Personal Care,1,2025-11-17,1426.26,CUST00203,India
500739,P10023,Hair Dryer,Beauty & Personal Care,2,2026-05-06,1018.4,CUST00207,India
501389,P10033,Desk Organizer,Stationery & Office,4,2025-04-29,67.73,CUST00386,UNITED STATES
502399,P10022,Sunscreen SPF50,Beauty & Personal Care,4,2025-11-23,514.51,CUST00683,India
502798,P10009,Cotton Bedsheet Set,Home & Kitchen,-1,2025-11-05,1519.89,CUST00779,UNITED STATES
501517,P10005,Power Bank 10000mAh,Electronics,2,2026-04-20,1034.93,CUST00430,INDIA
502345,P10028,Camping Torch,Sports & Outdoors,4,2025-10-17,2043.99,CUST00665,India
500602,P10029,Badminton Racket,Sports & Outdoors,3,2025-09-04,274.87,CUST00179,UAE
502055,P10009,Cotton Bedsheet Set,Home & Kitchen,3,2026-03-09,1519.89,CUST00570,India
500374,P10029,Badminton Racket,Sports & Outdoors,1,2026-01-28,274.87,CUST00130,India
503072,P10036,Backpack,Stationery & Office,5,2025-02-27,218.62,CUST00842,United Kingdom
502434,P10030,Cycling Gloves,Sports & Outdoors,5,2025-04-26,820.52,CUST00699,india
501394,P10009,Cotton Bedsheet Set,Home & Kitchen,3,2025-11-28,1519.89,CUST00387,India
502998,P10020,Herbal Shampoo,Beauty & Personal Care,4,2025-11-03,1426.26,CUST00830,India
501997,P10023,Hair Dryer,Beauty & Personal Care,3,2026-01-17,1018.4,CUST00555,Germany
502826,P10036,Backpack,Stationery & Office,4,2025-09-10,218.62,CUST00786,uae
500092,P10036,Backpack,Stationery & Office,4,2025-11-17,218.62,CUST00037,India
500726,P10027,Water Bottle Sipper,Sports & Outdoors,2,2025-12-15,2203.72,CUST00204,Germany
501165,P10034,Sticky Notes Pack,Stationery & Office,3,2025-08-22,147.9,CUST00324,India
502620,P10033,Desk Organizer,Stationery & Office,1,2025-09-22,67.73,CUST00738,United States
501890,P10033,Desk Organizer,Stationery & Office,1,2026-03-22,67.73,CUST00530,GERMANY
501373,P10003,Phone Case,Electronics,5,2025-07-17,1049.71,CUST00376,India
502712,P10017,Formal Shirt,Apparel,1,2025-07-11,562.91,CUST00758,India
501438,P10004,USB-C Cable,Electronics,5,2025-08-20,3182.97,CUST00397,germany
500444,P10028,Camping Torch,Sports & Outdoors,5,2025-03-15,2043.99,CUST00143,India
501294,P10020,Herbal Shampoo,Beauty & Personal Care,3,2026-01-12,1426.26,CUST00351,INDIA
502158,P10004,USB-C Cable,Electronics,3,2025-06-24,3182.97,CUST00587,India
502172,P10009,Cotton Bedsheet Set,Home & Kitchen,2,2025-09-16,1519.89,CUST00592,United Kingdom
500942,P10031,Notebook Set,Stationery & Office,4,2026-03-04,268.52,CUST00263,INDIA
501301,P10014,Denim Jacket,Apparel,3,2026-02-10,1048.3,CUST00353,United Kingdom
500124,P10026,Resistance Bands Set,Sports & Outdoors,1,2026-06-07,636.23,CUST00047,india
502673,P10021,Lip Balm Set,Beauty & Personal Care,3,2026-04-03,652.97,CUST00753,UNITED KINGDOM
502562,P10012,Storage Organizer,Home & Kitchen,1,2025-03-06,1268.9,CUST00731,India
502893,P10024,Beard Trimmer,Beauty & Personal Care,3,2025-07-16,700.79,CUST00803,United Kingdom
500791,P10035,Whiteboard Marker Set,Stationery & Office,1,2026-05-28,808.92,CUST00219,united kingdom
500767,P10021,Lip Balm Set,Beauty & Personal Care,5,2025-03-31,652.97,CUST00216,India
501096,P10001,Wireless Earbuds,Electronics,5,2025-12-17,606.94,CUST00307,India
501834,P10021,Lip Balm Set,Beauty & Personal Care,3,2025-02-22,652.97,CUST00508,Germany
501283,P10028,Camping Torch,Sports & Outdoors,4,2025-01-08,2043.99,CUST00345,India
501673,P10024,Beard Trimmer,Beauty & Personal Care,5,2025-11-18,700.79,CUST00463,United States
500474,P10035,Whiteboard Marker Set,Stationery & Office,2,2026-04-23,808.92,CUST00159,India
501539,P10033,Desk Organizer,Stationery & Office,2,2026-06-16,67.73,,United States
500687,P10036,Backpack,Stationery & Office,5,2025-10-08,218.62,CUST00201,United Kingdom
502785,P10021,Lip Balm Set,Beauty & Personal Care,2,2025-07-29,652.97,CUST00779,United States
502876,P10011,Ceramic Mug Set,Home & Kitchen,1,2025-01-05,1993.94,CUST00798,United Kingdom
500083,P10030,Cycling Gloves,Sports & Outdoors,2,2025-11-05,820.52,CUST00035,Singapore
501153,P10033,Desk Organizer,Stationery & Office,2,2025-04-26,67.73,CUST00320,India
501922,P10025,Yoga Mat,Sports & Outdoors,3,2025-08-24,270.08,CUST00539,India
500411,P10032,Gel Pen Pack,Stationery & Office,1,2026-06-14,687.3,CUST00138,United States
500717,P10016,,Apparel,5,2025-08-03,1250.39,CUST00203,INDIA
500280,P10031,Notebook Set,Stationery & Office,3,2025-02-12,268.52,CUST00111,India
501878,P10003,Phone Case,Electronics,4,2026-06-08,1049.71,CUST00528,India
502788,P10009,Cotton Bedsheet Set,Home & Kitchen,2,2026-04-24,1519.89,CUST00779,United States
501198,P10033,Desk Organizer,Stationery & Office,4,2025-07-10,67.73,CUST00324,INDIA
501728,P10031,Notebook Set,Stationery & Office,4,2025-05-22,268.52,,Singapore
500562,P10011,Ceramic Mug Set,Home & Kitchen,3,2025-05-29,1993.94,CUST00172,India
503069,P10017,Formal Shirt,Apparel,4,2025-07-22,562.91,CUST00842,United Kingdom
501691,P10028,Camping Torch,Sports & Outdoors,4,2025-11-27,2043.99,,Singapore
502407,P10023,Hair Dryer,Beauty & Personal Care,5,2026-04-17,1018.4,CUST00688,India
502970,P10019,Face Serum,Beauty & Personal Care,5,2025-11-01,1312.41,CUST00830,India
502871,P10004,USB-C Cable,Electronics,4,2025-11-28,3182.97,CUST00797,UAE
502506,P10012,Storage Organizer,Home & Kitchen,1,2025-12-07,1268.9,CUST00707,India
502384,P10029,Badminton Racket,Sports & Outdoors,4,2025-04-14,274.87,CUST00676,Singapore
501822,P10017,Formal Shirt,Apparel,4,2025-07-16,562.91,CUST00503,India
501150,P10006,Smartwatch Band,Electronics,2,2025-06-27,990.13,CUST00319,India
500195,P10019,Face Serum,Beauty & Personal Care,2,2025-01-18,1312.41,,united states
501632,P10032,Gel Pen Pack,Stationery & Office,3,2025-03-19,687.3,CUST00449,India
501536,P10035,Whiteboard Marker Set,Stationery & Office,4,2026-03-11,808.92,CUST00439,United States
500228,P10003,Phone Case,Electronics,4,2025-07-08,1049.71,CUST00087, United States 
500951,P10027,Water Bottle Sipper,Sports & Outdoors,-2,2025-08-24,2203.72,CUST00265, Germany 
500892,P10008,LED Desk Lamp,Home & Kitchen,5,2025-10-01,1311.15,CUST00242,UAE
500026,P10017,Formal Shirt,Apparel,1,2026-05-12,562.91,CUST00012,singapore
502196,P10023,Hair Dryer,Beauty & Personal Care,3,2025-09-22,1018.4,CUST00605,India
501113,P10016,Wool Sweater,Apparel,4,2025-05-20,1250.39,CUST00311,India
501449,P10009,Cotton Bedsheet Set,Home & Kitchen,2,2025-03-12,1519.89,CUST00406,germany
502500,P10009,Cotton Bedsheet Set,Home & Kitchen,2,2026-06-21,1519.89,CUST00706,Singapore
502555,P10014,Denim Jacket,Apparel,3,2026-04-01,1048.3,CUST00731,India
501358,P10034,Sticky Notes Pack,Stationery & Office,4,2026-05-12,147.9,CUST00367,Singapore
501702,P10015,Running Shoes,Apparel,5,2026-03-30,980.3,CUST00469,India
500044,P10030,Cycling Gloves,Sports & Outdoors,1,2026-01-27,820.52,CUST00020,India
502284,P10021,Lip Balm Set,Beauty & Personal Care,5,2026-03-04,652.97,CUST00639,India
501013,P10036,Backpack,Stationery & Office,3,2025-10-08,218.62,CUST00286,India
502368,P10020,Herbal Shampoo,Beauty & Personal Care,3,2025-05-30,1426.26,CUST00671, India 
501218,P10023,Hair Dryer,Beauty & Personal Care,2,2025-07-08,1018.4,CUST00332,United States
502934,P10018,Yoga Pants,Apparel,2,2025-07-29,608.28,CUST00815,Germany
500050,P10020,Herbal Shampoo,Beauty & Personal Care,4,2025-08-08,1426.26,CUST00022,India
502105,P10023,Hair Dryer,Beauty & Personal Care,5,2025-05-28,1018.4,CUST00579,India
500970,P10017,Formal Shirt,Apparel,5,2025-11-25,562.91,CUST00271,UNITED STATES
500685,P10031,Notebook Set,Stationery & Office,5,2025-06-07,268.52,CUST00200,united states
502418,P10036,Backpack,Stationery & Office,4,2025-03-27,218.62,CUST00693,INDIA
500048,P10036,Backpack,Stationery & Office,3,2025-11-07,218.62,CUST00021,UNITED KINGDOM
500390,P10007,Non-Stick Pan,Home & Kitchen,2,2025-02-22,331.24,CUST00133,india
500941,P10028,Camping Torch,Sports & Outdoors,5,2025-12-25,2043.99,CUST00263,INDIA
503007,P10026,Resistance Bands Set,Sports & Outdoors,3,2026-02-15,636.23,CUST00832,India
501748,P10032,Gel Pen Pack,Stationery & Office,4,2026-02-14,687.3,CUST00484,United Kingdom
502931,P10008,LED Desk Lamp,Home & Kitchen,5,2025-04-14,1311.15,CUST00815,Germany
501783,P10016,Wool Sweater,Apparel,2,2026-04-02,1250.39,CUST00492,united kingdom
500689,P10005,Power Bank 10000mAh,Electronics,5,2026-02-03,1034.93,CUST00203,India
502010,P10012,Storage Organizer,Home & Kitchen,4,2026-01-21,1268.9,CUST00559,United States
500362,P10003,,Electronics,1,2026-01-27,1049.71,CUST00127,United States
501901,P10025,Yoga Mat,Sports & Outdoors,2,2025-03-07,270.08,CUST00534, United Kingdom 
503043,P10015,Running Shoes,Apparel,5,2025-03-04,980.3,CUST00841,India
502099,P10016,Wool Sweater,Apparel,3,2026-05-15,1250.39,CUST00579,India
502523,P10018,Yoga Pants,Apparel,2,2025-08-12,608.28,CUST00715,India
501869,P10021,Lip Balm Set,Beauty & Personal Care,1,2025-11-26,652.97,CUST00524,Germany
501259,P10003,Phone Case,Electronics,3,2025-01-31,1049.71,CUST00343,INDIA
501969,P10014,Denim Jacket,Apparel,5,2025-05-18,1048.3,CUST00544,UNITED KINGDOM
501856,P10003,Phone Case,Electronics,3,2025-11-04,1049.71,CUST00519,singapore
502615,P10019,Face Serum,Beauty & Personal Care,5,2026-01-05,1312.41,CUST00738,UNITED STATES
500477,P10013,Cotton T-Shirt,Apparel,5,2025-08-18,1190.46,,India
500455,P10027,Water Bottle Sipper,Sports & Outdoors,5,2025-06-03,2203.72,CUST00149,India
500459,P10007,Non-Stick Pan,Home & Kitchen,5,2025-09-21,331.24,CUST00151,UAE
502447,P10029,Badminton Racket,Sports & Outdoors,3,2025-09-20,274.87,CUST00699,India
502761,P10036,Backpack,Stationery & Office,4,2025-09-25,218.62,CUST00778,UNITED STATES
502343,P10018,Yoga Pants,Apparel,4,2025-01-27,608.28,CUST00665,India
500327,P10006,Smartwatch Band,Electronics,5,2025-07-27,990.13,CUST00126,India
500868,P10031,Notebook Set,Stationery & Office,5,2025-05-02,268.52,CUST00236,United States
500142,P10001,Wireless Earbuds,Electronics,4,2025-03-18,606.94,CUST00052, United States 
502908,P10030,Cycling Gloves,Sports & Outdoors,2,2026-02-13,820.52,,India
500983,P10009,Cotton Bedsheet Set,Home & Kitchen,2,2025-04-01,1519.89,CUST00274,UAE
501098,P10033,Desk Organizer,Stationery & Office,5,2026-02-02,67.73,CUST00308,India
501275,P10008,LED Desk Lamp,Home & Kitchen,1,2025-03-12,1311.15,CUST00343,India
500072,P10010,Insulated Water Bottle,Home & Kitchen,4,2025-09-05,396.84,CUST00032,India
500204,P10002,Bluetooth Speaker,Electronics,3,2026-01-27,2723.88,,United States
500755,P10017,Formal Shirt,Apparel,3,2025-11-30,562.91,CUST00216,INDIA
502814,P10029,Badminton Racket,Sports & Outdoors,1,2025-12-15,274.87,CUST00782,india
500729,P10001,Wireless Earbuds,Electronics,2,2026-02-15,606.94,CUST00205,United Kingdom
502006,P10025,Yoga Mat,Sports & Outdoors,5,2025-06-26,270.08,CUST00557,India
501759,P10003,Phone Case,Electronics,2,2025-11-23,1049.71,CUST00485,United Kingdom
501078,P10022,Sunscreen SPF50,Beauty & Personal Care,2,2026-02-02,514.51,CUST00300,INDIA
501027,P10005,Power Bank 10000mAh,Electronics,3,2025-01-20,1034.93,CUST00286,India
501210,P10002,Bluetooth Speaker,Electronics,5,2025-09-17,2723.88,CUST00328,United Kingdom
502882,P10028,Camping Torch,Sports & Outdoors,3,2026-06-04,2043.99,CUST00800,UAE
502172,P10023,Hair Dryer,Beauty & Personal Care,5,2025-09-16,1018.4,CUST00592,United Kingdom
501957,P10018,Yoga Pants,Apparel,1,2025-06-11,608.28,CUST00542,United Kingdom
502571,P10030,Cycling Gloves,Sports & Outdoors,5,2025-05-07,820.52,CUST00731,India
502322,P10036,Backpack,Stationery & Office,1,2026-03-15,218.62,CUST00659,united kingdom
500993,P10032,Gel Pen Pack,Stationery & Office,2,2025-08-12,687.3,CUST00279, United States 
500485,P10001,Wireless Earbuds,Electronics,5,2025-02-15,606.94,CUST00163,United Kingdom
501220,P10026,Resistance Bands Set,Sports & Outdoors,3,2025-10-28,636.23,CUST00332, United States 
502118,P10024,Beard Trimmer,Beauty & Personal Care,5,2025-09-11,700.79,CUST00579,India
502866,P10035,Whiteboard Marker Set,Stationery & Office,1,2026-03-18,808.92,,Germany
501159,P10027,Water Bottle Sipper,Sports & Outdoors,4,2025-11-16,2203.72,CUST00322,United States
500925,P10033,Desk Organizer,Stationery & Office,4,2026-05-15,67.73,CUST00258,United Kingdom
500523,P10018,Yoga Pants,Apparel,1,2025-06-30,608.28,CUST00169,India
502277,P10008,LED Desk Lamp,Home & Kitchen,5,2025-10-12,1311.15,CUST00636,India
500672,P10029,Badminton Racket,Sports & Outdoors,1,2025-03-13,274.87,CUST00198,GERMANY
503048,P10016,Wool Sweater,Apparel,3,2026-04-11,1250.39,,united kingdom
500631,P10030,Cycling Gloves,Sports & Outdoors,1,2025-05-18,820.52,,india
500912,P10021,Lip Balm Set,Beauty & Personal Care,4,2026-04-25,652.97,,INDIA
501618,P10002,Bluetooth Speaker,Electronics,4,2026-02-28,2723.88,CUST00449,India
502336,P10024,Beard Trimmer,Beauty & Personal Care,5,2026-03-04,700.79,CUST00661,India
501711,P10035,Whiteboard Marker Set,Stationery & Office,4,2026-05-13,808.92,CUST00471,India
500392,P10029,Badminton Racket,Sports & Outdoors,3,2025-04-30,274.87,CUST00135,UAE
503099,P10011,Ceramic Mug Set,Home & Kitchen,3,2026-06-13,1993.94,CUST00847,India
502947,P10018,Yoga Pants,Apparel,1,2025-11-22,608.28,CUST00823,India
501674,P10010,Insulated Water Bottle,Home & Kitchen,1,2025-09-30,396.84,CUST00463,United States
502005,P10001,Wireless Earbuds,Electronics,1,2026-03-20,606.94,CUST00556,India
500273,P10031,Notebook Set,Stationery & Office,5,2025-01-08,268.52,CUST00110, India 
502377,P10017,Formal Shirt,Apparel,2,2025-08-23,562.91,CUST00674,India
501608,P10007,Non-Stick Pan,Home & Kitchen,-3,2026-01-13,331.24,CUST00448, United States 
501468,P10015,Running Shoes,Apparel,3,2026-01-31,980.3,CUST00416,INDIA
502914,P10003,Phone Case,Electronics,1,2025-10-30,1049.71,CUST00813,India
501180,P10020,Herbal Shampoo,Beauty & Personal Care,3,2026-03-06,1426.26,CUST00324,India
500282,P10014,Denim Jacket,Apparel,2,2025-08-04,1048.3,CUST00112,India
502279,P10030,Cycling Gloves,Sports & Outdoors,2,2025-06-14,820.52,CUST00636,India
500608,P10016,Wool Sweater,Apparel,-4,2025-05-12,1250.39,CUST00183,UAE
501262,P10015,Running Shoes,Apparel,5,2025-08-09,980.3,CUST00343,India
501491,P10016,Wool Sweater,Apparel,3,2026-01-26,1250.39,CUST00421,United States
501166,P10035,Whiteboard Marker Set,Stationery & Office,5,2025-04-13,808.92,CUST00324, India 
500958,P10032,Gel Pen Pack,Stationery & Office,1,2026-01-02,687.3,CUST00266,United States
502783,P10013,Cotton T-Shirt,Apparel,5,2025-10-12,1190.46,CUST00779,United States
502469,P10019,Face Serum,Beauty & Personal Care,2,2025-10-17,1312.41,CUST00706,Singapore
501767,P10019,Face Serum,Beauty & Personal Care,3,2026-05-16,1312.41,CUST00487,India
500986,P10031,Notebook Set,Stationery & Office,1,2025-07-15,268.52,CUST00275,India
501496,P10006,Smartwatch Band,Electronics,3,2025-07-14,990.13,CUST00422,united states
500947,P10014,Denim Jacket,Apparel,1,2026-01-22,1048.3,CUST00264,INDIA
502092,P10030,Cycling Gloves,Sports & Outdoors,5,2025-10-30,820.52,CUST00579,India
500580,P10036,Backpack,Stationery & Office,4,2025-06-27,218.62,CUST00176,India
501738,P10036,Backpack,Stationery & Office,4,2025-06-01,218.62,CUST00481,United Kingdom
500554,P10018,Yoga Pants,Apparel,4,2026-05-03,608.28,CUST00169,India
502193,P10023,Hair Dryer,Beauty & Personal Care,-4,2026-02-10,1018.4,CUST00602,India
502407,P10005,Power Bank 10000mAh,Electronics,1,2026-04-17,1034.93,CUST00688,India
501716,P10018,Yoga Pants,Apparel,4,2025-11-04,608.28,CUST00472,Singapore
501272,P10005,Power Bank 10000mAh,Electronics,3,2025-05-16,1034.93,,India
502360,P10004,USB-C Cable,Electronics,-4,2025-11-28,3182.97,CUST00668,India
502954,P10027,Water Bottle Sipper,Sports & Outdoors,4,2025-12-10,2203.72,CUST00827,India
503039,P10009,Cotton Bedsheet Set,Home & Kitchen,4,2025-12-01,1519.89,CUST00839,United Kingdom
501617,P10002,Bluetooth Speaker,Electronics,1,2025-05-11,2723.88,CUST00449,INDIA
500568,P10013,Cotton T-Shirt,Apparel,4,2025-12-26,1190.46,CUST00175,United Kingdom
500202,P10006,Smartwatch Band,Electronics,4,2025-09-26,990.13,CUST00075,United States
501340,P10032,Gel Pen Pack,Stationery & Office,5,2025-02-03,687.3,CUST00361,India
500146,P10015,Running Shoes,Apparel,5,2025-08-27,980.3,CUST00052,United States
502200,P10031,Notebook Set,Stationery & Office,1,2026-05-07,268.52,CUST00609,India
501524,P10023,Hair Dryer,Beauty & Personal Care,5,2025-02-15,1018.4,CUST00433,United Kingdom
500214,P10028,Camping Torch,Sports & Outdoors,2,2025-06-14,2043.99,CUST00083, India 
502725,P10012,Storage Organizer,Home & Kitchen,5,2026-05-02,1268.9,CUST00763,India
500087,P10004,USB-C Cable,Electronics,5,2025-01-15,3182.97,CUST00037,INDIA
501553,P10005,Power Bank 10000mAh,Electronics,-4,2025-04-29,1034.93,,united states
500850,P10016,Wool Sweater,Apparel,-5,2026-02-23,1250.39,,UNITED STATES
501855,P10031,Notebook Set,Stationery & Office,1,2025-05-19,268.52,CUST00519,Singapore
502544,P10013,Cotton T-Shirt,Apparel,5,2026-06-04,1190.46,CUST00726,germany
502196,P10034,Sticky Notes Pack,Stationery & Office,4,2025-09-22,147.9,CUST00605,India
502072,P10015,Running Shoes,Apparel,1,2025-02-07,980.3,CUST00576,uae
501849,P10021,Lip Balm Set,Beauty & Personal Care,2,2025-07-05,652.97,CUST00515,India
501231,P10028,Camping Torch,Sports & Outdoors,3,2026-06-17,2043.99,CUST00335,India
502198,P10004,USB-C Cable,Electronics,2,2025-01-24,3182.97,CUST00607,India
502618,P10027,Water Bottle Sipper,Sports & Outdoors,1,2025-12-19,2203.72,CUST00738,United States
501460,P10016,Wool Sweater,Apparel,4,2026-04-28,1250.39,CUST00411,India
501759,P10019,Face Serum,Beauty & Personal Care,1,2025-11-23,1312.41,CUST00485,United Kingdom
500698,P10008,LED Desk Lamp,Home & Kitchen,2,2026-03-07,1311.15,CUST00203,India
502570,P10005,Power Bank 10000mAh,Electronics,2,2025-03-19,1034.93,CUST00731,India
502085,P10028,Camping Torch,Sports & Outdoors,3,2025-03-07,2043.99,CUST00579,India
502795,P10028,Camping Torch,Sports & Outdoors,4,2025-09-01,2043.99,CUST00779,united states
501701,P10006,Smartwatch Band,Electronics,1,2026-03-21,990.13,CUST00469,India
502515,P10032,Gel Pen Pack,Stationery & Office,5,2025-08-20,687.3,,india
501851,P10018,Yoga Pants,Apparel,3,2026-05-04,608.28,CUST00517,India
500167,P10009,Cotton Bedsheet Set,Home & Kitchen,-2,2025-02-22,1519.89,CUST00062,India
502611,P10009,Cotton Bedsheet Set,Home & Kitchen,2,2026-01-23,1519.89,CUST00738,United States
502966,P10008,LED Desk Lamp,Home & Kitchen,3,2025-07-04,1311.15,CUST00830,india
500236,P10017,Formal Shirt,Apparel,5,2026-02-01,562.91,CUST00092,united states
500363,P10031,Notebook Set,Stationery & Office,1,2025-04-10,268.52,CUST00127,United States
500911,P10001,Wireless Earbuds,Electronics,1,2025-10-17,606.94,CUST00252,India
500217,P10006,Smartwatch Band,Electronics,4,2026-04-25,990.13,CUST00085,India
501479,P10025,Yoga Mat,Sports & Outdoors,4,2025-12-26,270.08,CUST00418,INDIA
501442,P10024,Beard Trimmer,Beauty & Personal Care,4,2025-05-02,700.79,CUST00400,United States
502667,P10035,Whiteboard Marker Set,Stationery & Office,2,2025-08-06,808.92,CUST00753,United Kingdom
502418,P10011,Ceramic Mug Set,Home & Kitchen,1,2025-03-27,1993.94,CUST00693,india
500550,P10006,Smartwatch Band,Electronics,3,2025-01-12,990.13,CUST00169,India
501464,P10005,Power Bank 10000mAh,Electronics,5,2025-03-09,1034.93,CUST00414,United Kingdom
501159,P10002,Bluetooth Speaker,Electronics,3,2025-11-16,2723.88,CUST00322, United States 
501091,P10002,Bluetooth Speaker,Electronics,3,2026-02-03,2723.88,CUST00304,United Kingdom
500355,P10004,USB-C Cable,Electronics,1,2026-03-14,3182.97,CUST00126,india
501412,P10014,Denim Jacket,Apparel,5,2025-02-25,1048.3,CUST00392,India
500654,P10002,Bluetooth Speaker,Electronics,1,2025-12-03,2723.88,CUST00194,united kingdom
501629,P10031,Notebook Set,Stationery & Office,3,2025-12-25,268.52,CUST00449,India
501870,P10010,Insulated Water Bottle,Home & Kitchen,3,2025-05-11,396.84,CUST00524,Germany
502533,P10007,Non-Stick Pan,Home & Kitchen,2,2026-01-19,331.24,,India
500957,P10020,Herbal Shampoo,Beauty & Personal Care,2,2025-05-02,1426.26,CUST00266,United States
502326,P10029,Badminton Racket,Sports & Outdoors,1,2026-03-21,274.87,CUST00659,United Kingdom
501781,P10027,Water Bottle Sipper,Sports & Outdoors,1,2025-11-17,2203.72,CUST00491,India
502710,P10002,Bluetooth Speaker,Electronics,1,2026-01-07,2723.88,CUST00757,United Kingdom
500127,P10018,Yoga Pants,Apparel,4,2026-04-26,608.28,CUST00047,INDIA
502899,P10007,Non-Stick Pan,Home & Kitchen,3,2025-12-02,331.24,CUST00806,United States
502817,P10014,Denim Jacket,Apparel,2,2025-03-10,1048.3,CUST00782,India
501844,P10027,Water Bottle Sipper,Sports & Outdoors,2,2025-12-29,2203.72,CUST00513,UAE
500349,P10019,Face Serum,Beauty & Personal Care,4,2025-11-15,1312.41,CUST00126,India
501964,P10012,Storage Organizer,Home & Kitchen,4,2025-10-07,1268.9,CUST00543,India
501785,P10023,Hair Dryer,Beauty & Personal Care,2,2026-05-13,1018.4,CUST00494,India
501555,P10027,Water Bottle Sipper,Sports & Outdoors,4,2025-04-27,2203.72,CUST00441,India
501075,P10005,Power Bank 10000mAh,Electronics,5,2026-01-03,1034.93,CUST00300,India
502895,P10027,Water Bottle Sipper,Sports & Outdoors,4,2025-01-23,2203.72,CUST00804,united kingdom
502168,P10023,Hair Dryer,Beauty & Personal Care,3,2025-12-05,1018.4,CUST00591,India
501250,P10031,Notebook Set,Stationery & Office,1,2026-03-11,268.52,CUST00340,India
501868,P10029,Badminton Racket,Sports & Outdoors,1,2025-06-22,274.87,CUST00523,Singapore
500636,P10030,Cycling Gloves,Sports & Outdoors,5,2026-05-25,820.52,,India
500887,P10007,Non-Stick Pan,Home & Kitchen,1,2025-06-27,331.24,CUST00239,UNITED KINGDOM
501554,P10029,Badminton Racket,Sports & Outdoors,3,2026-03-16,274.87,, India 
500267,P10033,Desk Organizer,Stationery & Office,1,2025-10-27,67.73,CUST00106,India
501555,P10022,Sunscreen SPF50,Beauty & Personal Care,2,2025-04-27,514.51,CUST00441,India
501099,P10013,Cotton T-Shirt,Apparel,2,2025-10-19,1190.46,CUST00309,united states
501059,P10032,Gel Pen Pack,Stationery & Office,3,2026-02-13,687.3,CUST00295,India
500373,P10001,Wireless Earbuds,Electronics,2,2025-12-28,606.94,CUST00130,India
501580,P10022,Sunscreen SPF50,Beauty & Personal Care,4,2025-11-29,514.51,CUST00448,United States
501437,P10035,Whiteboard Marker Set,Stationery & Office,3,2025-11-22,808.92,CUST00396,UAE
502751,P10013,Cotton T-Shirt,Apparel,1,2025-06-24,1190.46,CUST00776,India
502006,P10009,Cotton Bedsheet Set,Home & Kitchen,5,2025-06-26,0.0,CUST00557,INDIA
501485,P10019,Face Serum,Beauty & Personal Care,2,2026-05-27,1312.41,CUST00420,United States
500616,P10032,Gel Pen Pack,Stationery & Office,2,2026-04-19,687.3,CUST00189,India
500155,P10009,Cotton Bedsheet Set,Home & Kitchen,3,2026-01-25,1519.89,CUST00057,india
501073,P10004,USB-C Cable,Electronics,5,2026-02-20,3182.97,CUST00298,India
501133,P10017,Formal Shirt,Apparel,4,2025-09-18,562.91,CUST00312,India
502912,P10014,Denim Jacket,Apparel,4,2026-01-20,1048.3,CUST00813, India 
503062,P10023,Hair Dryer,Beauty & Personal Care,-4,2026-02-27,1018.4,CUST00842,United Kingdom
502543,P10014,Denim Jacket,Apparel,5,2026-04-08,1048.3,CUST00725,United Kingdom
500459,P10002,Bluetooth Speaker,Electronics,5,2025-09-21,2723.88,CUST00151,UAE
501149,P10007,Non-Stick Pan,Home & Kitchen,2,2025-11-07,331.24,CUST00318,India
502303,P10010,Insulated Water Bottle,Home & Kitchen,1,2025-04-09,396.84,CUST00651,India
501270,P10012,Storage Organizer,Home & Kitchen,3,2025-01-26,1268.9,CUST00343,India
502217,P10004,USB-C Cable,Electronics,2,2026-05-25,3182.97,CUST00617,India
501602,P10015,Running Shoes,Apparel,3,2025-01-19,980.3,CUST00448,United States
502639,P10003,Phone Case,Electronics,3,2026-01-19,1049.71,CUST00748, India 
501980,P10022,Sunscreen SPF50,Beauty & Personal Care,1,2025-02-28,514.51,CUST00550,United States
501615,P10029,Badminton Racket,Sports & Outdoors,2,2025-10-05,274.87,CUST00449,India
500061,P10030,Cycling Gloves,Sports & Outdoors,1,2026-03-25,820.52,CUST00030, India 
502838,P10025,Yoga Mat,Sports & Outdoors,4,2025-06-06,270.08,CUST00788,india
502365,P10016,Wool Sweater,Apparel,2,2025-12-19,1250.39,CUST00668,INDIA
501092,P10017,Formal Shirt,Apparel,5,2026-05-09,562.91,,United Kingdom
500516,P10010,Insulated Water Bottle,Home & Kitchen,3,2025-05-09,396.84,CUST00169,India
501809,P10007,Non-Stick Pan,Home & Kitchen,4,2025-08-25,331.24,CUST00501,United Kingdom
502451,P10035,Whiteboard Marker Set,Stationery & Office,3,2025-01-25,808.92,CUST00699,India
502496,P10001,Wireless Earbuds,Electronics,3,2025-02-01,606.94,CUST00706,Singapore
501437,P10021,Lip Balm Set,Beauty & Personal Care,2,2025-11-22,652.97,CUST00396,UAE
502854,P10010,Insulated Water Bottle,Home & Kitchen,5,2025-10-20,396.84,CUST00796,Germany
500113,P10002,Bluetooth Speaker,Electronics,2,2025-11-25,2723.88,CUST00047,India
503070,P10001,Wireless Earbuds,Electronics,3,2025-05-12,606.94,CUST00842,UNITED KINGDOM
500962,P10013,Cotton T-Shirt,Apparel,5,2025-12-12,1190.46,CUST00268,United States
502242,P10009,Cotton Bedsheet Set,Home & Kitchen,5,2026-03-22,1519.89,CUST00627,India
502596,P10004,USB-C Cable,Electronics,3,2025-01-03,3182.97,CUST00731,India
501772,P10025,Yoga Mat,Sports & Outdoors,4,2026-03-26,270.08,CUST00488,India
502107,P10007,Non-Stick Pan,Home & Kitchen,5,2025-06-02,331.24,CUST00579,India
502790,P10026,Resistance Bands Set,Sports & Outdoors,4,2025-05-05,636.23,CUST00779,United States
501148,P10016,Wool Sweater,Apparel,3,2026-02-20,1250.39,,India
501576,P10029,Badminton Racket,Sports & Outdoors,5,2026-03-22,274.87,CUST00448,United States
502907,P10010,Insulated Water Bottle,Home & Kitchen,5,2025-04-30,396.84,CUST00813,india
500890,P10026,Resistance Bands Set,Sports & Outdoors,1,2026-06-29,636.23,CUST00240,India
501688,P10008,LED Desk Lamp,Home & Kitchen,5,2026-06-10,1311.15,CUST00464,United Kingdom
503078,P10023,Hair Dryer,Beauty & Personal Care,4,2025-04-03,1018.4,CUST00842,United Kingdom
501294,P10021,Lip Balm Set,Beauty & Personal Care,2,2026-01-12,652.97,CUST00351,India
502994,P10036,Backpack,Stationery & Office,1,2025-05-04,218.62,CUST00830,India
502912,P10010,Insulated Water Bottle,Home & Kitchen,2,2026-01-20,396.84,CUST00813,india
501538,P10027,Water Bottle Sipper,Sports & Outdoors,5,2025-08-19,2203.72,CUST00439,United States
500526,P10012,Storage Organizer,Home & Kitchen,4,2025-12-01,1268.9,CUST00169,India
501387,P10017,Formal Shirt,Apparel,5,2025-11-16,562.91,CUST00385,United States
502946,P10033,Desk Organizer,Stationery & Office,5,2025-06-16,67.73,CUST00822,India
500596,P10023,Hair Dryer,Beauty & Personal Care,3,2026-04-14,1018.4,CUST00176,INDIA
501161,P10032,Gel Pen Pack,Stationery & Office,4,2026-05-21,687.3,CUST00324,INDIA
500549,P10007,Non-Stick Pan,Home & Kitchen,4,2026-01-24,331.24,CUST00169,India
500576,P10016,Wool Sweater,Apparel,5,2026-01-30,1250.39,CUST00176,India
500207,P10012,Storage Organizer,Home & Kitchen,4,2025-01-26,1268.9,CUST00079,India
502234,P10033,Desk Organizer,Stationery & Office,5,2025-10-22,67.73,CUST00626,india
502893,P10004,USB-C Cable,Electronics,2,2025-07-16,3182.97,CUST00803,United Kingdom
502535,P10028,Camping Torch,Sports & Outdoors,2,2025-01-27,2043.99,CUST00723,India
501585,P10006,Smartwatch Band,Electronics,1,2026-01-03,990.13,CUST00448,united states
500061,P10032,Gel Pen Pack,Stationery & Office,3,2026-03-25,687.3,CUST00030,India
502418,P10017,Formal Shirt,Apparel,1,2025-03-27,562.91,CUST00693,India
500507,P10022,Sunscreen SPF50,Beauty & Personal Care,1,2026-03-30,514.51,CUST00167,india
502452,P10006,Smartwatch Band,Electronics,2,2025-04-17,990.13,CUST00699,india
500485,P10019,Face Serum,Beauty & Personal Care,3,2025-02-15,1312.41,CUST00163,United Kingdom
502982,P10004,USB-C Cable,Electronics,4,2025-03-23,3182.97,CUST00830,India
503067,P10020,Herbal Shampoo,Beauty & Personal Care,3,2025-11-22,1426.26,CUST00842,United Kingdom
502442,P10008,LED Desk Lamp,Home & Kitchen,2,2026-06-01,1311.15,CUST00699,India
500094,P10029,Badminton Racket,Sports & Outdoors,4,2025-01-03,274.87,CUST00038,India
503081,P10018,Yoga Pants,Apparel,1,2025-04-22,608.28,CUST00842,United Kingdom
501794,P10034,Sticky Notes Pack,Stationery & Office,2,2026-02-15,147.9,,United Kingdom
502073,P10025,Yoga Mat,Sports & Outdoors,2,2025-08-24,270.08,CUST00577,India
502026,P10002,Bluetooth Speaker,Electronics,4,2025-05-10,2723.88,CUST00563,India
501129,P10019,Face Serum,Beauty & Personal Care,3,2026-01-15,1312.41,CUST00312,India
501431,P10005,Power Bank 10000mAh,Electronics,1,2026-06-07,1034.93,CUST00394,United States
501480,P10030,Cycling Gloves,Sports & Outdoors,1,2025-04-08,820.52,CUST00418,India
502709,P10018,Yoga Pants,Apparel,3,2025-03-04,608.28,CUST00757,United Kingdom
501573,P10020,Herbal Shampoo,Beauty & Personal Care,2,2026-04-12,1426.26,CUST00448,united states
500870,P10029,Badminton Racket,Sports & Outdoors,1,2025-12-24,274.87,CUST00236,United States
502486,P10031,Notebook Set,Stationery & Office,1,2025-11-30,268.52,CUST00706,Singapore
500007,P10007,Non-Stick Pan,Home & Kitchen,5,2025-12-27,331.24,CUST00005,India
502512,P10036,Backpack,Stationery & Office,2,2025-01-06,218.62,CUST00710,United Kingdom
500806,P10014,Denim Jacket,Apparel,1,2025-07-04,1048.3,CUST00219,United Kingdom
500037,P10029,Badminton Racket,Sports & Outdoors,3,2025-04-11,274.87,CUST00018,India
501462,P10015,Running Shoes,Apparel,1,2025-09-13,980.3,CUST00413,UAE
502373,P10030,Cycling Gloves,Sports & Outdoors,4,2025-05-02,820.52,CUST00673,India
502998,P10016,,Apparel,4,2025-11-03,1250.39,CUST00830, India 
501727,P10014,Denim Jacket,Apparel,5,2025-08-05,1048.3,CUST00475,india
500407,P10031,Notebook Set,Stationery & Office,5,2025-01-16,268.52,CUST00138,United States
500907,P10030,Cycling Gloves,Sports & Outdoors,3,2026-04-11,820.52,CUST00251,India
501146,P10013,Cotton T-Shirt,Apparel,1,2025-03-24,1190.46,CUST00315,GERMANY
501930,P10030,Cycling Gloves,Sports & Outdoors,5,2025-02-11,820.52,CUST00539,India
502930,P10020,Herbal Shampoo,Beauty & Personal Care,4,2026-05-04,1426.26,CUST00815,Germany
501948,P10009,Cotton Bedsheet Set,Home & Kitchen,5,2025-06-18,1519.89,CUST00540,INDIA
501641,P10022,Sunscreen SPF50,Beauty & Personal Care,4,2025-08-16,514.51,CUST00455,India
500542,P10031,Notebook Set,Stationery & Office,5,2025-04-04,268.52,CUST00169,India
501423,P10020,Herbal Shampoo,Beauty & Personal Care,1,2026-06-04,1426.26,CUST00392,India
500971,P10015,Running Shoes,Apparel,4,2025-07-24,980.3,CUST00272,United States
502860,P10003,Phone Case,Electronics,-4,2025-12-01,1049.71,CUST00796, Germany 
502712,P10010,Insulated Water Bottle,Home & Kitchen,2,2025-07-11,396.84,CUST00758,India
500228,P10017,Formal Shirt,Apparel,3,2025-07-08,562.91,CUST00087, United States 
501499,P10009,Cotton Bedsheet Set,Home & Kitchen,3,2026-04-25,1519.89,CUST00424,India
501345,P10004,USB-C Cable,Electronics,2,2025-03-15,3182.97,CUST00363,India
502157,P10027,Water Bottle Sipper,Sports & Outdoors,4,2026-01-17,2203.72,CUST00586,India
500017,P10011,Ceramic Mug Set,Home & Kitchen,3,2026-03-28,1993.94,CUST00007,India
502804,P10025,Yoga Mat,Sports & Outdoors,3,2025-06-07,270.08,CUST00780,United Kingdom
501589,P10004,USB-C Cable,Electronics,5,2025-05-03,3182.97,CUST00448,United States
501439,P10022,Sunscreen SPF50,Beauty & Personal Care,3,2025-05-09,514.51,CUST00397,Germany
502365,P10012,Storage Organizer,Home & Kitchen,1,2025-12-19,1268.9,CUST00668,India
500106,P10031,Notebook Set,Stationery & Office,1,2025-07-12,268.52,CUST00046,United Kingdom
501165,P10003,Phone Case,Electronics,5,2025-08-22,1049.71,CUST00324,India
500900,P10012,Storage Organizer,Home & Kitchen,5,2026-04-02,1268.9,CUST00247,India
502666,P10007,Non-Stick Pan,Home & Kitchen,1,2025-07-05,331.24,CUST00753,United Kingdom
502584,P10001,Wireless Earbuds,Electronics,1,2026-06-12,606.94,CUST00731,India
502700,P10018,Yoga Pants,Apparel,1,2025-09-12,608.28,,India
502902,P10001,Wireless Earbuds,Electronics,4,2025-04-14,606.94,CUST00808,UAE
501389,P10025,Yoga Mat,Sports & Outdoors,4,2025-04-29,270.08,CUST00386,United States
501229,P10014,Denim Jacket,Apparel,2,2025-06-29,1048.3,CUST00335,India
500695,P10014,Denim Jacket,Apparel,5,2026-04-26,1048.3,,India
500933,P10004,USB-C Cable,Electronics,5,2025-09-20,3182.97,CUST00260,India
500052,P10021,Lip Balm Set,Beauty & Personal Care,3,2025-09-10,652.97,CUST00024,India
503022,P10010,Insulated Water Bottle,Home & Kitchen,3,2025-02-14,396.84,CUST00833,India
503042,P10024,Beard Trimmer,Beauty & Personal Care,5,2025-11-16,700.79,CUST00841,India
502113,P10025,Yoga Mat,Sports & Outdoors,1,2025-01-16,270.08,CUST00579,India
500680,P10029,Badminton Racket,Sports & Outdoors,3,2025-11-26,274.87,CUST00199,Germany
501180,P10002,Bluetooth Speaker,Electronics,4,2026-03-06,2723.88,CUST00324,India
501924,P10008,LED Desk Lamp,Home & Kitchen,1,2025-08-24,1311.15,CUST00539,India
500247,P10028,Camping Torch,Sports & Outdoors,1,2025-10-08,2043.99,,India
501564,P10036,Backpack,Stationery & Office,3,2025-01-23,218.62,CUST00445,United States
502799,P10030,,Sports & Outdoors,5,2026-01-29,820.52,CUST00779,United States
502385,P10025,Yoga Mat,Sports & Outdoors,1,2025-08-30,270.08,CUST00677,India
500144,P10010,Insulated Water Bottle,Home & Kitchen,1,2025-04-08,396.84,CUST00052,United States
503029,P10001,Wireless Earbuds,Electronics,1,2025-11-13,606.94,CUST00833,India
500215,P10026,Resistance Bands Set,Sports & Outdoors,2,2026-06-19,636.23,CUST00084,India
501668,P10011,Ceramic Mug Set,Home & Kitchen,3,2025-08-09,1993.94,CUST00463,United States
500188,P10001,,Electronics,2,2026-03-08,606.94,CUST00068,United States
502171,P10027,Water Bottle Sipper,Sports & Outdoors,5,2025-08-13,2203.72,CUST00591,India
502742,P10018,Yoga Pants,Apparel,2,2025-05-02,608.28,,Germany
500210,P10008,LED Desk Lamp,Home & Kitchen,2,2025-05-24,1311.15,CUST00081,Germany
502548,P10034,Sticky Notes Pack,Stationery & Office,3,2026-06-21,147.9,CUST00728,United States
502913,P10014,Denim Jacket,Apparel,5,2025-04-12,1048.3,CUST00813,India
501154,P10008,LED Desk Lamp,Home & Kitchen,4,2025-02-17,1311.15,CUST00320,India
501654,P10031,Notebook Set,Stationery & Office,4,2026-01-23,268.52,CUST00459,India
502246,P10035,Whiteboard Marker Set,Stationery & Office,4,2025-05-29,808.92,CUST00627,India
501826,P10009,Cotton Bedsheet Set,Home & Kitchen,2,2025-03-05,1519.89,CUST00503,India
502566,P10013,Cotton T-Shirt,Apparel,4,2026-02-05,1190.46,CUST00731,India
500024,P10005,Power Bank 10000mAh,Electronics,3,2026-06-18,1034.93,CUST00012,Singapore
500962,P10025,Yoga Mat,Sports & Outdoors,5,2025-12-12,270.08,CUST00268,United States
502846,P10013,Cotton T-Shirt,Apparel,1,2025-01-30,1190.46,CUST00792,United Kingdom
502011,P10030,Cycling Gloves,Sports & Outdoors,3,2025-01-28,820.52,CUST00559,United States
502328,P10031,Notebook Set,Stationery & Office,2,2025-02-04,268.52,CUST00659,United Kingdom
500664,P10009,Cotton Bedsheet Set,Home & Kitchen,1,2025-05-15,1519.89,CUST00195, India 
502559,P10027,Water Bottle Sipper,Sports & Outdoors,5,2025-08-24,2203.72,CUST00731,INDIA
501392,P10006,Smartwatch Band,Electronics,5,2025-08-20,990.13,CUST00386,United States
501090,P10018,Yoga Pants,Apparel,2,2025-01-10,608.28,CUST00304,United Kingdom
502563,P10020,Herbal Shampoo,Beauty & Personal Care,3,2025-04-04,1426.26,CUST00731,India
502041,P10034,Sticky Notes Pack,Stationery & Office,3,2025-12-25,147.9,CUST00566,United Kingdom
500115,P10028,Camping Torch,Sports & Outdoors,3,2026-06-18,2043.99,CUST00047,India
502792,P10022,Sunscreen SPF50,Beauty & Personal Care,5,2025-02-10,514.51,CUST00779,United States
502099,P10006,Smartwatch Band,Electronics,5,2026-05-15,990.13,CUST00579,India
500951,P10007,Non-Stick Pan,Home & Kitchen,4,2025-08-24,331.24,CUST00265, Germany 
502499,P10002,Bluetooth Speaker,Electronics,3,2025-05-13,2723.88,CUST00706,Singapore
502558,P10020,Herbal Shampoo,Beauty & Personal Care,1,2025-04-22,1426.26,CUST00731,india
502395,P10026,Resistance Bands Set,Sports & Outdoors,3,2026-03-07,636.23,CUST00681,United States
502796,P10013,Cotton T-Shirt,Apparel,2,2026-04-28,1190.46,CUST00779,United States
501993,P10031,Notebook Set,Stationery & Office,4,2026-02-24,268.52,CUST00555,Germany
500855,P10034,Sticky Notes Pack,Stationery & Office,4,2025-02-13,147.9,CUST00232,INDIA
500073,P10036,Backpack,Stationery & Office,5,2025-12-11,218.62,CUST00032,INDIA
501079,P10022,Sunscreen SPF50,Beauty & Personal Care,2,2025-02-19,514.51,CUST00300,india
502648,P10036,Backpack,Stationery & Office,1,2026-02-23,218.62,CUST00749,UAE
501297,P10014,Denim Jacket,Apparel,4,2025-06-01,1048.3,CUST00351,India
500707,P10014,Denim Jacket,Apparel,5,2025-12-26,1048.3,CUST00203,India
502197,P10009,Cotton Bedsheet Set,Home & Kitchen,3,2025-10-13,1519.89,CUST00606,INDIA
501987,P10022,Sunscreen SPF50,Beauty & Personal Care,2,2025-01-11,514.51,CUST00554,United Kingdom
500377,P10021,Lip Balm Set,Beauty & Personal Care,5,2025-12-22,652.97,CUST00130,INDIA
500305,P10036,Backpack,Stationery & Office,2,2026-02-20,218.62,CUST00118,India
502179,P10018,Yoga Pants,Apparel,4,2025-01-27,608.28,CUST00594,India
502328,P10026,Resistance Bands Set,Sports & Outdoors,5,2025-02-04,636.23,CUST00659,United Kingdom
500139,P10031,Notebook Set,Stationery & Office,2,2025-03-08,268.52,CUST00050,India
502852,P10030,Cycling Gloves,Sports & Outdoors,2,2026-04-10,820.52,CUST00796,Germany
501119,P10020,Herbal Shampoo,Beauty & Personal Care,-4,2026-06-24,1426.26,CUST00311, India 
501186,P10009,Cotton Bedsheet Set,Home & Kitchen,1,2025-02-03,1519.89,CUST00324,India
502152,P10035,Whiteboard Marker Set,Stationery & Office,3,2026-05-25,808.92,CUST00584,India
501774,P10005,Power Bank 10000mAh,Electronics,3,2025-10-28,1034.93,CUST00489,UAE
502476,P10014,Denim Jacket,Apparel,3,2026-03-03,1048.3,CUST00706,Singapore
503004,P10033,Desk Organizer,Stationery & Office,4,2025-07-28,67.73,CUST00831,India
503042,P10024,Beard Trimmer,Beauty & Personal Care,1,2025-11-16,700.79,CUST00841,India
500916,P10028,Camping Torch,Sports & Outdoors,1,2026-01-31,2043.99,CUST00254,india
500920,P10019,,Beauty & Personal Care,3,2025-10-25,1312.41,CUST00255,india
502006,P10032,Gel Pen Pack,Stationery & Office,1,2025-06-26,687.3,CUST00557,India
502772,P10035,Whiteboard Marker Set,Stationery & Office,4,2025-09-16,808.92,CUST00779,UNITED STATES
502138,P10012,Storage Organizer,Home & Kitchen,2,2025-04-26,1268.9,CUST00581,india
500244,P10035,Whiteboard Marker Set,Stationery & Office,4,2025-09-24,808.92,CUST00096,India
501859,P10018,Yoga Pants,Apparel,3,2025-09-03,608.28,CUST00521,united kingdom
502718,P10033,Desk Organizer,Stationery & Office,4,2025-11-08,67.73,CUST00762,India
503015,P10009,Cotton Bedsheet Set,Home & Kitchen,5,2025-09-22,1519.89,CUST00833,India
502226,P10033,Desk Organizer,Stationery & Office,-3,2025-01-20,67.73,CUST00623,India
502366,P10036,Backpack,Stationery & Office,4,2025-09-22,218.62,CUST00669,India
500543,P10027,Water Bottle Sipper,Sports & Outdoors,4,2025-04-07,2203.72,CUST00169,India
502953,P10015,Running Shoes,Apparel,2,2025-11-24,980.3,,INDIA
503083,P10013,Cotton T-Shirt,Apparel,5,2026-05-26,1190.46,CUST00842,United Kingdom
502183,P10031,Notebook Set,Stationery & Office,1,2025-06-22,268.52,CUST00595,Germany
502126,P10028,Camping Torch,Sports & Outdoors,4,2025-05-17,2043.99,CUST00581,India
502696,P10022,Sunscreen SPF50,Beauty & Personal Care,3,2025-09-15,514.51,,India
500217,P10024,Beard Trimmer,Beauty & Personal Care,3,2026-04-25,700.79,CUST00085,India
502169,P10002,Bluetooth Speaker,Electronics,2,2025-11-03,2723.88,CUST00591,india
502451,P10025,Yoga Mat,Sports & Outdoors,4,2025-01-25,270.08,CUST00699,India
500116,P10002,Bluetooth Speaker,Electronics,3,2026-04-26,2723.88,CUST00047,india
502204,P10012,Storage Organizer,Home & Kitchen,4,2025-11-04,1268.9,CUST00611,India
500297,P10016,Wool Sweater,Apparel,1,2025-05-14,1250.39,CUST00116, Germany 
500518,P10008,LED Desk Lamp,Home & Kitchen,2,2025-07-06,0.0,CUST00169,India
502175,P10022,Sunscreen SPF50,Beauty & Personal Care,5,2029-01-01,514.51,CUST00593,India
502290,P10023,Hair Dryer,Beauty & Personal Care,4,2026-04-04,1018.4,CUST00643,India
500620,P10030,Cycling Gloves,Sports & Outdoors,5,2025-12-29,820.52,CUST00189,India
500535,P10023,Hair Dryer,Beauty & Personal Care,4,2026-01-21,1018.4,CUST00169,India
500552,P10006,Smartwatch Band,Electronics,4,2025-07-30,990.13,CUST00169,India
500327,P10031,Notebook Set,Stationery & Office,2,2025-07-27,268.52,CUST00126,India
500576,P10035,Whiteboard Marker Set,Stationery & Office,4,2026-01-30,808.92,CUST00176,India
500483,P10019,Face Serum,Beauty & Personal Care,2,2025-11-05,1312.41,CUST00162,United Kingdom
501992,P10007,Non-Stick Pan,Home & Kitchen,4,2025-10-03,331.24,CUST00555,GERMANY
501817,P10029,Badminton Racket,Sports & Outdoors,3,2025-10-20,274.87,CUST00503,India
500702,P10032,Gel Pen Pack,Stationery & Office,4,2026-06-18,687.3,CUST00203,India
500520,P10005,Power Bank 10000mAh,Electronics,3,2026-02-14,1034.93,CUST00169,India
502035,P10034,Sticky Notes Pack,Stationery & Office,5,2025-07-29,147.9,CUST00563,India
503085,P10010,Insulated Water Bottle,Home & Kitchen,3,2025-07-15,396.84,CUST00842,United Kingdom
502892,P10019,Face Serum,Beauty & Personal Care,4,2026-01-13,1312.41,CUST00802,India
502955,P10012,Storage Organizer,Home & Kitchen,4,2026-06-20,1268.9,CUST00827,india
500188,P10004,USB-C Cable,Electronics,3,2026-03-08,3182.97,CUST00068,United States
502832,P10032,Gel Pen Pack,Stationery & Office,1,2025-01-12,687.3,CUST00787,United Kingdom
502616,P10017,Formal Shirt,Apparel,5,2025-07-22,562.91,CUST00738,United States
501768,P10010,Insulated Water Bottle,Home & Kitchen,-3,2025-07-18,396.84,CUST00487,India
501776,P10004,USB-C Cable,Electronics,3,2026-05-23,3182.97,CUST00490,GERMANY
500807,P10026,Resistance Bands Set,Sports & Outdoors,5,2025-07-05,636.23,CUST00219,united kingdom
502893,P10015,Running Shoes,Apparel,5,2025-07-16,980.3,CUST00803,United Kingdom
501164,P10014,Denim Jacket,Apparel,1,2025-09-02,1048.3,CUST00324,India
501762,P10011,Ceramic Mug Set,Home & Kitchen,2,2026-06-11,1993.94,CUST00485,United Kingdom
500871,P10003,Phone Case,Electronics,1,2025-08-04,1049.71,CUST00236,United States
500903,P10017,Formal Shirt,Apparel,4,2026-06-08,562.91,CUST00249,Singapore
503017,P10031,Notebook Set,Stationery & Office,5,2026-03-15,268.52,CUST00833,india
502214,P10012,Storage Organizer,Home & Kitchen,2,2026-02-09,1268.9,CUST00615,Germany
501330,P10020,Herbal Shampoo,Beauty & Personal Care,5,2025-03-26,1426.26,CUST00358, United Kingdom 
500484,P10017,Formal Shirt,Apparel,3,2025-12-07,562.91,CUST00163,United Kingdom
502624,P10010,Insulated Water Bottle,Home & Kitchen,2,2026-05-10,396.84,CUST00740,India
500505,P10001,Wireless Earbuds,Electronics,3,2025-08-16,606.94,CUST00167,India
503092,P10035,Whiteboard Marker Set,Stationery & Office,1,2025-08-06,808.92,CUST00843,India
501603,P10032,Gel Pen Pack,Stationery & Office,5,2026-01-14,687.3,CUST00448,United States
502422,P10003,Phone Case,Electronics,4,2025-12-01,1049.71,CUST00696,United Kingdom
501317,P10029,Badminton Racket,Sports & Outdoors,1,2025-12-13,274.87,CUST00355,india
501417,P10021,Lip Balm Set,Beauty & Personal Care,5,2026-02-11,652.97,CUST00392,India
500562,P10031,Notebook Set,Stationery & Office,3,2025-05-29,268.52,CUST00172,india
500373,P10035,Whiteboard Marker Set,Stationery & Office,1,2025-12-28,808.92,CUST00130,India
502370,P10026,Resistance Bands Set,Sports & Outdoors,4,2025-08-07,636.23,CUST00672,Germany
501276,P10017,Formal Shirt,Apparel,1,2025-02-28,562.91,CUST00343,India
500503,P10031,Notebook Set,Stationery & Office,3,2026-05-12,268.52,CUST00167,India
502242,P10020,Herbal Shampoo,Beauty & Personal Care,3,2026-03-22,1426.26,CUST00627,India
502263,P10001,Wireless Earbuds,Electronics,3,2026-04-05,606.94,CUST00634,India
500398,P10022,Sunscreen SPF50,Beauty & Personal Care,3,2026-05-23,514.51,CUST00137,India
501318,P10006,Smartwatch Band,Electronics,3,2026-05-20,990.13,CUST00355,India
501700,P10002,Bluetooth Speaker,Electronics,3,2026-05-15,2723.88,CUST00468,GERMANY
501893,P10017,Formal Shirt,Apparel,4,2026-04-28,562.91,CUST00533,SINGAPORE
500622,P10030,Cycling Gloves,Sports & Outdoors,4,2026-03-20,820.52,CUST00189,India
500415,P10001,Wireless Earbuds,Electronics,2,2025-02-22,606.94,CUST00138,United States
500092,P10019,Face Serum,Beauty & Personal Care,5,2025-11-17,1312.41,CUST00037,India
500258,P10027,Water Bottle Sipper,Sports & Outdoors,3,2025-12-19,2203.72,CUST00104,India
501155,P10027,Water Bottle Sipper,Sports & Outdoors,1,2025-09-20,2203.72,CUST00320,India
501794,P10013,Cotton T-Shirt,Apparel,2,2026-02-15,1190.46,CUST00497,United Kingdom
500203,P10023,Hair Dryer,Beauty & Personal Care,3,2025-01-22,1018.4,CUST00076, United States 
502219,P10023,Hair Dryer,Beauty & Personal Care,1,2025-03-21,1018.4,CUST00619, United States 
502657,P10010,Insulated Water Bottle,Home & Kitchen,5,2025-03-08,396.84,CUST00753,UNITED KINGDOM
501722,P10031,Notebook Set,Stationery & Office,3,2026-01-31,268.52,CUST00475,India
502936,P10014,Denim Jacket,Apparel,1,2026-06-17,1048.3,CUST00815,GERMANY
501076,P10015,Running Shoes,Apparel,2,2025-12-07,980.3,CUST00300,India
500869,P10020,Herbal Shampoo,Beauty & Personal Care,2,2026-06-14,1426.26,CUST00236, United States 
500441,P10031,Notebook Set,Stationery & Office,3,2025-10-17,268.52,CUST00142,India
500872,P10033,Desk Organizer,Stationery & Office,4,2025-07-06,67.73,CUST00236,United States
503061,P10020,Herbal Shampoo,Beauty & Personal Care,3,2026-01-19,1426.26,CUST00842,United Kingdom
500165,P10036,Backpack,Stationery & Office,2,2026-04-30,218.62,CUST00062,India
501504,P10007,Non-Stick Pan,Home & Kitchen,1,2026-01-05,331.24,CUST00426,INDIA
500785,P10014,Denim Jacket,Apparel,1,2025-10-26,1048.3,CUST00219,United Kingdom
502767,P10035,Whiteboard Marker Set,Stationery & Office,3,2025-10-01,808.92,CUST00779,United States
501481,P10023,Hair Dryer,Beauty & Personal Care,3,2026-03-09,1018.4,,United Kingdom
500420,P10033,Desk Organizer,Stationery & Office,1,2026-03-27,67.73,CUST00138,United States
502405,P10030,Cycling Gloves,Sports & Outdoors,3,2025-02-22,820.52,CUST00687,United Kingdom
501237,P10034,Sticky Notes Pack,Stationery & Office,1,2026-01-29,147.9,CUST00337,Germany
501395,P10036,Backpack,Stationery & Office,5,2025-11-22,218.62,CUST00387,India
501021,P10033,Desk Organizer,Stationery & Office,5,2025-12-24,67.73,CUST00286,INDIA
500862,P10032,Gel Pen Pack,Stationery & Office,5,2025-12-16,687.3,CUST00235,INDIA
501134,P10018,Yoga Pants,Apparel,1,2026-06-18,608.28,CUST00312,india
502519,P10032,Gel Pen Pack,Stationery & Office,2,2025-07-05,687.3,CUST00714,India
501642,P10016,Wool Sweater,Apparel,3,2025-06-05,1250.39,CUST00456,India
501416,P10010,Insulated Water Bottle,Home & Kitchen,4,2026-03-17,396.84,CUST00392, India 
501583,P10031,Notebook Set,Stationery & Office,4,2025-06-29,268.52,CUST00448,United States
501709,P10035,Whiteboard Marker Set,Stationery & Office,4,2025-03-09,808.92,CUST00471,India
500188,P10019,Face Serum,Beauty & Personal Care,1,2026-03-08,1312.41,,United States
500439,P10033,Desk Organizer,Stationery & Office,2,2025-09-20,67.73,CUST00142,India
500646,P10029,Badminton Racket,Sports & Outdoors,4,2026-05-25,274.87,CUST00192,Germany
501977,P10009,Cotton Bedsheet Set,Home & Kitchen,1,2026-01-14,1519.89,CUST00548,united kingdom
501811,P10022,Sunscreen SPF50,Beauty & Personal Care,3,2026-01-13,514.51,CUST00501,United Kingdom
500620,P10020,Herbal Shampoo,Beauty & Personal Care,1,2025-12-29,1426.26,CUST00189, India 
501701,P10015,Running Shoes,Apparel,2,2026-03-21,980.3,CUST00469,INDIA
502294,P10034,Sticky Notes Pack,Stationery & Office,2,2025-07-16,147.9,CUST00645,India
500368,P10014,Denim Jacket,Apparel,5,2025-08-16,1048.3,CUST00129,INDIA
501762,P10026,Resistance Bands Set,Sports & Outdoors,5,2026-06-11,636.23,CUST00485,United Kingdom
502471,P10004,USB-C Cable,Electronics,1,2026-01-24,3182.97,CUST00706,Singapore
501824,P10019,Face Serum,Beauty & Personal Care,3,2026-03-09,1312.41,CUST00503,India
502807,P10015,Running Shoes,Apparel,4,2026-03-29,980.3,CUST00780,United Kingdom
500143,P10028,Camping Torch,Sports & Outdoors,5,2025-06-24,2043.99,CUST00052, United States 
502655,P10009,Cotton Bedsheet Set,Home & Kitchen,1,2025-06-19,1519.89,CUST00753,united kingdom
502309,P10029,Badminton Racket,Sports & Outdoors,5,2025-11-01,274.87,CUST00654,United States
501295,P10018,Yoga Pants,Apparel,4,2025-10-04,608.28,CUST00351,India
502044,P10029,Badminton Racket,Sports & Outdoors,4,2025-05-19,274.87,CUST00567,India
501720,P10021,Lip Balm Set,Beauty & Personal Care,5,2026-06-29,652.97,CUST00475,India
501970,P10032,Gel Pen Pack,Stationery & Office,2,2026-05-10,687.3,CUST00544,UNITED KINGDOM
500195,P10018,Yoga Pants,Apparel,5,2025-01-18,608.28,CUST00071,United States
500568,P10034,Sticky Notes Pack,Stationery & Office,5,2025-12-26,147.9,CUST00175,United Kingdom
501669,P10014,Denim Jacket,Apparel,3,2025-08-20,1048.3,,United States
501903,P10012,Storage Organizer,Home & Kitchen,2,2025-12-05,1268.9,CUST00535,United States
501433,P10020,Herbal Shampoo,Beauty & Personal Care,5,2026-01-31,1426.26,CUST00395,India
500514,P10010,Insulated Water Bottle,Home & Kitchen,4,2025-06-06,396.84,CUST00169,India
502396,P10017,Formal Shirt,Apparel,1,2025-06-19,562.91,CUST00681,United States
502074,P10007,Non-Stick Pan,Home & Kitchen,1,2025-01-05,331.24,CUST00578,UAE
502185,P10005,Power Bank 10000mAh,Electronics,1,2025-07-15,1034.93,CUST00597,UNITED KINGDOM
500132,P10028,Camping Torch,Sports & Outdoors,5,2025-10-26,2043.99,CUST00047,India
502528,P10021,Lip Balm Set,Beauty & Personal Care,1,2025-09-30,652.97,CUST00720,United States
500499,P10014,Denim Jacket,Apparel,2,2025-01-21,1048.3,CUST00167,India
501282,P10007,Non-Stick Pan,Home & Kitchen,5,2026-03-31,331.24,CUST00345,India
500373,P10014,Denim Jacket,Apparel,-1,2025-12-28,1048.3,CUST00130,india
502548,P10033,Desk Organizer,Stationery & Office,5,2026-06-21,67.73,CUST00728,UNITED STATES
502866,P10009,Cotton Bedsheet Set,Home & Kitchen,3,2026-03-18,1519.89,CUST00796,Germany
501431,P10009,Cotton Bedsheet Set,Home & Kitchen,2,2026-06-07,1519.89,CUST00394,United States
501024,P10020,Herbal Shampoo,Beauty & Personal Care,5,2025-08-28,1426.26,CUST00286,India
500772,P10007,Non-Stick Pan,Home & Kitchen,5,2026-05-11,331.24,CUST00217,India
500717,P10009,Cotton Bedsheet Set,Home & Kitchen,3,2025-08-03,1519.89,CUST00203,India
500503,P10004,USB-C Cable,Electronics,-2,2026-05-12,3182.97,CUST00167,India
502184,P10012,Storage Organizer,Home & Kitchen,2,2025-08-29,1268.9,CUST00596,India
503062,P10007,Non-Stick Pan,Home & Kitchen,4,2026-02-27,331.24,CUST00842,United Kingdom
502019,P10028,Camping Torch,Sports & Outdoors,3,2025-10-20,2043.99,CUST00561, United States 
500855,P10029,Badminton Racket,Sports & Outdoors,5,2025-02-13,274.87,CUST00232, India 
502353,P10011,Ceramic Mug Set,Home & Kitchen,1,2025-03-27,1993.94,CUST00665,India
502522,P10032,Gel Pen Pack,Stationery & Office,4,2026-04-06,687.3,CUST00714,India
501436,P10013,Cotton T-Shirt,Apparel,4,2025-12-26,1190.46,CUST00396,UAE
502069,P10033,Desk Organizer,Stationery & Office,5,2025-07-08,67.73,CUST00574, United Kingdom 
501698,P10001,Wireless Earbuds,Electronics,1,2026-03-18,606.94,CUST00468,Germany
502775,P10010,Insulated Water Bottle,Home & Kitchen,2,2025-12-05,396.84,CUST00779,United States
500547,P10003,Phone Case,Electronics,1,2026-04-11,1049.71,CUST00169,India
501823,P10022,Sunscreen SPF50,Beauty & Personal Care,5,2026-03-26,514.51,CUST00503,India
502454,P10008,LED Desk Lamp,Home & Kitchen,1,2025-03-13,1311.15,CUST00699,INDIA
500901,P10023,Hair Dryer,Beauty & Personal Care,2,2025-10-01,1018.4,CUST00248,Singapore
501722,P10017,Formal Shirt,Apparel,-5,2026-01-31,562.91,CUST00475,INDIA
502182,P10024,Beard Trimmer,Beauty & Personal Care,1,2025-11-03,700.79,CUST00595,Germany
502067,P10016,Wool Sweater,Apparel,2,2025-10-23,1250.39,CUST00573,India
501652,P10005,Power Bank 10000mAh,Electronics,-4,2025-07-19,1034.93,CUST00459,india
500804,P10011,Ceramic Mug Set,Home & Kitchen,1,2025-09-19,1993.94,CUST00219,UNITED KINGDOM
502190,P10030,Cycling Gloves,Sports & Outdoors,4,2025-10-08,820.52,CUST00601,india
501577,P10033,Desk Organizer,Stationery & Office,4,2026-02-09,67.73,CUST00448,United States
500979,P10029,Badminton Racket,Sports & Outdoors,4,2025-02-09,274.87,CUST00273, Germany 
500042,P10003,Phone Case,Electronics,2,2025-01-01,1049.71,CUST00020,India
503020,P10030,Cycling Gloves,Sports & Outdoors,4,2025-09-10,820.52,,India
501454,P10022,Sunscreen SPF50,Beauty & Personal Care,4,2026-04-20,514.51,CUST00408,India
501891,P10011,Ceramic Mug Set,Home & Kitchen,2,2025-06-23,1993.94,CUST00531,United States
500712,P10027,Water Bottle Sipper,Sports & Outdoors,4,2025-12-11,2203.72,CUST00203,India
500302,P10035,Whiteboard Marker Set,Stationery & Office,4,2025-01-24,808.92,CUST00117,UNITED STATES
502604,P10029,Badminton Racket,Sports & Outdoors,5,2026-05-27,274.87,CUST00735,India
500617,P10018,Yoga Pants,Apparel,3,2025-11-18,608.28,CUST00189,India
501857,P10027,Water Bottle Sipper,Sports & Outdoors,5,2025-01-15,2203.72,CUST00520,India
502635,P10008,LED Desk Lamp,Home & Kitchen,5,2026-01-29,1311.15,CUST00747,india
501763,P10009,Cotton Bedsheet Set,Home & Kitchen,5,2025-10-27,1519.89,CUST00485,United Kingdom
500523,P10035,Whiteboard Marker Set,Stationery & Office,4,2025-06-30,808.92,CUST00169,India
500647,P10015,Running Shoes,Apparel,4,2025-07-17,980.3,CUST00192, Germany 
500840,P10016,Wool Sweater,Apparel,5,2025-03-30,1250.39,CUST00225,INDIA
501155,P10022,Sunscreen SPF50,Beauty & Personal Care,4,2025-09-20,514.51,CUST00320,India
500209,P10034,Sticky Notes Pack,Stationery & Office,3,2026-03-19,147.9,CUST00081,Germany
501604,P10017,Formal Shirt,Apparel,5,2025-05-03,562.91,CUST00448,United States
500094,P10032,Gel Pen Pack,Stationery & Office,1,2025-01-03,687.3,CUST00038,India
500592,P10035,Whiteboard Marker Set,Stationery & Office,1,2026-04-26,808.92,CUST00176,India
500356,P10034,Sticky Notes Pack,Stationery & Office,3,2025-01-21,147.9,CUST00127,UNITED STATES
502558,P10020,Herbal Shampoo,Beauty & Personal Care,2,2025-04-22,1426.26,CUST00731,India
501568,P10027,Water Bottle Sipper,Sports & Outdoors,3,2025-08-17,2203.72,CUST00446,UAE
500380,P10022,Sunscreen SPF50,Beauty & Personal Care,3,2025-12-03,514.51,CUST00131,India
502275,P10007,Non-Stick Pan,Home & Kitchen,-5,2025-09-21,331.24,CUST00636,India
502401,P10005,Power Bank 10000mAh,Electronics,5,2026-04-27,1034.93,CUST00685,UAE
500265,P10002,Bluetooth Speaker,Electronics,5,2026-06-06,2723.88,CUST00105,UAE
501643,P10018,Yoga Pants,Apparel,3,2025-04-09,608.28,CUST00457,India
502872,P10006,Smartwatch Band,Electronics,4,2025-11-08,990.13,CUST00797,UAE
500719,P10018,Yoga Pants,Apparel,1,2025-01-10,608.28,CUST00203,India
500607,P10029,Badminton Racket,Sports & Outdoors,3,2025-10-21,274.87,CUST00182,India
502448,P10023,Hair Dryer,Beauty & Personal Care,4,2025-03-24,1018.4,CUST00699,India
502568,P10021,Lip Balm Set,Beauty & Personal Care,5,2026-02-17,652.97,CUST00731,India
502717,P10009,Cotton Bedsheet Set,Home & Kitchen,2,2026-04-14,1519.89,CUST00761,INDIA
502391,P10009,Cotton Bedsheet Set,Home & Kitchen,1,2025-05-04,1519.89,CUST00679,Singapore
501610,P10006,Smartwatch Band,Electronics,1,2025-02-24,990.13,CUST00448,UNITED STATES
500005,P10017,Formal Shirt,Apparel,5,2026-03-11,562.91,CUST00004,United Kingdom
501127,P10032,Gel Pen Pack,Stationery & Office,5,2026-03-06,687.3,CUST00312,india
502271,P10012,Storage Organizer,Home & Kitchen,1,2026-01-07,1268.9,CUST00635,India
500105,P10022,Sunscreen SPF50,Beauty & Personal Care,2,2026-01-26,514.51,CUST00045,India
501614,P10007,Non-Stick Pan,Home & Kitchen,2,2025-03-03,331.24,CUST00448,United States
500133,P10011,Ceramic Mug Set,Home & Kitchen,4,2025-05-27,1993.94,CUST00047,India
500428,P10001,Wireless Earbuds,Electronics,5,2025-04-16,606.94,CUST00139,india
500917,P10018,Yoga Pants,Apparel,3,2025-08-13,608.28,CUST00255,India
502583,P10005,Power Bank 10000mAh,Electronics,5,2026-03-22,1034.93,CUST00731,India
501753,P10012,Storage Organizer,Home & Kitchen,4,2026-04-06,1268.9,,United Kingdom
500697,P10006,Smartwatch Band,Electronics,3,2025-06-27,990.13,CUST00203,India
500204,P10015,Running Shoes,Apparel,1,2026-01-27,980.3,CUST00076,United States
500595,P10011,Ceramic Mug Set,Home & Kitchen,3,2026-02-27,1993.94,CUST00176,India
500233,P10007,Non-Stick Pan,Home & Kitchen,1,2026-06-27,331.24,CUST00090,India
500397,P10024,Beard Trimmer,Beauty & Personal Care,4,2026-01-01,700.79,CUST00137,india
501442,P10016,Wool Sweater,Apparel,2,2025-05-02,1250.39,CUST00400,United States
502018,P10023,Hair Dryer,Beauty & Personal Care,5,2025-01-03,1018.4,CUST00561,United States
500486,P10031,Notebook Set,Stationery & Office,3,2025-06-24,268.52,CUST00163,United Kingdom
501150,P10025,Yoga Mat,Sports & Outdoors,4,2025-06-27,270.08,CUST00319,India
501843,P10012,Storage Organizer,Home & Kitchen,1,2025-02-18,1268.9,CUST00512,India
500711,P10011,Ceramic Mug Set,Home & Kitchen,5,2025-04-26,1993.94,CUST00203,India
502808,P10023,Hair Dryer,Beauty & Personal Care,2,2025-07-04,1018.4,CUST00781,UNITED KINGDOM
500939,P10010,Insulated Water Bottle,Home & Kitchen,5,2025-03-08,396.84,CUST00262,Singapore
501654,P10019,Face Serum,Beauty & Personal Care,4,2026-01-23,1312.41,CUST00459,India
502483,P10032,Gel Pen Pack,Stationery & Office,5,2025-02-15,687.3,CUST00706,Singapore
501734,P10033,Desk Organizer,Stationery & Office,1,2025-10-02,67.73,CUST00479,Singapore
500412,P10013,Cotton T-Shirt,Apparel,5,2025-11-27,1190.46,CUST00138,UNITED STATES
500697,P10034,Sticky Notes Pack,Stationery & Office,5,2025-06-27,147.9,CUST00203,India
501756,P10022,Sunscreen SPF50,Beauty & Personal Care,3,2025-06-20,514.51,CUST00485,united kingdom
501751,P10020,Herbal Shampoo,Beauty & Personal Care,1,2026-04-27,1426.26,CUST00485,United Kingdom
501060,P10027,Water Bottle Sipper,Sports & Outdoors,5,2025-06-12,2203.72,CUST00295, India 
500925,P10015,Running Shoes,Apparel,2,2026-05-15,980.3,CUST00258,united kingdom
500564,P10003,Phone Case,Electronics,2,2026-05-27,1049.71,CUST00173,India
502219,P10022,Sunscreen SPF50,Beauty & Personal Care,3,2025-03-21,514.51,CUST00619, United States 
500300,P10028,Camping Torch,Sports & Outdoors,5,2025-01-16,2043.99,CUST00117,United States
501747,P10009,Cotton Bedsheet Set,Home & Kitchen,1,2026-05-07,1519.89,CUST00483,India
500158,P10030,Cycling Gloves,Sports & Outdoors,3,2025-03-02,820.52,CUST00058, India 
500205,P10003,Phone Case,Electronics,3,2025-02-28,1049.71,CUST00077,United States
501909,P10021,Lip Balm Set,Beauty & Personal Care,-4,2026-04-24,652.97,CUST00539,India
502495,P10014,Denim Jacket,Apparel,1,2026-03-23,1048.3,CUST00706,SINGAPORE
501347,P10022,Sunscreen SPF50,Beauty & Personal Care,2,2025-07-18,514.51,CUST00363,India
500664,P10016,Wool Sweater,Apparel,1,2025-05-15,1250.39,CUST00195,INDIA
500951,P10004,USB-C Cable,Electronics,5,2025-08-24,3182.97,CUST00265,Germany
502266,P10017,Formal Shirt,Apparel,2,2025-03-19,562.91,CUST00634, India 
502914,P10027,Water Bottle Sipper,Sports & Outdoors,4,2025-10-30,2203.72,CUST00813,INDIA
501292,P10021,Lip Balm Set,Beauty & Personal Care,4,2025-09-21,0.0,CUST00350,United Kingdom
502840,P10016,Wool Sweater,Apparel,2,2025-07-12,1250.39,CUST00789,INDIA
501680,P10035,Whiteboard Marker Set,Stationery & Office,2,2025-12-02,808.92,CUST00463,united states
501474,P10034,Sticky Notes Pack,Stationery & Office,3,2026-01-23,147.9,CUST00416,India
500611,P10008,LED Desk Lamp,Home & Kitchen,3,2026-05-18,0.0,CUST00186,UNITED KINGDOM
500987,P10029,Badminton Racket,Sports & Outdoors,3,2026-01-15,274.87,CUST00275,India
500106,P10034,Sticky Notes Pack,Stationery & Office,3,2025-07-12,147.9,CUST00046,United Kingdom
500050,P10012,Storage Organizer,Home & Kitchen,2,2025-08-08,1268.9,CUST00022,India
500028,P10019,Face Serum,Beauty & Personal Care,4,2026-03-21,1312.41,CUST00012,Singapore
500290,P10001,Wireless Earbuds,Electronics,1,2026-06-09,606.94,CUST00113,UAE
502094,P10010,Insulated Water Bottle,Home & Kitchen,3,2025-10-31,396.84,CUST00579,india
501025,P10011,Ceramic Mug Set,Home & Kitchen,1,2025-11-26,1993.94,CUST00286,India
501303,P10017,Formal Shirt,Apparel,5,2025-04-28,562.91,CUST00353,united kingdom
500383,P10005,Power Bank 10000mAh,Electronics,5,2026-06-26,1034.93,CUST00133,India
500670,P10007,Non-Stick Pan,Home & Kitchen,1,2025-06-01,331.24,,Germany
501489,P10021,Lip Balm Set,Beauty & Personal Care,1,2026-02-07,652.97,CUST00420,United States
502332,P10014,Denim Jacket,Apparel,5,2025-01-18,1048.3,CUST00660,United Kingdom
501862,P10034,Sticky Notes Pack,Stationery & Office,4,2025-08-15,147.9,CUST00521, United Kingdom 
500008,P10032,Gel Pen Pack,Stationery & Office,5,2025-11-14,687.3,CUST00005,india
501164,P10035,Whiteboard Marker Set,Stationery & Office,4,2025-09-02,808.92,CUST00324,india
501335,P10006,Smartwatch Band,Electronics,5,2025-02-11,990.13,CUST00359,UAE
502740,P10022,Sunscreen SPF50,Beauty & Personal Care,5,2026-01-10,514.51,CUST00770,Germany
502937,P10031,Notebook Set,Stationery & Office,1,2025-09-06,268.52,CUST00815,germany
502779,P10030,Cycling Gloves,Sports & Outdoors,3,2025-06-13,820.52,CUST00779,United States
500761,P10031,Notebook Set,Stationery & Office,2,2026-03-22,268.52,CUST00216,india
501474,P10008,LED Desk Lamp,Home & Kitchen,1,2026-01-23,1311.15,,India
502215,P10005,Power Bank 10000mAh,Electronics,4,2025-11-26,1034.93,CUST00616, UAE 
501081,P10036,Backpack,Stationery & Office,4,2026-06-29,218.62,CUST00300,India
500675,P10020,Herbal Shampoo,Beauty & Personal Care,3,2025-12-07,1426.26,CUST00199,Germany
501890,P10035,Whiteboard Marker Set,Stationery & Office,4,2026-03-22,808.92,CUST00530,Germany
501071,P10031,Notebook Set,Stationery & Office,-5,2025-03-08,268.52,CUST00298,India
500041,P10018,Yoga Pants,Apparel,5,2025-02-23,608.28,CUST00020,India
500369,P10025,Yoga Mat,Sports & Outdoors,5,2026-01-08,270.08,CUST00129,India
501943,P10029,Badminton Racket,Sports & Outdoors,2,2025-07-23,274.87,CUST00540,India
500933,P10014,Denim Jacket,Apparel,4,2025-09-20,1048.3,CUST00260,INDIA
501843,P10010,Insulated Water Bottle,Home & Kitchen,1,2025-02-18,396.84,CUST00512,india
502335,P10003,Phone Case,Electronics,4,2025-12-29,1049.71,CUST00661,India
502663,P10013,Cotton T-Shirt,Apparel,4,2026-03-31,1190.46,CUST00753,United Kingdom
501215,P10016,Wool Sweater,Apparel,3,2025-04-06,1250.39,CUST00329,India
500995,P10036,Backpack,Stationery & Office,4,2025-09-14,218.62,CUST00280,UNITED STATES
500331,P10001,Wireless Earbuds,Electronics,3,2026-05-29,606.94,CUST00126,India
502595,P10015,Running Shoes,Apparel,1,2025-05-22,980.3,CUST00731,India
500013,P10012,Storage Organizer,Home & Kitchen,1,2026-02-01,1268.9,,India
500208,P10021,Lip Balm Set,Beauty & Personal Care,4,2026-01-10,652.97,CUST00080,India
502311,P10015,Running Shoes,Apparel,4,2026-04-10,980.3,CUST00655,india
501006,P10021,Lip Balm Set,Beauty & Personal Care,4,2025-06-19,652.97,CUST00284,India
500418,P10017,Formal Shirt,Apparel,-2,2026-05-26,562.91,CUST00138,United States
501796,P10008,LED Desk Lamp,Home & Kitchen,2,2025-09-18,1311.15,CUST00497,United Kingdom
502866,P10008,LED Desk Lamp,Home & Kitchen,4,2026-03-18,1311.15,CUST00796, Germany 
500222,P10026,Resistance Bands Set,Sports & Outdoors,5,2025-05-31,636.23,CUST00086,india
501963,P10005,Power Bank 10000mAh,Electronics,4,2026-03-26,1034.93,,United Kingdom
501859,P10035,Whiteboard Marker Set,Stationery & Office,5,2025-09-03,808.92,CUST00521,United Kingdom
502671,P10008,LED Desk Lamp,Home & Kitchen,5,2026-04-01,1311.15,CUST00753,United Kingdom
501474,P10034,Sticky Notes Pack,Stationery & Office,3,2026-01-23,147.9,CUST00416,India
501879,P10025,Yoga Mat,Sports & Outdoors,3,2026-06-18,270.08,CUST00529,India
501768,P10017,Formal Shirt,Apparel,3,2025-07-18,562.91,, India 
502230,P10024,Beard Trimmer,Beauty & Personal Care,5,2026-06-11,700.79,CUST00625,united kingdom
501228,P10022,Sunscreen SPF50,Beauty & Personal Care,3,2029-01-01,514.51,CUST00335,India
500369,P10018,Yoga Pants,Apparel,1,2026-01-08,608.28,CUST00129, India 
502081,P10021,Lip Balm Set,Beauty & Personal Care,-5,2025-10-21,652.97,CUST00579, India 
500919,P10017,Formal Shirt,Apparel,3,2025-07-03,562.91,CUST00255,India
501490,P10009,Cotton Bedsheet Set,Home & Kitchen,4,2025-10-19,1519.89,CUST00421,United States
502089,P10013,Cotton T-Shirt,Apparel,3,2025-09-14,1190.46,CUST00579,India
500293,P10014,Denim Jacket,Apparel,3,2025-05-17,1048.3,CUST00113,UAE
501974,P10015,Running Shoes,Apparel,4,2025-06-12,980.3,CUST00546,India
500764,P10024,Beard Trimmer,Beauty & Personal Care,2,2025-03-25,700.79,CUST00216,India
501622,P10002,Bluetooth Speaker,Electronics,4,2026-04-30,2723.88,CUST00449,india
500770,P10032,Gel Pen Pack,Stationery & Office,4,2025-10-14,687.3,CUST00217, India 
502176,P10027,Water Bottle Sipper,Sports & Outdoors,5,2025-07-25,2203.72,CUST00593,India
503002,P10025,Yoga Mat,Sports & Outdoors,5,2026-05-10,270.08,CUST00830,India
502547,P10009,Cotton Bedsheet Set,Home & Kitchen,3,2025-11-19,1519.89,CUST00727,India
500181,P10006,Smartwatch Band,Electronics,5,2025-01-05,990.13,CUST00065,India
502594,P10028,Camping Torch,Sports & Outdoors,3,2025-05-03,2043.99,CUST00731,India
502704,P10030,Cycling Gloves,Sports & Outdoors,5,2025-11-20,820.52,CUST00756,united states
502558,P10007,Non-Stick Pan,Home & Kitchen,4,2025-04-22,331.24,CUST00731,India
502940,P10001,Wireless Earbuds,Electronics,2,2026-05-31,606.94,CUST00818,India
502835,P10019,Face Serum,Beauty & Personal Care,5,2025-10-21,1312.41,CUST00787, United Kingdom 
500637,P10024,Beard Trimmer,Beauty & Personal Care,3,2026-04-30,700.79,CUST00189,India
502209,P10019,Face Serum,Beauty & Personal Care,3,2026-05-23,1312.41,CUST00614,India
501040,P10007,Non-Stick Pan,Home & Kitchen,1,2025-09-20,331.24,CUST00291,India
500449,P10030,Cycling Gloves,Sports & Outdoors,1,2025-08-24,820.52,CUST00144,India
503071,P10011,Ceramic Mug Set,Home & Kitchen,3,2025-11-07,1993.94,CUST00842,UNITED KINGDOM
502552,P10032,Gel Pen Pack,Stationery & Office,5,2025-05-11,687.3,CUST00731,india
500220,P10009,Cotton Bedsheet Set,Home & Kitchen,-5,2025-09-26,1519.89,CUST00086,India
500532,P10009,Cotton Bedsheet Set,Home & Kitchen,1,2025-08-28,0.0,CUST00169,India
500481,P10031,Notebook Set,Stationery & Office,3,2025-12-24,268.52,CUST00160,United States
501591,P10032,Gel Pen Pack,Stationery & Office,1,2025-05-31,687.3,CUST00448, United States 
502073,P10011,Ceramic Mug Set,Home & Kitchen,5,2025-08-24,1993.94,CUST00577,India
500508,P10005,Power Bank 10000mAh,Electronics,4,2025-07-18,1034.93,CUST00167,India
502802,P10006,Smartwatch Band,Electronics,5,2026-05-07,990.13,CUST00779,United States
502559,P10030,Cycling Gloves,Sports & Outdoors,3,2025-08-24,820.52,CUST00731,India
500536,P10030,Cycling Gloves,Sports & Outdoors,1,2025-05-05,820.52,CUST00169,India
500156,P10024,Beard Trimmer,Beauty & Personal Care,3,2025-09-23,700.79,CUST00057,INDIA
501029,P10030,Cycling Gloves,Sports & Outdoors,1,2025-10-22,820.52,CUST00286,India
501026,P10017,Formal Shirt,Apparel,2,2025-10-18,562.91,,India
502683,P10031,Notebook Set,Stationery & Office,4,2025-06-09,268.52,CUST00753, United Kingdom 
500049,P10019,Face Serum,Beauty & Personal Care,2,2025-11-22,1312.41,CUST00021,United Kingdom
500882,P10012,Storage Organizer,Home & Kitchen,3,2026-02-08,1268.9,CUST00237, India 
501647,P10035,Whiteboard Marker Set,Stationery & Office,5,2025-10-09,808.92,CUST00457,india
502993,P10003,Phone Case,Electronics,1,2026-06-18,1049.71,CUST00830,India
501111,P10008,LED Desk Lamp,Home & Kitchen,4,2025-09-07,1311.15,,India
502923,P10004,USB-C Cable,Electronics,4,2025-11-25,3182.97,CUST00815,Germany
501394,P10028,Camping Torch,Sports & Outdoors,4,2025-11-28,2043.99,CUST00387,India
501818,P10004,USB-C Cable,Electronics,2,2026-06-14,3182.97,CUST00503,india
501634,P10023,Hair Dryer,Beauty & Personal Care,3,2025-07-31,1018.4,CUST00450,India
501508,P10023,Hair Dryer,Beauty & Personal Care,3,2025-10-06,1018.4,CUST00426,India
500802,P10017,Formal Shirt,Apparel,4,2025-01-17,562.91,CUST00219,United Kingdom
500294,P10015,Running Shoes,Apparel,4,2026-04-22,980.3,,UAE
501534,P10023,Hair Dryer,Beauty & Personal Care,-1,2025-06-05,1018.4,CUST00438,GERMANY
500483,P10033,Desk Organizer,Stationery & Office,2,2025-11-05,67.73,CUST00162,United Kingdom
500833,P10017,Formal Shirt,Apparel,4,2025-06-18,562.91,CUST00222,United Kingdom
502118,P10008,LED Desk Lamp,Home & Kitchen,4,2025-09-11,1311.15,CUST00579, India 
502652,P10035,Whiteboard Marker Set,Stationery & Office,1,2025-03-26,808.92,CUST00753,UNITED KINGDOM
500887,P10034,Sticky Notes Pack,Stationery & Office,4,2025-06-27,147.9,CUST00239,United Kingdom
501230,P10030,Cycling Gloves,Sports & Outdoors,2,2025-12-28,820.52,CUST00335,India
500974,P10003,Phone Case,Electronics,2,2025-06-20,1049.71,,United States
500878,P10015,Running Shoes,Apparel,3,2026-01-18,980.3,CUST00237,India
500204,P10008,LED Desk Lamp,Home & Kitchen,3,2026-01-27,1311.15,CUST00076,United States
500823,P10023,Hair Dryer,Beauty & Personal Care,4,2025-07-03,1018.4,CUST00219,united kingdom
501863,P10001,Wireless Earbuds,Electronics,2,2025-09-10,606.94,CUST00522,India
502646,P10018,Yoga Pants,Apparel,4,2025-03-17,608.28,CUST00749,UAE
502858,P10017,Formal Shirt,Apparel,2,2026-05-20,562.91,CUST00796,Germany
500909,P10007,Non-Stick Pan,Home & Kitchen,3,2025-12-07,331.24,CUST00251,India
502519,P10036,Backpack,Stationery & Office,-5,2025-07-05,218.62,CUST00714,India
501437,P10018,Yoga Pants,Apparel,5,2025-11-22,608.28,CUST00396,UAE
503045,P10007,Non-Stick Pan,Home & Kitchen,4,2025-07-30,331.24,CUST00842,United Kingdom
502169,P10024,Beard Trimmer,Beauty & Personal Care,1,2025-11-03,700.79,CUST00591,India
502500,P10022,Sunscreen SPF50,Beauty & Personal Care,4,2026-06-21,514.51,CUST00706,singapore
502372,P10009,Cotton Bedsheet Set,Home & Kitchen,3,2026-05-07,1519.89,CUST00673,India
500635,P10026,Resistance Bands Set,Sports & Outdoors,4,2025-07-09,636.23,CUST00189,INDIA
501327,P10003,Phone Case,Electronics,3,2025-09-24,1049.71,CUST00357,India
501335,P10021,Lip Balm Set,Beauty & Personal Care,4,2025-02-11,652.97,CUST00359,UAE
501774,P10004,USB-C Cable,Electronics,3,2025-10-28,3182.97,CUST00489,uae
501181,P10004,USB-C Cable,Electronics,5,2026-02-08,3182.97,CUST00324,India
502675,P10014,Denim Jacket,Apparel,1,2026-06-16,1048.3,CUST00753, United Kingdom 
500857,P10005,Power Bank 10000mAh,Electronics,4,2025-01-28,1034.93,CUST00233,United Kingdom
500315,P10005,Power Bank 10000mAh,Electronics,4,2026-03-31,1034.93,CUST00121,united states
502649,P10033,Desk Organizer,Stationery & Office,1,2025-01-03,67.73,CUST00750,United Kingdom
502613,P10011,Ceramic Mug Set,Home & Kitchen,1,2025-01-11,1993.94,CUST00738,United States
501939,P10021,Lip Balm Set,Beauty & Personal Care,2,2025-08-12,652.97,CUST00540,India
502059,P10011,Ceramic Mug Set,Home & Kitchen,1,2026-05-23,1993.94,CUST00570,india
503069,P10027,Water Bottle Sipper,Sports & Outdoors,1,2025-07-22,2203.72,CUST00842,United Kingdom
501076,P10016,Wool Sweater,Apparel,4,2025-12-07,1250.39,CUST00300,India
501357,P10011,Ceramic Mug Set,Home & Kitchen,5,2026-04-18,1993.94,CUST00366, India 
500191,P10005,Power Bank 10000mAh,Electronics,5,2025-12-18,1034.93,CUST00068,united states
500473,P10025,Yoga Mat,Sports & Outdoors,2,2025-02-10,270.08,CUST00158,United States
500824,P10012,Storage Organizer,Home & Kitchen,3,2025-02-16,1268.9,CUST00219, United Kingdom 
502669,P10032,Gel Pen Pack,Stationery & Office,2,2025-04-06,687.3,CUST00753,United Kingdom
502715,P10031,Notebook Set,Stationery & Office,3,2025-07-11,268.52,CUST00760,UNITED STATES
502668,P10012,Storage Organizer,Home & Kitchen,3,2026-04-30,1268.9,CUST00753,UNITED KINGDOM
502122,P10024,Beard Trimmer,Beauty & Personal Care,3,2025-12-23,700.79,CUST00581,India
501409,P10007,Non-Stick Pan,Home & Kitchen,3,2025-08-17,331.24,CUST00392,India
502446,P10003,Phone Case,Electronics,1,2026-06-04,1049.71,CUST00699,India
502992,P10015,Running Shoes,Apparel,1,2025-07-01,980.3,CUST00830,India
500858,P10003,Phone Case,Electronics,5,2025-07-08,1049.71,CUST00234,India
500200,P10009,Cotton Bedsheet Set,Home & Kitchen,4,2025-05-27,1519.89,CUST00074,UNITED STATES
502755,P10011,Ceramic Mug Set,Home & Kitchen,2,2025-03-14,1993.94,CUST00777,india
502055,P10003,Phone Case,Electronics,5,2026-03-09,1049.71,CUST00570,India
501284,P10009,Cotton Bedsheet Set,Home & Kitchen,5,2026-04-16,1519.89,CUST00345,India
501350,P10026,Resistance Bands Set,Sports & Outdoors,5,2025-12-09,636.23,CUST00364,India
502529,P10032,Gel Pen Pack,Stationery & Office,3,2026-01-20,687.3,CUST00720,United States
502997,P10008,LED Desk Lamp,Home & Kitchen,4,2026-06-13,1311.15,,India
502461,P10001,Wireless Earbuds,Electronics,2,2026-03-08,606.94,CUST00702,INDIA
500493,P10007,Non-Stick Pan,Home & Kitchen,1,2026-01-01,331.24,CUST00165,India
502765,P10026,Resistance Bands Set,Sports & Outdoors,5,2025-05-13,636.23,CUST00779,United States
500580,P10029,Badminton Racket,Sports & Outdoors,2,2025-06-27,274.87,CUST00176,India
501352,P10001,Wireless Earbuds,Electronics,3,2026-02-27,606.94,CUST00365,UAE
502778,P10018,Yoga Pants,Apparel,3,2026-02-09,608.28,CUST00779,United States
502342,P10026,Resistance Bands Set,Sports & Outdoors,2,2025-12-16,636.23,CUST00665,India
500488,P10021,Lip Balm Set,Beauty & Personal Care,5,2026-03-31,652.97,CUST00163,united kingdom
501180,P10011,Ceramic Mug Set,Home & Kitchen,3,2026-03-06,1993.94,CUST00324,India
500571,P10022,Sunscreen SPF50,Beauty & Personal Care,1,2025-11-07,514.51,CUST00175,united kingdom
500165,P10012,Storage Organizer,Home & Kitchen,2,2026-04-30,1268.9,CUST00062,india
500062,P10024,Beard Trimmer,Beauty & Personal Care,4,2025-06-12,700.79,CUST00031,UNITED KINGDOM
501248,P10003,Phone Case,Electronics,3,2025-07-13,1049.71,CUST00338,United States
500032,P10005,Power Bank 10000mAh,Electronics,4,2025-01-26,1034.93,CUST00014,India
502991,P10026,Resistance Bands Set,Sports & Outdoors,5,2026-02-13,636.23,CUST00830,india
502218,P10024,Beard Trimmer,Beauty & Personal Care,3,2025-04-22,700.79,CUST00618,India
500955,P10015,Running Shoes,Apparel,5,2025-05-07,980.3,CUST00266,United States
502447,P10014,Denim Jacket,Apparel,1,2025-09-20,1048.3,CUST00699,India
502479,P10006,Smartwatch Band,Electronics,5,2025-09-11,990.13,CUST00706,Singapore
500078,P10005,Power Bank 10000mAh,Electronics,2,2025-04-15,1034.93,CUST00035,Singapore
501719,P10011,Ceramic Mug Set,Home & Kitchen,1,2025-11-10,1993.94,CUST00474,Germany
502733,P10006,Smartwatch Band,Electronics,4,2025-05-09,990.13,CUST00769,India
500442,P10012,Storage Organizer,Home & Kitchen,4,2025-10-07,1268.9,CUST00142,India
501472,P10021,Lip Balm Set,Beauty & Personal Care,5,2026-05-05,652.97,CUST00416,India
501246,P10015,Running Shoes,Apparel,2,2025-08-09,980.3,CUST00338,United States
501116,P10017,Formal Shirt,Apparel,3,2025-05-06,562.91,CUST00311,INDIA
502096,P10003,Phone Case,Electronics,1,2026-06-20,1049.71,CUST00579,India
500662,P10020,Herbal Shampoo,Beauty & Personal Care,2,2025-08-30,1426.26,CUST00195,India
500498,P10001,Wireless Earbuds,Electronics,2,2025-10-18,606.94,CUST00166, Germany 
502469,P10021,Lip Balm Set,Beauty & Personal Care,5,2025-10-17,652.97,CUST00706,Singapore
502787,P10002,Bluetooth Speaker,Electronics,1,2025-09-30,2723.88,CUST00779,United States
501057,P10014,Denim Jacket,Apparel,5,2025-11-09,1048.3,CUST00295,India
503059,P10002,Bluetooth Speaker,Electronics,1,2025-12-13,2723.88,CUST00842,UNITED KINGDOM
502749,P10017,Formal Shirt,Apparel,5,2026-04-07,562.91,CUST00775,United States
500151,P10023,Hair Dryer,Beauty & Personal Care,1,2029-01-01,1018.4,CUST00054,Germany
501370,P10011,Ceramic Mug Set,Home & Kitchen,1,2025-11-16,1993.94,CUST00375,india
501436,P10006,Smartwatch Band,Electronics,5,2025-12-26,990.13,CUST00396,UAE
500163,P10030,Cycling Gloves,Sports & Outdoors,1,2025-11-11,820.52,CUST00060,india
500146,P10033,Desk Organizer,Stationery & Office,1,2025-08-27,67.73,CUST00052,united states
501085,P10023,Hair Dryer,Beauty & Personal Care,1,2025-07-01,1018.4,CUST00301,India
501319,P10034,Sticky Notes Pack,Stationery & Office,5,2025-12-30,147.9,CUST00355,India
500901,P10014,Denim Jacket,Apparel,5,2025-10-01,1048.3,CUST00248,Singapore
502091,P10023,Hair Dryer,Beauty & Personal Care,1,2026-02-27,1018.4,CUST00579,India
501387,P10013,Cotton T-Shirt,Apparel,5,2025-11-16,1190.46,CUST00385,United States
502904,P10025,Yoga Mat,Sports & Outdoors,5,2025-10-06,270.08,CUST00810,India
501155,P10010,Insulated Water Bottle,Home & Kitchen,-5,2025-09-20,396.84,CUST00320,India
501221,P10030,Cycling Gloves,Sports & Outdoors,-4,2025-06-09,820.52,CUST00333,INDIA
502587,P10023,Hair Dryer,Beauty & Personal Care,3,2025-07-13,1018.4,CUST00731,India
500349,P10001,Wireless Earbuds,Electronics,1,2025-11-15,606.94,CUST00126,India
502157,P10009,Cotton Bedsheet Set,Home & Kitchen,2,2026-01-17,1519.89,CUST00586,India
500141,P10005,Power Bank 10000mAh,Electronics,2,2025-06-19,1034.93,CUST00052,united states
500869,P10008,LED Desk Lamp,Home & Kitchen,5,2026-06-14,1311.15,,United States
502120,P10004,USB-C Cable,Electronics,5,2026-01-11,3182.97,CUST00579,India
502349,P10035,Whiteboard Marker Set,Stationery & Office,3,2025-02-07,808.92,CUST00665,India
500880,P10016,Wool Sweater,Apparel,4,2026-04-14,1250.39,CUST00237,India
502193,P10018,Yoga Pants,Apparel,2,2026-02-10,608.28,CUST00602,INDIA
500662,P10031,Notebook Set,Stationery & Office,2,2025-08-30,268.52,CUST00195,INDIA
502031,P10035,Whiteboard Marker Set,Stationery & Office,1,2025-12-25,808.92,CUST00563,India
501519,P10027,Water Bottle Sipper,Sports & Outdoors,1,2025-10-17,2203.72,CUST00431,India
500941,P10023,Hair Dryer,Beauty & Personal Care,3,2025-12-25,1018.4,CUST00263,India
500333,P10025,Yoga Mat,Sports & Outdoors,3,2026-06-27,0.0,CUST00126,India
500570,P10011,Ceramic Mug Set,Home & Kitchen,5,2026-05-17,1993.94,CUST00175,United Kingdom
500104,P10028,Camping Torch,Sports & Outdoors,-1,2025-11-24,2043.99,CUST00044,UAE
501529,P10004,USB-C Cable,Electronics,1,2026-04-03,3182.97,CUST00437,India
500185,P10030,Cycling Gloves,Sports & Outdoors,3,2025-11-03,820.52,CUST00068,United States
500674,P10012,Storage Organizer,Home & Kitchen,3,2025-05-17,1268.9,CUST00199,GERMANY
502706,P10032,Gel Pen Pack,Stationery & Office,2,2025-07-27,0.0,CUST00756,United States
503079,P10019,Face Serum,Beauty & Personal Care,4,2025-02-12,1312.41,CUST00842,United Kingdom
502844,P10026,Resistance Bands Set,Sports & Outdoors,5,2025-08-10,636.23,CUST00790,UAE
500490,P10005,Power Bank 10000mAh,Electronics,2,2025-08-06,1034.93,CUST00164,India
502258,P10034,Sticky Notes Pack,Stationery & Office,5,2025-04-22,147.9,CUST00632,Germany
502150,P10035,Whiteboard Marker Set,Stationery & Office,4,2025-05-23,808.92,CUST00584,India
502338,P10016,,Apparel,2,2025-01-14,1250.39,CUST00662,Singapore
502121,P10030,Cycling Gloves,Sports & Outdoors,5,2025-11-14,820.52,CUST00580,India
502171,P10035,Whiteboard Marker Set,Stationery & Office,2,2025-08-13,808.92,CUST00591,India
500549,P10033,Desk Organizer,Stationery & Office,1,2026-01-24,67.73,CUST00169,India
502712,P10016,Wool Sweater,Apparel,5,2025-07-11,1250.39,CUST00758,India
503022,P10026,Resistance Bands Set,Sports & Outdoors,3,2025-02-14,636.23,CUST00833,India
500415,P10016,Wool Sweater,Apparel,3,2025-02-22,1250.39,CUST00138,UNITED STATES
501448,P10016,Wool Sweater,Apparel,2,2026-02-11,1250.39,CUST00405,India
502521,P10020,Herbal Shampoo,Beauty & Personal Care,5,2025-07-23,1426.26,CUST00714,INDIA
500480,P10028,Camping Torch,Sports & Outdoors,1,2025-02-02,2043.99,CUST00160,United States
502654,P10026,Resistance Bands Set,Sports & Outdoors,1,2026-02-24,636.23,CUST00753,United Kingdom
501973,P10004,USB-C Cable,Electronics,5,2025-08-30,3182.97,CUST00546,India
502554,P10015,Running Shoes,Apparel,3,2025-05-06,980.3,CUST00731,India
500024,P10017,Formal Shirt,Apparel,4,2026-06-18,562.91,CUST00012,Singapore
502585,P10007,Non-Stick Pan,Home & Kitchen,5,2026-04-28,331.24,CUST00731,India
502927,P10018,Yoga Pants,Apparel,3,2025-01-25,608.28,CUST00815,Germany
501510,P10002,Bluetooth Speaker,Electronics,4,2026-02-05,2723.88,CUST00427,India
501613,P10003,Phone Case,Electronics,5,2026-04-29,1049.71,CUST00448,United States
500561,P10024,Beard Trimmer,Beauty & Personal Care,3,2025-06-19,700.79,CUST00171,United Kingdom
500239,P10026,Resistance Bands Set,Sports & Outdoors,3,2026-06-03,636.23,CUST00094,united kingdom
501154,P10026,Resistance Bands Set,Sports & Outdoors,2,2025-02-17,636.23,CUST00320,india
500232,P10006,Smartwatch Band,Electronics,4,2025-11-11,0.0,CUST00089,Germany
502189,P10023,Hair Dryer,Beauty & Personal Care,3,2025-05-18,1018.4,CUST00600,India
502605,P10013,Cotton T-Shirt,Apparel,4,2025-05-28,1190.46,CUST00736,Germany
502698,P10016,Wool Sweater,Apparel,5,2025-02-03,1250.39,CUST00754,India
500540,P10007,Non-Stick Pan,Home & Kitchen,4,2026-06-08,331.24,CUST00169,India
500262,P10036,Backpack,Stationery & Office,2,2025-10-27,218.62,CUST00105,UAE
500964,P10024,Beard Trimmer,Beauty & Personal Care,3,2025-12-14,700.79,CUST00268,United States
500379,P10013,Cotton T-Shirt,Apparel,3,2025-07-29,1190.46,CUST00130,India
502391,P10033,Desk Organizer,Stationery & Office,3,2025-05-04,67.73,CUST00679,Singapore
501403,P10028,Camping Torch,Sports & Outdoors,1,2025-01-06,2043.99,CUST00392,India
502488,P10034,Sticky Notes Pack,Stationery & Office,2,2025-02-01,147.9,CUST00706,singapore
500432,P10003,Phone Case,Electronics,5,2025-09-07,1049.71,CUST00139,India
500420,P10010,Insulated Water Bottle,Home & Kitchen,2,2026-03-27,396.84,CUST00138,united states
503046,P10010,Insulated Water Bottle,Home & Kitchen,3,2025-03-25,396.84,CUST00842,United Kingdom
500438,P10015,Running Shoes,Apparel,2,2026-01-29,980.3,CUST00141,Singapore
501185,P10015,Running Shoes,Apparel,2,2025-10-15,980.3,CUST00324,India
500410,P10014,Denim Jacket,Apparel,5,2025-07-09,1048.3,CUST00138,United States
500353,P10014,Denim Jacket,Apparel,2,2025-07-17,1048.3,CUST00126,India
502209,P10028,Camping Torch,Sports & Outdoors,2,2026-05-23,2043.99,CUST00614,India
500118,P10003,Phone Case,Electronics,4,2025-06-25,1049.71,CUST00047,India
501157,P10002,Bluetooth Speaker,Electronics,1,2025-06-29,2723.88,CUST00321,India
500988,P10026,Resistance Bands Set,Sports & Outdoors,-2,2025-07-14,636.23,,INDIA
500122,P10029,Badminton Racket,Sports & Outdoors,3,2026-01-15,274.87,CUST00047,india
501036,P10026,Resistance Bands Set,Sports & Outdoors,1,2026-03-18,636.23,CUST00290,United Kingdom
500966,P10026,Resistance Bands Set,Sports & Outdoors,5,2026-03-19,636.23,CUST00269,India
501261,P10018,Yoga Pants,Apparel,2,2025-08-30,608.28,CUST00343,India
502238,P10026,Resistance Bands Set,Sports & Outdoors,4,2025-10-08,636.23,CUST00627,India
500463,P10020,Herbal Shampoo,Beauty & Personal Care,5,2026-04-07,1426.26,CUST00153,India
502453,P10017,Formal Shirt,Apparel,5,2025-10-22,562.91,CUST00699,India
500265,P10020,Herbal Shampoo,Beauty & Personal Care,3,2026-06-06,1426.26,CUST00105,uae
502277,P10008,LED Desk Lamp,Home & Kitchen,5,2025-10-12,1311.15,CUST00636,India
501522,P10032,Gel Pen Pack,Stationery & Office,5,2025-11-26,687.3,CUST00432,united states
501639,P10025,Yoga Mat,Sports & Outdoors,3,2025-04-22,270.08,CUST00453,India
503021,P10003,Phone Case,Electronics,4,2025-01-19,1049.71,CUST00833,India
500719,P10025,Yoga Mat,Sports & Outdoors,3,2025-01-10,270.08,CUST00203, India 
502174,P10014,Denim Jacket,Apparel,3,2025-02-26,1048.3,CUST00592,United Kingdom
501074,P10009,Cotton Bedsheet Set,Home & Kitchen,5,2025-01-11,1519.89,CUST00299,United Kingdom
500512,P10001,Wireless Earbuds,Electronics,3,2025-07-11,606.94,CUST00168,INDIA
500730,P10018,Yoga Pants,Apparel,2,2026-03-19,608.28,CUST00205,United Kingdom
502169,P10034,,Stationery & Office,4,2025-11-03,147.9,CUST00591,India
501856,P10025,Yoga Mat,Sports & Outdoors,4,2025-11-04,270.08,CUST00519,Singapore
501055,P10026,Resistance Bands Set,Sports & Outdoors,4,2026-01-17,636.23,CUST00295, India 
502327,P10002,Bluetooth Speaker,Electronics,5,2025-04-20,2723.88,CUST00659,united kingdom
501662,P10027,Water Bottle Sipper,Sports & Outdoors,1,2025-07-29,2203.72,CUST00463,United States
501942,P10032,Gel Pen Pack,Stationery & Office,2,2025-12-06,687.3,CUST00540,India
502186,P10019,Face Serum,Beauty & Personal Care,4,2026-05-26,1312.41,CUST00597,United Kingdom
501152,P10032,Gel Pen Pack,Stationery & Office,4,2025-09-29,687.3,CUST00320,India
500804,P10031,Notebook Set,Stationery & Office,1,2025-09-19,268.52,CUST00219,United Kingdom
502869,P10004,USB-C Cable,Electronics,5,2026-01-18,3182.97,CUST00796,Germany
502097,P10028,Camping Torch,Sports & Outdoors,5,2025-04-25,2043.99,CUST00579,INDIA
502501,P10030,Cycling Gloves,Sports & Outdoors,4,2025-06-24,820.52,CUST00706,Singapore
502760,P10033,Desk Organizer,Stationery & Office,3,2025-10-02,67.73,CUST00777,India
500855,P10028,Camping Torch,Sports & Outdoors,4,2025-02-13,2043.99,CUST00232,india
501316,P10028,Camping Torch,Sports & Outdoors,4,2026-05-08,2043.99,CUST00355,India
502350,P10029,Badminton Racket,Sports & Outdoors,2,2026-04-11,274.87,CUST00665,India
502029,P10025,Yoga Mat,Sports & Outdoors,4,2026-02-12,270.08,CUST00563,India
500221,P10013,Cotton T-Shirt,Apparel,3,2026-02-25,1190.46,CUST00086,INDIA
502505,P10010,Insulated Water Bottle,Home & Kitchen,3,2026-04-30,396.84,CUST00706,Singapore
500935,P10024,Beard Trimmer,Beauty & Personal Care,1,2025-02-19,700.79,CUST00261,United Kingdom
501175,P10021,Lip Balm Set,Beauty & Personal Care,5,2025-09-02,652.97,CUST00324,India
501396,P10001,,Electronics,5,2025-05-06,606.94,CUST00387,India
501149,P10003,Phone Case,Electronics,3,2025-11-07,1049.71,CUST00318,India
501448,P10021,Lip Balm Set,Beauty & Personal Care,2,2026-02-11,652.97,CUST00405,India
501298,P10019,Face Serum,Beauty & Personal Care,1,2025-02-27,1312.41,,GERMANY
500026,P10004,USB-C Cable,Electronics,1,2026-05-12,3182.97,CUST00012,Singapore
501310,P10001,Wireless Earbuds,Electronics,4,2025-05-26,606.94,CUST00353,United Kingdom
502862,P10016,Wool Sweater,Apparel,4,2025-04-01,1250.39,CUST00796,Germany
500309,P10019,Face Serum,Beauty & Personal Care,4,2025-02-18,1312.41,CUST00119,Germany
502315,P10025,Yoga Mat,Sports & Outdoors,2,2025-06-25,270.08,, India 
502333,P10005,Power Bank 10000mAh,Electronics,2,2026-04-14,1034.93,CUST00661,India
502039,P10011,Ceramic Mug Set,Home & Kitchen,2,2026-03-06,1993.94,CUST00565,India
501432,P10035,Whiteboard Marker Set,Stationery & Office,4,2025-06-19,808.92,CUST00394, United States 
500912,P10006,Smartwatch Band,Electronics,5,2026-04-25,990.13,CUST00252,India
502102,P10021,Lip Balm Set,Beauty & Personal Care,1,2025-03-06,652.97,CUST00579,India
502943,P10032,Gel Pen Pack,Stationery & Office,4,2026-02-13,687.3,CUST00820,India
501703,P10027,Water Bottle Sipper,Sports & Outdoors,2,2026-03-27,2203.72,CUST00470,Singapore
500033,P10028,Camping Torch,Sports & Outdoors,2,2025-10-19,2043.99,CUST00015,india
502985,P10001,Wireless Earbuds,Electronics,1,2025-06-13,606.94,CUST00830,India
501898,P10003,Phone Case,Electronics,2,2025-05-02,1049.71,CUST00534,United Kingdom
501240,P10012,Storage Organizer,Home & Kitchen,1,2025-11-28,1268.9,CUST00338,United States
500415,P10023,Hair Dryer,Beauty & Personal Care,1,2025-02-22,1018.4,CUST00138,United States
502072,P10013,Cotton T-Shirt,Apparel,3,2025-02-07,1190.46,CUST00576,UAE
502091,P10009,Cotton Bedsheet Set,Home & Kitchen,2,2026-02-27,1519.89,CUST00579,India
501945,P10030,Cycling Gloves,Sports & Outdoors,4,2025-10-02,820.52,CUST00540,India
500172,P10035,Whiteboard Marker Set,Stationery & Office,4,2025-03-30,808.92,CUST00063,Germany
502858,P10013,Cotton T-Shirt,Apparel,4,2026-05-20,1190.46,CUST00796,Germany
501839,P10024,Beard Trimmer,Beauty & Personal Care,5,2025-03-10,700.79,CUST00510,United States
500368,P10032,Gel Pen Pack,Stationery & Office,4,2025-08-16,687.3,CUST00129,India
502830,P10020,Herbal Shampoo,Beauty & Personal Care,1,2025-07-29,1426.26,CUST00787,united kingdom
502809,P10007,Non-Stick Pan,Home & Kitchen,1,2025-08-25,331.24,CUST00782,India
502800,P10034,Sticky Notes Pack,Stationery & Office,3,2026-03-29,147.9,CUST00779,United States
501390,P10029,Badminton Racket,Sports & Outdoors,4,2025-04-26,274.87,CUST00386,United States
501507,P10014,Denim Jacket,Apparel,2,2025-11-22,1048.3,CUST00426,India
501292,P10001,Wireless Earbuds,Electronics,1,2025-09-21,606.94,CUST00350,United Kingdom
501247,P10025,Yoga Mat,Sports & Outdoors,3,2026-03-26,270.08,CUST00338,United States
501827,P10014,Denim Jacket,Apparel,4,2026-04-25,1048.3,CUST00503,INDIA
500936,P10006,,Electronics,5,2025-04-04,990.13,CUST00261,united kingdom
501290,P10029,Badminton Racket,Sports & Outdoors,4,2025-12-11,274.87,CUST00349,India
500588,P10004,USB-C Cable,Electronics,2,2025-08-05,3182.97,CUST00176,India
500742,P10003,Phone Case,Electronics,4,2025-06-11,1049.71,CUST00208,UNITED KINGDOM
501364,P10022,Sunscreen SPF50,Beauty & Personal Care,3,2026-03-31,514.51,CUST00371,india
500390,P10029,Badminton Racket,Sports & Outdoors,4,2025-02-22,274.87,CUST00133,India
501440,P10023,Hair Dryer,Beauty & Personal Care,4,2025-05-04,1018.4,CUST00398,India
500758,P10015,Running Shoes,Apparel,2,2025-06-11,980.3,CUST00216,India
501256,P10024,Beard Trimmer,Beauty & Personal Care,1,2026-03-29,700.79,CUST00343,India
502862,P10028,Camping Torch,Sports & Outdoors,5,2025-04-01,2043.99,CUST00796,GERMANY
500629,P10001,Wireless Earbuds,Electronics,3,2025-09-16,606.94,CUST00189,India
501956,P10028,Camping Torch,Sports & Outdoors,5,2025-04-04,2043.99,CUST00542,United Kingdom
501553,P10019,Face Serum,Beauty & Personal Care,3,2025-04-29,1312.41,CUST00439,United States
501106,P10028,Camping Torch,Sports & Outdoors,1,2026-01-17,2043.99,CUST00311, India 
500757,P10033,Desk Organizer,Stationery & Office,5,2025-07-06,67.73,CUST00216,India
501894,P10008,LED Desk Lamp,Home & Kitchen,3,2025-04-02,1311.15,CUST00534,United Kingdom
502778,P10001,Wireless Earbuds,Electronics,4,2026-02-09,606.94,,United States
501390,P10007,Non-Stick Pan,Home & Kitchen,5,2025-04-26,331.24,CUST00386,United States
501405,P10020,Herbal Shampoo,Beauty & Personal Care,3,2026-04-08,1426.26,CUST00392,INDIA
500813,P10031,Notebook Set,Stationery & Office,4,2026-06-02,268.52,CUST00219,united kingdom
501767,P10012,Storage Organizer,Home & Kitchen,1,2026-05-16,1268.9,CUST00487,INDIA
500056,P10001,Wireless Earbuds,Electronics,2,2026-06-07,606.94,CUST00027,India
502485,P10006,Smartwatch Band,Electronics,5,2025-03-16,990.13,CUST00706,Singapore
502870,P10023,Hair Dryer,Beauty & Personal Care,5,2025-01-17,1018.4,CUST00796,Germany
503029,P10013,Cotton T-Shirt,Apparel,5,2025-11-13,1190.46,CUST00833,INDIA
501635,P10017,Formal Shirt,Apparel,3,2026-01-03,562.91,CUST00451,united states
500444,P10027,Water Bottle Sipper,Sports & Outdoors,3,2025-03-15,2203.72,CUST00143,India
501913,P10008,LED Desk Lamp,Home & Kitchen,2,2025-09-07,1311.15,CUST00539,INDIA
500971,P10033,Desk Organizer,Stationery & Office,1,2025-07-24,67.73,CUST00272,United States
502989,P10002,Bluetooth Speaker,Electronics,2,2025-01-21,2723.88,CUST00830,India
500388,P10026,Resistance Bands Set,Sports & Outdoors,4,2025-09-29,636.23,CUST00133,India
500572,P10001,Wireless Earbuds,Electronics,3,2025-03-13,606.94,CUST00175,United Kingdom
500834,P10029,Badminton Racket,Sports & Outdoors,5,2025-06-03,274.87,CUST00223,India
500694,P10022,Sunscreen SPF50,Beauty & Personal Care,2,2025-02-07,514.51,CUST00203,india
502316,P10034,Sticky Notes Pack,Stationery & Office,1,2025-09-07,147.9,CUST00658,India
501368,P10024,Beard Trimmer,Beauty & Personal Care,4,2025-07-09,700.79,CUST00374,united kingdom
502887,P10003,Phone Case,Electronics,2,2025-01-25,1049.71,CUST00801,United States
500251,P10036,Backpack,Stationery & Office,3,2026-06-18,218.62,CUST00100,India
502839,P10008,LED Desk Lamp,Home & Kitchen,1,2025-07-07,1311.15,CUST00788,India
502574,P10033,Desk Organizer,Stationery & Office,2,2026-06-20,67.73,CUST00731,India
500475,P10027,Water Bottle Sipper,Sports & Outdoors,5,2025-05-06,2203.72,CUST00159,India
502750,P10031,Notebook Set,Stationery & Office,1,2025-12-27,268.52,CUST00775,United States
500928,P10033,Desk Organizer,Stationery & Office,3,2025-12-21,67.73,CUST00260,india
501263,P10026,Resistance Bands Set,Sports & Outdoors,2,2025-05-14,636.23,,India
501084,P10023,Hair Dryer,Beauty & Personal Care,4,2026-06-12,1018.4,CUST00300, India 
502057,P10022,Sunscreen SPF50,Beauty & Personal Care,1,2026-01-14,514.51,CUST00570,India
502761,P10021,Lip Balm Set,Beauty & Personal Care,4,2025-09-25,652.97,CUST00778,UNITED STATES
500513,P10035,Whiteboard Marker Set,Stationery & Office,5,2025-08-29,808.92,,india
502059,P10007,Non-Stick Pan,Home & Kitchen,2,2026-05-23,331.24,CUST00570,India
501420,P10008,LED Desk Lamp,Home & Kitchen,3,2025-06-01,1311.15,,India
500726,P10010,Insulated Water Bottle,Home & Kitchen,1,2025-12-15,396.84,CUST00204,Germany
501764,P10035,Whiteboard Marker Set,Stationery & Office,2,2025-02-21,808.92,CUST00485,united kingdom
502946,P10003,Phone Case,Electronics,5,2025-06-16,1049.71,CUST00822,India
502771,P10032,Gel Pen Pack,Stationery & Office,1,2026-02-24,687.3,CUST00779,United States
502113,P10014,,Apparel,3,2025-01-16,1048.3,CUST00579,INDIA
502791,P10008,LED Desk Lamp,Home & Kitchen,3,2026-01-30,1311.15,CUST00779,united states
501156,P10013,Cotton T-Shirt,Apparel,2,2026-04-27,1190.46,CUST00321,India
502546,P10009,Cotton Bedsheet Set,Home & Kitchen,3,2026-01-14,1519.89,CUST00727,India
500059,P10033,Desk Organizer,Stationery & Office,3,2025-11-29,67.73,CUST00029,united kingdom
501385,P10026,Resistance Bands Set,Sports & Outdoors,2,2025-02-12,636.23,CUST00385,United States
503083,P10006,Smartwatch Band,Electronics,1,2026-05-26,990.13,CUST00842,United Kingdom
501336,P10013,Cotton T-Shirt,Apparel,5,2025-07-26,1190.46,CUST00359,UAE
500330,P10028,Camping Torch,Sports & Outdoors,3,2025-03-13,2043.99,CUST00126,India
501392,P10011,Ceramic Mug Set,Home & Kitchen,4,2025-08-20,1993.94,CUST00386,United States
500315,P10016,Wool Sweater,Apparel,4,2026-03-31,1250.39,,United States
501445,P10027,Water Bottle Sipper,Sports & Outdoors,1,2025-12-24,2203.72,CUST00402,UAE
501106,P10017,Formal Shirt,Apparel,3,2026-01-17,562.91,CUST00311,India
500175,P10033,Desk Organizer,Stationery & Office,2,2025-02-18,67.73,CUST00063,Germany
501039,P10009,Cotton Bedsheet Set,Home & Kitchen,3,2026-04-05,1519.89,CUST00291,India
502738,P10034,Sticky Notes Pack,Stationery & Office,3,2026-01-14,147.9,CUST00770,Germany
501780,P10031,Notebook Set,Stationery & Office,5,2026-05-10,268.52,CUST00490,Germany
501022,P10023,Hair Dryer,Beauty & Personal Care,1,2026-02-12,1018.4,CUST00286,India
501527,P10020,Herbal Shampoo,Beauty & Personal Care,-2,2025-09-04,1426.26,CUST00436,United States
500193,P10030,Cycling Gloves,Sports & Outdoors,4,2025-09-30,820.52,CUST00069,india
503100,P10030,Cycling Gloves,Sports & Outdoors,5,2025-11-21,820.52,CUST00848, Singapore 
502856,P10007,Non-Stick Pan,Home & Kitchen,5,2025-04-01,331.24,CUST00796,Germany
502817,P10035,Whiteboard Marker Set,Stationery & Office,3,2025-03-10,808.92,CUST00782, India 
501855,P10015,Running Shoes,Apparel,1,2025-05-19,980.3,CUST00519,Singapore
500963,P10006,Smartwatch Band,Electronics,2,2025-09-02,990.13,CUST00268,United States
502714,P10032,Gel Pen Pack,Stationery & Office,4,2026-01-20,687.3,CUST00760,United States
500005,P10005,Power Bank 10000mAh,Electronics,4,2026-03-11,1034.93,CUST00004,UNITED KINGDOM
501276,P10012,Storage Organizer,Home & Kitchen,2,2025-02-28,1268.9,CUST00343,INDIA
501516,P10009,Cotton Bedsheet Set,Home & Kitchen,2,2025-09-22,1519.89,CUST00429,INDIA
502598,P10029,Badminton Racket,Sports & Outdoors,5,2025-04-22,274.87,CUST00732,United States
503099,P10025,Yoga Mat,Sports & Outdoors,4,2026-06-13,270.08,CUST00847,india
501946,P10036,Backpack,Stationery & Office,4,2025-02-02,218.62,CUST00540,INDIA
500722,P10002,Bluetooth Speaker,Electronics,5,2025-10-28,2723.88,CUST00203,India
502722,P10018,Yoga Pants,Apparel,-3,2025-09-29,608.28,CUST00763,India
500736,P10013,Cotton T-Shirt,Apparel,2,2025-07-23,1190.46,CUST00205, United Kingdom 
501341,P10021,Lip Balm Set,Beauty & Personal Care,4,2025-11-05,652.97,CUST00362,United Kingdom
502831,P10023,Hair Dryer,Beauty & Personal Care,4,2025-09-23,1018.4,CUST00787, United Kingdom 
501642,P10019,Face Serum,Beauty & Personal Care,3,2025-06-05,1312.41,CUST00456,India
501951,P10008,LED Desk Lamp,Home & Kitchen,1,2025-11-08,1311.15,CUST00541,UAE
502000,P10020,Herbal Shampoo,Beauty & Personal Care,4,2025-09-06,1426.26,CUST00555,Germany
502811,P10007,Non-Stick Pan,Home & Kitchen,2,2025-01-18,331.24,CUST00782,India
500966,P10003,Phone Case,Electronics,2,2026-03-19,1049.71,CUST00269,India
502429,P10012,Storage Organizer,Home & Kitchen,1,2025-02-13,1268.9,,India
501288,P10021,Lip Balm Set,Beauty & Personal Care,1,2026-01-29,652.97,CUST00347,United Kingdom
501040,P10032,Gel Pen Pack,Stationery & Office,2,2025-09-20,687.3,CUST00291,INDIA
501907,P10006,Smartwatch Band,Electronics,5,2025-04-09,990.13,CUST00538,India
501023,P10013,Cotton T-Shirt,Apparel,2,2025-09-11,1190.46,CUST00286,India
500371,P10005,Power Bank 10000mAh,Electronics,1,2026-02-02,1034.93,CUST00130,India
502349,P10005,Power Bank 10000mAh,Electronics,2,2025-02-07,1034.93,CUST00665,India
500938,P10015,Running Shoes,Apparel,4,2025-04-23,980.3,CUST00262,Singapore
500352,P10024,Beard Trimmer,Beauty & Personal Care,5,2026-06-25,700.79,CUST00126,India
502631,P10004,USB-C Cable,Electronics,2,2026-05-09,3182.97,CUST00745,India
502895,P10027,Water Bottle Sipper,Sports & Outdoors,4,2025-01-23,2203.72,CUST00804,United Kingdom
502673,P10029,Badminton Racket,Sports & Outdoors,5,2026-04-03,274.87,CUST00753,UNITED KINGDOM
501906,P10021,Lip Balm Set,Beauty & Personal Care,1,2025-07-08,652.97,,Germany
500001,P10036,Backpack,Stationery & Office,5,2026-04-28,218.62,CUST00001, India 
502964,P10035,Whiteboard Marker Set,Stationery & Office,3,2025-06-30,808.92,CUST00830,India
501873,P10003,Phone Case,Electronics,2,2025-12-19,1049.71,CUST00524,Germany
501575,P10032,Gel Pen Pack,Stationery & Office,1,2025-04-29,687.3,CUST00448,United States
502592,P10005,Power Bank 10000mAh,Electronics,3,2026-02-16,1034.93,,india
500243,P10020,Herbal Shampoo,Beauty & Personal Care,3,2025-08-12,1426.26,CUST00096,India
500324,P10027,Water Bottle Sipper,Sports & Outdoors,5,2026-05-06,2203.72,CUST00124,India
500937,P10021,Lip Balm Set,Beauty & Personal Care,2,2026-02-28,652.97,CUST00261,UNITED KINGDOM
502359,P10007,Non-Stick Pan,Home & Kitchen,4,2025-10-04,331.24,CUST00667,india
502493,P10030,Cycling Gloves,Sports & Outdoors,2,2025-11-14,820.52,CUST00706,Singapore
500820,P10034,Sticky Notes Pack,Stationery & Office,1,2025-10-20,147.9,CUST00219,united kingdom
500488,P10010,Insulated Water Bottle,Home & Kitchen,5,2026-03-31,396.84,CUST00163,United Kingdom
501328,P10004,USB-C Cable,Electronics,2,2025-09-30,3182.97,CUST00357,India
502846,P10010,Insulated Water Bottle,Home & Kitchen,1,2025-01-30,396.84,CUST00792,United Kingdom
500223,P10008,LED Desk Lamp,Home & Kitchen,1,2025-03-04,1311.15,CUST00086,India
500069,P10022,Sunscreen SPF50,Beauty & Personal Care,4,2025-07-22,514.51,CUST00032,India
502647,P10006,Smartwatch Band,Electronics,5,2025-05-16,990.13,CUST00749,UAE
502770,P10031,Notebook Set,Stationery & Office,2,2025-08-23,268.52,CUST00779,UNITED STATES
502692,P10033,Desk Organizer,Stationery & Office,3,2025-08-29,67.73,CUST00753,United Kingdom
500726,P10019,Face Serum,Beauty & Personal Care,4,2025-12-15,1312.41,CUST00204,Germany
502371,P10023,Hair Dryer,Beauty & Personal Care,3,2026-06-24,1018.4,CUST00673,India
502076,P10032,Gel Pen Pack,Stationery & Office,3,2026-02-28,687.3,CUST00579,India
500388,P10028,Camping Torch,Sports & Outdoors,3,2025-09-29,2043.99,,India
501559,P10011,Ceramic Mug Set,Home & Kitchen,1,2026-03-22,1993.94,CUST00442,Singapore
502597,P10020,Herbal Shampoo,Beauty & Personal Care,2,2026-05-10,1426.26,CUST00732,UNITED STATES
502686,P10031,Notebook Set,Stationery & Office,3,2025-11-22,268.52,CUST00753,United Kingdom
502338,P10036,Backpack,Stationery & Office,2,2025-01-14,218.62,CUST00662,SINGAPORE
500589,P10018,Yoga Pants,Apparel,2,2025-01-07,608.28,CUST00176,India
501483,P10033,Desk Organizer,Stationery & Office,2,2025-02-11,67.73,CUST00419,United Kingdom
503068,P10036,Backpack,Stationery & Office,5,2026-05-21,218.62,CUST00842,United Kingdom
500406,P10033,Desk Organizer,Stationery & Office,5,2025-08-27,67.73,CUST00138,united states
500714,P10010,Insulated Water Bottle,Home & Kitchen,5,2026-01-25,396.84,,India
500937,P10009,,Home & Kitchen,2,2026-02-28,1519.89,CUST00261,United Kingdom
501486,P10025,Yoga Mat,Sports & Outdoors,5,2025-04-08,270.08,CUST00420,United States
501106,P10028,Camping Torch,Sports & Outdoors,1,2026-01-17,2043.99,CUST00311,India
500817,P10019,Face Serum,Beauty & Personal Care,5,2025-11-26,1312.41,CUST00219,United Kingdom
501145,P10011,Ceramic Mug Set,Home & Kitchen,1,2026-01-20,1993.94,CUST00315,Germany
501806,P10004,USB-C Cable,Electronics,3,2025-12-03,3182.97,CUST00499,Singapore
502198,P10004,USB-C Cable,Electronics,3,2025-01-24,3182.97,CUST00607,India
502314,P10027,Water Bottle Sipper,Sports & Outdoors,4,2026-04-02,2203.72,CUST00657,India
500684,P10017,Formal Shirt,Apparel,4,2025-03-31,562.91,CUST00199,Germany
500271,P10013,Cotton T-Shirt,Apparel,4,2025-11-08,1190.46,CUST00108,United States
500622,P10014,Denim Jacket,Apparel,4,2026-03-20,1048.3,CUST00189,India
500542,P10029,Badminton Racket,Sports & Outdoors,4,2025-04-04,274.87,CUST00169,India
502276,P10024,Beard Trimmer,Beauty & Personal Care,-1,2025-09-14,700.79,CUST00636,India
502181,P10036,Backpack,Stationery & Office,3,2025-08-10,218.62,CUST00595,germany
500912,P10034,Sticky Notes Pack,Stationery & Office,1,2026-04-25,147.9,CUST00252,INDIA
500612,P10013,Cotton T-Shirt,Apparel,5,2026-01-06,1190.46,CUST00187,united states
501697,P10033,Desk Organizer,Stationery & Office,3,2026-02-22,67.73,CUST00467,India
501890,P10025,Yoga Mat,Sports & Outdoors,5,2026-03-22,270.08,CUST00530,Germany
501739,P10013,Cotton T-Shirt,Apparel,3,2026-02-26,1190.46,CUST00481,United Kingdom
500700,P10013,Cotton T-Shirt,Apparel,5,2025-04-19,1190.46,CUST00203,India
502793,P10035,Whiteboard Marker Set,Stationery & Office,4,2026-03-06,808.92,CUST00779,United States
501864,P10027,Water Bottle Sipper,Sports & Outdoors,2,2026-02-26,2203.72,CUST00522,India
501922,P10002,Bluetooth Speaker,Electronics,5,2025-08-24,2723.88,CUST00539,India
500749,P10024,Beard Trimmer,Beauty & Personal Care,5,2025-10-04,700.79,CUST00213,United Kingdom
501171,P10032,Gel Pen Pack,Stationery & Office,3,2025-08-06,687.3,CUST00324,India
501436,P10016,Wool Sweater,Apparel,4,2025-12-26,1250.39,CUST00396,uae
501546,P10004,USB-C Cable,Electronics,4,2025-11-17,3182.97,CUST00439,United States
500216,P10028,Camping Torch,Sports & Outdoors,4,2026-01-22,2043.99,CUST00085,India
500614,P10028,Camping Torch,Sports & Outdoors,2,2025-01-14,2043.99,CUST00189,India
502610,P10031,Notebook Set,Stationery & Office,4,2025-11-25,268.52,CUST00738,UNITED STATES
500098,P10020,Herbal Shampoo,Beauty & Personal Care,2,2025-09-29,1426.26,CUST00040,india
502410,P10005,Power Bank 10000mAh,Electronics,4,2025-05-01,1034.93,CUST00688,India
501204,P10029,Badminton Racket,Sports & Outdoors,4,2025-07-03,274.87,CUST00324,India
501697,P10015,Running Shoes,Apparel,2,2026-02-22,980.3,CUST00467,India
500880,P10029,Badminton Racket,Sports & Outdoors,4,2026-04-14,274.87,CUST00237,India
500381,P10025,Yoga Mat,Sports & Outdoors,2,2025-12-12,270.08,CUST00132,India
501041,P10028,Camping Torch,Sports & Outdoors,3,2025-10-13,2043.99,CUST00291,India
500739,P10011,Ceramic Mug Set,Home & Kitchen,4,2026-05-06,1993.94,CUST00207,INDIA
502527,P10032,Gel Pen Pack,Stationery & Office,5,2025-01-11,687.3,CUST00719,India
500429,P10011,Ceramic Mug Set,Home & Kitchen,4,2025-10-05,1993.94,CUST00139,India
500537,P10021,Lip Balm Set,Beauty & Personal Care,2,2026-01-31,652.97,CUST00169,India
501428,P10018,Yoga Pants,Apparel,2,2025-04-02,608.28,CUST00392,India
501920,P10014,Denim Jacket,Apparel,1,2025-02-03,1048.3,CUST00539,INDIA
500949,P10025,Yoga Mat,Sports & Outdoors,4,2025-12-10,270.08,CUST00264,india
502882,P10034,Sticky Notes Pack,Stationery & Office,5,2026-06-04,147.9,CUST00800,uae
501696,P10029,Badminton Racket,Sports & Outdoors,3,2025-12-21,274.87,CUST00466,India
502508,P10001,Wireless Earbuds,Electronics,5,2026-04-10,606.94,CUST00709,India
501414,P10026,Resistance Bands Set,Sports & Outdoors,5,2026-03-07,636.23,CUST00392,India
502025,P10018,Yoga Pants,Apparel,1,2026-03-01,608.28,CUST00563,India
502743,P10027,Water Bottle Sipper,Sports & Outdoors,4,2025-07-29,2203.72,CUST00770,Germany
500942,P10007,Non-Stick Pan,Home & Kitchen,3,2026-03-04,331.24,CUST00263,India
501695,P10007,Non-Stick Pan,Home & Kitchen,2,2026-01-20,331.24,CUST00466, India 
500149,P10034,Sticky Notes Pack,Stationery & Office,1,2025-01-28,147.9,CUST00053, UAE 
501454,P10022,Sunscreen SPF50,Beauty & Personal Care,3,2026-04-20,514.51,CUST00408,India
502844,P10005,Power Bank 10000mAh,Electronics,1,2025-08-10,1034.93,CUST00790,UAE
500416,P10028,Camping Torch,Sports & Outdoors,3,2025-09-15,2043.99,CUST00138,United States
502848,P10011,Ceramic Mug Set,Home & Kitchen,1,2025-12-18,1993.94,CUST00794,United Kingdom
501972,P10021,Lip Balm Set,Beauty & Personal Care,4,2025-06-09,652.97,CUST00545,United Kingdom
501788,P10012,Storage Organizer,Home & Kitchen,2,2026-04-29,1268.9,CUST00496,India
500497,P10010,Insulated Water Bottle,Home & Kitchen,2,2025-04-06,396.84,CUST00166,Germany
500383,P10018,Yoga Pants,Apparel,2,2026-06-26,608.28,CUST00133, India 
500911,P10031,Notebook Set,Stationery & Office,2,2025-10-17,268.52,CUST00252,India
500130,P10019,Face Serum,Beauty & Personal Care,1,2025-03-22,1312.41,CUST00047,india
502886,P10008,LED Desk Lamp,Home & Kitchen,1,2025-08-21,1311.15,CUST00801,UNITED STATES
500714,P10003,Phone Case,Electronics,2,2026-01-25,1049.71,CUST00203,India
502238,P10002,Bluetooth Speaker,Electronics,1,2025-10-08,2723.88,CUST00627,INDIA
500862,P10006,Smartwatch Band,Electronics,4,2025-12-16,990.13,CUST00235,INDIA
501510,P10021,Lip Balm Set,Beauty & Personal Care,-4,2026-02-05,652.97,CUST00427,India
501323,P10018,Yoga Pants,Apparel,3,2026-03-28,608.28,CUST00356,United Kingdom
500553,P10012,Storage Organizer,Home & Kitchen,4,2025-12-06,1268.9,CUST00169, India 
502859,P10020,Herbal Shampoo,Beauty & Personal Care,4,2025-10-28,1426.26,CUST00796,Germany
502599,P10023,Hair Dryer,Beauty & Personal Care,1,2026-06-09,1018.4,CUST00733, United Kingdom 
500037,P10026,Resistance Bands Set,Sports & Outdoors,5,2025-04-11,636.23,CUST00018,India
500212,P10009,Cotton Bedsheet Set,Home & Kitchen,1,2025-10-21,1519.89,CUST00082,United Kingdom
502637,P10015,Running Shoes,Apparel,2,2026-05-24,980.3,CUST00748,India
501489,P10034,Sticky Notes Pack,Stationery & Office,4,2026-02-07,147.9,CUST00420,United States
502862,P10033,Desk Organizer,Stationery & Office,5,2025-04-01,67.73,CUST00796,Germany
502299,P10028,Camping Torch,Sports & Outdoors,2,2025-02-22,2043.99,CUST00647,United Kingdom
500517,P10018,Yoga Pants,Apparel,4,2026-01-24,608.28,CUST00169,India
502365,P10031,Notebook Set,Stationery & Office,2,2025-12-19,268.52,CUST00668,India
501878,P10014,Denim Jacket,Apparel,4,2026-06-08,1048.3,CUST00528,India
502732,P10020,Herbal Shampoo,Beauty & Personal Care,1,2025-09-26,1426.26,,Germany
500515,P10014,Denim Jacket,Apparel,-1,2025-07-10,1048.3,CUST00169,India
501264,P10013,Cotton T-Shirt,Apparel,4,2026-01-30,1190.46,CUST00343,India
501172,P10013,Cotton T-Shirt,Apparel,1,2026-06-22,1190.46,CUST00324,India
500643,P10024,Beard Trimmer,Beauty & Personal Care,4,2026-05-10,700.79,CUST00189,INDIA
502889,P10007,Non-Stick Pan,Home & Kitchen,5,2025-02-04,331.24,CUST00801,United States
502943,P10009,Cotton Bedsheet Set,Home & Kitchen,3,2026-02-13,1519.89,CUST00820,India
502313,P10036,Backpack,Stationery & Office,1,2025-05-31,218.62,CUST00656,India
502371,P10008,LED Desk Lamp,Home & Kitchen,3,2026-06-24,1311.15,CUST00673,india
501495,P10016,Wool Sweater,Apparel,5,2026-04-30,1250.39,CUST00422,United States
502269,P10025,Yoga Mat,Sports & Outdoors,4,2025-12-03,270.08,CUST00634,India
500843,P10023,Hair Dryer,Beauty & Personal Care,3,2026-01-21,1018.4,CUST00227,Singapore
500611,P10009,Cotton Bedsheet Set,Home & Kitchen,4,2026-05-18,1519.89,CUST00186,United Kingdom
500521,P10034,Sticky Notes Pack,Stationery & Office,5,2025-01-07,147.9,,India
500760,P10031,Notebook Set,Stationery & Office,3,2025-08-27,268.52,CUST00216,India
501420,P10008,LED Desk Lamp,Home & Kitchen,3,2025-06-01,1311.15,CUST00392, India 
501671,P10028,Camping Torch,Sports & Outdoors,2,2025-03-22,2043.99,CUST00463, United States 
502741,P10003,Phone Case,Electronics,5,2025-02-13,1049.71,CUST00770,Germany
501077,P10008,LED Desk Lamp,Home & Kitchen,3,2025-08-27,1311.15,CUST00300,India
500334,P10006,Smartwatch Band,Electronics,4,2026-05-03,990.13,CUST00126,INDIA
502765,P10005,Power Bank 10000mAh,Electronics,2,2025-05-13,1034.93,CUST00779,United States
500890,P10012,Storage Organizer,Home & Kitchen,5,2026-06-29,1268.9,CUST00240,India
502142,P10002,Bluetooth Speaker,Electronics,5,2025-05-03,2723.88,CUST00582,Singapore
500276,P10033,Desk Organizer,Stationery & Office,3,2025-04-18,67.73,CUST00111,India
500607,P10020,Herbal Shampoo,Beauty & Personal Care,5,2025-10-21,1426.26,CUST00182,india
502210,P10010,Insulated Water Bottle,Home & Kitchen,1,2025-05-22,396.84,CUST00614,india
500252,P10019,Face Serum,Beauty & Personal Care,2,2026-06-20,1312.41,CUST00100,India
502268,P10008,LED Desk Lamp,Home & Kitchen,3,2026-01-15,1311.15,CUST00634,India
502266,P10001,Wireless Earbuds,Electronics,4,2025-03-19,606.94,CUST00634,India
500471,P10013,Cotton T-Shirt,Apparel,5,2025-05-25,1190.46,CUST00157,United Kingdom
500958,P10024,Beard Trimmer,Beauty & Personal Care,3,2026-01-02,700.79,CUST00266,United States
501777,P10005,Power Bank 10000mAh,Electronics,1,2025-07-19,1034.93,CUST00490,Germany
500954,P10003,Phone Case,Electronics,1,2025-04-29,1049.71,CUST00266,United States
501814,P10012,Storage Organizer,Home & Kitchen,3,2025-11-15,1268.9,CUST00503,india
500421,P10028,Camping Torch,Sports & Outdoors,5,2025-11-02,2043.99,CUST00138, United States 
500693,P10012,Storage Organizer,Home & Kitchen,4,2026-06-19,1268.9,CUST00203,India
502415,P10020,Herbal Shampoo,Beauty & Personal Care,5,2025-02-13,1426.26,CUST00692,India
502055,P10034,,Stationery & Office,5,2026-03-09,147.9,CUST00570,INDIA
500612,P10012,Storage Organizer,Home & Kitchen,2,2026-01-06,1268.9,CUST00187,United States
502904,P10002,Bluetooth Speaker,Electronics,4,2025-10-06,2723.88,CUST00810,India
500202,P10025,Yoga Mat,Sports & Outdoors,3,2025-09-26,270.08,CUST00075,United States
500210,P10020,Herbal Shampoo,Beauty & Personal Care,5,2025-05-24,1426.26,CUST00081,Germany
502265,P10026,Resistance Bands Set,Sports & Outdoors,4,2026-04-10,636.23,CUST00634,India
500823,P10017,Formal Shirt,Apparel,5,2025-07-03,562.91,CUST00219,United Kingdom
501358,P10024,Beard Trimmer,Beauty & Personal Care,1,2026-05-12,700.79,CUST00367,Singapore
500133,P10022,Sunscreen SPF50,Beauty & Personal Care,2,2025-05-27,514.51,CUST00047,india
500301,P10029,Badminton Racket,Sports & Outdoors,2,2025-08-28,274.87,CUST00117,United States
502795,P10034,Sticky Notes Pack,Stationery & Office,4,2025-09-01,147.9,CUST00779,United States
500075,P10032,Gel Pen Pack,Stationery & Office,3,2026-06-01,687.3,CUST00033,India
501490,P10005,Power Bank 10000mAh,Electronics,2,2025-10-19,1034.93,CUST00421,United States
500271,P10017,Formal Shirt,Apparel,5,2025-11-08,562.91,CUST00108,UNITED STATES
502469,P10026,Resistance Bands Set,Sports & Outdoors,4,2025-10-17,636.23,CUST00706, Singapore 
502646,P10029,Badminton Racket,Sports & Outdoors,2,2025-03-17,274.87,CUST00749,UAE
501137,P10014,Denim Jacket,Apparel,5,2025-10-20,1048.3,CUST00312,India
501511,P10025,Yoga Mat,Sports & Outdoors,3,2025-03-21,270.08,CUST00427,India
503018,P10008,LED Desk Lamp,Home & Kitchen,1,2026-01-26,1311.15,CUST00833,India
501656,P10004,USB-C Cable,Electronics,4,2025-01-30,3182.97,CUST00461,India
502074,P10010,Insulated Water Bottle,Home & Kitchen,2,2025-01-05,396.84,CUST00578,UAE
500635,P10018,Yoga Pants,Apparel,1,2025-07-09,608.28,CUST00189,India
501093,P10020,Herbal Shampoo,Beauty & Personal Care,3,2025-02-04,1426.26,CUST00305,United States
500247,P10027,Water Bottle Sipper,Sports & Outdoors,1,2025-10-08,2203.72,CUST00098,India
502243,P10017,Formal Shirt,Apparel,3,2025-06-26,562.91,CUST00627,India
502126,P10014,Denim Jacket,Apparel,3,2025-05-17,1048.3,CUST00581,India
500784,P10007,Non-Stick Pan,Home & Kitchen,1,2025-07-03,331.24,CUST00219,United Kingdom
500172,P10001,Wireless Earbuds,Electronics,5,2025-03-30,606.94,CUST00063,Germany
502235,P10016,Wool Sweater,Apparel,2,2025-11-10,1250.39,CUST00626, India 
502871,P10015,Running Shoes,Apparel,2,2025-11-28,980.3,CUST00797,uae
501592,P10033,Desk Organizer,Stationery & Office,5,2025-06-07,67.73,CUST00448, United States 
501683,P10029,Badminton Racket,Sports & Outdoors,2,2025-05-25,274.87,CUST00463,United States
501331,P10015,Running Shoes,Apparel,1,2026-06-22,980.3,CUST00358,united kingdom
501791,P10009,Cotton Bedsheet Set,Home & Kitchen,4,2025-01-18,1519.89,CUST00497,United Kingdom
502050,P10031,Notebook Set,Stationery & Office,1,2025-01-12,268.52,CUST00568,India
502481,P10032,Gel Pen Pack,Stationery & Office,5,2025-01-21,0.0,CUST00706,Singapore
500377,P10031,Notebook Set,Stationery & Office,3,2025-12-22,268.52,CUST00130,India
501102,P10005,Power Bank 10000mAh,Electronics,2,2025-03-11,1034.93,CUST00310,India
500230,P10011,Ceramic Mug Set,Home & Kitchen,4,2026-05-18,1993.94,CUST00087,United States
501982,P10020,Herbal Shampoo,Beauty & Personal Care,3,2026-04-25,1426.26,CUST00552,Germany
503057,P10035,Whiteboard Marker Set,Stationery & Office,1,2025-11-21,808.92,CUST00842,United Kingdom
501813,P10017,Formal Shirt,Apparel,5,2025-03-31,562.91,CUST00502,India
501121,P10033,Desk Organizer,Stationery & Office,5,2025-12-19,67.73,CUST00311,India
500415,P10032,Gel Pen Pack,Stationery & Office,2,2025-02-22,687.3,CUST00138,United States
500633,P10026,Resistance Bands Set,Sports & Outdoors,3,2025-03-06,636.23,CUST00189,India
500641,P10014,Denim Jacket,Apparel,1,2025-07-26,1048.3,CUST00189,India
500338,P10024,Beard Trimmer,Beauty & Personal Care,5,2026-04-13,700.79,CUST00126,India
500958,P10014,Denim Jacket,Apparel,4,2026-01-02,1048.3,CUST00266,United States
500960,P10021,Lip Balm Set,Beauty & Personal Care,4,2026-02-09,652.97,CUST00267,United Kingdom
501425,P10012,Storage Organizer,Home & Kitchen,2,2025-05-14,1268.9,CUST00392,India
502270,P10007,Non-Stick Pan,Home & Kitchen,5,2025-09-16,331.24,CUST00634,india
500674,P10007,Non-Stick Pan,Home & Kitchen,2,2025-05-17,331.24,,Germany
501915,P10027,Water Bottle Sipper,Sports & Outdoors,1,2025-12-16,2203.72,CUST00539,india
501644,P10001,Wireless Earbuds,Electronics,2,2025-11-23,606.94,CUST00457,INDIA
500575,P10019,Face Serum,Beauty & Personal Care,1,2025-04-10,1312.41,CUST00176,india
501123,P10028,Camping Torch,Sports & Outdoors,4,2025-11-03,2043.99,CUST00311,INDIA
501562,P10025,Yoga Mat,Sports & Outdoors,5,2026-01-31,270.08,CUST00444,India
502738,P10031,Notebook Set,Stationery & Office,2,2026-01-14,268.52,CUST00770,Germany
500292,P10020,Herbal Shampoo,Beauty & Personal Care,5,2025-05-07,1426.26,CUST00113,UAE
502989,P10006,Smartwatch Band,Electronics,3,2025-01-21,990.13,CUST00830,India
500714,P10017,Formal Shirt,Apparel,3,2026-01-25,562.91,CUST00203,India
500405,P10012,Storage Organizer,Home & Kitchen,5,2025-01-27,1268.9,CUST00138,united states
501773,P10026,Resistance Bands Set,Sports & Outdoors,1,2025-03-23,636.23,CUST00488,India
500026,P10016,Wool Sweater,Apparel,3,2026-05-12,1250.39,CUST00012,singapore
500828,P10025,Yoga Mat,Sports & Outdoors,3,2025-04-22,270.08,CUST00219,United Kingdom
500863,P10005,Power Bank 10000mAh,Electronics,3,2025-03-02,1034.93,, India 
500591,P10009,Cotton Bedsheet Set,Home & Kitchen,2,2025-10-05,1519.89,CUST00176,india
501838,P10001,Wireless Earbuds,Electronics,2,2026-05-11,606.94,CUST00510,United States
500572,P10014,Denim Jacket,Apparel,5,2025-03-13,1048.3,CUST00175,United Kingdom
500514,P10015,Running Shoes,Apparel,3,2025-06-06,980.3,CUST00169,India
502800,P10028,Camping Torch,Sports & Outdoors,1,2026-03-29,2043.99,CUST00779, United States 
502089,P10023,Hair Dryer,Beauty & Personal Care,1,2025-09-14,1018.4,CUST00579,India
501423,P10018,Yoga Pants,Apparel,2,2026-06-04,608.28,CUST00392,India
502675,P10035,Whiteboard Marker Set,Stationery & Office,3,2026-06-16,808.92,CUST00753,united kingdom
500474,P10010,Insulated Water Bottle,Home & Kitchen,3,2026-04-23,396.84,CUST00159,india
502110,P10033,Desk Organizer,Stationery & Office,4,2025-03-15,67.73,CUST00579, India 
501868,P10003,Phone Case,Electronics,5,2025-06-22,1049.71,CUST00523,Singapore
502789,P10009,Cotton Bedsheet Set,Home & Kitchen,1,2026-01-12,1519.89,, United States 
500861,P10001,Wireless Earbuds,Electronics,-4,2025-06-23,606.94,CUST00235,India
500414,P10027,Water Bottle Sipper,Sports & Outdoors,5,2026-01-24,2203.72,CUST00138,united states
501056,P10030,Cycling Gloves,Sports & Outdoors,5,2025-10-14,820.52,CUST00295,India
502727,P10004,USB-C Cable,Electronics,3,2025-01-25,3182.97,CUST00764,UNITED STATES
500417,P10020,Herbal Shampoo,Beauty & Personal Care,2,2025-10-03,1426.26,CUST00138,United States
502560,P10032,Gel Pen Pack,Stationery & Office,2,2025-01-09,687.3,CUST00731, India 
500733,P10016,Wool Sweater,Apparel,2,2025-11-09,1250.39,CUST00205,United Kingdom
500743,P10003,Phone Case,Electronics,3,2025-11-09,1049.71,CUST00209,India
500704,P10007,Non-Stick Pan,Home & Kitchen,3,2025-07-24,331.24,CUST00203,India
500996,P10021,Lip Balm Set,Beauty & Personal Care,5,2025-04-01,652.97,CUST00280,United States
500428,P10018,Yoga Pants,Apparel,2,2025-04-16,608.28,CUST00139,India
500922,P10035,Whiteboard Marker Set,Stationery & Office,4,2026-02-14,808.92,CUST00257,UAE
500830,P10002,Bluetooth Speaker,Electronics,5,2025-10-26,2723.88,CUST00221,United Kingdom
501401,P10036,Backpack,Stationery & Office,5,2026-02-02,218.62,CUST00391, Singapore 
500785,P10022,Sunscreen SPF50,Beauty & Personal Care,5,2025-10-26,514.51,CUST00219,United Kingdom
500427,P10009,Cotton Bedsheet Set,Home & Kitchen,2,2025-09-02,1519.89,CUST00139,INDIA
500382,P10011,Ceramic Mug Set,Home & Kitchen,5,2026-04-20,1993.94,CUST00132,India
502880,P10031,Notebook Set,Stationery & Office,2,2025-03-08,268.52,CUST00800,UAE
501574,P10003,Phone Case,Electronics,4,2026-04-20,1049.71,CUST00448,United States
500712,P10010,Insulated Water Bottle,Home & Kitchen,4,2025-12-11,396.84,CUST00203,India
501073,P10027,Water Bottle Sipper,Sports & Outdoors,4,2026-02-20,2203.72,CUST00298,India
500438,P10020,Herbal Shampoo,Beauty & Personal Care,5,2026-01-29,1426.26,CUST00141,singapore
502069,P10026,Resistance Bands Set,Sports & Outdoors,1,2025-07-08,636.23,CUST00574,United Kingdom
502876,P10011,Ceramic Mug Set,Home & Kitchen,4,2025-01-05,1993.94,CUST00798,United Kingdom
500207,P10014,Denim Jacket,Apparel,4,2025-01-26,1048.3,CUST00079,India
502156,P10020,Herbal Shampoo,Beauty & Personal Care,3,2025-05-03,1426.26,CUST00586,india
503006,P10035,Whiteboard Marker Set,Stationery & Office,5,2025-03-04,808.92,CUST00832,India
501061,P10015,Running Shoes,Apparel,4,2025-01-09,980.3,CUST00295,INDIA
502151,P10006,Smartwatch Band,Electronics,4,2026-04-25,990.13,CUST00584,INDIA
500479,P10001,Wireless Earbuds,Electronics,5,2025-09-17,606.94,CUST00159,india
501246,P10027,Water Bottle Sipper,Sports & Outdoors,1,2025-08-09,2203.72,CUST00338,United States
502566,P10025,Yoga Mat,Sports & Outdoors,3,2026-02-05,270.08,CUST00731,India
500714,P10003,Phone Case,Electronics,1,2026-01-25,1049.71,CUST00203, India 
500480,P10008,LED Desk Lamp,Home & Kitchen,3,2025-02-02,1311.15,CUST00160,UNITED STATES
501029,P10013,Cotton T-Shirt,Apparel,1,2025-10-22,1190.46,CUST00286,India
502376,P10017,Formal Shirt,Apparel,2,2025-04-10,562.91,CUST00674,india
501639,P10027,Water Bottle Sipper,Sports & Outdoors,4,2025-04-22,2203.72,CUST00453,India
500257,P10001,Wireless Earbuds,Electronics,5,2025-09-16,606.94,CUST00103,India
501939,P10030,Cycling Gloves,Sports & Outdoors,4,2025-08-12,820.52,CUST00540,INDIA
501743,P10031,Notebook Set,Stationery & Office,5,2026-02-05,268.52,CUST00482,United Kingdom
501098,P10012,Storage Organizer,Home & Kitchen,5,2026-02-02,1268.9,CUST00308,India
500819,P10008,LED Desk Lamp,Home & Kitchen,5,2029-01-01,1311.15,CUST00219,United Kingdom
502777,P10006,Smartwatch Band,Electronics,4,2025-05-22,990.13,CUST00779,United States
500724,P10014,Denim Jacket,Apparel,5,2026-05-23,1048.3,CUST00203,India
501067,P10034,Sticky Notes Pack,Stationery & Office,1,2025-06-19,147.9,CUST00298,India
502510,P10031,Notebook Set,Stationery & Office,5,2025-08-03,268.52,CUST00709,India
500529,P10034,Sticky Notes Pack,Stationery & Office,3,2025-12-12,147.9,CUST00169,India
500465,P10032,Gel Pen Pack,Stationery & Office,5,2025-07-09,687.3,CUST00155,singapore
501793,P10036,Backpack,Stationery & Office,5,2025-09-05,218.62,CUST00497,United Kingdom
502793,P10032,Gel Pen Pack,Stationery & Office,4,2026-03-06,687.3,CUST00779, United States 
501152,P10025,Yoga Mat,Sports & Outdoors,2,2025-09-29,270.08,CUST00320,India
500325,P10007,Non-Stick Pan,Home & Kitchen,1,2025-01-29,331.24,CUST00125,India
502577,P10017,Formal Shirt,Apparel,3,2026-01-07,562.91,CUST00731,India
501904,P10007,Non-Stick Pan,Home & Kitchen,3,2025-05-05,331.24,CUST00536,UAE
500703,P10014,Denim Jacket,Apparel,5,2025-08-28,1048.3,CUST00203,India
500500,P10029,Badminton Racket,Sports & Outdoors,2,2025-06-14,274.87,CUST00167,India
502629,P10015,Running Shoes,Apparel,1,2026-04-23,980.3,CUST00744,India
500274,P10031,Notebook Set,Stationery & Office,1,2026-01-18,268.52,CUST00111,India
502468,P10008,LED Desk Lamp,Home & Kitchen,5,2025-08-06,1311.15,CUST00705,India
500506,P10004,USB-C Cable,Electronics,5,2025-11-14,3182.97,CUST00167,India
500100,P10036,Backpack,Stationery & Office,3,2025-07-20,218.62,CUST00042,India
500146,P10022,Sunscreen SPF50,Beauty & Personal Care,1,2025-08-27,514.51,CUST00052,UNITED STATES
502689,P10021,Lip Balm Set,Beauty & Personal Care,4,2025-11-05,652.97,CUST00753,united kingdom
503056,P10007,Non-Stick Pan,Home & Kitchen,1,2025-03-30,331.24,CUST00842,UNITED KINGDOM
502844,P10018,Yoga Pants,Apparel,5,2025-08-10,608.28,CUST00790,uae
502169,P10006,Smartwatch Band,Electronics,2,2025-11-03,990.13,CUST00591,India
500777,P10014,Denim Jacket,Apparel,5,2025-01-13,1048.3,CUST00218,united states
502471,P10014,Denim Jacket,Apparel,2,2026-01-24,1048.3,CUST00706,Singapore
500018,P10022,Sunscreen SPF50,Beauty & Personal Care,2,2025-12-11,514.51,CUST00007,India
502193,P10020,Herbal Shampoo,Beauty & Personal Care,3,2026-02-10,1426.26,CUST00602,India
500911,P10034,Sticky Notes Pack,Stationery & Office,1,2025-10-17,147.9,CUST00252,india
501493,P10003,Phone Case,Electronics,1,2025-05-22,1049.71,CUST00422,United States
500957,P10034,Sticky Notes Pack,Stationery & Office,3,2025-05-02,147.9,CUST00266,United States
502499,P10029,Badminton Racket,Sports & Outdoors,-5,2025-05-13,274.87,CUST00706,Singapore
501936,P10001,Wireless Earbuds,Electronics,5,2025-03-18,606.94,,INDIA
500273,P10002,Bluetooth Speaker,Electronics,5,2025-01-08,2723.88,CUST00110,India
502175,P10025,Yoga Mat,Sports & Outdoors,2,2025-06-23,270.08,CUST00593,India
502137,P10032,Gel Pen Pack,Stationery & Office,1,2025-01-10,687.3,CUST00581,India
502879,P10026,Resistance Bands Set,Sports & Outdoors,1,2025-01-21,636.23,CUST00800,UAE
501099,P10027,Water Bottle Sipper,Sports & Outdoors,5,2025-10-19,2203.72,CUST00309, United States 
500612,P10010,Insulated Water Bottle,Home & Kitchen,1,2026-01-06,396.84,CUST00187,UNITED STATES
502285,P10032,Gel Pen Pack,Stationery & Office,5,2026-02-26,687.3,CUST00640,india
500867,P10013,Cotton T-Shirt,Apparel,2,2025-08-28,1190.46,CUST00236,United States
500813,P10034,Sticky Notes Pack,Stationery & Office,1,2026-06-02,147.9,CUST00219,United Kingdom
500264,P10021,Lip Balm Set,Beauty & Personal Care,1,2026-03-07,652.97,CUST00105,UAE
501977,P10024,Beard Trimmer,Beauty & Personal Care,1,2026-01-14,700.79,CUST00548, United Kingdom 
501101,P10034,Sticky Notes Pack,Stationery & Office,4,2026-01-09,147.9,CUST00310,India
500254,P10016,Wool Sweater,Apparel,2,2025-01-05,1250.39,CUST00101,INDIA
501005,P10034,Sticky Notes Pack,Stationery & Office,2,2025-09-08,147.9,CUST00283,India
502306,P10016,Wool Sweater,Apparel,1,2025-08-23,1250.39,CUST00652,India
501747,P10029,Badminton Racket,Sports & Outdoors,5,2026-05-07,274.87,CUST00483,India
500105,P10023,Hair Dryer,Beauty & Personal Care,2,2026-01-26,1018.4,CUST00045,India
501173,P10028,Camping Torch,Sports & Outdoors,3,2026-03-28,2043.99,CUST00324,India
503088,P10024,Beard Trimmer,Beauty & Personal Care,2,2025-09-25,700.79,CUST00842,United Kingdom
500428,P10020,Herbal Shampoo,Beauty & Personal Care,3,2025-04-16,1426.26,CUST00139,India
502202,P10027,Water Bottle Sipper,Sports & Outdoors,2,2026-02-04,2203.72,CUST00610,united kingdom
500898,P10034,Sticky Notes Pack,Stationery & Office,5,2026-02-10,147.9,CUST00246,UAE
500104,P10030,Cycling Gloves,Sports & Outdoors,4,2025-11-24,820.52,CUST00044,UAE
502262,P10018,Yoga Pants,Apparel,2,2025-07-18,608.28,CUST00634, India 
502766,P10017,Formal Shirt,Apparel,3,2025-12-06,562.91,CUST00779,United States
501089,P10026,Resistance Bands Set,Sports & Outdoors,2,2025-10-14,636.23,CUST00303,India
501834,P10004,USB-C Cable,Electronics,3,2025-02-22,3182.97,CUST00508,Germany
501457,P10015,Running Shoes,Apparel,4,2026-01-25,980.3,CUST00409,UAE
502622,P10036,Backpack,Stationery & Office,3,2025-04-20,218.62,CUST00740,India
502236,P10005,Power Bank 10000mAh,Electronics,4,2025-04-14,1034.93,CUST00626,India
502842,P10022,Sunscreen SPF50,Beauty & Personal Care,1,2025-06-21,514.51,CUST00789,India
501098,P10017,Formal Shirt,Apparel,3,2026-02-02,562.91,CUST00308,India
500295,P10026,Resistance Bands Set,Sports & Outdoors,4,2025-08-18,636.23,CUST00114,United States
501473,P10032,Gel Pen Pack,Stationery & Office,1,2026-06-09,687.3,CUST00416,India
501072,P10025,Yoga Mat,Sports & Outdoors,5,2025-10-20,270.08,CUST00298,INDIA
500031,P10033,Desk Organizer,Stationery & Office,4,2025-03-14,67.73,CUST00013,Germany
502916,P10036,Backpack,Stationery & Office,4,2025-03-27,218.62,CUST00813, India 
502921,P10034,Sticky Notes Pack,Stationery & Office,1,2025-01-11,147.9,CUST00814,UAE
501941,P10015,Running Shoes,Apparel,5,2025-08-28,980.3,,India
501410,P10020,Herbal Shampoo,Beauty & Personal Care,1,2025-11-03,1426.26,CUST00392,India
502005,P10005,Power Bank 10000mAh,Electronics,5,2026-03-20,1034.93,CUST00556,INDIA
502221,P10017,Formal Shirt,Apparel,3,2026-01-21,562.91,CUST00621,India
500389,P10031,Notebook Set,Stationery & Office,5,2025-06-14,268.52,CUST00133,INDIA
501126,P10013,Cotton T-Shirt,Apparel,1,2025-05-19,1190.46,CUST00312,India
501675,P10015,Running Shoes,Apparel,-4,2025-04-07,980.3,CUST00463,United States
500954,P10006,Smartwatch Band,Electronics,5,2025-04-29,990.13,CUST00266,United States
500121,P10023,Hair Dryer,Beauty & Personal Care,1,2025-02-06,1018.4,CUST00047,India
501573,P10015,Running Shoes,Apparel,2,2026-04-12,980.3,CUST00448,United States
502428,P10013,Cotton T-Shirt,Apparel,1,2025-04-20,1190.46,CUST00699,india
503009,P10035,Whiteboard Marker Set,Stationery & Office,3,2025-09-18,808.92,CUST00833,India
500676,P10018,Yoga Pants,Apparel,5,2025-08-11,608.28,, Germany 
503091,P10019,Face Serum,Beauty & Personal Care,-3,2025-07-13,1312.41,CUST00843,india
501290,P10033,Desk Organizer,Stationery & Office,3,2025-12-11,67.73,CUST00349,India
502545,P10030,Cycling Gloves,Sports & Outdoors,4,2025-01-11,820.52,,Germany
502918,P10033,Desk Organizer,Stationery & Office,2,2025-03-01,67.73,CUST00813, India 
500837,P10008,LED Desk Lamp,Home & Kitchen,4,2026-03-06,1311.15,CUST00224,India
502760,P10018,Yoga Pants,Apparel,4,2025-10-02,608.28,CUST00777,India
502077,P10012,Storage Organizer,Home & Kitchen,2,2025-01-11,1268.9,CUST00579,India
502526,P10016,Wool Sweater,Apparel,3,2025-09-14,1250.39,CUST00718,Singapore
502890,P10035,Whiteboard Marker Set,Stationery & Office,2,2025-02-08,808.92,CUST00801,United States
501218,P10031,Notebook Set,Stationery & Office,2,2025-07-08,268.52,CUST00332,UNITED STATES
500447,P10027,Water Bottle Sipper,Sports & Outdoors,2,2025-02-18,2203.72,CUST00144,India
501281,P10023,Hair Dryer,Beauty & Personal Care,2,2025-06-11,1018.4,CUST00345,India
501785,P10003,Phone Case,Electronics,4,2026-05-13,1049.71,CUST00494,India
500352,P10001,Wireless Earbuds,Electronics,4,2026-06-25,606.94,CUST00126,India
502863,P10034,Sticky Notes Pack,Stationery & Office,3,2025-12-26,147.9,,Germany
502351,P10012,Storage Organizer,Home & Kitchen,1,2026-03-26,1268.9,CUST00665,India
502920,P10032,Gel Pen Pack,Stationery & Office,2,2026-01-24,687.3,CUST00813,India
501910,P10025,Yoga Mat,Sports & Outdoors,4,2026-05-23,270.08,,India
502024,P10030,Cycling Gloves,Sports & Outdoors,2,2026-04-09,820.52,CUST00562,India
503086,P10032,Gel Pen Pack,Stationery & Office,5,2025-08-14,687.3,CUST00842,United Kingdom
500208,P10033,Desk Organizer,Stationery & Office,4,2026-01-10,67.73,CUST00080,india
502909,P10032,Gel Pen Pack,Stationery & Office,1,2026-04-11,687.3,CUST00813,India
500406,P10013,Cotton T-Shirt,Apparel,4,2025-08-27,1190.46,CUST00138,united states
500802,P10027,Water Bottle Sipper,Sports & Outdoors,4,2025-01-17,2203.72,CUST00219,United Kingdom
503000,P10003,Phone Case,Electronics,5,2025-04-29,1049.71,CUST00830, India 
500950,P10006,Smartwatch Band,Electronics,2,2025-03-13,990.13,CUST00264,India
500707,P10024,Beard Trimmer,Beauty & Personal Care,1,2025-12-26,700.79,CUST00203,India
500993,P10008,LED Desk Lamp,Home & Kitchen,2,2025-08-12,1311.15,CUST00279,United States
500767,P10001,Wireless Earbuds,Electronics,2,2025-03-31,606.94,CUST00216,india
502939,P10007,Non-Stick Pan,Home & Kitchen,4,2025-01-02,331.24,CUST00817,United Kingdom
502106,P10025,Yoga Mat,Sports & Outdoors,5,2026-02-14,270.08,CUST00579,India
502235,P10008,LED Desk Lamp,Home & Kitchen,2,2025-11-10,1311.15,CUST00626,India
502534,P10019,Face Serum,Beauty & Personal Care,1,2025-06-28,1312.41,CUST00722, India 
500245,P10013,Cotton T-Shirt,Apparel,2,2025-02-02,1190.46,CUST00096,India
502777,P10002,Bluetooth Speaker,Electronics,1,2025-05-22,2723.88,CUST00779,UNITED STATES
501805,P10028,Camping Torch,Sports & Outdoors,5,2025-09-14,2043.99,CUST00498,INDIA
500358,P10036,Backpack,Stationery & Office,5,2025-08-06,218.62,CUST00127,United States
502304,P10017,Formal Shirt,Apparel,5,2025-03-15,562.91,CUST00652,India
501928,P10016,Wool Sweater,Apparel,1,2025-09-11,1250.39,CUST00539,india
502102,P10003,Phone Case,Electronics,2,2025-03-06,1049.71,CUST00579,india
501915,P10021,Lip Balm Set,Beauty & Personal Care,1,2025-12-16,652.97,CUST00539,India
500123,P10008,LED Desk Lamp,Home & Kitchen,2,2025-05-23,1311.15,CUST00047,India
501167,P10026,Resistance Bands Set,Sports & Outdoors,1,2026-05-22,636.23,CUST00324,India
501080,P10022,Sunscreen SPF50,Beauty & Personal Care,4,2026-06-14,514.51,CUST00300, India 
502887,P10034,Sticky Notes Pack,Stationery & Office,-5,2025-01-25,147.9,CUST00801,United States
500907,P10027,Water Bottle Sipper,Sports & Outdoors,5,2026-04-11,2203.72,,india
501544,P10003,Phone Case,Electronics,-3,2025-02-27,1049.71,CUST00439,United States
500480,P10016,Wool Sweater,Apparel,1,2025-02-02,1250.39,CUST00160,United States
500754,P10020,Herbal Shampoo,Beauty & Personal Care,2,2026-05-10,1426.26,CUST00216,India
500758,P10007,Non-Stick Pan,Home & Kitchen,1,2025-06-11,331.24,CUST00216,India
502777,P10024,Beard Trimmer,Beauty & Personal Care,5,2025-05-22,700.79,CUST00779,United States
502901,P10023,Hair Dryer,Beauty & Personal Care,2,2026-02-21,1018.4,CUST00807,UAE
501966,P10029,Badminton Racket,Sports & Outdoors,3,2026-06-16,274.87,CUST00544,United Kingdom
500839,P10029,Badminton Racket,Sports & Outdoors,3,2025-04-17,274.87,, India 
501137,P10027,Water Bottle Sipper,Sports & Outdoors,4,2025-10-20,2203.72,CUST00312, India 
501515,P10025,Yoga Mat,Sports & Outdoors,4,2025-02-11,270.08,CUST00428,Germany
502606,P10018,Yoga Pants,Apparel,1,2025-08-18,608.28,CUST00737,India
500119,P10007,Non-Stick Pan,Home & Kitchen,-2,2026-04-01,331.24,CUST00047,india
502769,P10031,Notebook Set,Stationery & Office,5,2025-06-27,268.52,CUST00779,UNITED STATES
500547,P10027,Water Bottle Sipper,Sports & Outdoors,3,2026-04-11,2203.72,CUST00169,INDIA
501914,P10031,Notebook Set,Stationery & Office,3,2025-08-12,268.52,CUST00539,India
503031,P10002,Bluetooth Speaker,Electronics,1,2025-05-20,2723.88,CUST00833,INDIA
500290,P10026,Resistance Bands Set,Sports & Outdoors,1,2026-06-09,636.23,CUST00113,UAE
501989,P10014,Denim Jacket,Apparel,3,2025-10-03,1048.3,CUST00555,Germany
502335,P10002,Bluetooth Speaker,Electronics,4,2025-12-29,2723.88,CUST00661,India
500730,P10030,Cycling Gloves,Sports & Outdoors,3,2026-03-19,820.52,CUST00205,UNITED KINGDOM
502967,P10007,Non-Stick Pan,Home & Kitchen,2,2025-08-10,331.24,,India
500764,P10024,Beard Trimmer,Beauty & Personal Care,3,2025-03-25,700.79,CUST00216,India
502471,P10014,Denim Jacket,Apparel,2,2026-01-24,1048.3,CUST00706,Singapore
501945,P10025,Yoga Mat,Sports & Outdoors,2,2025-10-02,270.08,CUST00540,India
501539,P10023,Hair Dryer,Beauty & Personal Care,4,2026-06-16,1018.4,CUST00439,United States
501008,P10006,Smartwatch Band,Electronics,3,2025-12-22,990.13,CUST00285,United Kingdom
502153,P10002,Bluetooth Speaker,Electronics,3,2025-02-09,2723.88,CUST00585,United Kingdom
500519,P10025,Yoga Mat,Sports & Outdoors,5,2025-11-24,270.08,CUST00169,India
501635,P10021,Lip Balm Set,Beauty & Personal Care,1,2026-01-03,652.97,CUST00451,United States
500069,P10035,Whiteboard Marker Set,Stationery & Office,1,2025-07-22,808.92,CUST00032,India
501012,P10012,Storage Organizer,Home & Kitchen,1,2025-03-27,1268.9,CUST00286,India
502113,P10014,Denim Jacket,Apparel,3,2025-01-16,1048.3,CUST00579,India
500302,P10003,Phone Case,Electronics,4,2025-01-24,1049.71,CUST00117,UNITED STATES
501389,P10015,Running Shoes,Apparel,5,2025-04-29,980.3,CUST00386,United States
501616,P10029,Badminton Racket,Sports & Outdoors,5,2026-03-27,274.87,CUST00449,India
503021,P10012,Storage Organizer,Home & Kitchen,4,2025-01-19,1268.9,CUST00833,INDIA
501064,P10019,Face Serum,Beauty & Personal Care,5,2026-04-06,1312.41,CUST00297,United States
500548,P10031,Notebook Set,Stationery & Office,-5,2026-03-24,268.52,CUST00169,India
500061,P10034,Sticky Notes Pack,Stationery & Office,4,2026-03-25,147.9,,India
501939,P10020,Herbal Shampoo,Beauty & Personal Care,1,2025-08-12,1426.26,CUST00540,india
501635,P10007,Non-Stick Pan,Home & Kitchen,4,2026-01-03,331.24,CUST00451,United States
501526,P10015,Running Shoes,Apparel,-3,2026-06-18,980.3,CUST00435,India
501949,P10025,Yoga Mat,Sports & Outdoors,4,2026-01-02,270.08,CUST00540,India
502242,P10004,USB-C Cable,Electronics,3,2026-03-22,3182.97,CUST00627,India
500703,P10015,Running Shoes,Apparel,1,2025-08-28,980.3,CUST00203, India 
501170,P10033,Desk Organizer,Stationery & Office,2,2025-03-10,67.73,CUST00324,India
501200,P10007,Non-Stick Pan,Home & Kitchen,3,2025-06-29,331.24,CUST00324,India
501133,P10032,Gel Pen Pack,Stationery & Office,2,2025-09-18,687.3,CUST00312,India
502473,P10008,LED Desk Lamp,Home & Kitchen,5,2025-05-02,1311.15,CUST00706,singapore
501219,P10002,Bluetooth Speaker,Electronics,2,2026-05-12,2723.88,CUST00332, United States 
501431,P10014,Denim Jacket,Apparel,5,2026-06-07,1048.3,CUST00394,united states
501876,P10032,Gel Pen Pack,Stationery & Office,5,2025-08-03,687.3,CUST00526,india
501934,P10015,Running Shoes,Apparel,3,2026-06-06,980.3,,India
502269,P10029,Badminton Racket,Sports & Outdoors,2,2025-12-03,274.87,CUST00634,India
502907,P10018,Yoga Pants,Apparel,5,2025-04-30,608.28,CUST00813,India
501649,P10018,Yoga Pants,Apparel,2,2025-10-05,608.28,CUST00458,India
503093,P10003,Phone Case,Electronics,1,2026-05-01,1049.71,CUST00844,Singapore
500502,P10002,Bluetooth Speaker,Electronics,4,2026-02-10,2723.88,CUST00167,INDIA
502236,P10024,Beard Trimmer,Beauty & Personal Care,5,2025-04-14,700.79,CUST00626, India 
500824,P10013,Cotton T-Shirt,Apparel,1,2025-02-16,1190.46,CUST00219,United Kingdom
500605,P10020,Herbal Shampoo,Beauty & Personal Care,5,2026-01-12,1426.26,CUST00180,India
501548,P10029,Badminton Racket,Sports & Outdoors,3,2025-12-08,274.87,CUST00439,United States
500445,P10036,Backpack,Stationery & Office,5,2026-06-01,218.62,CUST00144,india
500796,P10025,Yoga Mat,Sports & Outdoors,3,2025-12-18,270.08,CUST00219,United Kingdom
502875,P10030,Cycling Gloves,Sports & Outdoors,5,2026-02-13,820.52,CUST00798,united kingdom
502928,P10011,Ceramic Mug Set,Home & Kitchen,5,2026-06-09,1993.94,CUST00815,Germany
500522,P10002,Bluetooth Speaker,Electronics,5,2026-02-22,2723.88,CUST00169,India
501056,P10030,Cycling Gloves,Sports & Outdoors,5,2025-10-14,820.52,CUST00295,INDIA
500279,P10006,Smartwatch Band,Electronics,1,2026-01-13,990.13,CUST00111,India
502583,P10005,Power Bank 10000mAh,Electronics,2,2026-03-22,1034.93,CUST00731,India
501664,P10014,Denim Jacket,Apparel,2,2025-07-31,1048.3,CUST00463,United States
500056,P10015,Running Shoes,Apparel,1,2026-06-07,980.3,CUST00027,India
502165,P10022,Sunscreen SPF50,Beauty & Personal Care,1,2025-08-02,514.51,CUST00589,India
500680,P10015,Running Shoes,Apparel,2,2025-11-26,980.3,CUST00199,Germany
502703,P10024,Beard Trimmer,Beauty & Personal Care,1,2026-06-07,700.79,CUST00755,India
500936,P10016,,Apparel,1,2025-04-04,1250.39,CUST00261,united kingdom
500526,P10026,Resistance Bands Set,Sports & Outdoors,3,2025-12-01,636.23,CUST00169,india
502500,P10022,Sunscreen SPF50,Beauty & Personal Care,5,2026-06-21,514.51,CUST00706,Singapore
501636,P10015,Running Shoes,Apparel,1,2025-08-02,980.3,CUST00452,United Kingdom
500024,P10019,Face Serum,Beauty & Personal Care,3,2026-06-18,1312.41,,Singapore
500860,P10016,Wool Sweater,Apparel,1,2025-10-11,1250.39,CUST00235,India
501997,P10005,Power Bank 10000mAh,Electronics,3,2026-01-17,1034.93,CUST00555,Germany
500066,P10003,Phone Case,Electronics,1,2025-03-30,1049.71,CUST00032,India
500948,P10028,Camping Torch,Sports & Outdoors,2,2025-09-23,2043.99,CUST00264,India
503073,P10006,Smartwatch Band,Electronics,3,2025-03-02,990.13,CUST00842,united kingdom
501383,P10018,Yoga Pants,Apparel,5,2025-06-11,608.28,CUST00383,United Kingdom
500453,P10015,Running Shoes,Apparel,1,2025-06-21,980.3,CUST00147,United Kingdom
502435,P10015,Running Shoes,Apparel,3,2025-03-05,980.3,,India
500797,P10023,Hair Dryer,Beauty & Personal Care,5,2025-03-06,1018.4,CUST00219,United Kingdom
501780,P10022,Sunscreen SPF50,Beauty & Personal Care,5,2026-05-10,514.51,CUST00490,germany
500077,P10025,Yoga Mat,Sports & Outdoors,1,2025-05-07,270.08,CUST00034,UAE
500810,P10013,Cotton T-Shirt,Apparel,5,2026-06-22,1190.46,CUST00219, United Kingdom 
501458,P10006,Smartwatch Band,Electronics,1,2025-01-03,990.13,CUST00409,UAE
501793,P10022,Sunscreen SPF50,Beauty & Personal Care,3,2025-09-05,514.51,CUST00497,United Kingdom
500558,P10010,Insulated Water Bottle,Home & Kitchen,3,2025-12-24,396.84,CUST00170,United Kingdom
500926,P10023,Hair Dryer,Beauty & Personal Care,-4,2025-08-21,1018.4,CUST00258,United Kingdom
501087,P10036,Backpack,Stationery & Office,3,2025-07-13,218.62,CUST00301,India
502137,P10011,Ceramic Mug Set,Home & Kitchen,5,2025-01-10,1993.94,CUST00581,india
501488,P10008,LED Desk Lamp,Home & Kitchen,4,2026-03-31,1311.15,CUST00420,United States
501341,P10012,Storage Organizer,Home & Kitchen,3,2025-11-05,1268.9,CUST00362,United Kingdom
500952,P10014,Denim Jacket,Apparel,1,2026-01-11,1048.3,CUST00265,Germany
503072,P10006,Smartwatch Band,Electronics,1,2025-02-27,990.13,CUST00842,United Kingdom
501864,P10008,LED Desk Lamp,Home & Kitchen,2,2026-02-26,1311.15,CUST00522,India
501836,P10029,Badminton Racket,Sports & Outdoors,1,2025-07-13,274.87,CUST00509,UAE
502954,P10001,Wireless Earbuds,Electronics,4,2025-12-10,606.94,CUST00827,INDIA
500044,P10019,Face Serum,Beauty & Personal Care,5,2026-01-27,1312.41,CUST00020,India
502136,P10008,,Home & Kitchen,2,2025-10-19,1311.15,CUST00581,INDIA
502378,P10019,Face Serum,Beauty & Personal Care,5,2025-04-07,1312.41,CUST00674,India
502681,P10035,Whiteboard Marker Set,Stationery & Office,4,2026-02-22,808.92,CUST00753,united kingdom
502115,P10017,Formal Shirt,Apparel,1,2025-04-01,562.91,,india
500495,P10002,Bluetooth Speaker,Electronics,5,2025-06-06,2723.88,CUST00165,India
500473,P10016,Wool Sweater,Apparel,4,2025-02-10,1250.39,CUST00158,United States
500933,P10025,Yoga Mat,Sports & Outdoors,5,2025-09-20,270.08,CUST00260,India
501268,P10024,Beard Trimmer,Beauty & Personal Care,5,2025-08-31,700.79,CUST00343, India 
502505,P10011,Ceramic Mug Set,Home & Kitchen,4,2026-04-30,1993.94,CUST00706, Singapore 
502104,P10018,Yoga Pants,Apparel,4,2025-07-27,608.28,, India 
500215,P10021,Lip Balm Set,Beauty & Personal Care,-4,2026-06-19,652.97,CUST00084,india
500097,P10016,Wool Sweater,Apparel,2,2026-01-21,1250.39,CUST00039,UNITED KINGDOM
503014,P10014,Denim Jacket,Apparel,4,2025-02-20,1048.3,CUST00833,India
501888,P10001,Wireless Earbuds,Electronics,5,2025-11-19,606.94,CUST00530,Germany
502281,P10012,Storage Organizer,Home & Kitchen,3,2025-08-19,1268.9,CUST00637,India
501858,P10016,Wool Sweater,Apparel,4,2025-06-23,1250.39,CUST00521,United Kingdom
502333,P10035,Whiteboard Marker Set,Stationery & Office,1,2026-04-14,808.92,CUST00661,India
502536,P10026,Resistance Bands Set,Sports & Outdoors,2,2026-03-03,636.23,CUST00724,United States
500012,P10026,Resistance Bands Set,Sports & Outdoors,5,2026-01-19,636.23,CUST00006,India
501003,P10011,Ceramic Mug Set,Home & Kitchen,1,2025-07-13,1993.94,CUST00282,India
501643,P10032,Gel Pen Pack,Stationery & Office,1,2025-04-09,687.3,CUST00457, India 
501127,P10032,Gel Pen Pack,Stationery & Office,3,2026-03-06,687.3,CUST00312,India
501385,P10026,Resistance Bands Set,Sports & Outdoors,4,2025-02-12,636.23,CUST00385,United States
502793,P10012,Storage Organizer,Home & Kitchen,2,2026-03-06,1268.9,CUST00779,United States
502671,P10017,Formal Shirt,Apparel,4,2026-04-01,562.91,CUST00753,United Kingdom
501835,P10032,Gel Pen Pack,Stationery & Office,2,2026-06-01,687.3,CUST00508, Germany 
502593,P10029,Badminton Racket,Sports & Outdoors,5,2026-06-04,274.87,CUST00731,India
501150,P10010,Insulated Water Bottle,Home & Kitchen,5,2025-06-27,396.84,CUST00319,India
501594,P10007,Non-Stick Pan,Home & Kitchen,1,2026-03-18,331.24,CUST00448,UNITED STATES
501639,P10010,Insulated Water Bottle,Home & Kitchen,5,2025-04-22,396.84,CUST00453,India
500999,P10006,Smartwatch Band,Electronics,-3,2025-03-23,990.13,CUST00281,Germany
502660,P10011,Ceramic Mug Set,Home & Kitchen,4,2025-08-11,1993.94,CUST00753,UNITED KINGDOM
500287,P10008,LED Desk Lamp,Home & Kitchen,1,2025-03-19,1311.15,CUST00113,UAE
501314,P10025,Yoga Mat,Sports & Outdoors,2,2025-11-26,270.08,CUST00353,United Kingdom
501799,P10029,Badminton Racket,Sports & Outdoors,5,2025-07-13,274.87,CUST00497,United Kingdom
500058,P10019,Face Serum,Beauty & Personal Care,2,2026-04-21,1312.41,CUST00028,India
501496,P10015,Running Shoes,Apparel,2,2025-07-14,980.3,CUST00422,United States
501191,P10026,Resistance Bands Set,Sports & Outdoors,5,2026-04-28,636.23,CUST00324,INDIA
501427,P10011,Ceramic Mug Set,Home & Kitchen,2,2025-01-11,1993.94,CUST00392,India
502934,P10018,Yoga Pants,Apparel,3,2025-07-29,608.28,CUST00815,GERMANY
501201,P10022,Sunscreen SPF50,Beauty & Personal Care,1,2025-09-20,514.51,CUST00324,India
501797,P10023,Hair Dryer,Beauty & Personal Care,3,2026-06-16,1018.4,CUST00497,UNITED KINGDOM
502345,P10008,LED Desk Lamp,Home & Kitchen,1,2025-10-17,1311.15,CUST00665,India
502543,P10027,Water Bottle Sipper,Sports & Outdoors,-4,2026-04-08,2203.72,CUST00725,united kingdom
501059,P10027,Water Bottle Sipper,Sports & Outdoors,5,2026-02-13,2203.72,CUST00295,India
501166,P10028,Camping Torch,Sports & Outdoors,5,2025-04-13,2043.99,CUST00324,India
502340,P10025,Yoga Mat,Sports & Outdoors,1,2026-05-04,270.08,CUST00664,INDIA
501473,P10017,Formal Shirt,Apparel,2,2026-06-09,562.91,CUST00416,INDIA
500295,P10018,Yoga Pants,Apparel,1,2025-08-18,608.28,CUST00114,United States
500785,P10025,Yoga Mat,Sports & Outdoors,2,2025-10-26,270.08,CUST00219,UNITED KINGDOM
501326,P10019,Face Serum,Beauty & Personal Care,3,2025-05-13,1312.41,CUST00357,India
503038,P10010,Insulated Water Bottle,Home & Kitchen,3,2025-01-10,396.84,CUST00839,United Kingdom
501725,P10034,Sticky Notes Pack,Stationery & Office,5,2026-06-02,147.9,CUST00475,India
501187,P10018,Yoga Pants,Apparel,1,2025-11-27,608.28,CUST00324,INDIA
502854,P10010,Insulated Water Bottle,Home & Kitchen,3,2025-10-20,396.84,CUST00796,Germany
501083,P10018,Yoga Pants,Apparel,4,2025-08-13,608.28,CUST00300,India
501841,P10027,Water Bottle Sipper,Sports & Outdoors,1,2025-01-27,2203.72,CUST00510,United States
500341,P10021,Lip Balm Set,Beauty & Personal Care,5,2025-07-19,652.97,CUST00126,India
501948,P10008,LED Desk Lamp,Home & Kitchen,2,2025-06-18,1311.15,CUST00540,INDIA
502387,P10002,Bluetooth Speaker,Electronics,1,2025-06-19,2723.88,CUST00677,INDIA
501579,P10001,Wireless Earbuds,Electronics,5,2026-06-16,606.94,CUST00448,united states
503101,P10006,Smartwatch Band,Electronics,4,2026-02-20,990.13,CUST00849,India
502938,P10024,Beard Trimmer,Beauty & Personal Care,5,2025-12-10,700.79,CUST00816,India
501965,P10020,Herbal Shampoo,Beauty & Personal Care,4,2025-09-29,1426.26,CUST00543,India
501667,P10030,Cycling Gloves,Sports & Outdoors,-3,2025-09-29,820.52,CUST00463,United States
502645,P10007,Non-Stick Pan,Home & Kitchen,1,2025-04-15,331.24,CUST00749,UAE
502998,P10032,Gel Pen Pack,Stationery & Office,3,2025-11-03,687.3,CUST00830,India
500598,P10009,Cotton Bedsheet Set,Home & Kitchen,1,2026-03-15,1519.89,CUST00177,United Kingdom
500146,P10007,Non-Stick Pan,Home & Kitchen,3,2025-08-27,331.24,CUST00052,United States
500333,P10034,Sticky Notes Pack,Stationery & Office,4,2026-06-27,147.9,CUST00126,india
501353,P10034,Sticky Notes Pack,Stationery & Office,1,2026-05-24,147.9,CUST00365,UAE
500468,P10036,Backpack,Stationery & Office,4,2025-12-23,218.62,CUST00156,India
501216,P10023,Hair Dryer,Beauty & Personal Care,1,2025-09-17,1018.4,CUST00330,India
501687,P10034,Sticky Notes Pack,Stationery & Office,4,2025-07-18,147.9,CUST00463,United States
502171,P10035,Whiteboard Marker Set,Stationery & Office,2,2025-08-13,808.92,CUST00591,India
501483,P10014,Denim Jacket,Apparel,1,2025-02-11,1048.3,CUST00419,United Kingdom
501741,P10013,Cotton T-Shirt,Apparel,2,2025-12-04,1190.46,CUST00482,United Kingdom
501414,P10002,Bluetooth Speaker,Electronics,3,2026-03-07,2723.88,CUST00392,India
502918,P10020,Herbal Shampoo,Beauty & Personal Care,1,2025-03-01,1426.26,CUST00813,India
500346,P10023,Hair Dryer,Beauty & Personal Care,2,2025-11-28,1018.4,CUST00126,India
500362,P10004,USB-C Cable,Electronics,1,2026-01-27,3182.97,CUST00127,United States
501598,P10027,Water Bottle Sipper,Sports & Outdoors,2,2026-03-01,2203.72,CUST00448,United States
500872,P10032,Gel Pen Pack,Stationery & Office,5,2025-07-06,687.3,CUST00236,united states
502944,P10017,Formal Shirt,Apparel,5,2025-06-23,562.91,CUST00821,UNITED STATES
501683,P10021,Lip Balm Set,Beauty & Personal Care,3,2025-05-25,652.97,CUST00463,United States
500666,P10032,Gel Pen Pack,Stationery & Office,2,2025-05-12,687.3,CUST00196,India
503042,P10034,Sticky Notes Pack,Stationery & Office,1,2025-11-16,147.9,CUST00841,India
502987,P10006,Smartwatch Band,Electronics,4,2025-06-01,990.13,CUST00830,India
500043,P10035,Whiteboard Marker Set,Stationery & Office,1,2025-12-05,808.92,CUST00020,India
501599,P10028,Camping Torch,Sports & Outdoors,5,2026-03-24,2043.99,CUST00448,United States
500453,P10027,Water Bottle Sipper,Sports & Outdoors,3,2025-06-21,2203.72,CUST00147,UNITED KINGDOM
502835,P10029,Badminton Racket,Sports & Outdoors,5,2025-10-21,274.87,CUST00787,United Kingdom
502970,P10022,Sunscreen SPF50,Beauty & Personal Care,2,2025-11-01,514.51,CUST00830,India
502918,P10018,Yoga Pants,Apparel,5,2025-03-01,608.28,CUST00813,india
500274,P10012,Storage Organizer,Home & Kitchen,1,2026-01-18,1268.9,CUST00111, India 
502570,P10020,Herbal Shampoo,Beauty & Personal Care,1,2025-03-19,1426.26,CUST00731,India
500581,P10022,Sunscreen SPF50,Beauty & Personal Care,2,2025-08-04,514.51,CUST00176,India
500392,P10029,Badminton Racket,Sports & Outdoors,4,2025-04-30,274.87,CUST00135,UAE
501077,P10014,Denim Jacket,Apparel,1,2025-08-27,1048.3,CUST00300,india
500958,P10011,Ceramic Mug Set,Home & Kitchen,4,2026-01-02,1993.94,CUST00266,United States
502003,P10021,Lip Balm Set,Beauty & Personal Care,1,2025-07-21,652.97,CUST00555,Germany
500828,P10008,LED Desk Lamp,Home & Kitchen,4,2025-04-22,1311.15,CUST00219,United Kingdom
501964,P10014,Denim Jacket,Apparel,1,2025-10-07,1048.3,CUST00543,India
502344,P10007,Non-Stick Pan,Home & Kitchen,4,2025-04-23,331.24,CUST00665,india
503107,P10026,Resistance Bands Set,Sports & Outdoors,1,2025-02-15,636.23,CUST00850,United Kingdom
500421,P10001,Wireless Earbuds,Electronics,4,2025-11-02,606.94,CUST00138,United States
500044,P10016,Wool Sweater,Apparel,5,2026-01-27,1250.39,CUST00020,India
500488,P10018,Yoga Pants,Apparel,3,2026-03-31,608.28,CUST00163,United Kingdom
502016,P10027,Water Bottle Sipper,Sports & Outdoors,1,2026-05-06,2203.72,CUST00560,United Kingdom
502095,P10022,Sunscreen SPF50,Beauty & Personal Care,3,2025-05-02,514.51,CUST00579,india
502582,P10020,Herbal Shampoo,Beauty & Personal Care,5,2026-05-25,1426.26,CUST00731,India
501347,P10024,Beard Trimmer,Beauty & Personal Care,2,2025-07-18,700.79,CUST00363,India
501620,P10027,Water Bottle Sipper,Sports & Outdoors,2,2025-02-10,2203.72,CUST00449,India
502258,P10028,Camping Torch,Sports & Outdoors,5,2025-04-22,2043.99,CUST00632,Germany
502784,P10005,Power Bank 10000mAh,Electronics,3,2026-04-23,1034.93,CUST00779,UNITED STATES
502049,P10023,Hair Dryer,Beauty & Personal Care,1,2025-06-11,1018.4,CUST00568,India
500502,P10004,USB-C Cable,Electronics,1,2026-02-10,3182.97,,India
501337,P10011,Ceramic Mug Set,Home & Kitchen,5,2025-03-18,1993.94,CUST00359,UAE
502279,P10027,Water Bottle Sipper,Sports & Outdoors,3,2025-06-14,2203.72,CUST00636,India
501911,P10008,LED Desk Lamp,Home & Kitchen,4,2025-06-27,1311.15,CUST00539,India
500606,P10007,Non-Stick Pan,Home & Kitchen,1,2025-05-17,331.24,CUST00181,India
502717,P10009,Cotton Bedsheet Set,Home & Kitchen,-2,2026-04-14,1519.89,CUST00761,india
500454,P10029,Badminton Racket,Sports & Outdoors,3,2025-10-16,274.87,CUST00148,INDIA
500574,P10035,Whiteboard Marker Set,Stationery & Office,4,2025-10-29,808.92,CUST00176,India
502895,P10005,Power Bank 10000mAh,Electronics,3,2025-01-23,1034.93,CUST00804,United Kingdom
502339,P10028,Camping Torch,Sports & Outdoors,5,2026-04-12,2043.99,CUST00663,United Kingdom
502336,P10020,Herbal Shampoo,Beauty & Personal Care,5,2026-03-04,1426.26,CUST00661,India
501929,P10024,Beard Trimmer,Beauty & Personal Care,1,2025-03-09,700.79,CUST00539,India
501349,P10017,Formal Shirt,Apparel,3,2026-05-05,562.91,CUST00363,India
503008,P10016,Wool Sweater,Apparel,3,2025-09-12,1250.39,CUST00833,india
501553,P10017,Formal Shirt,Apparel,5,2025-04-29,562.91,CUST00439,United States
501536,P10010,Insulated Water Bottle,Home & Kitchen,5,2026-03-11,396.84,CUST00439,united states
501112,P10018,Yoga Pants,Apparel,5,2025-05-02,608.28,CUST00311,India
502596,P10003,Phone Case,Electronics,2,2025-01-03,1049.71,CUST00731,India
503082,P10035,Whiteboard Marker Set,Stationery & Office,4,2026-05-11,808.92,CUST00842,United Kingdom
502700,P10020,Herbal Shampoo,Beauty & Personal Care,3,2025-09-12,1426.26,CUST00754,india
500967,P10018,Yoga Pants,Apparel,4,2025-11-01,608.28,CUST00270,India
502273,P10028,Camping Torch,Sports & Outdoors,5,2025-10-11,2043.99,CUST00636,India
501808,P10026,Resistance Bands Set,Sports & Outdoors,5,2025-05-15,636.23,CUST00500,Singapore
501801,P10002,Bluetooth Speaker,Electronics,4,2025-07-16,2723.88,CUST00497,United Kingdom
502333,P10027,Water Bottle Sipper,Sports & Outdoors,2,2026-04-14,2203.72,CUST00661,India
502945,P10021,Lip Balm Set,Beauty & Personal Care,1,2026-02-12,652.97,CUST00821,united states
502319,P10024,Beard Trimmer,Beauty & Personal Care,3,2025-01-17,700.79,CUST00659,United Kingdom
503096,P10017,Formal Shirt,Apparel,4,2025-10-05,562.91,CUST00846,India
502159,P10008,LED Desk Lamp,Home & Kitchen,5,2026-05-04,1311.15,CUST00587,India
500129,P10015,Running Shoes,Apparel,5,2026-04-11,980.3,CUST00047,India
502687,P10018,Yoga Pants,Apparel,2,2026-05-22,608.28,CUST00753,United Kingdom
502275,P10004,USB-C Cable,Electronics,3,2025-09-21,3182.97,CUST00636,India
502769,P10017,Formal Shirt,Apparel,1,2025-06-27,562.91,CUST00779,UNITED STATES
502188,P10029,Badminton Racket,Sports & Outdoors,5,2025-05-01,274.87,CUST00599,India
501515,P10011,Ceramic Mug Set,Home & Kitchen,1,2025-02-11,1993.94,CUST00428,Germany
501682,P10012,Storage Organizer,Home & Kitchen,4,2025-02-20,1268.9,CUST00463,United States
503027,P10029,Badminton Racket,Sports & Outdoors,4,2025-03-30,274.87,CUST00833,India
500912,P10021,Lip Balm Set,Beauty & Personal Care,4,2026-04-25,652.97,CUST00252,India
502071,P10016,Wool Sweater,Apparel,2,2026-05-02,1250.39,CUST00576,uae
502960,P10013,Cotton T-Shirt,Apparel,2,2026-03-11,1190.46,CUST00830,India
501323,P10035,Whiteboard Marker Set,Stationery & Office,5,2026-03-28,808.92,CUST00356,United Kingdom
501756,P10020,Herbal Shampoo,Beauty & Personal Care,2,2025-06-20,1426.26,,United Kingdom
502508,P10019,Face Serum,Beauty & Personal Care,1,2026-04-10,1312.41,CUST00709,INDIA
500403,P10033,Desk Organizer,Stationery & Office,2,2026-03-18,67.73,CUST00137,India
500359,P10025,Yoga Mat,Sports & Outdoors,2,2025-04-04,270.08,CUST00127,united states
500347,P10027,Water Bottle Sipper,Sports & Outdoors,4,2025-11-25,2203.72,CUST00126,India
500290,P10036,Backpack,Stationery & Office,4,2026-06-09,218.62,CUST00113,UAE
501260,P10020,Herbal Shampoo,Beauty & Personal Care,3,2025-09-26,1426.26,CUST00343,India
502392,P10033,Desk Organizer,Stationery & Office,4,2025-08-05,67.73,CUST00679,Singapore
501440,P10035,Whiteboard Marker Set,Stationery & Office,2,2025-05-04,808.92,CUST00398,INDIA
503078,P10014,Denim Jacket,Apparel,2,2025-04-03,1048.3,CUST00842,United Kingdom
500140,P10031,Notebook Set,Stationery & Office,1,2025-04-12,268.52,CUST00051,Singapore
501226,P10016,Wool Sweater,Apparel,2,2025-02-13,1250.39,CUST00335,india
502901,P10003,Phone Case,Electronics,5,2026-02-21,1049.71,CUST00807,UAE
500635,P10029,Badminton Racket,Sports & Outdoors,2,2025-07-09,274.87,CUST00189,india
502179,P10006,Smartwatch Band,Electronics,5,2025-01-27,990.13,,india
501865,P10036,Backpack,Stationery & Office,2,2025-04-18,218.62,CUST00522,India
501640,P10018,Yoga Pants,Apparel,1,2026-05-29,608.28,CUST00454,UAE
501283,P10025,Yoga Mat,Sports & Outdoors,5,2025-01-08,270.08,CUST00345,India
500547,P10001,Wireless Earbuds,Electronics,5,2026-04-11,606.94,CUST00169,INDIA
502291,P10019,Face Serum,Beauty & Personal Care,3,2025-09-15,1312.41,CUST00643,India
501182,P10035,Whiteboard Marker Set,Stationery & Office,4,2026-04-02,808.92,CUST00324,India
501024,P10023,Hair Dryer,Beauty & Personal Care,3,2025-08-28,1018.4,CUST00286,INDIA
502590,P10019,Face Serum,Beauty & Personal Care,2,2025-04-01,1312.41,CUST00731,India
500533,P10031,Notebook Set,Stationery & Office,5,2025-05-25,268.52,CUST00169,India
500001,P10014,Denim Jacket,Apparel,1,2026-04-28,1048.3,CUST00001,India
501200,P10002,Bluetooth Speaker,Electronics,3,2025-06-29,2723.88,CUST00324,India
502735,P10002,Bluetooth Speaker,Electronics,4,2025-06-26,2723.88,CUST00770,Germany
502708,P10019,Face Serum,Beauty & Personal Care,3,2026-05-18,1312.41,CUST00756,United States
501905,P10010,Insulated Water Bottle,Home & Kitchen,2,2026-03-27,396.84,CUST00536,UAE
501602,P10011,Ceramic Mug Set,Home & Kitchen,3,2025-01-19,1993.94,CUST00448,United States
500202,P10013,Cotton T-Shirt,Apparel,1,2025-09-26,1190.46,CUST00075,United States
501354,P10028,Camping Torch,Sports & Outdoors,5,2025-06-16,2043.99,CUST00365,UAE
500920,P10028,Camping Torch,Sports & Outdoors,3,2025-10-25,2043.99,CUST00255,India
500966,P10026,Resistance Bands Set,Sports & Outdoors,4,2026-03-19,636.23,CUST00269,India
501504,P10024,Beard Trimmer,Beauty & Personal Care,4,2026-01-05,700.79,CUST00426,INDIA
502938,P10019,Face Serum,Beauty & Personal Care,2,2025-12-10,1312.41,CUST00816,India
500915,P10002,Bluetooth Speaker,Electronics,5,2025-06-07,2723.88,CUST00254, India 
501000,P10031,Notebook Set,Stationery & Office,1,2026-01-01,268.52,,Germany
501276,P10036,Backpack,Stationery & Office,2,2025-02-28,218.62,CUST00343,India
500409,P10021,Lip Balm Set,Beauty & Personal Care,1,2025-03-25,652.97,,UNITED STATES
502286,P10029,Badminton Racket,Sports & Outdoors,3,2025-12-22,274.87,CUST00641,India
500141,P10001,Wireless Earbuds,Electronics,4,2025-06-19,606.94,,UNITED STATES
501547,P10034,Sticky Notes Pack,Stationery & Office,4,2025-05-29,147.9,CUST00439,United States
502513,P10001,Wireless Earbuds,Electronics,4,2026-03-28,606.94,CUST00711,United States
500569,P10036,Backpack,Stationery & Office,2,2026-05-29,218.62,CUST00175,United Kingdom
500980,P10025,Yoga Mat,Sports & Outdoors,4,2025-12-25,270.08,CUST00273,Germany
500065,P10007,Non-Stick Pan,Home & Kitchen,2,2025-02-21,331.24,CUST00032,INDIA
501499,P10032,Gel Pen Pack,Stationery & Office,1,2026-04-25,687.3,CUST00424,India
501177,P10021,Lip Balm Set,Beauty & Personal Care,2,2025-04-16,652.97,CUST00324,India
502184,P10013,Cotton T-Shirt,Apparel,5,2025-08-29,1190.46,CUST00596,india
502933,P10017,Formal Shirt,Apparel,3,2025-12-08,562.91,CUST00815,germany
501808,P10017,Formal Shirt,Apparel,4,2025-05-15,562.91,CUST00500,singapore
500673,P10015,Running Shoes,Apparel,5,2025-01-24,980.3,CUST00198,Germany
501268,P10011,Ceramic Mug Set,Home & Kitchen,5,2025-08-31,1993.94,CUST00343,India
501016,P10007,Non-Stick Pan,Home & Kitchen,5,2025-06-09,331.24,CUST00286,india
502240,P10036,Backpack,Stationery & Office,3,2025-09-14,218.62,CUST00627,India
500269,P10030,Cycling Gloves,Sports & Outdoors,3,2025-01-23,820.52,CUST00107,India
501534,P10025,Yoga Mat,Sports & Outdoors,2,2025-06-05,270.08,CUST00438,GERMANY
502791,P10002,Bluetooth Speaker,Electronics,5,2026-01-30,2723.88,CUST00779,United States
500119,P10026,Resistance Bands Set,Sports & Outdoors,2,2026-04-01,636.23,CUST00047,India
502864,P10017,Formal Shirt,Apparel,2,2026-01-28,562.91,CUST00796,Germany
502832,P10010,Insulated Water Bottle,Home & Kitchen,3,2025-01-12,396.84,CUST00787,united kingdom
501265,P10019,Face Serum,Beauty & Personal Care,1,2025-07-06,1312.41,CUST00343,India
501876,P10023,Hair Dryer,Beauty & Personal Care,1,2025-08-03,1018.4,CUST00526,India
501475,P10007,Non-Stick Pan,Home & Kitchen,1,2026-02-06,331.24,CUST00416,India
502841,P10008,LED Desk Lamp,Home & Kitchen,3,2025-09-30,1311.15,CUST00789,India
500303,P10008,LED Desk Lamp,Home & Kitchen,5,2025-02-17,1311.15,CUST00117,united states
502709,P10021,Lip Balm Set,Beauty & Personal Care,1,2025-03-04,652.97,CUST00757,United Kingdom
502695,P10014,Denim Jacket,Apparel,3,2025-06-15,1048.3,CUST00754,India
500229,P10034,Sticky Notes Pack,Stationery & Office,3,2026-06-27,147.9,CUST00087,United States
501867,P10005,Power Bank 10000mAh,Electronics,3,2025-12-19,1034.93,,Singapore
502686,P10021,Lip Balm Set,Beauty & Personal Care,2,2025-11-22,652.97,CUST00753,united kingdom
501198,P10036,Backpack,Stationery & Office,2,2025-07-10,218.62,CUST00324,India
501902,P10024,Beard Trimmer,Beauty & Personal Care,4,2026-06-11,700.79,CUST00534,UNITED KINGDOM
502091,P10003,Phone Case,Electronics,5,2026-02-27,1049.71,CUST00579,India
501582,P10012,Storage Organizer,Home & Kitchen,3,2025-06-18,1268.9,CUST00448,United States
501133,P10027,Water Bottle Sipper,Sports & Outdoors,5,2025-09-18,2203.72,CUST00312,India
501015,P10032,Gel Pen Pack,Stationery & Office,5,2025-12-19,687.3,CUST00286,India
501072,P10022,Sunscreen SPF50,Beauty & Personal Care,3,2025-10-20,514.51,CUST00298,India
500659,P10006,Smartwatch Band,Electronics,5,2026-06-12,990.13,,United Kingdom
501618,P10009,Cotton Bedsheet Set,Home & Kitchen,4,2026-02-28,1519.89,CUST00449,india
502358,P10029,Badminton Racket,Sports & Outdoors,1,2025-04-20,274.87,CUST00667,India
501944,P10029,Badminton Racket,Sports & Outdoors,1,2025-07-17,274.87,CUST00540,India
501873,P10027,Water Bottle Sipper,Sports & Outdoors,-1,2025-12-19,2203.72,CUST00524,GERMANY
500568,P10019,Face Serum,Beauty & Personal Care,2,2025-12-26,1312.41,CUST00175,UNITED KINGDOM
501281,P10005,Power Bank 10000mAh,Electronics,5,2025-06-11,1034.93,CUST00345,India
501968,P10034,Sticky Notes Pack,Stationery & Office,1,2025-06-15,147.9,CUST00544,United Kingdom
501282,P10004,USB-C Cable,Electronics,3,2026-03-31,3182.97,CUST00345,India
502483,P10020,Herbal Shampoo,Beauty & Personal Care,1,2025-02-15,1426.26,CUST00706,Singapore
500313,P10015,Running Shoes,Apparel,5,2025-02-24,980.3,CUST00120,India
502769,P10014,Denim Jacket,Apparel,5,2025-06-27,1048.3,CUST00779,United States
500646,P10016,Wool Sweater,Apparel,2,2026-05-25,1250.39,CUST00192,Germany
500650,P10001,Wireless Earbuds,Electronics,5,2025-07-04,606.94,CUST00194,UNITED KINGDOM
500995,P10005,Power Bank 10000mAh,Electronics,3,2025-09-14,1034.93,CUST00280,United States
501240,P10034,Sticky Notes Pack,Stationery & Office,3,2025-11-28,147.9,CUST00338,United States
501728,P10008,LED Desk Lamp,Home & Kitchen,5,2025-05-22,1311.15,CUST00476,Singapore
502398,P10003,Phone Case,Electronics,5,2025-05-08,1049.71,CUST00683,India
500216,P10033,Desk Organizer,Stationery & Office,5,2026-01-22,67.73,CUST00085,India
502723,P10028,Camping Torch,Sports & Outdoors,1,2026-02-09,2043.99,CUST00763,India
500607,P10005,Power Bank 10000mAh,Electronics,1,2025-10-21,1034.93,CUST00182,India
501315,P10034,Sticky Notes Pack,Stationery & Office,2,2025-01-02,147.9,CUST00354,India
500439,P10003,Phone Case,Electronics,4,2025-09-20,1049.71,CUST00142,india
500965,P10031,Notebook Set,Stationery & Office,4,2025-03-11,268.52,CUST00269,India
501067,P10024,Beard Trimmer,Beauty & Personal Care,5,2025-06-19,700.79,CUST00298,india
500021,P10019,Face Serum,Beauty & Personal Care,3,2026-02-18,1312.41,CUST00009,United Kingdom
501136,P10017,Formal Shirt,Apparel,3,2026-03-28,562.91,CUST00312,India
502988,P10033,Desk Organizer,Stationery & Office,3,2025-01-27,67.73,CUST00830,India
500722,P10018,Yoga Pants,Apparel,-5,2025-10-28,608.28,CUST00203,india
503100,P10025,Yoga Mat,Sports & Outdoors,2,2025-11-21,270.08,CUST00848,Singapore
501700,P10008,LED Desk Lamp,Home & Kitchen,5,2026-05-15,1311.15,CUST00468,GERMANY
500624,P10002,Bluetooth Speaker,Electronics,4,2026-06-09,2723.88,CUST00189,india
501523,P10005,Power Bank 10000mAh,Electronics,1,2025-12-12,1034.93,CUST00432,United States
501602,P10019,Face Serum,Beauty & Personal Care,4,2025-01-19,1312.41,CUST00448,United States
502592,P10023,Hair Dryer,Beauty & Personal Care,3,2026-02-16,1018.4,CUST00731,India
502930,P10014,Denim Jacket,Apparel,5,2026-05-04,1048.3,CUST00815,Germany
501441,P10009,Cotton Bedsheet Set,Home & Kitchen,1,2026-04-19,1519.89,CUST00399,United States
501789,P10032,Gel Pen Pack,Stationery & Office,1,2025-09-10,687.3,CUST00497,United Kingdom
501424,P10026,Resistance Bands Set,Sports & Outdoors,4,2026-03-17,636.23,CUST00392,India
501470,P10007,Non-Stick Pan,Home & Kitchen,5,2026-03-07,331.24,CUST00416,India
502420,P10029,Badminton Racket,Sports & Outdoors,2,2025-10-23,274.87,CUST00694,India
501238,P10027,Water Bottle Sipper,Sports & Outdoors,4,2025-12-23,2203.72,CUST00338,United States
501504,P10030,Cycling Gloves,Sports & Outdoors,5,2026-01-05,820.52,CUST00426,India
502995,P10019,Face Serum,Beauty & Personal Care,4,2026-06-17,1312.41,CUST00830,India
503018,P10021,Lip Balm Set,Beauty & Personal Care,2,2026-01-26,652.97,CUST00833,india
500427,P10020,Herbal Shampoo,Beauty & Personal Care,3,2025-09-02,1426.26,CUST00139,India
502901,P10020,Herbal Shampoo,Beauty & Personal Care,4,2026-02-21,1426.26,CUST00807,UAE
501246,P10010,Insulated Water Bottle,Home & Kitchen,1,2025-08-09,396.84,CUST00338,UNITED STATES
502846,P10033,Desk Organizer,Stationery & Office,4,2025-01-30,67.73,CUST00792,united kingdom
502472,P10005,Power Bank 10000mAh,Electronics,5,2026-04-02,1034.93,CUST00706, Singapore 
500204,P10008,LED Desk Lamp,Home & Kitchen,5,2026-01-27,1311.15,CUST00076,United States
501985,P10001,Wireless Earbuds,Electronics,3,2025-06-04,606.94,CUST00553,United Kingdom
503006,P10007,Non-Stick Pan,Home & Kitchen,4,2025-03-04,331.24,CUST00832,india
500957,P10023,Hair Dryer,Beauty & Personal Care,3,2025-05-02,1018.4,CUST00266,United States
500605,P10033,Desk Organizer,Stationery & Office,1,2026-01-12,67.73,CUST00180,India
502832,P10032,Gel Pen Pack,Stationery & Office,1,2025-01-12,687.3,CUST00787,United Kingdom
502489,P10007,Non-Stick Pan,Home & Kitchen,3,2025-09-22,331.24,CUST00706,Singapore
501182,P10007,Non-Stick Pan,Home & Kitchen,2,2026-04-02,331.24,CUST00324,india
502675,P10019,Face Serum,Beauty & Personal Care,3,2026-06-16,1312.41,CUST00753,United Kingdom
502636,P10009,Cotton Bedsheet Set,Home & Kitchen,1,2025-12-11,1519.89,CUST00748,india
501601,P10035,Whiteboard Marker Set,Stationery & Office,1,2026-05-03,808.92,CUST00448,United States
501278,P10030,Cycling Gloves,Sports & Outdoors,1,2025-01-31,820.52,CUST00343,india
501375,P10012,Storage Organizer,Home & Kitchen,4,2025-05-17,1268.9,CUST00377,Germany
500034,P10007,Non-Stick Pan,Home & Kitchen,1,2026-01-13,331.24,CUST00016,India
502949,P10015,Running Shoes,Apparel,2,2025-11-01,980.3,CUST00824,India
500535,P10003,Phone Case,Electronics,1,2026-01-21,1049.71,CUST00169,India
500972,P10035,Whiteboard Marker Set,Stationery & Office,1,2025-10-19,808.92,CUST00272,United States
502083,P10002,Bluetooth Speaker,Electronics,2,2026-01-19,2723.88,CUST00579,India
503021,P10032,Gel Pen Pack,Stationery & Office,5,2025-01-19,687.3,,India
501121,P10033,Desk Organizer,Stationery & Office,2,2025-12-19,67.73,CUST00311, India 
502213,P10032,Gel Pen Pack,Stationery & Office,4,2026-01-18,687.3,,germany
501305,P10015,Running Shoes,Apparel,-3,2026-01-19,980.3,CUST00353,UNITED KINGDOM
500410,P10021,Lip Balm Set,Beauty & Personal Care,3,2025-07-09,652.97,CUST00138, United States 
501924,P10011,Ceramic Mug Set,Home & Kitchen,2,2025-08-24,1993.94,CUST00539,INDIA
502628,P10018,Yoga Pants,Apparel,3,2025-11-24,608.28,CUST00743,united states
502722,P10013,Cotton T-Shirt,Apparel,5,2025-09-29,1190.46,CUST00763,India
500096,P10029,Badminton Racket,Sports & Outdoors,5,2025-03-12,274.87,CUST00038, India 
502766,P10012,Storage Organizer,Home & Kitchen,4,2025-12-06,1268.9,CUST00779,United States
502426,P10020,Herbal Shampoo,Beauty & Personal Care,1,2025-10-01,1426.26,CUST00698,United Kingdom
501337,P10011,Ceramic Mug Set,Home & Kitchen,5,2025-03-18,1993.94,CUST00359,UAE
501404,P10014,Denim Jacket,Apparel,5,2025-08-17,1048.3,CUST00392,India
500917,P10032,Gel Pen Pack,Stationery & Office,4,2025-08-13,687.3,CUST00255,India
500076,P10014,Denim Jacket,Apparel,3,2025-05-01,1048.3,CUST00033,India
502159,P10014,Denim Jacket,Apparel,1,2026-05-04,1048.3,CUST00587,India
501011,P10011,Ceramic Mug Set,Home & Kitchen,-1,2025-03-15,1993.94,CUST00286,India
502650,P10028,Camping Torch,Sports & Outdoors,3,2026-01-31,2043.99,CUST00751,India
500897,P10004,USB-C Cable,Electronics,4,2025-06-30,3182.97,CUST00245,India
500477,P10026,Resistance Bands Set,Sports & Outdoors,4,2025-08-18,636.23,CUST00159,India
501557,P10012,Storage Organizer,Home & Kitchen,3,2026-04-10,1268.9,CUST00442,Singapore
501397,P10020,Herbal Shampoo,Beauty & Personal Care,3,2025-05-17,1426.26,CUST00388,India
501869,P10018,Yoga Pants,Apparel,5,2025-11-26,608.28,CUST00524, Germany 
500413,P10024,Beard Trimmer,Beauty & Personal Care,3,2025-05-07,700.79,CUST00138,UNITED STATES
500078,P10021,Lip Balm Set,Beauty & Personal Care,4,2025-04-15,652.97,CUST00035,Singapore
500974,P10007,Non-Stick Pan,Home & Kitchen,4,2025-06-20,331.24,,United States
501320,P10014,Denim Jacket,Apparel,5,2025-04-01,1048.3,CUST00355,india
501571,P10004,USB-C Cable,Electronics,4,2025-01-14,3182.97,CUST00448,United States
500582,P10007,Non-Stick Pan,Home & Kitchen,5,2026-02-05,331.24,CUST00176,INDIA
500877,P10018,Yoga Pants,Apparel,3,2025-12-01,608.28,CUST00236,United States
502910,P10025,Yoga Mat,Sports & Outdoors,4,2025-10-20,270.08,CUST00813, India 
500781,P10007,Non-Stick Pan,Home & Kitchen,5,2025-07-23,331.24,CUST00218,United States
501299,P10011,Ceramic Mug Set,Home & Kitchen,4,2025-04-29,1993.94,CUST00353,United Kingdom
501292,P10017,Formal Shirt,Apparel,5,2025-09-21,562.91,CUST00350,United Kingdom
501893,P10007,Non-Stick Pan,Home & Kitchen,-2,2026-04-28,331.24,CUST00533,Singapore
501271,P10027,Water Bottle Sipper,Sports & Outdoors,4,2025-09-29,2203.72,CUST00343, India 
500618,P10006,Smartwatch Band,Electronics,2,2026-05-16,990.13,CUST00189,India
501941,P10017,Formal Shirt,Apparel,2,2025-08-28,562.91,CUST00540,india
500852,P10026,Resistance Bands Set,Sports & Outdoors,1,2026-06-29,636.23,CUST00232,India
500626,P10014,Denim Jacket,Apparel,1,2026-04-16,1048.3,CUST00189, India 
502830,P10020,Herbal Shampoo,Beauty & Personal Care,5,2025-07-29,1426.26,CUST00787,United Kingdom
500013,P10009,Cotton Bedsheet Set,Home & Kitchen,5,2026-02-01,1519.89,CUST00006,India
502747,P10034,Sticky Notes Pack,Stationery & Office,4,2025-12-07,147.9,CUST00773,India
501606,P10021,Lip Balm Set,Beauty & Personal Care,2,2026-05-15,652.97,CUST00448,United States
501126,P10013,Cotton T-Shirt,Apparel,2,2025-05-19,1190.46,CUST00312,India
500790,P10026,Resistance Bands Set,Sports & Outdoors,5,2026-01-27,636.23,CUST00219,United Kingdom
503000,P10021,Lip Balm Set,Beauty & Personal Care,3,2025-04-29,652.97,CUST00830,India
500282,P10011,Ceramic Mug Set,Home & Kitchen,5,2025-08-04,1993.94,,India
500782,P10024,Beard Trimmer,Beauty & Personal Care,1,2025-09-28,700.79,CUST00218,United States
502457,P10006,Smartwatch Band,Electronics,1,2026-02-17,990.13,CUST00700,India
501194,P10002,Bluetooth Speaker,Electronics,1,2025-11-22,2723.88,CUST00324,india
502446,P10028,Camping Torch,Sports & Outdoors,2,2026-06-04,2043.99,CUST00699,India
501750,P10019,Face Serum,Beauty & Personal Care,5,2025-09-20,1312.41,CUST00485,United Kingdom
500199,P10027,Water Bottle Sipper,Sports & Outdoors,4,2025-11-04,2203.72,CUST00074,UNITED STATES
500015,P10002,Bluetooth Speaker,Electronics,2,2026-06-20,2723.88,CUST00007,India
500587,P10001,Wireless Earbuds,Electronics,1,2025-06-14,606.94,CUST00176,India
502219,P10018,Yoga Pants,Apparel,3,2025-03-21,608.28,CUST00619,United States
501032,P10011,Ceramic Mug Set,Home & Kitchen,3,2025-07-20,1993.94,,INDIA
500050,P10012,Storage Organizer,Home & Kitchen,2,2025-08-08,1268.9,CUST00022,India
502020,P10031,Notebook Set,Stationery & Office,5,2026-04-06,268.52,CUST00562, India 
501008,P10023,Hair Dryer,Beauty & Personal Care,5,2025-12-22,1018.4,CUST00285,UNITED KINGDOM
500424,P10012,Storage Organizer,Home & Kitchen,4,2026-03-25,1268.9,CUST00139,India
502428,P10019,Face Serum,Beauty & Personal Care,3,2025-04-20,1312.41,CUST00699,India
501498,P10017,Formal Shirt,Apparel,3,2025-12-06,562.91,CUST00424,INDIA
500865,P10007,Non-Stick Pan,Home & Kitchen,5,2025-05-30,331.24,CUST00236, United States 
500716,P10002,Bluetooth Speaker,Electronics,1,2025-12-31,2723.88,CUST00203,India
500428,P10020,Herbal Shampoo,Beauty & Personal Care,5,2025-04-16,1426.26,CUST00139,India
500242,P10027,Water Bottle Sipper,Sports & Outdoors,4,2025-06-21,2203.72,CUST00096,India
502816,P10022,Sunscreen SPF50,Beauty & Personal Care,2,2025-08-24,514.51,CUST00782,India
500927,P10026,Resistance Bands Set,Sports & Outdoors,3,2025-03-06,636.23,,United Kingdom
503066,P10007,Non-Stick Pan,Home & Kitchen,3,2025-06-21,331.24,CUST00842,United Kingdom
502340,P10022,Sunscreen SPF50,Beauty & Personal Care,2,2026-05-04,514.51,CUST00664,INDIA
500804,P10027,Water Bottle Sipper,Sports & Outdoors,1,2025-09-19,2203.72,CUST00219,United Kingdom
502914,P10029,Badminton Racket,Sports & Outdoors,3,2025-10-30,274.87,CUST00813,india
501188,P10008,LED Desk Lamp,Home & Kitchen,2,2025-01-19,1311.15,CUST00324, India 
500243,P10029,Badminton Racket,Sports & Outdoors,1,2025-08-12,274.87,CUST00096,India
502102,P10014,Denim Jacket,Apparel,4,2025-03-06,1048.3,CUST00579,India
501396,P10025,Yoga Mat,Sports & Outdoors,2,2025-05-06,270.08,CUST00387,India
500297,P10033,Desk Organizer,Stationery & Office,3,2025-05-14,67.73,CUST00116,Germany
502330,P10001,Wireless Earbuds,Electronics,5,2025-11-28,606.94,CUST00659,United Kingdom
502012,P10036,Backpack,Stationery & Office,1,2026-02-04,218.62,CUST00559,UNITED STATES
500378,P10026,Resistance Bands Set,Sports & Outdoors,1,2025-07-25,636.23,CUST00130,India
502094,P10006,Smartwatch Band,Electronics,3,2025-10-31,990.13,CUST00579,India
502263,P10027,Water Bottle Sipper,Sports & Outdoors,5,2026-04-05,2203.72,CUST00634, India 
500807,P10012,Storage Organizer,Home & Kitchen,3,2025-07-05,1268.9,CUST00219,united kingdom
500131,P10006,Smartwatch Band,Electronics,4,2025-08-14,990.13,CUST00047,INDIA
502733,P10011,Ceramic Mug Set,Home & Kitchen,4,2025-05-09,1993.94,CUST00769,india
501638,P10030,Cycling Gloves,Sports & Outdoors,3,2025-10-08,820.52,CUST00452,United Kingdom
502072,P10030,Cycling Gloves,Sports & Outdoors,4,2025-02-07,820.52,CUST00576,UAE
501872,P10003,Phone Case,Electronics,4,2025-09-06,1049.71,CUST00524,Germany
501609,P10015,Running Shoes,Apparel,2,2025-06-25,980.3,CUST00448,United States
500619,P10005,Power Bank 10000mAh,Electronics,2,2026-01-11,1034.93,CUST00189,India
502928,P10017,Formal Shirt,Apparel,2,2026-06-09,562.91,CUST00815,GERMANY
500220,P10028,Camping Torch,Sports & Outdoors,3,2025-09-26,2043.99,CUST00086,India
500577,P10024,Beard Trimmer,Beauty & Personal Care,2,2026-04-01,700.79,CUST00176,india
500208,P10031,Notebook Set,Stationery & Office,2,2026-01-10,268.52,CUST00080,India
501744,P10033,Desk Organizer,Stationery & Office,5,2026-04-05,67.73,CUST00482,United Kingdom
500272,P10002,Bluetooth Speaker,Electronics,4,2026-05-04,2723.88,,India
500101,P10003,Phone Case,Electronics,5,2025-06-23,1049.71,CUST00042,India
500675,P10005,Power Bank 10000mAh,Electronics,2,2025-12-07,1034.93,CUST00199,Germany
502824,P10023,Hair Dryer,Beauty & Personal Care,4,2025-11-15,1018.4,CUST00786,UAE
500271,P10014,Denim Jacket,Apparel,4,2025-11-08,1048.3,CUST00108,United States
501191,P10008,LED Desk Lamp,Home & Kitchen,5,2026-04-28,1311.15,CUST00324,India
500157,P10009,Cotton Bedsheet Set,Home & Kitchen,1,2026-06-15,1519.89,CUST00058,India
501894,P10024,Beard Trimmer,Beauty & Personal Care,1,2025-04-02,700.79,CUST00534,United Kingdom
502823,P10019,Face Serum,Beauty & Personal Care,1,2025-01-07,1312.41,CUST00785,India
502319,P10028,Camping Torch,Sports & Outdoors,1,2025-01-17,2043.99,CUST00659,United Kingdom
500432,P10028,Camping Torch,Sports & Outdoors,3,2025-09-07,2043.99,CUST00139,India
501734,P10036,Backpack,Stationery & Office,2,2025-10-02,218.62,,SINGAPORE
502358,P10021,Lip Balm Set,Beauty & Personal Care,3,2025-04-20,652.97,CUST00667,India
500246,P10002,Bluetooth Speaker,Electronics,5,2025-01-25,2723.88,CUST00097,India
502176,P10005,Power Bank 10000mAh,Electronics,4,2025-07-25,1034.93,CUST00593,India
500615,P10035,Whiteboard Marker Set,Stationery & Office,3,2025-07-30,808.92,CUST00189,India
503017,P10010,Insulated Water Bottle,Home & Kitchen,5,2026-03-15,396.84,CUST00833,India
502385,P10006,Smartwatch Band,Electronics,2,2025-08-30,990.13,CUST00677,India
502004,P10026,Resistance Bands Set,Sports & Outdoors,4,2025-02-05,636.23,CUST00555,Germany
500361,P10023,Hair Dryer,Beauty & Personal Care,2,2025-06-19,1018.4,CUST00127,united states
501661,P10021,Lip Balm Set,Beauty & Personal Care,1,2026-04-26,652.97,CUST00463,United States
502138,P10023,Hair Dryer,Beauty & Personal Care,2,2025-04-26,1018.4,CUST00581,India
500931,P10009,Cotton Bedsheet Set,Home & Kitchen,3,2025-04-20,1519.89,CUST00260,INDIA
500286,P10016,Wool Sweater,Apparel,3,2025-02-09,1250.39,CUST00113,UAE
501682,P10003,Phone Case,Electronics,-4,2025-02-20,1049.71,CUST00463,United States
501470,P10018,Yoga Pants,Apparel,5,2026-03-07,608.28,CUST00416,India
502177,P10004,USB-C Cable,Electronics,2,2025-06-02,3182.97,CUST00593,India
500894,P10001,Wireless Earbuds,Electronics,3,2025-06-19,606.94,CUST00244,India
502402,P10031,Notebook Set,Stationery & Office,2,2026-05-24,268.52,CUST00685,uae
501493,P10016,Wool Sweater,Apparel,5,2025-05-22,1250.39,CUST00422,United States
502127,P10035,Whiteboard Marker Set,Stationery & Office,1,2025-01-30,808.92,CUST00581,India
501145,P10006,Smartwatch Band,Electronics,2,2026-01-20,990.13,CUST00315,Germany
501262,P10009,Cotton Bedsheet Set,Home & Kitchen,2,2025-08-09,1519.89,CUST00343,India
500965,P10008,LED Desk Lamp,Home & Kitchen,5,2025-03-11,1311.15,CUST00269,India
501491,P10021,Lip Balm Set,Beauty & Personal Care,4,2026-01-26,652.97,CUST00421,united states
502845,P10035,Whiteboard Marker Set,Stationery & Office,-2,2026-05-14,808.92,CUST00791,India
500140,P10001,Wireless Earbuds,Electronics,2,2025-04-12,606.94,CUST00051,Singapore
501363,P10033,Desk Organizer,Stationery & Office,5,2026-03-10,67.73,CUST00370,India
503060,P10017,Formal Shirt,Apparel,4,2025-12-27,562.91,CUST00842,United Kingdom
501799,P10006,Smartwatch Band,Electronics,2,2025-07-13,990.13,CUST00497,United Kingdom
501140,P10019,Face Serum,Beauty & Personal Care,4,2025-07-27,1312.41,CUST00313,India
502076,P10010,Insulated Water Bottle,Home & Kitchen,3,2026-02-28,0.0,CUST00579,India
502476,P10029,Badminton Racket,Sports & Outdoors,4,2026-03-03,274.87,CUST00706,Singapore
500198,P10015,Running Shoes,Apparel,2,2025-01-12,980.3,CUST00073,India
500730,P10018,Yoga Pants,Apparel,2,2026-03-19,608.28,CUST00205,United Kingdom
500012,P10003,Phone Case,Electronics,3,2026-01-19,1049.71,CUST00006,India
501688,P10018,Yoga Pants,Apparel,3,2026-06-10,608.28,,United Kingdom
501036,P10007,Non-Stick Pan,Home & Kitchen,3,2026-03-18,331.24,CUST00290,United Kingdom
500248,P10029,Badminton Racket,Sports & Outdoors,5,2025-08-08,274.87,CUST00099,india
501487,P10024,Beard Trimmer,Beauty & Personal Care,1,2025-12-16,700.79,CUST00420,United States
502559,P10011,Ceramic Mug Set,Home & Kitchen,4,2025-08-24,1993.94,CUST00731,India
502421,P10011,Ceramic Mug Set,Home & Kitchen,3,2026-01-19,1993.94,CUST00695,India
500040,P10009,Cotton Bedsheet Set,Home & Kitchen,4,2025-03-12,1519.89,CUST00020,India
502763,P10011,Ceramic Mug Set,Home & Kitchen,2,2025-05-24,1993.94,CUST00779,United States
501455,P10004,USB-C Cable,Electronics,3,2025-11-20,3182.97,CUST00409,UAE
503041,P10011,Ceramic Mug Set,Home & Kitchen,5,2026-04-17,1993.94,,United Kingdom
501184,P10004,USB-C Cable,Electronics,5,2025-09-23,3182.97,CUST00324,INDIA
500895,P10036,Backpack,Stationery & Office,3,2025-04-05,218.62,CUST00245,India
502959,P10030,Cycling Gloves,Sports & Outdoors,5,2025-05-24,820.52,CUST00830,India
502225,P10034,Sticky Notes Pack,Stationery & Office,3,2025-04-13,147.9,CUST00623,India
501053,P10017,Formal Shirt,Apparel,3,2025-05-01,562.91,CUST00295,India
500706,P10009,Cotton Bedsheet Set,Home & Kitchen,5,2025-10-27,1519.89,CUST00203,India
502954,P10004,USB-C Cable,Electronics,1,2025-12-10,3182.97,CUST00827,INDIA
501267,P10018,Yoga Pants,Apparel,-5,2025-10-14,608.28,,India
500840,P10001,Wireless Earbuds,Electronics,3,2025-03-30,606.94,CUST00225,India
500603,P10027,Water Bottle Sipper,Sports & Outdoors,2,2025-08-06,2203.72,CUST00180,India
500187,P10025,Yoga Mat,Sports & Outdoors,-2,2026-03-10,270.08,CUST00068,United States
502811,P10002,Bluetooth Speaker,Electronics,2,2025-01-18,2723.88,CUST00782,India
502264,P10014,Denim Jacket,Apparel,5,2026-06-08,1048.3,CUST00634,India
502674,P10022,Sunscreen SPF50,Beauty & Personal Care,-4,2025-03-29,514.51,CUST00753,United Kingdom
502509,P10014,Denim Jacket,Apparel,5,2025-05-27,1048.3,CUST00709,India
502118,P10020,Herbal Shampoo,Beauty & Personal Care,3,2025-09-11,1426.26,CUST00579,India
500681,P10030,Cycling Gloves,Sports & Outdoors,5,2026-03-26,820.52,CUST00199,Germany
502082,P10023,Hair Dryer,Beauty & Personal Care,5,2025-08-21,1018.4,CUST00579,india
503048,P10005,Power Bank 10000mAh,Electronics,3,2026-04-11,1034.93,CUST00842,United Kingdom
500633,P10032,Gel Pen Pack,Stationery & Office,2,2025-03-06,687.3,CUST00189,India
501690,P10033,Desk Organizer,Stationery & Office,1,2025-01-30,67.73,,Singapore
500064,P10032,Gel Pen Pack,Stationery & Office,3,2026-01-31,687.3,CUST00032,India
501950,P10009,Cotton Bedsheet Set,Home & Kitchen,4,2025-04-24,1519.89,CUST00540,india
501184,P10009,Cotton Bedsheet Set,Home & Kitchen,5,2025-09-23,1519.89,CUST00324, India 
502294,P10006,Smartwatch Band,Electronics,3,2025-07-16,990.13,CUST00645,India
501003,P10011,Ceramic Mug Set,Home & Kitchen,1,2025-07-13,1993.94,CUST00282,INDIA
500967,P10022,Sunscreen SPF50,Beauty & Personal Care,5,2025-11-01,514.51,CUST00270,INDIA
500892,P10033,Desk Organizer,Stationery & Office,3,2025-10-01,67.73,CUST00242,UAE
501752,P10005,Power Bank 10000mAh,Electronics,5,2025-07-05,1034.93,CUST00485,United Kingdom
501704,P10013,Cotton T-Shirt,Apparel,2,2025-06-03,1190.46,CUST00470,SINGAPORE
501074,P10013,Cotton T-Shirt,Apparel,1,2025-01-11,1190.46,CUST00299,United Kingdom
502724,P10004,USB-C Cable,Electronics,3,2026-05-12,3182.97,CUST00763,India
502481,P10022,Sunscreen SPF50,Beauty & Personal Care,5,2025-01-21,514.51,CUST00706,Singapore
500650,P10025,Yoga Mat,Sports & Outdoors,2,2025-07-04,270.08,CUST00194,United Kingdom
502787,P10015,Running Shoes,Apparel,3,2025-09-30,980.3,CUST00779,UNITED STATES
500027,P10016,Wool Sweater,Apparel,5,2025-10-09,1250.39,CUST00012,Singapore
500587,P10035,Whiteboard Marker Set,Stationery & Office,5,2025-06-14,808.92,CUST00176,India
500351,P10024,Beard Trimmer,Beauty & Personal Care,4,2025-06-01,700.79,CUST00126,India
500925,P10005,Power Bank 10000mAh,Electronics,3,2026-05-15,1034.93,CUST00258,United Kingdom
502033,P10010,Insulated Water Bottle,Home & Kitchen,4,2025-04-23,396.84,CUST00563,india
502965,P10016,Wool Sweater,Apparel,2,2026-01-11,1250.39,CUST00830,India
503021,P10015,,Apparel,3,2025-01-19,980.3,CUST00833,India
501012,P10006,Smartwatch Band,Electronics,3,2025-03-27,990.13,CUST00286,india
503082,P10035,Whiteboard Marker Set,Stationery & Office,4,2026-05-11,808.92,CUST00842,UNITED KINGDOM
502457,P10015,Running Shoes,Apparel,-5,2026-02-17,980.3,CUST00700,India
500827,P10022,Sunscreen SPF50,Beauty & Personal Care,1,2025-05-11,514.51,CUST00219,UNITED KINGDOM
502900,P10019,Face Serum,Beauty & Personal Care,3,2025-05-04,1312.41,CUST00806, United States 
501534,P10024,Beard Trimmer,Beauty & Personal Care,3,2025-06-05,700.79,CUST00438,Germany
502814,P10013,Cotton T-Shirt,Apparel,4,2025-12-15,1190.46,CUST00782,India
502989,P10022,Sunscreen SPF50,Beauty & Personal Care,4,2025-01-21,514.51,CUST00830,India
500152,P10032,Gel Pen Pack,Stationery & Office,3,2025-03-27,687.3,CUST00055,United Kingdom
502598,P10027,Water Bottle Sipper,Sports & Outdoors,5,2025-04-22,2203.72,CUST00732,United States
500231,P10015,Running Shoes,Apparel,3,2025-03-16,980.3,CUST00088,United Kingdom
502292,P10032,Gel Pen Pack,Stationery & Office,3,2026-01-09,687.3,CUST00644,INDIA
501158,P10002,Bluetooth Speaker,Electronics,2,2025-07-27,2723.88,CUST00321,India
502730,P10035,Whiteboard Marker Set,Stationery & Office,4,2026-06-23,808.92,CUST00766,United Kingdom
501212,P10020,Herbal Shampoo,Beauty & Personal Care,3,2026-02-13,1426.26,CUST00328,United Kingdom
500728,P10008,LED Desk Lamp,Home & Kitchen,5,2025-01-17,1311.15,,United Kingdom
503002,P10017,Formal Shirt,Apparel,4,2026-05-10,562.91,CUST00830,India
501828,P10004,USB-C Cable,Electronics,3,2025-09-30,3182.97,CUST00503,India
500554,P10015,Running Shoes,Apparel,2,2026-05-03,980.3,CUST00169,India
501619,P10007,Non-Stick Pan,Home & Kitchen,3,2025-10-13,331.24,CUST00449,India
501853,P10011,Ceramic Mug Set,Home & Kitchen,4,2025-12-01,1993.94,CUST00518,United States
502362,P10032,Gel Pen Pack,Stationery & Office,1,2026-04-07,687.3,CUST00668,india
502259,P10010,Insulated Water Bottle,Home & Kitchen,4,2025-02-23,396.84,CUST00632,Germany
502611,P10002,Bluetooth Speaker,Electronics,3,2026-01-23,2723.88,CUST00738, United States 
502851,P10001,Wireless Earbuds,Electronics,3,2026-04-14,606.94,,India
502486,P10033,Desk Organizer,Stationery & Office,2,2025-11-30,67.73,CUST00706,SINGAPORE
501878,P10022,Sunscreen SPF50,Beauty & Personal Care,3,2026-06-08,514.51,CUST00528,India
502519,P10015,Running Shoes,Apparel,1,2025-07-05,980.3,,india
500860,P10008,LED Desk Lamp,Home & Kitchen,3,2025-10-11,1311.15,CUST00235,India
500347,P10025,Yoga Mat,Sports & Outdoors,2,2025-11-25,270.08,CUST00126,India
500484,P10006,Smartwatch Band,Electronics,2,2025-12-07,990.13,CUST00163,United Kingdom
502224,P10036,Backpack,Stationery & Office,2,2025-05-18,218.62,CUST00622,India
500462,P10027,Water Bottle Sipper,Sports & Outdoors,3,2025-06-20,2203.72,CUST00152,India
500973,P10019,Face Serum,Beauty & Personal Care,3,2026-02-19,1312.41,CUST00272,United States
500113,P10026,Resistance Bands Set,Sports & Outdoors,5,2025-11-25,636.23,CUST00047,india
502353,P10025,Yoga Mat,Sports & Outdoors,3,2025-03-27,270.08,CUST00665,india
502238,P10020,Herbal Shampoo,Beauty & Personal Care,5,2025-10-08,1426.26,CUST00627,India
502013,P10015,Running Shoes,Apparel,2,2025-07-23,980.3,CUST00559,United States
500708,P10013,Cotton T-Shirt,Apparel,4,2025-08-11,1190.46,CUST00203, India 
501893,P10020,Herbal Shampoo,Beauty & Personal Care,-4,2026-04-28,1426.26,CUST00533,Singapore
501760,P10012,Storage Organizer,Home & Kitchen,2,2025-11-29,1268.9,CUST00485,United Kingdom
500294,P10026,Resistance Bands Set,Sports & Outdoors,2,2026-04-22,636.23,CUST00113,UAE
501567,P10034,Sticky Notes Pack,Stationery & Office,2,2025-04-13,147.9,CUST00446,UAE
501886,P10011,Ceramic Mug Set,Home & Kitchen,2,2025-06-04,1993.94,CUST00530,Germany
502239,P10011,Ceramic Mug Set,Home & Kitchen,5,2025-04-26,1993.94,CUST00627,India
502308,P10028,Camping Torch,Sports & Outdoors,3,2025-04-01,2043.99,CUST00654,United States
501402,P10036,Backpack,Stationery & Office,4,2026-06-09,218.62,CUST00392,India
502310,P10019,Face Serum,Beauty & Personal Care,3,2025-02-27,1312.41,CUST00655,India
501518,P10013,Cotton T-Shirt,Apparel,3,2026-03-08,1190.46,CUST00430,india
500880,P10009,Cotton Bedsheet Set,Home & Kitchen,5,2026-04-14,1519.89,CUST00237,India
500068,P10020,Herbal Shampoo,Beauty & Personal Care,1,2026-06-23,1426.26,CUST00032,India
502159,P10014,Denim Jacket,Apparel,1,2026-05-04,1048.3,CUST00587,India
502493,P10030,Cycling Gloves,Sports & Outdoors,5,2025-11-14,820.52,CUST00706,Singapore
500889,P10007,Non-Stick Pan,Home & Kitchen,3,2025-10-24,331.24,CUST00240,INDIA
500474,P10007,Non-Stick Pan,Home & Kitchen,3,2026-04-23,331.24,CUST00159,India
500826,P10016,Wool Sweater,Apparel,-1,2025-05-26,1250.39,CUST00219,United Kingdom
502310,P10008,LED Desk Lamp,Home & Kitchen,2,2025-02-27,1311.15,CUST00655,India
500815,P10021,Lip Balm Set,Beauty & Personal Care,5,2025-02-14,652.97,CUST00219,United Kingdom
501708,P10033,Desk Organizer,Stationery & Office,-1,2026-03-05,67.73,CUST00470,Singapore
501625,P10025,Yoga Mat,Sports & Outdoors,4,2026-01-14,270.08,CUST00449,India
502667,P10018,Yoga Pants,Apparel,5,2025-08-06,608.28,CUST00753,United Kingdom
502037,P10031,Notebook Set,Stationery & Office,2,2026-04-28,268.52,CUST00564,India
502595,P10002,Bluetooth Speaker,Electronics,3,2025-05-22,2723.88,CUST00731,India
500617,P10032,Gel Pen Pack,Stationery & Office,5,2025-11-18,687.3,CUST00189,India
500979,P10009,Cotton Bedsheet Set,Home & Kitchen,5,2025-02-09,1519.89,CUST00273,Germany
502737,P10027,Water Bottle Sipper,Sports & Outdoors,2,2025-04-22,2203.72,CUST00770,Germany
500727,P10024,Beard Trimmer,Beauty & Personal Care,3,2026-04-27,700.79,CUST00205,united kingdom
500435,P10010,Insulated Water Bottle,Home & Kitchen,3,2025-07-06,396.84,CUST00141,singapore
501210,P10020,Herbal Shampoo,Beauty & Personal Care,4,2025-09-17,1426.26,CUST00328,United Kingdom
501393,P10030,Cycling Gloves,Sports & Outdoors,5,2025-11-27,820.52,CUST00387,India
502437,P10003,Phone Case,Electronics,4,2025-04-29,1049.71,CUST00699,India
500467,P10005,Power Bank 10000mAh,Electronics,1,2029-01-01,1034.93,CUST00156,India
500370,P10025,Yoga Mat,Sports & Outdoors,3,2026-04-17,270.08,CUST00129,India
502922,P10023,Hair Dryer,Beauty & Personal Care,1,2025-01-14,1018.4,CUST00814,UAE
502860,P10027,Water Bottle Sipper,Sports & Outdoors,5,2025-12-01,2203.72,CUST00796,Germany
501838,P10005,Power Bank 10000mAh,Electronics,3,2026-05-11,1034.93,CUST00510,UNITED STATES
502418,P10017,Formal Shirt,Apparel,4,2025-03-27,562.91,CUST00693,India
501088,P10001,Wireless Earbuds,Electronics,1,2026-04-12,606.94,CUST00302,India
502258,P10031,Notebook Set,Stationery & Office,-4,2025-04-22,268.52,CUST00632, Germany 
503002,P10028,Camping Torch,Sports & Outdoors,1,2026-05-10,2043.99,CUST00830,India
502504,P10021,Lip Balm Set,Beauty & Personal Care,1,2025-12-19,652.97,CUST00706,Singapore
502063,P10010,Insulated Water Bottle,Home & Kitchen,3,2025-09-04,396.84,CUST00571,india
502551,P10014,Denim Jacket,Apparel,5,2026-03-26,1048.3,CUST00730,India
500496,P10031,Notebook Set,Stationery & Office,4,2025-04-16,268.52,CUST00165,INDIA
502531,P10022,Sunscreen SPF50,Beauty & Personal Care,1,2025-03-04,514.51,CUST00722,India
500307,P10027,Water Bottle Sipper,Sports & Outdoors,3,2026-05-06,2203.72,CUST00118,India
500932,P10025,Yoga Mat,Sports & Outdoors,4,2026-01-16,270.08,CUST00260,India
503007,P10036,Backpack,Stationery & Office,5,2026-02-15,218.62,CUST00832,India
501219,P10025,Yoga Mat,Sports & Outdoors,3,2026-05-12,270.08,CUST00332,United States
500624,P10001,Wireless Earbuds,Electronics,3,2026-06-09,606.94,CUST00189,India
500935,P10017,Formal Shirt,Apparel,3,2025-02-19,562.91,CUST00261,United Kingdom
501951,P10033,Desk Organizer,Stationery & Office,3,2025-11-08,67.73,CUST00541,UAE
500575,P10031,Notebook Set,Stationery & Office,4,2025-04-10,268.52,CUST00176,INDIA
502062,P10008,LED Desk Lamp,Home & Kitchen,5,2025-09-02,1311.15,CUST00571,India
502421,P10012,Storage Organizer,Home & Kitchen,4,2026-01-19,1268.9,CUST00695,India
502502,P10031,Notebook Set,Stationery & Office,5,2026-01-13,268.52,CUST00706,Singapore
501618,P10015,Running Shoes,Apparel,4,2026-02-28,980.3,CUST00449,INDIA
500788,P10008,LED Desk Lamp,Home & Kitchen,1,2026-03-11,1311.15,CUST00219,United Kingdom
502171,P10036,Backpack,Stationery & Office,5,2025-08-13,218.62,CUST00591,India
501681,P10017,Formal Shirt,Apparel,-5,2026-04-26,562.91,CUST00463,United States
502631,P10007,Non-Stick Pan,Home & Kitchen,3,2026-05-09,331.24,CUST00745,INDIA
501875,P10032,Gel Pen Pack,Stationery & Office,4,2029-01-01,687.3,CUST00525,Germany
501010,P10035,Whiteboard Marker Set,Stationery & Office,2,2026-01-24,808.92,CUST00286,India
501349,P10008,LED Desk Lamp,Home & Kitchen,4,2026-05-05,1311.15,CUST00363,India
502286,P10022,Sunscreen SPF50,Beauty & Personal Care,5,2025-12-22,514.51,CUST00641,India
501429,P10013,Cotton T-Shirt,Apparel,2,2025-05-19,1190.46,CUST00392,india
500182,P10009,Cotton Bedsheet Set,Home & Kitchen,4,2026-03-22,1519.89,CUST00066,India
502986,P10026,Resistance Bands Set,Sports & Outdoors,1,2025-01-07,636.23,CUST00830,India
502616,P10024,Beard Trimmer,Beauty & Personal Care,5,2025-07-22,700.79,CUST00738,United States
501224,P10021,Lip Balm Set,Beauty & Personal Care,2,2025-03-29,652.97,CUST00335, India 
502105,P10018,Yoga Pants,Apparel,5,2025-05-28,608.28,,India
503014,P10031,Notebook Set,Stationery & Office,1,2025-02-20,268.52,CUST00833,India
501303,P10001,Wireless Earbuds,Electronics,2,2025-04-28,606.94,CUST00353,United Kingdom
501672,P10011,Ceramic Mug Set,Home & Kitchen,5,2025-01-15,1993.94,CUST00463,United States
500201,P10022,Sunscreen SPF50,Beauty & Personal Care,1,2025-04-07,514.51,CUST00074,United States
500873,P10013,Cotton T-Shirt,Apparel,3,2025-08-16,1190.46,CUST00236,united states
502581,P10014,Denim Jacket,Apparel,3,2025-01-20,1048.3,CUST00731,India
502544,P10008,LED Desk Lamp,Home & Kitchen,4,2026-06-04,1311.15,CUST00726,Germany
502662,P10025,Yoga Mat,Sports & Outdoors,5,2025-09-18,270.08,CUST00753,United Kingdom
500523,P10021,Lip Balm Set,Beauty & Personal Care,2,2025-06-30,652.97,CUST00169,India
503088,P10026,Resistance Bands Set,Sports & Outdoors,5,2025-09-25,636.23,CUST00842,United Kingdom
500167,P10036,Backpack,Stationery & Office,4,2025-02-22,218.62,CUST00062,India
502921,P10033,Desk Organizer,Stationery & Office,4,2025-01-11,67.73,CUST00814,UAE
502812,P10024,Beard Trimmer,Beauty & Personal Care,4,2025-10-24,700.79,CUST00782,India
500787,P10002,Bluetooth Speaker,Electronics,3,2026-02-04,2723.88,CUST00219,United Kingdom
501972,P10034,Sticky Notes Pack,Stationery & Office,4,2025-06-09,147.9,CUST00545,United Kingdom
500897,P10007,Non-Stick Pan,Home & Kitchen,1,2025-06-30,331.24,CUST00245,india
502614,P10015,Running Shoes,Apparel,2,2025-10-23,980.3,CUST00738,United States
501495,P10023,Hair Dryer,Beauty & Personal Care,3,2026-04-30,1018.4,CUST00422,united states
501570,P10003,Phone Case,Electronics,5,2025-12-03,1049.71,CUST00448,United States
500314,P10021,Lip Balm Set,Beauty & Personal Care,2,2025-06-30,652.97,CUST00121,united states
500398,P10031,Notebook Set,Stationery & Office,2,2026-05-23,268.52,CUST00137,India
501712,P10035,Whiteboard Marker Set,Stationery & Office,4,2025-09-01,808.92,CUST00471,India
501143,P10030,Cycling Gloves,Sports & Outdoors,1,2025-10-20,820.52,CUST00314, Singapore 
501155,P10033,Desk Organizer,Stationery & Office,4,2025-09-20,67.73,CUST00320,India
500176,P10010,Insulated Water Bottle,Home & Kitchen,2,2025-09-02,396.84,CUST00063,Germany
502769,P10016,Wool Sweater,Apparel,3,2025-06-27,1250.39,CUST00779,United States
502864,P10034,Sticky Notes Pack,Stationery & Office,3,2026-01-28,147.9,CUST00796,Germany
500157,P10028,Camping Torch,Sports & Outdoors,-5,2026-06-15,2043.99,CUST00058,India
502738,P10004,USB-C Cable,Electronics,1,2026-01-14,3182.97,CUST00770, Germany 
501803,P10020,Herbal Shampoo,Beauty & Personal Care,1,2025-07-08,1426.26,CUST00497,United Kingdom
500571,P10009,Cotton Bedsheet Set,Home & Kitchen,4,2025-11-07,1519.89,CUST00175,United Kingdom
503044,P10010,Insulated Water Bottle,Home & Kitchen,-4,2026-05-31,396.84,CUST00842,United Kingdom
500594,P10018,Yoga Pants,Apparel,1,2025-03-26,608.28,CUST00176,India
502496,P10008,LED Desk Lamp,Home & Kitchen,5,2025-02-01,1311.15,CUST00706,Singapore
502822,P10014,Denim Jacket,Apparel,4,2025-05-01,1048.3,CUST00784,India
501723,P10014,Denim Jacket,Apparel,5,2025-03-18,1048.3,CUST00475,india
502626,P10017,Formal Shirt,Apparel,1,2026-02-27,562.91,CUST00742,India
502284,P10009,Cotton Bedsheet Set,Home & Kitchen,2,2026-03-04,1519.89,CUST00639, India 
500484,P10032,Gel Pen Pack,Stationery & Office,4,2025-12-07,687.3,CUST00163,United Kingdom
501112,P10028,Camping Torch,Sports & Outdoors,3,2025-05-02,2043.99,CUST00311,INDIA
500796,P10019,Face Serum,Beauty & Personal Care,2,2025-12-18,1312.41,CUST00219,United Kingdom
501004,P10019,Face Serum,Beauty & Personal Care,1,2026-05-15,1312.41,CUST00282,India
500263,P10003,Phone Case,Electronics,4,2025-06-20,1049.71,CUST00105,UAE
502752,P10033,Desk Organizer,Stationery & Office,1,2025-03-30,67.73,CUST00776,India
501911,P10029,Badminton Racket,Sports & Outdoors,5,2025-06-27,274.87,CUST00539,india
501125,P10012,Storage Organizer,Home & Kitchen,3,2026-03-04,1268.9,CUST00312,India
502018,P10016,Wool Sweater,Apparel,3,2025-01-03,1250.39,CUST00561,United States
502320,P10018,Yoga Pants,Apparel,5,2025-12-22,608.28,CUST00659,United Kingdom
501531,P10012,Storage Organizer,Home & Kitchen,1,2025-04-04,1268.9,CUST00437, India 
502787,P10007,Non-Stick Pan,Home & Kitchen,1,2025-09-30,331.24,CUST00779,united states
500619,P10020,Herbal Shampoo,Beauty & Personal Care,2,2026-01-11,1426.26,CUST00189,INDIA
500022,P10028,Camping Torch,Sports & Outdoors,4,2026-01-17,2043.99,CUST00010,UNITED STATES
503059,P10018,Yoga Pants,Apparel,2,2025-12-13,608.28,CUST00842,United Kingdom
500720,P10003,Phone Case,Electronics,4,2026-01-17,1049.71,CUST00203,India
500435,P10022,Sunscreen SPF50,Beauty & Personal Care,5,2025-07-06,514.51,CUST00141,Singapore
501366,P10025,Yoga Mat,Sports & Outdoors,5,2025-09-06,270.08,CUST00372,India
501333,P10002,Bluetooth Speaker,Electronics,3,2026-01-08,2723.88,CUST00358,United Kingdom
500749,P10034,Sticky Notes Pack,Stationery & Office,3,2025-10-04,147.9,CUST00213,United Kingdom
502729,P10036,Backpack,Stationery & Office,5,2025-08-03,218.62,CUST00765,India
502362,P10019,Face Serum,Beauty & Personal Care,1,2026-04-07,1312.41,CUST00668, India 
502507,P10013,Cotton T-Shirt,Apparel,5,2025-02-03,1190.46,CUST00708,UNITED STATES
500945,P10019,Face Serum,Beauty & Personal Care,1,2026-01-12,1312.41,CUST00264,india
502941,P10034,Sticky Notes Pack,Stationery & Office,3,2026-03-18,147.9,CUST00818,India
501674,P10002,Bluetooth Speaker,Electronics,3,2025-09-30,2723.88,CUST00463,United States
501933,P10005,Power Bank 10000mAh,Electronics,4,2025-12-18,1034.93,CUST00539,India
500673,P10022,Sunscreen SPF50,Beauty & Personal Care,5,2025-01-24,514.51,CUST00198,Germany
501505,P10027,Water Bottle Sipper,Sports & Outdoors,1,2025-05-03,2203.72,CUST00426,india
501100,P10021,Lip Balm Set,Beauty & Personal Care,1,2025-03-17,652.97,CUST00310,India
502870,P10033,Desk Organizer,Stationery & Office,4,2025-01-17,67.73,,Germany
501948,P10011,Ceramic Mug Set,Home & Kitchen,3,2025-06-18,1993.94,CUST00540,India
501146,P10016,Wool Sweater,Apparel,5,2025-03-24,1250.39,CUST00315,Germany
500168,P10011,Ceramic Mug Set,Home & Kitchen,5,2025-07-21,1993.94,CUST00062,India
502093,P10030,Cycling Gloves,Sports & Outdoors,2,2025-10-30,820.52,CUST00579,India
500623,P10010,Insulated Water Bottle,Home & Kitchen,3,2025-02-01,396.84,CUST00189,India
501430,P10023,Hair Dryer,Beauty & Personal Care,3,2026-03-10,1018.4,CUST00393,India
501413,P10030,Cycling Gloves,Sports & Outdoors,4,2026-05-13,820.52,CUST00392,India
503030,P10018,Yoga Pants,Apparel,5,2025-06-04,608.28,CUST00833, India 
501098,P10017,Formal Shirt,Apparel,1,2026-02-02,562.91,CUST00308,India
502633,P10006,Smartwatch Band,Electronics,5,2025-10-20,990.13,CUST00746,Germany
500072,P10036,Backpack,Stationery & Office,4,2025-09-05,218.62,CUST00032,India
501107,P10032,Gel Pen Pack,Stationery & Office,2,2026-05-12,687.3,CUST00311, India 
502860,P10034,Sticky Notes Pack,Stationery & Office,5,2025-12-01,147.9,CUST00796,germany
501776,P10022,Sunscreen SPF50,Beauty & Personal Care,1,2026-05-23,514.51,CUST00490,GERMANY
501076,P10022,Sunscreen SPF50,Beauty & Personal Care,3,2025-12-07,514.51,CUST00300,India
501169,P10028,Camping Torch,Sports & Outdoors,2,2025-03-24,2043.99,CUST00324,India
501861,P10003,Phone Case,Electronics,2,2025-04-04,1049.71,CUST00521,United Kingdom
502572,P10015,Running Shoes,Apparel,3,2025-11-15,980.3,CUST00731,India
502919,P10006,Smartwatch Band,Electronics,1,2025-06-10,990.13,CUST00813,India
502144,P10035,Whiteboard Marker Set,Stationery & Office,2,2026-05-10,808.92,,India
502296,P10036,Backpack,Stationery & Office,4,2026-04-14,218.62,CUST00646,Germany
502611,P10015,Running Shoes,Apparel,3,2026-01-23,980.3,,United States
502988,P10029,Badminton Racket,Sports & Outdoors,5,2025-01-27,274.87,CUST00830,India
502619,P10022,Sunscreen SPF50,Beauty & Personal Care,2,2025-04-19,514.51,CUST00738,United States
501979,P10003,Phone Case,Electronics,4,2025-01-27,1049.71,CUST00549,India
502848,P10017,Formal Shirt,Apparel,1,2025-12-18,0.0,CUST00794,united kingdom
500494,P10024,Beard Trimmer,Beauty & Personal Care,1,2026-04-12,700.79,CUST00165,India
502016,P10018,Yoga Pants,Apparel,3,2026-05-06,608.28,CUST00560,United Kingdom
500374,P10013,Cotton T-Shirt,Apparel,4,2026-01-28,1190.46,CUST00130,India
501322,P10035,Whiteboard Marker Set,Stationery & Office,4,2026-03-16,808.92,CUST00356,United Kingdom
500696,P10035,Whiteboard Marker Set,Stationery & Office,3,2025-10-09,808.92,CUST00203,India
500318,P10033,Desk Organizer,Stationery & Office,5,2025-10-22,0.0,CUST00122,germany
501607,P10017,Formal Shirt,Apparel,5,2025-09-10,562.91,CUST00448,United States
500802,P10025,Yoga Mat,Sports & Outdoors,3,2025-01-17,270.08,CUST00219,United Kingdom
502740,P10021,Lip Balm Set,Beauty & Personal Care,1,2026-01-10,652.97,CUST00770,Germany
500384,P10013,Cotton T-Shirt,Apparel,1,2025-12-16,1190.46,CUST00133,India
501630,P10034,Sticky Notes Pack,Stationery & Office,5,2025-10-03,147.9,CUST00449,India
500133,P10033,Desk Organizer,Stationery & Office,5,2025-05-27,67.73,CUST00047,India
502132,P10027,Water Bottle Sipper,Sports & Outdoors,2,2025-05-24,2203.72,CUST00581,India
501405,P10022,Sunscreen SPF50,Beauty & Personal Care,3,2026-04-08,514.51,CUST00392, India 
501105,P10014,Denim Jacket,Apparel,2,2025-08-11,1048.3,CUST00310,India
502563,P10022,Sunscreen SPF50,Beauty & Personal Care,2,2025-04-04,514.51,CUST00731,INDIA
502832,P10004,USB-C Cable,Electronics,2,2025-01-12,3182.97,CUST00787,United Kingdom
503073,P10035,Whiteboard Marker Set,Stationery & Office,4,2025-03-02,808.92,CUST00842,United Kingdom
502809,P10021,Lip Balm Set,Beauty & Personal Care,3,2025-08-25,652.97,CUST00782,india
502591,P10004,USB-C Cable,Electronics,3,2025-09-03,3182.97,CUST00731, India 
500236,P10008,LED Desk Lamp,Home & Kitchen,4,2026-02-01,1311.15,CUST00092,United States
501487,P10006,Smartwatch Band,Electronics,3,2025-12-16,990.13,CUST00420,United States
501313,P10004,USB-C Cable,Electronics,1,2025-03-17,3182.97,CUST00353,United Kingdom
500927,P10020,Herbal Shampoo,Beauty & Personal Care,4,2025-03-06,1426.26,CUST00259,United Kingdom
501779,P10006,Smartwatch Band,Electronics,3,2025-02-16,990.13,CUST00490,germany
501600,P10013,Cotton T-Shirt,Apparel,4,2026-04-24,1190.46,CUST00448,United States
502290,P10007,Non-Stick Pan,Home & Kitchen,2,2026-04-04,331.24,CUST00643,INDIA
503047,P10014,Denim Jacket,Apparel,2,2026-01-09,1048.3,CUST00842,united kingdom
500481,P10004,USB-C Cable,Electronics,4,2025-12-24,3182.97,CUST00160,United States
500195,P10011,,Home & Kitchen,2,2025-01-18,1993.94,CUST00071,united states
500025,P10020,Herbal Shampoo,Beauty & Personal Care,2,2025-10-23,1426.26,CUST00012,Singapore
501004,P10026,Resistance Bands Set,Sports & Outdoors,1,2026-05-15,636.23,CUST00282,India
502867,P10005,Power Bank 10000mAh,Electronics,4,2026-05-10,1034.93,CUST00796,germany
501474,P10025,Yoga Mat,Sports & Outdoors,4,2026-01-23,270.08,CUST00416,India
502951,P10002,Bluetooth Speaker,Electronics,2,2025-08-13,2723.88,CUST00825,India
500771,P10036,Backpack,Stationery & Office,5,2025-08-18,218.62,CUST00217,India
501021,P10007,Non-Stick Pan,Home & Kitchen,3,2025-12-24,331.24,CUST00286,India
500516,P10019,Face Serum,Beauty & Personal Care,5,2025-05-09,1312.41,CUST00169,India
500666,P10013,Cotton T-Shirt,Apparel,3,2025-05-12,1190.46,CUST00196, India 
500970,P10020,Herbal Shampoo,Beauty & Personal Care,3,2025-11-25,1426.26,CUST00271,United States
502198,P10033,Desk Organizer,Stationery & Office,3,2025-01-24,67.73,CUST00607,India
500135,P10011,Ceramic Mug Set,Home & Kitchen,4,2025-08-15,1993.94,CUST00047,India
500532,P10001,Wireless Earbuds,Electronics,1,2025-08-28,606.94,CUST00169,India
502612,P10028,Camping Torch,Sports & Outdoors,3,2025-06-15,2043.99,CUST00738,United States
500745,P10019,Face Serum,Beauty & Personal Care,4,2025-10-09,1312.41,CUST00211,India
502636,P10006,Smartwatch Band,Electronics,-4,2025-12-11,990.13,CUST00748,India
500037,P10014,Denim Jacket,Apparel,3,2025-04-11,1048.3,CUST00018,India
502119,P10014,Denim Jacket,Apparel,3,2025-11-13,1048.3,CUST00579,India
502987,P10035,Whiteboard Marker Set,Stationery & Office,2,2025-06-01,808.92,CUST00830,India
501207,P10012,Storage Organizer,Home & Kitchen,5,2025-06-24,1268.9,CUST00326,United States
500382,P10011,Ceramic Mug Set,Home & Kitchen,5,2026-04-20,1993.94,,India
500621,P10029,Badminton Racket,Sports & Outdoors,1,2026-05-20,274.87,CUST00189,India
502981,P10002,Bluetooth Speaker,Electronics,5,2025-09-17,2723.88,CUST00830,India
502528,P10018,Yoga Pants,Apparel,3,2025-09-30,608.28,CUST00720,United States
502216,P10033,Desk Organizer,Stationery & Office,5,2026-02-18,67.73,CUST00616,UAE
500876,P10019,Face Serum,Beauty & Personal Care,4,2025-06-08,1312.41,CUST00236,United States
500443,P10005,Power Bank 10000mAh,Electronics,5,2026-01-07,1034.93,CUST00142,India
502677,P10017,Formal Shirt,Apparel,2,2025-06-09,562.91,CUST00753, United Kingdom 
501176,P10007,Non-Stick Pan,Home & Kitchen,4,2025-07-28,331.24,CUST00324,India
502906,P10010,Insulated Water Bottle,Home & Kitchen,1,2025-07-17,396.84,,Germany
500239,P10022,Sunscreen SPF50,Beauty & Personal Care,4,2026-06-03,514.51,CUST00094,United Kingdom
501992,P10006,Smartwatch Band,Electronics,2,2025-10-03,990.13,CUST00555,Germany
502855,P10004,USB-C Cable,Electronics,5,2026-06-02,3182.97,CUST00796,Germany
502865,P10019,Face Serum,Beauty & Personal Care,3,2025-03-26,1312.41,CUST00796,Germany
500060,P10015,Running Shoes,Apparel,4,2025-09-24,980.3,CUST00029,United Kingdom
502921,P10036,Backpack,Stationery & Office,1,2025-01-11,218.62,CUST00814,UAE
501110,P10005,Power Bank 10000mAh,Electronics,5,2025-02-07,1034.93,CUST00311,India
500875,P10022,Sunscreen SPF50,Beauty & Personal Care,1,2026-02-09,514.51,CUST00236,United States
502637,P10023,Hair Dryer,Beauty & Personal Care,1,2026-05-24,1018.4,CUST00748,India
502746,P10004,USB-C Cable,Electronics,3,2025-09-20,3182.97,CUST00772,germany
500473,P10010,Insulated Water Bottle,Home & Kitchen,4,2025-02-10,396.84,CUST00158,UNITED STATES
502370,P10006,Smartwatch Band,Electronics,1,2025-08-07,990.13,CUST00672,GERMANY
501387,P10032,Gel Pen Pack,Stationery & Office,5,2025-11-16,687.3,CUST00385,United States
501136,P10005,Power Bank 10000mAh,Electronics,4,2026-03-28,1034.93,CUST00312,India
501074,P10010,Insulated Water Bottle,Home & Kitchen,3,2025-01-11,396.84,CUST00299,United Kingdom
501979,P10022,Sunscreen SPF50,Beauty & Personal Care,2,2025-01-27,514.51,CUST00549,India
500469,P10017,Formal Shirt,Apparel,2,2025-11-22,562.91,CUST00156,India
502843,P10030,Cycling Gloves,Sports & Outdoors,5,2025-02-09,820.52,CUST00789,India
501132,P10025,Yoga Mat,Sports & Outdoors,4,2025-08-16,270.08,CUST00312,INDIA
501584,P10015,Running Shoes,Apparel,3,2026-04-10,980.3,CUST00448,united states
501712,P10025,Yoga Mat,Sports & Outdoors,5,2025-09-01,270.08,CUST00471,India
500529,P10033,Desk Organizer,Stationery & Office,5,2025-12-12,67.73,CUST00169,India
502361,P10025,Yoga Mat,Sports & Outdoors,5,2026-04-30,270.08,CUST00668,India
502588,P10031,Notebook Set,Stationery & Office,2,2026-03-07,268.52,CUST00731,India
502546,P10011,Ceramic Mug Set,Home & Kitchen,4,2026-01-14,1993.94,CUST00727,India
500446,P10031,Notebook Set,Stationery & Office,4,2025-04-15,268.52,CUST00144,India
500831,P10012,Storage Organizer,Home & Kitchen,5,2025-01-01,1268.9,CUST00222,United Kingdom
501880,P10020,Herbal Shampoo,Beauty & Personal Care,3,2025-11-10,1426.26,CUST00529, India 
500599,P10008,LED Desk Lamp,Home & Kitchen,3,2026-03-08,1311.15,CUST00177,united kingdom
501929,P10009,Cotton Bedsheet Set,Home & Kitchen,4,2025-03-09,1519.89,CUST00539,India
500440,P10001,Wireless Earbuds,Electronics,4,2026-02-20,606.94,CUST00142,India
500636,P10035,Whiteboard Marker Set,Stationery & Office,-4,2026-05-25,808.92,CUST00189,India
501557,P10017,Formal Shirt,Apparel,1,2026-04-10,562.91,CUST00442,Singapore
502961,P10002,Bluetooth Speaker,Electronics,5,2025-03-16,2723.88,CUST00830, India 
501585,P10001,Wireless Earbuds,Electronics,1,2026-01-03,606.94,CUST00448,United States
501995,P10018,Yoga Pants,Apparel,5,2025-06-15,608.28,CUST00555,Germany
500104,P10015,Running Shoes,Apparel,3,2025-11-24,980.3,CUST00044,UAE
500992,P10021,Lip Balm Set,Beauty & Personal Care,1,2025-03-01,652.97,CUST00278,United Kingdom
501136,P10020,Herbal Shampoo,Beauty & Personal Care,3,2026-03-28,1426.26,CUST00312,india
501358,P10015,Running Shoes,Apparel,5,2026-05-12,980.3,CUST00367,Singapore
501172,P10024,Beard Trimmer,Beauty & Personal Care,4,2026-06-22,700.79,CUST00324,India
501947,P10001,Wireless Earbuds,Electronics,2,2026-01-16,606.94,CUST00540,India
501224,P10008,LED Desk Lamp,Home & Kitchen,3,2025-03-29,1311.15,CUST00335,INDIA
502307,P10016,Wool Sweater,Apparel,4,2026-01-18,1250.39,CUST00653,United Kingdom
502233,P10018,Yoga Pants,Apparel,5,2026-04-04,608.28,CUST00625,United Kingdom
502551,P10028,Camping Torch,Sports & Outdoors,4,2026-03-26,2043.99,CUST00730,INDIA
501596,P10034,Sticky Notes Pack,Stationery & Office,3,2025-07-20,147.9,CUST00448,United States
500662,P10031,Notebook Set,Stationery & Office,2,2025-08-30,268.52,CUST00195,India
502612,P10022,Sunscreen SPF50,Beauty & Personal Care,2,2025-06-15,514.51,CUST00738, United States 
500518,P10021,Lip Balm Set,Beauty & Personal Care,4,2025-07-06,652.97,CUST00169,India
500957,P10019,Face Serum,Beauty & Personal Care,3,2025-05-02,1312.41,CUST00266,UNITED STATES
501795,P10002,Bluetooth Speaker,Electronics,5,2025-12-24,2723.88,CUST00497,United Kingdom
500735,P10020,Herbal Shampoo,Beauty & Personal Care,2,2026-03-18,1426.26,CUST00205,United Kingdom
502283,P10020,Herbal Shampoo,Beauty & Personal Care,4,2025-01-19,1426.26,CUST00639,India
501914,P10011,Ceramic Mug Set,Home & Kitchen,2,2025-08-12,1993.94,CUST00539,India
502200,P10003,Phone Case,Electronics,4,2026-05-07,1049.71,CUST00609,India
501066,P10016,Wool Sweater,Apparel,1,2025-01-31,1250.39,CUST00298,India
500516,P10014,Denim Jacket,Apparel,1,2025-05-09,1048.3,CUST00169,India
503014,P10013,Cotton T-Shirt,Apparel,1,2025-02-20,1190.46,CUST00833,India
500326,P10018,Yoga Pants,Apparel,2,2026-05-20,608.28,CUST00126,India
501411,P10012,Storage Organizer,Home & Kitchen,2,2026-06-12,1268.9,CUST00392,India
501348,P10007,Non-Stick Pan,Home & Kitchen,5,2025-11-21,331.24,CUST00363, India 
500928,P10023,Hair Dryer,Beauty & Personal Care,3,2025-12-21,1018.4,CUST00260,India
502907,P10005,Power Bank 10000mAh,Electronics,2,2025-04-30,1034.93,CUST00813,India
501828,P10031,Notebook Set,Stationery & Office,4,2025-09-30,268.52,CUST00503,india
502136,P10005,Power Bank 10000mAh,Electronics,2,2025-10-19,1034.93,CUST00581,India
502401,P10028,Camping Torch,Sports & Outdoors,-4,2026-04-27,2043.99,CUST00685,uae
502240,P10003,Phone Case,Electronics,2,2025-09-14,1049.71,CUST00627,India
501127,P10015,Running Shoes,Apparel,3,2026-03-06,980.3,CUST00312,India
500393,P10006,Smartwatch Band,Electronics,-3,2025-05-23,990.13,CUST00135,UAE
501840,P10031,Notebook Set,Stationery & Office,3,2026-02-06,268.52,CUST00510,united states
502503,P10009,Cotton Bedsheet Set,Home & Kitchen,5,2025-06-25,1519.89,CUST00706,SINGAPORE
501928,P10025,Yoga Mat,Sports & Outdoors,1,2025-09-11,270.08,CUST00539,India
502913,P10025,Yoga Mat,Sports & Outdoors,2,2025-04-12,270.08,,India
500417,P10017,Formal Shirt,Apparel,4,2025-10-03,562.91,CUST00138,United States
503106,P10030,Cycling Gloves,Sports & Outdoors,5,2026-02-18,820.52,CUST00850,United Kingdom
500557,P10015,Running Shoes,Apparel,5,2025-01-13,980.3,CUST00169,India
500974,P10008,LED Desk Lamp,Home & Kitchen,1,2025-06-20,1311.15,CUST00272,united states
500810,P10016,Wool Sweater,Apparel,5,2026-06-22,1250.39,CUST00219,United Kingdom
502958,P10011,Ceramic Mug Set,Home & Kitchen,5,2025-07-19,1993.94,CUST00829,United States
502672,P10006,Smartwatch Band,Electronics,4,2025-12-27,990.13,CUST00753,United Kingdom
502340,P10003,Phone Case,Electronics,1,2026-05-04,1049.71,,INDIA
501614,P10012,Storage Organizer,Home & Kitchen,2,2025-03-03,1268.9,CUST00448,United States
500416,P10034,Sticky Notes Pack,Stationery & Office,2,2025-09-15,147.9,CUST00138,United States
500143,P10008,LED Desk Lamp,Home & Kitchen,2,2025-06-24,1311.15,CUST00052,United States
502922,P10002,Bluetooth Speaker,Electronics,5,2025-01-14,2723.88,CUST00814,UAE
501054,P10021,Lip Balm Set,Beauty & Personal Care,5,2025-06-10,652.97,CUST00295,India
501631,P10014,Denim Jacket,Apparel,1,2026-02-22,1048.3,CUST00449,india
502054,P10012,,Home & Kitchen,2,2026-01-12,1268.9,CUST00570,INDIA
502212,P10002,Bluetooth Speaker,Electronics,3,2025-02-04,2723.88,CUST00614,INDIA
500456,P10021,Lip Balm Set,Beauty & Personal Care,2,2025-04-19,652.97,CUST00150,India
501390,P10026,Resistance Bands Set,Sports & Outdoors,5,2025-04-26,636.23,CUST00386,United States
502099,P10004,USB-C Cable,Electronics,1,2026-05-15,3182.97,CUST00579,India
502514,P10014,Denim Jacket,Apparel,2,2025-02-01,1048.3,CUST00712,United Kingdom
500354,P10032,Gel Pen Pack,Stationery & Office,3,2026-02-03,687.3,CUST00126,India
502714,P10017,,Apparel,2,2026-01-20,562.91,,United States
500225,P10017,Formal Shirt,Apparel,4,2025-08-19,562.91,CUST00086,India
500577,P10022,Sunscreen SPF50,Beauty & Personal Care,2,2026-04-01,514.51,CUST00176,INDIA
502282,P10019,Face Serum,Beauty & Personal Care,3,2025-01-31,1312.41,CUST00638,India
502380,P10007,Non-Stick Pan,Home & Kitchen,2,2025-03-20,331.24,CUST00674,India
500355,P10005,Power Bank 10000mAh,Electronics,5,2026-03-14,1034.93,CUST00126,India
503032,P10008,LED Desk Lamp,Home & Kitchen,3,2026-03-09,1311.15,CUST00833,India
500976,P10022,Sunscreen SPF50,Beauty & Personal Care,2,2026-06-03,514.51,CUST00272,United States
501968,P10017,Formal Shirt,Apparel,4,2025-06-15,562.91,CUST00544,United Kingdom
501432,P10027,Water Bottle Sipper,Sports & Outdoors,5,2025-06-19,2203.72,CUST00394,United States
501324,P10018,Yoga Pants,Apparel,1,2026-01-27,608.28,CUST00356,United Kingdom
502326,P10027,Water Bottle Sipper,Sports & Outdoors,1,2026-03-21,2203.72,CUST00659, United Kingdom 
500089,P10025,Yoga Mat,Sports & Outdoors,1,2025-06-14,270.08,CUST00037,India
502701,P10007,Non-Stick Pan,Home & Kitchen,3,2026-03-15,331.24,CUST00754,India
501403,P10020,Herbal Shampoo,Beauty & Personal Care,1,2025-01-06,1426.26,CUST00392,India
500116,P10032,Gel Pen Pack,Stationery & Office,3,2026-04-26,687.3,CUST00047,India
500914,P10001,Wireless Earbuds,Electronics,3,2026-05-19,606.94,CUST00253,GERMANY
502153,P10009,Cotton Bedsheet Set,Home & Kitchen,5,2025-02-09,1519.89,CUST00585,United Kingdom
501870,P10024,Beard Trimmer,Beauty & Personal Care,5,2025-05-11,700.79,CUST00524,Germany
502856,P10020,Herbal Shampoo,Beauty & Personal Care,2,2025-04-01,1426.26,CUST00796, Germany 
501747,P10008,LED Desk Lamp,Home & Kitchen,1,2026-05-07,1311.15,CUST00483, India 
503017,P10019,Face Serum,Beauty & Personal Care,4,2026-03-15,1312.41,CUST00833,INDIA
500057,P10027,Water Bottle Sipper,Sports & Outdoors,4,2026-04-28,2203.72,CUST00027,India
500384,P10013,Cotton T-Shirt,Apparel,3,2025-12-16,1190.46,CUST00133,India
502932,P10009,Cotton Bedsheet Set,Home & Kitchen,4,2026-04-28,1519.89,CUST00815,Germany
502478,P10029,Badminton Racket,Sports & Outdoors,4,2025-04-09,274.87,CUST00706,Singapore
501768,P10011,Ceramic Mug Set,Home & Kitchen,3,2025-07-18,1993.94,CUST00487,India
501037,P10033,Desk Organizer,Stationery & Office,3,2025-03-19,67.73,CUST00290,United Kingdom
503000,P10015,Running Shoes,Apparel,5,2025-04-29,980.3,CUST00830,india
501030,P10005,Power Bank 10000mAh,Electronics,1,2026-01-17,1034.93,CUST00286,India
501738,P10025,Yoga Mat,Sports & Outdoors,4,2025-06-01,270.08,,UNITED KINGDOM
501622,P10036,Backpack,Stationery & Office,5,2026-04-30,218.62,CUST00449,India
500788,P10009,Cotton Bedsheet Set,Home & Kitchen,2,2026-03-11,1519.89,CUST00219,united kingdom
502102,P10030,Cycling Gloves,Sports & Outdoors,4,2025-03-06,820.52,CUST00579,India
502689,P10014,Denim Jacket,Apparel,2,2025-11-05,1048.3,CUST00753,United Kingdom
501921,P10010,Insulated Water Bottle,Home & Kitchen,2,2025-04-18,396.84,CUST00539, India 
500859,P10002,Bluetooth Speaker,Electronics,5,2025-01-30,2723.88,CUST00235,India
502640,P10018,Yoga Pants,Apparel,3,2025-03-03,608.28,CUST00749,UAE
501256,P10011,Ceramic Mug Set,Home & Kitchen,1,2026-03-29,1993.94,,India
502047,P10013,Cotton T-Shirt,Apparel,4,2026-05-07,1190.46,CUST00567,INDIA
501430,P10014,Denim Jacket,Apparel,5,2026-03-10,1048.3,CUST00393,India
502837,P10033,Desk Organizer,Stationery & Office,5,2025-01-12,67.73,CUST00788,INDIA
500756,P10018,Yoga Pants,Apparel,5,2025-07-04,608.28,CUST00216,india
500927,P10026,Resistance Bands Set,Sports & Outdoors,5,2025-03-06,636.23,CUST00259,United Kingdom
502156,P10004,USB-C Cable,Electronics,4,2025-05-03,3182.97,CUST00586,India
501519,P10012,Storage Organizer,Home & Kitchen,2,2025-10-17,1268.9,CUST00431,India
501601,P10014,Denim Jacket,Apparel,5,2026-05-03,1048.3,,United States
501858,P10012,Storage Organizer,Home & Kitchen,2,2025-06-23,1268.9,CUST00521,United Kingdom
500591,P10009,Cotton Bedsheet Set,Home & Kitchen,2,2025-10-05,1519.89,CUST00176,India
501149,P10008,LED Desk Lamp,Home & Kitchen,2,2025-11-07,1311.15,CUST00318,India
500095,P10029,Badminton Racket,Sports & Outdoors,2,2025-01-27,274.87,CUST00038,india
500667,P10004,USB-C Cable,Electronics,3,2026-02-11,3182.97,,United States
502406,P10017,Formal Shirt,Apparel,3,2026-01-06,562.91,CUST00687,United Kingdom
502194,P10008,LED Desk Lamp,Home & Kitchen,1,2026-05-23,1311.15,CUST00603,INDIA
500463,P10027,Water Bottle Sipper,Sports & Outdoors,1,2026-04-07,2203.72,CUST00153,India
500171,P10027,Water Bottle Sipper,Sports & Outdoors,4,2025-01-23,2203.72,CUST00062,India
500675,P10013,Cotton T-Shirt,Apparel,-3,2025-12-07,1190.46,CUST00199,Germany
502938,P10008,LED Desk Lamp,Home & Kitchen,5,2025-12-10,1311.15,CUST00816,India
501366,P10015,Running Shoes,Apparel,3,2025-09-06,980.3,CUST00372,India
500216,P10012,Storage Organizer,Home & Kitchen,2,2026-01-22,1268.9,CUST00085, India 
500821,P10021,Lip Balm Set,Beauty & Personal Care,4,2025-05-11,652.97,CUST00219,united kingdom
502727,P10008,LED Desk Lamp,Home & Kitchen,4,2025-01-25,1311.15,CUST00764,United States
501253,P10004,USB-C Cable,Electronics,5,2026-02-04,3182.97,CUST00342,india
500841,P10029,Badminton Racket,Sports & Outdoors,1,2025-02-21,274.87,CUST00225,India
502539,P10031,Notebook Set,Stationery & Office,1,2026-03-24,268.52,CUST00725, United Kingdom 
502166,P10023,Hair Dryer,Beauty & Personal Care,5,2026-06-26,1018.4,CUST00590,India
501408,P10028,Camping Torch,Sports & Outdoors,2,2026-01-20,2043.99,CUST00392,India
500582,P10010,Insulated Water Bottle,Home & Kitchen,3,2026-02-05,396.84,CUST00176,India
501904,P10029,Badminton Racket,Sports & Outdoors,5,2025-05-05,274.87,CUST00536,UAE
500957,P10016,Wool Sweater,Apparel,4,2025-05-02,1250.39,CUST00266,United States
500360,P10025,Yoga Mat,Sports & Outdoors,2,2025-03-04,270.08,CUST00127,UNITED STATES
501400,P10005,Power Bank 10000mAh,Electronics,3,2025-05-05,1034.93,CUST00390,United States
500324,P10019,Face Serum,Beauty & Personal Care,4,2026-05-06,1312.41,CUST00124,India
501286,P10028,Camping Torch,Sports & Outdoors,4,2025-12-12,2043.99,CUST00345,India
500512,P10029,Badminton Racket,Sports & Outdoors,5,2025-07-11,274.87,CUST00168, India 
500399,P10014,Denim Jacket,Apparel,3,2025-03-13,1048.3,CUST00137,India
501006,P10024,Beard Trimmer,Beauty & Personal Care,1,2025-06-19,700.79,CUST00284,India
502731,P10002,Bluetooth Speaker,Electronics,2,2025-08-12,2723.88,CUST00767,United States
502672,P10022,Sunscreen SPF50,Beauty & Personal Care,5,2025-12-27,514.51,CUST00753,UNITED KINGDOM
503003,P10015,Running Shoes,Apparel,4,2025-12-11,980.3,CUST00830,india
500330,P10012,Storage Organizer,Home & Kitchen,2,2025-03-13,1268.9,CUST00126,INDIA
502701,P10001,Wireless Earbuds,Electronics,4,2026-03-15,606.94,CUST00754,India
500501,P10004,USB-C Cable,Electronics,2,2026-06-18,3182.97,CUST00167,India
501171,P10034,Sticky Notes Pack,Stationery & Office,5,2025-08-06,147.9,CUST00324, India 
501260,P10023,Hair Dryer,Beauty & Personal Care,4,2025-09-26,1018.4,CUST00343,India
502838,P10023,Hair Dryer,Beauty & Personal Care,3,2025-06-06,1018.4,CUST00788,India
501284,P10013,Cotton T-Shirt,Apparel,2,2026-04-16,1190.46,CUST00345,india
500512,P10034,Sticky Notes Pack,Stationery & Office,4,2025-07-11,147.9,CUST00168,india
501154,P10018,Yoga Pants,Apparel,5,2025-02-17,608.28,CUST00320,India
500833,P10002,Bluetooth Speaker,Electronics,4,2025-06-18,2723.88,CUST00222,UNITED KINGDOM
502633,P10023,Hair Dryer,Beauty & Personal Care,3,2025-10-20,1018.4,CUST00746,GERMANY
500267,P10020,Herbal Shampoo,Beauty & Personal Care,4,2025-10-27,1426.26,CUST00106,India
503005,P10001,Wireless Earbuds,Electronics,2,2026-05-03,606.94,CUST00832,india
502848,P10033,Desk Organizer,Stationery & Office,2,2025-12-18,67.73,CUST00794,United Kingdom
500888,P10008,LED Desk Lamp,Home & Kitchen,3,2025-12-25,1311.15,CUST00239,united kingdom
503101,P10010,Insulated Water Bottle,Home & Kitchen,3,2026-02-20,396.84,CUST00849,India
501123,P10017,Formal Shirt,Apparel,3,2025-11-03,562.91,CUST00311,India
500645,P10029,Badminton Racket,Sports & Outdoors,4,2025-06-09,274.87,CUST00191,india
500267,P10027,Water Bottle Sipper,Sports & Outdoors,5,2025-10-27,2203.72,CUST00106,India
500422,P10001,Wireless Earbuds,Electronics,4,2026-02-16,606.94,CUST00139,India
503084,P10009,Cotton Bedsheet Set,Home & Kitchen,4,2025-11-13,1519.89,CUST00842,United Kingdom
502979,P10026,Resistance Bands Set,Sports & Outdoors,1,2026-05-12,636.23,CUST00830,India
501816,P10006,Smartwatch Band,Electronics,2,2025-12-18,990.13,,India
501767,P10027,Water Bottle Sipper,Sports & Outdoors,5,2026-05-16,2203.72,CUST00487,India
500247,P10018,Yoga Pants,Apparel,4,2025-10-08,608.28,CUST00098,India
501513,P10027,,Sports & Outdoors,1,2025-04-13,2203.72,CUST00428,Germany
501455,P10034,Sticky Notes Pack,Stationery & Office,5,2025-11-20,147.9,CUST00409,UAE
501001,P10033,Desk Organizer,Stationery & Office,3,2025-12-03,67.73,CUST00281,GERMANY
500390,P10033,Desk Organizer,Stationery & Office,2,2025-02-22,67.73,CUST00133,India
501960,P10023,Hair Dryer,Beauty & Personal Care,-2,2026-06-22,1018.4,CUST00542, United Kingdom 
501106,P10029,Badminton Racket,Sports & Outdoors,5,2026-01-17,274.87,CUST00311,India
501610,P10015,Running Shoes,Apparel,2,2025-02-24,980.3,CUST00448,United States
500614,P10004,USB-C Cable,Electronics,1,2025-01-14,3182.97,CUST00189,India
502032,P10026,Resistance Bands Set,Sports & Outdoors,4,2025-04-17,636.23,CUST00563,India
501574,P10017,Formal Shirt,Apparel,5,2026-04-20,562.91,CUST00448, United States 
502395,P10023,Hair Dryer,Beauty & Personal Care,5,2026-03-07,1018.4,CUST00681,united states
501507,P10002,Bluetooth Speaker,Electronics,1,2025-11-22,2723.88,CUST00426,India
503039,P10016,Wool Sweater,Apparel,2,2025-12-01,1250.39,CUST00839,United Kingdom
500187,P10036,Backpack,Stationery & Office,1,2026-03-10,218.62,CUST00068,United States
501196,P10010,Insulated Water Bottle,Home & Kitchen,4,2026-02-07,396.84,CUST00324,India
501837,P10036,Backpack,Stationery & Office,1,2025-02-04,218.62,CUST00510,United States
503009,P10036,Backpack,Stationery & Office,3,2025-09-18,218.62,CUST00833,India
500476,P10011,Ceramic Mug Set,Home & Kitchen,2,2025-05-13,1993.94,CUST00159,India
502282,P10022,Sunscreen SPF50,Beauty & Personal Care,1,2025-01-31,514.51,CUST00638,India
500603,P10013,Cotton T-Shirt,Apparel,5,2025-08-06,1190.46,CUST00180,India
500492,P10004,USB-C Cable,Electronics,5,2025-02-09,3182.97,CUST00165, India 
502381,P10011,Ceramic Mug Set,Home & Kitchen,4,2025-12-13,1993.94,CUST00674,India
502671,P10015,Running Shoes,Apparel,5,2026-04-01,980.3,CUST00753,United Kingdom
500577,P10012,Storage Organizer,Home & Kitchen,4,2026-04-01,1268.9,CUST00176,India
501365,P10006,Smartwatch Band,Electronics,5,2025-05-29,990.13,CUST00372,India
502091,P10006,Smartwatch Band,Electronics,4,2026-02-27,990.13,CUST00579,India
501376,P10007,Non-Stick Pan,Home & Kitchen,1,2025-04-17,331.24,CUST00378,INDIA
502617,P10018,Yoga Pants,Apparel,3,2025-08-10,608.28,CUST00738,United States
500833,P10010,Insulated Water Bottle,Home & Kitchen,2,2025-06-18,396.84,CUST00222,United Kingdom
501150,P10026,Resistance Bands Set,Sports & Outdoors,5,2025-06-27,636.23,CUST00319,India
501568,P10026,Resistance Bands Set,Sports & Outdoors,2,2025-08-17,636.23,CUST00446, UAE 
501854,P10013,Cotton T-Shirt,Apparel,4,2025-04-26,1190.46,CUST00518,United States
501190,P10025,Yoga Mat,Sports & Outdoors,5,2025-12-29,270.08,CUST00324,India
502821,P10034,Sticky Notes Pack,Stationery & Office,3,2025-12-08,147.9,CUST00784, India 
501814,P10024,Beard Trimmer,Beauty & Personal Care,4,2025-11-15,700.79,,INDIA
502036,P10027,Water Bottle Sipper,Sports & Outdoors,5,2025-01-24,2203.72,CUST00564,India
500093,P10032,Gel Pen Pack,Stationery & Office,5,2025-02-26,687.3,CUST00038,india
502956,P10029,Badminton Racket,Sports & Outdoors,-4,2026-05-26,274.87,CUST00827,India
501056,P10014,Denim Jacket,Apparel,2,2025-10-14,1048.3,CUST00295,India
500971,P10025,Yoga Mat,Sports & Outdoors,1,2025-07-24,270.08,CUST00272,united states
500636,P10007,Non-Stick Pan,Home & Kitchen,5,2026-05-25,331.24,,India
500520,P10032,Gel Pen Pack,Stationery & Office,1,2026-02-14,687.3,CUST00169,INDIA
500289,P10004,USB-C Cable,Electronics,3,2026-05-24,3182.97,CUST00113,UAE
502179,P10009,Cotton Bedsheet Set,Home & Kitchen,3,2025-01-27,1519.89,CUST00594,India
500530,P10025,Yoga Mat,Sports & Outdoors,4,2026-06-05,270.08,CUST00169,India
501576,P10002,Bluetooth Speaker,Electronics,1,2026-03-22,2723.88,CUST00448,United States
501334,P10026,Resistance Bands Set,Sports & Outdoors,2,2025-10-19,636.23,,United Kingdom
502520,P10021,Lip Balm Set,Beauty & Personal Care,4,2025-04-05,652.97,CUST00714,India
502523,P10024,Beard Trimmer,Beauty & Personal Care,2,2025-08-12,700.79,CUST00715,India
500154,P10011,Ceramic Mug Set,Home & Kitchen,5,2026-05-15,1993.94,CUST00056,UAE
501431,P10011,Ceramic Mug Set,Home & Kitchen,4,2026-06-07,1993.94,CUST00394,United States
500756,P10025,Yoga Mat,Sports & Outdoors,5,2025-07-04,270.08,CUST00216,India
502831,P10026,Resistance Bands Set,Sports & Outdoors,2,2025-09-23,636.23,CUST00787,UNITED KINGDOM
502687,P10003,Phone Case,Electronics,2,2026-05-22,1049.71,CUST00753, United Kingdom 
501812,P10001,Wireless Earbuds,Electronics,3,2025-10-21,606.94,CUST00501,United Kingdom
502685,P10001,Wireless Earbuds,Electronics,4,2026-02-09,606.94,CUST00753,United Kingdom
500762,P10002,Bluetooth Speaker,Electronics,-1,2025-11-10,2723.88,CUST00216,India
503096,P10019,Face Serum,Beauty & Personal Care,3,2025-10-05,1312.41,,India
502244,P10027,Water Bottle Sipper,Sports & Outdoors,2,2025-12-01,2203.72,CUST00627,India
500908,P10017,Formal Shirt,Apparel,-4,2026-01-17,562.91,CUST00251,India
501555,P10036,Backpack,Stationery & Office,4,2025-04-27,218.62,CUST00441, India 
500222,P10035,Whiteboard Marker Set,Stationery & Office,2,2025-05-31,808.92,CUST00086,India
502982,P10001,Wireless Earbuds,Electronics,2,2025-03-23,606.94,CUST00830, India 
501004,P10011,Ceramic Mug Set,Home & Kitchen,4,2026-05-15,1993.94,CUST00282,India
500388,P10013,Cotton T-Shirt,Apparel,3,2025-09-29,1190.46,CUST00133,India
500049,P10004,USB-C Cable,Electronics,5,2025-11-22,3182.97,,United Kingdom
500898,P10019,Face Serum,Beauty & Personal Care,5,2026-02-10,1312.41,CUST00246,UAE
502840,P10006,Smartwatch Band,Electronics,5,2025-07-12,990.13,CUST00789,India
500132,P10019,Face Serum,Beauty & Personal Care,-1,2025-10-26,1312.41,CUST00047,INDIA
500178,P10005,Power Bank 10000mAh,Electronics,5,2025-02-24,1034.93,CUST00064,India
501322,P10010,Insulated Water Bottle,Home & Kitchen,1,2026-03-16,0.0,CUST00356,United Kingdom
502931,P10008,LED Desk Lamp,Home & Kitchen,1,2025-04-14,1311.15,CUST00815,Germany
500981,P10029,Badminton Racket,Sports & Outdoors,3,2026-05-25,274.87,CUST00273,Germany
502577,P10027,,Sports & Outdoors,1,2026-01-07,2203.72,CUST00731,India
502167,P10005,Power Bank 10000mAh,Electronics,4,2025-06-04,1034.93,CUST00590,India
502884,P10012,Storage Organizer,Home & Kitchen,3,2026-02-17,1268.9,CUST00801,United States
501687,P10024,Beard Trimmer,Beauty & Personal Care,3,2025-07-18,700.79,CUST00463,United States
502510,P10006,Smartwatch Band,Electronics,4,2025-08-03,990.13,CUST00709,India
502287,P10011,Ceramic Mug Set,Home & Kitchen,3,2026-05-13,1993.94,CUST00642,India
502350,P10028,Camping Torch,Sports & Outdoors,1,2026-04-11,2043.99,CUST00665,India
500797,P10018,Yoga Pants,Apparel,2,2025-03-06,608.28,CUST00219,United Kingdom
502663,P10032,Gel Pen Pack,Stationery & Office,3,2026-03-31,687.3,CUST00753,United Kingdom
502876,P10012,Storage Organizer,Home & Kitchen,4,2025-01-05,1268.9,CUST00798,United Kingdom
502925,P10017,Formal Shirt,Apparel,5,2026-01-19,562.91,CUST00815,GERMANY
502635,P10031,Notebook Set,Stationery & Office,4,2026-01-29,268.52,CUST00747,India
500652,P10034,Sticky Notes Pack,Stationery & Office,2,2025-01-30,147.9,CUST00194,United Kingdom
501368,P10027,Water Bottle Sipper,Sports & Outdoors,5,2025-07-09,2203.72,CUST00374,United Kingdom
502165,P10017,Formal Shirt,Apparel,3,2025-08-02,562.91,CUST00589,INDIA
502956,P10036,Backpack,Stationery & Office,4,2026-05-26,218.62,CUST00827,India
502987,P10005,Power Bank 10000mAh,Electronics,5,2025-06-01,1034.93,CUST00830,India
500645,P10033,Desk Organizer,Stationery & Office,4,2025-06-09,67.73,CUST00191,India
503026,P10008,LED Desk Lamp,Home & Kitchen,5,2025-01-29,1311.15,CUST00833,India
501325,P10010,Insulated Water Bottle,Home & Kitchen,4,2025-05-21,396.84,CUST00356,United Kingdom
501450,P10021,Lip Balm Set,Beauty & Personal Care,5,2025-08-26,652.97,CUST00407,India
502618,P10019,Face Serum,Beauty & Personal Care,4,2025-12-19,1312.41,CUST00738,United States
501011,P10027,Water Bottle Sipper,Sports & Outdoors,4,2025-03-15,2203.72,CUST00286,India
501899,P10005,Power Bank 10000mAh,Electronics,1,2025-09-18,1034.93,CUST00534,United Kingdom
502962,P10018,Yoga Pants,Apparel,5,2026-03-18,608.28,CUST00830,india
502238,P10006,Smartwatch Band,Electronics,2,2025-10-08,990.13,CUST00627,India
502054,P10012,Storage Organizer,Home & Kitchen,4,2026-01-12,1268.9,CUST00570,India
502755,P10022,Sunscreen SPF50,Beauty & Personal Care,4,2025-03-14,514.51,CUST00777,India
500936,P10004,USB-C Cable,Electronics,5,2025-04-04,3182.97,CUST00261,UNITED KINGDOM
500893,P10036,Backpack,Stationery & Office,1,2025-06-20,218.62,CUST00243,UAE
502053,P10002,Bluetooth Speaker,Electronics,5,2026-05-15,2723.88,CUST00570,India
500865,P10017,Formal Shirt,Apparel,3,2025-05-30,562.91,CUST00236,United States
501748,P10033,Desk Organizer,Stationery & Office,5,2026-02-14,67.73,CUST00484,United Kingdom
500320,P10002,Bluetooth Speaker,Electronics,5,2026-01-20,2723.88,CUST00122,Germany
502531,P10034,Sticky Notes Pack,Stationery & Office,1,2025-03-04,147.9,CUST00722,India
501720,P10002,Bluetooth Speaker,Electronics,3,2026-06-29,2723.88,CUST00475,India
502017,P10016,Wool Sweater,Apparel,3,2025-08-08,1250.39,CUST00561,UNITED STATES
500433,P10036,Backpack,Stationery & Office,4,2026-06-25,218.62,CUST00140,Singapore
502124,P10013,Cotton T-Shirt,Apparel,3,2025-04-13,1190.46,CUST00581,India
501217,P10023,Hair Dryer,Beauty & Personal Care,4,2026-03-01,1018.4,CUST00331,India
501272,P10012,Storage Organizer,Home & Kitchen,4,2025-05-16,1268.9,CUST00343, India 
501018,P10022,Sunscreen SPF50,Beauty & Personal Care,1,2025-06-08,514.51,CUST00286,india
502418,P10033,Desk Organizer,Stationery & Office,1,2025-03-27,67.73,CUST00693,India
500730,P10001,Wireless Earbuds,Electronics,5,2026-03-19,606.94,CUST00205,United Kingdom
501325,P10024,Beard Trimmer,Beauty & Personal Care,2,2025-05-21,700.79,CUST00356,United Kingdom
500706,P10003,Phone Case,Electronics,3,2025-10-27,1049.71,CUST00203,India
500769,P10006,Smartwatch Band,Electronics,5,2025-02-28,990.13,CUST00217,India
502721,P10023,Hair Dryer,Beauty & Personal Care,4,2025-01-20,0.0,CUST00762,INDIA
502349,P10010,Insulated Water Bottle,Home & Kitchen,2,2025-02-07,396.84,CUST00665,India
500735,P10016,Wool Sweater,Apparel,4,2026-03-18,1250.39,CUST00205,United Kingdom
500497,P10024,Beard Trimmer,Beauty & Personal Care,3,2025-04-06,700.79,CUST00166,germany
502099,P10030,Cycling Gloves,Sports & Outdoors,3,2026-05-15,820.52,CUST00579,India
500137,P10013,Cotton T-Shirt,Apparel,2,2025-12-01,1190.46,CUST00048,India
501828,P10020,Herbal Shampoo,Beauty & Personal Care,2,2025-09-30,1426.26,CUST00503,India
501012,P10002,Bluetooth Speaker,Electronics,4,2025-03-27,2723.88,CUST00286,india
501886,P10026,Resistance Bands Set,Sports & Outdoors,4,2025-06-04,636.23,CUST00530,Germany
502489,P10007,Non-Stick Pan,Home & Kitchen,2,2025-09-22,331.24,CUST00706,Singapore
502759,P10027,Water Bottle Sipper,Sports & Outdoors,3,2026-01-11,2203.72,CUST00777,India
502697,P10004,USB-C Cable,Electronics,1,2025-03-22,3182.97,CUST00754,india
500955,P10027,Water Bottle Sipper,Sports & Outdoors,3,2025-05-07,0.0,CUST00266,United States
501861,P10002,Bluetooth Speaker,Electronics,1,2025-04-04,2723.88,CUST00521,United Kingdom
502317,P10014,Denim Jacket,Apparel,1,2026-03-03,1048.3,CUST00659,United Kingdom
502909,P10018,Yoga Pants,Apparel,4,2026-04-11,608.28,CUST00813,india
500103,P10001,Wireless Earbuds,Electronics,2,2025-07-02,606.94,CUST00043,India
501807,P10032,Gel Pen Pack,Stationery & Office,4,2026-04-25,687.3,CUST00499,Singapore
500210,P10004,USB-C Cable,Electronics,2,2025-05-24,3182.97,CUST00081,GERMANY
502313,P10004,USB-C Cable,Electronics,2,2025-05-31,3182.97,CUST00656,india
501189,P10022,Sunscreen SPF50,Beauty & Personal Care,5,2026-06-29,514.51,CUST00324,India
500002,P10011,Ceramic Mug Set,Home & Kitchen,5,2025-12-18,1993.94,CUST00001,India
501663,P10003,Phone Case,Electronics,2,2025-10-15,1049.71,CUST00463,united states
502799,P10020,Herbal Shampoo,Beauty & Personal Care,3,2026-01-29,1426.26,CUST00779,united states
501192,P10020,Herbal Shampoo,Beauty & Personal Care,3,2025-08-09,1426.26,CUST00324,India
500683,P10014,Denim Jacket,Apparel,4,2025-01-10,1048.3,CUST00199,germany
502887,P10025,Yoga Mat,Sports & Outdoors,5,2025-01-25,270.08,CUST00801,United States
501632,P10020,Herbal Shampoo,Beauty & Personal Care,2,2025-03-19,1426.26,CUST00449,India
503072,P10026,Resistance Bands Set,Sports & Outdoors,2,2025-02-27,636.23,CUST00842,United Kingdom
501187,P10026,Resistance Bands Set,Sports & Outdoors,-5,2025-11-27,636.23,CUST00324,india
500578,P10033,Desk Organizer,Stationery & Office,2,2025-09-26,67.73,CUST00176,India
500458,P10030,Cycling Gloves,Sports & Outdoors,1,2025-09-05,820.52,CUST00150,India
500950,P10031,Notebook Set,Stationery & Office,3,2025-03-13,268.52,CUST00264,india
502812,P10006,Smartwatch Band,Electronics,3,2025-10-24,990.13,CUST00782,India
502341,P10031,Notebook Set,Stationery & Office,4,2026-04-10,268.52,CUST00664,India
502975,P10020,Herbal Shampoo,Beauty & Personal Care,3,2026-04-17,1426.26,CUST00830, India 
502169,P10034,Sticky Notes Pack,Stationery & Office,4,2025-11-03,147.9,CUST00591,India
501034,P10010,Insulated Water Bottle,Home & Kitchen,5,2025-02-25,396.84,CUST00289,india
502911,P10033,Desk Organizer,Stationery & Office,4,2025-06-08,67.73,CUST00813,INDIA
500215,P10032,Gel Pen Pack,Stationery & Office,4,2026-06-19,687.3,CUST00084,India
501211,P10021,Lip Balm Set,Beauty & Personal Care,4,2025-08-26,652.97,CUST00328,United Kingdom
500399,P10028,Camping Torch,Sports & Outdoors,3,2025-03-13,2043.99,CUST00137,India
500396,P10020,Herbal Shampoo,Beauty & Personal Care,1,2025-09-19,1426.26,CUST00137,India
502434,P10030,Cycling Gloves,Sports & Outdoors,2,2025-04-26,820.52,,India
501705,P10028,Camping Torch,Sports & Outdoors,2,2025-04-18,2043.99,CUST00470,Singapore
500332,P10018,Yoga Pants,Apparel,1,2025-11-06,608.28,CUST00126,India
503014,P10017,Formal Shirt,Apparel,4,2025-02-20,562.91,CUST00833,India
501764,P10027,Water Bottle Sipper,Sports & Outdoors,4,2025-02-21,2203.72,CUST00485,United Kingdom
501810,P10013,Cotton T-Shirt,Apparel,2,2025-07-05,1190.46,CUST00501,United Kingdom
501185,P10006,Smartwatch Band,Electronics,2,2025-10-15,990.13,CUST00324,India
500615,P10032,Gel Pen Pack,Stationery & Office,3,2025-07-30,687.3,CUST00189,India
501098,P10013,Cotton T-Shirt,Apparel,3,2026-02-02,1190.46,CUST00308,India
501313,P10009,Cotton Bedsheet Set,Home & Kitchen,1,2025-03-17,1519.89,CUST00353,United Kingdom
502101,P10001,Wireless Earbuds,Electronics,2,2025-07-21,606.94,CUST00579,india
500350,P10028,Camping Torch,Sports & Outdoors,4,2026-05-31,2043.99,,INDIA
500238,P10035,Whiteboard Marker Set,Stationery & Office,5,2025-07-22,808.92,CUST00093,United States
500138,P10031,Notebook Set,Stationery & Office,4,2026-01-11,268.52,CUST00049,India
502863,P10012,Storage Organizer,Home & Kitchen,5,2025-12-26,1268.9,CUST00796,Germany
500453,P10023,Hair Dryer,Beauty & Personal Care,2,2025-06-21,1018.4,CUST00147,United Kingdom
502378,P10002,Bluetooth Speaker,Electronics,4,2025-04-07,2723.88,, India 
502345,P10008,LED Desk Lamp,Home & Kitchen,1,2025-10-17,1311.15,CUST00665,INDIA
502442,P10015,Running Shoes,Apparel,4,2026-06-01,980.3,CUST00699,India
502917,P10002,Bluetooth Speaker,Electronics,2,2025-01-26,2723.88,CUST00813,India
502990,P10023,Hair Dryer,Beauty & Personal Care,5,2026-04-06,1018.4,CUST00830,India
502592,P10006,Smartwatch Band,Electronics,1,2026-02-16,990.13,CUST00731,India
502444,P10035,Whiteboard Marker Set,Stationery & Office,4,2025-03-31,808.92,,india
500003,P10007,Non-Stick Pan,Home & Kitchen,-5,2026-06-25,331.24,CUST00002,UAE
502494,P10036,Backpack,Stationery & Office,4,2025-11-25,218.62,CUST00706,Singapore
500497,P10003,Phone Case,Electronics,2,2025-04-06,1049.71,CUST00166,GERMANY
500671,P10017,Formal Shirt,Apparel,1,2026-02-26,562.91,CUST00198,germany
501200,P10031,Notebook Set,Stationery & Office,1,2025-06-29,268.52,CUST00324,india
503081,P10016,Wool Sweater,Apparel,1,2025-04-22,1250.39,, United Kingdom 
500568,P10005,Power Bank 10000mAh,Electronics,3,2025-12-26,1034.93,CUST00175,UNITED KINGDOM
501873,P10026,Resistance Bands Set,Sports & Outdoors,2,2025-12-19,636.23,,Germany
501317,P10010,Insulated Water Bottle,Home & Kitchen,5,2025-12-13,396.84,CUST00355,India
502433,P10032,Gel Pen Pack,Stationery & Office,4,2026-04-16,687.3,CUST00699, India 
500176,P10029,Badminton Racket,Sports & Outdoors,1,2025-09-02,274.87,CUST00063,Germany
501746,P10034,Sticky Notes Pack,Stationery & Office,4,2025-09-14,147.9,CUST00482,United Kingdom
501330,P10007,Non-Stick Pan,Home & Kitchen,1,2025-03-26,331.24,CUST00358,United Kingdom
500971,P10025,Yoga Mat,Sports & Outdoors,3,2025-07-24,270.08,CUST00272,United States
501220,P10012,Storage Organizer,Home & Kitchen,3,2025-10-28,1268.9,CUST00332,United States
500915,P10003,Phone Case,Electronics,2,2025-06-07,1049.71,CUST00254,India
502616,P10020,Herbal Shampoo,Beauty & Personal Care,1,2025-07-22,1426.26,,United States
501904,P10001,Wireless Earbuds,Electronics,2,2025-05-05,606.94,CUST00536, UAE 
501836,P10006,Smartwatch Band,Electronics,4,2025-07-13,990.13,CUST00509,UAE
500216,P10036,Backpack,Stationery & Office,5,2026-01-22,218.62,CUST00085,India
502657,P10010,Insulated Water Bottle,Home & Kitchen,2,2025-03-08,396.84,CUST00753,United Kingdom
500795,P10028,Camping Torch,Sports & Outdoors,1,2025-05-25,2043.99,CUST00219,UNITED KINGDOM
501669,P10002,Bluetooth Speaker,Electronics,3,2025-08-20,2723.88,CUST00463,United States
500542,P10027,Water Bottle Sipper,Sports & Outdoors,5,2025-04-04,2203.72,CUST00169,india
500623,P10026,Resistance Bands Set,Sports & Outdoors,3,2025-02-01,636.23,CUST00189,India
502357,P10027,Water Bottle Sipper,Sports & Outdoors,-3,2026-01-06,2203.72,CUST00667,India
500534,P10017,Formal Shirt,Apparel,2,2025-10-09,562.91,CUST00169,India
501726,P10024,Beard Trimmer,Beauty & Personal Care,4,2025-04-05,700.79,CUST00475,India
500204,P10008,LED Desk Lamp,Home & Kitchen,3,2026-01-27,1311.15,CUST00076,United States
500500,P10008,LED Desk Lamp,Home & Kitchen,3,2025-06-14,1311.15,,india
501517,P10005,Power Bank 10000mAh,Electronics,3,2026-04-20,1034.93,CUST00430,india
500642,P10029,Badminton Racket,Sports & Outdoors,2,2025-12-10,274.87,CUST00189,India
501641,P10036,Backpack,Stationery & Office,3,2025-08-16,218.62,CUST00455,India
502862,P10003,Phone Case,Electronics,2,2025-04-01,1049.71,CUST00796,Germany
500932,P10030,Cycling Gloves,Sports & Outdoors,4,2026-01-16,820.52,CUST00260,India
501650,P10028,Camping Torch,Sports & Outdoors,1,2025-08-10,2043.99,CUST00458,India
502955,P10024,Beard Trimmer,Beauty & Personal Care,5,2026-06-20,700.79,CUST00827,India
500490,P10036,Backpack,Stationery & Office,1,2025-08-06,218.62,CUST00164,india
501961,P10007,Non-Stick Pan,Home & Kitchen,3,2025-04-19,331.24,CUST00542,UNITED KINGDOM
500956,P10006,Smartwatch Band,Electronics,3,2026-05-29,990.13,CUST00266,United States
502815,P10008,LED Desk Lamp,Home & Kitchen,4,2025-06-22,1311.15,CUST00782,India
501695,P10034,Sticky Notes Pack,Stationery & Office,2,2026-01-20,147.9,CUST00466,India
501189,P10028,Camping Torch,Sports & Outdoors,5,2026-06-29,2043.99,CUST00324,India
500242,P10027,Water Bottle Sipper,Sports & Outdoors,4,2025-06-21,2203.72,,India
501918,P10002,Bluetooth Speaker,Electronics,5,2025-04-18,2723.88,CUST00539,India
502506,P10025,Yoga Mat,Sports & Outdoors,1,2025-12-07,270.08,CUST00707,India
501271,P10028,Camping Torch,Sports & Outdoors,1,2025-09-29,2043.99,CUST00343,India
500832,P10027,Water Bottle Sipper,Sports & Outdoors,-2,2025-10-18,2203.72,CUST00222,United Kingdom
502212,P10031,Notebook Set,Stationery & Office,3,2025-02-04,268.52,CUST00614,india
501768,P10001,Wireless Earbuds,Electronics,2,2025-07-18,606.94,CUST00487,INDIA
501052,P10004,USB-C Cable,Electronics,3,2025-02-25,3182.97,CUST00295,India
501899,P10024,Beard Trimmer,Beauty & Personal Care,1,2025-09-18,700.79,CUST00534,United Kingdom
502145,P10018,Yoga Pants,Apparel,5,2026-06-06,608.28,CUST00583,India
502316,P10006,Smartwatch Band,Electronics,5,2025-09-07,990.13,,india
501253,P10009,Cotton Bedsheet Set,Home & Kitchen,2,2026-02-04,1519.89,CUST00342,India
502607,P10003,Phone Case,Electronics,3,2025-09-25,1049.71,CUST00737,india
502847,P10027,Water Bottle Sipper,Sports & Outdoors,2,2025-05-30,2203.72,CUST00793,India
501010,P10026,Resistance Bands Set,Sports & Outdoors,4,2026-01-24,636.23,CUST00286,India
502813,P10032,Gel Pen Pack,Stationery & Office,3,2026-06-29,687.3,CUST00782,India
501026,P10032,Gel Pen Pack,Stationery & Office,4,2025-10-18,687.3,CUST00286,INDIA
500061,P10015,Running Shoes,Apparel,1,2026-03-25,980.3,,India
502357,P10006,Smartwatch Band,Electronics,1,2026-01-06,990.13,CUST00667,india
501050,P10032,Gel Pen Pack,Stationery & Office,5,2025-02-06,687.3,CUST00295,India
502684,P10032,Gel Pen Pack,Stationery & Office,2,2025-08-11,687.3,CUST00753,United Kingdom
503039,P10002,Bluetooth Speaker,Electronics,3,2025-12-01,2723.88,CUST00839,United Kingdom
500328,P10011,Ceramic Mug Set,Home & Kitchen,2,2025-01-27,1993.94,CUST00126,India
501275,P10001,Wireless Earbuds,Electronics,-5,2025-03-12,606.94,CUST00343,india
500896,P10030,Cycling Gloves,Sports & Outdoors,5,2025-07-02,820.52,CUST00245,India
501250,P10026,Resistance Bands Set,Sports & Outdoors,5,2026-03-11,636.23,CUST00340,india
502013,P10035,Whiteboard Marker Set,Stationery & Office,3,2025-07-23,808.92,CUST00559,United States
502847,P10008,LED Desk Lamp,Home & Kitchen,1,2025-05-30,1311.15,CUST00793,India
502107,P10017,Formal Shirt,Apparel,5,2025-06-02,562.91,CUST00579,India
503092,P10016,Wool Sweater,Apparel,3,2025-08-06,1250.39,CUST00843,India
500242,P10018,Yoga Pants,Apparel,3,2025-06-21,608.28,CUST00096,India
502124,P10022,Sunscreen SPF50,Beauty & Personal Care,5,2025-04-13,514.51,CUST00581,India
502605,P10015,Running Shoes,Apparel,3,2025-05-28,980.3,CUST00736,Germany
501061,P10031,Notebook Set,Stationery & Office,2,2025-01-09,268.52,CUST00295,India
500560,P10033,,Stationery & Office,1,2026-03-10,67.73,CUST00171,united kingdom
502994,P10027,Water Bottle Sipper,Sports & Outdoors,3,2025-05-04,2203.72,CUST00830,India
502788,P10011,Ceramic Mug Set,Home & Kitchen,1,2026-04-24,1993.94,CUST00779,United States
500489,P10035,Whiteboard Marker Set,Stationery & Office,5,2025-06-10,808.92,CUST00163,United Kingdom
502512,P10033,Desk Organizer,Stationery & Office,2,2025-01-06,67.73,CUST00710,United Kingdom
501810,P10006,Smartwatch Band,Electronics,2,2025-07-05,990.13,CUST00501,United Kingdom
502863,P10017,Formal Shirt,Apparel,3,2025-12-26,562.91,CUST00796,GERMANY
502095,P10034,Sticky Notes Pack,Stationery & Office,1,2025-05-02,147.9,CUST00579,India
503017,P10011,Ceramic Mug Set,Home & Kitchen,4,2026-03-15,1993.94,CUST00833, India 
501769,P10011,Ceramic Mug Set,Home & Kitchen,4,2026-05-13,1993.94,CUST00487,India
502826,P10015,Running Shoes,Apparel,5,2025-09-10,980.3,CUST00786,uae
502720,P10002,Bluetooth Speaker,Electronics,3,2025-01-12,2723.88,CUST00762,india
502009,P10023,Hair Dryer,Beauty & Personal Care,4,2026-05-06,1018.4,CUST00558, India 
501610,P10030,Cycling Gloves,Sports & Outdoors,2,2025-02-24,820.52,CUST00448,united states
500457,P10034,Sticky Notes Pack,Stationery & Office,5,2025-06-29,147.9,CUST00150,India
500489,P10007,Non-Stick Pan,Home & Kitchen,5,2025-06-10,331.24,CUST00163,United Kingdom
502286,P10003,Phone Case,Electronics,1,2025-12-22,1049.71,CUST00641,India
502538,P10034,Sticky Notes Pack,Stationery & Office,3,2025-07-18,147.9,CUST00725,United Kingdom
503043,P10031,Notebook Set,Stationery & Office,3,2025-03-04,268.52,CUST00841,India
500374,P10006,Smartwatch Band,Electronics,1,2026-01-28,990.13,CUST00130,India
502478,P10004,USB-C Cable,Electronics,3,2025-04-09,3182.97,CUST00706, Singapore 
502998,P10033,Desk Organizer,Stationery & Office,1,2025-11-03,67.73,CUST00830,India
502416,P10024,Beard Trimmer,Beauty & Personal Care,4,2025-01-18,700.79,CUST00692,India
500467,P10016,Wool Sweater,Apparel,2,2026-04-24,1250.39,CUST00156, India 
501546,P10026,Resistance Bands Set,Sports & Outdoors,3,2025-11-17,636.23,CUST00439,UNITED STATES
500275,P10009,Cotton Bedsheet Set,Home & Kitchen,4,2025-03-09,1519.89,CUST00111,INDIA
502733,P10004,USB-C Cable,Electronics,5,2025-05-09,3182.97,CUST00769,India
503094,P10033,Desk Organizer,Stationery & Office,3,2025-03-21,67.73,CUST00844,Singapore
501766,P10023,Hair Dryer,Beauty & Personal Care,3,2025-04-08,1018.4,CUST00486,UAE
500675,P10021,Lip Balm Set,Beauty & Personal Care,5,2025-12-07,652.97,CUST00199, Germany 
500832,P10025,Yoga Mat,Sports & Outdoors,5,2025-10-18,270.08,CUST00222,United Kingdom
501440,P10004,USB-C Cable,Electronics,2,2025-05-04,3182.97,CUST00398,india
501901,P10017,Formal Shirt,Apparel,4,2029-01-01,562.91,CUST00534,United Kingdom
502058,P10032,Gel Pen Pack,Stationery & Office,5,2026-04-12,687.3,CUST00570,India
502009,P10001,Wireless Earbuds,Electronics,5,2026-05-06,606.94,CUST00558,India
500833,P10010,Insulated Water Bottle,Home & Kitchen,1,2025-06-18,396.84,CUST00222,UNITED KINGDOM
500090,P10013,Cotton T-Shirt,Apparel,2,2025-11-21,1190.46,CUST00037,India
502759,P10006,Smartwatch Band,Electronics,4,2026-01-11,990.13,CUST00777,India
501713,P10027,Water Bottle Sipper,Sports & Outdoors,4,2026-01-05,2203.72,CUST00471,INDIA
502848,P10010,Insulated Water Bottle,Home & Kitchen,5,2025-12-18,396.84,CUST00794,United Kingdom
501958,P10016,Wool Sweater,Apparel,5,2025-08-18,1250.39,CUST00542,United Kingdom
500855,P10018,Yoga Pants,Apparel,1,2025-02-13,608.28,CUST00232,India
500729,P10027,Water Bottle Sipper,Sports & Outdoors,3,2026-02-15,2203.72,CUST00205,United Kingdom
501346,P10021,Lip Balm Set,Beauty & Personal Care,2,2026-04-28,652.97,CUST00363,India
501414,P10014,Denim Jacket,Apparel,2,2026-03-07,1048.3,CUST00392,India
500511,P10027,Water Bottle Sipper,Sports & Outdoors,3,2025-01-27,2203.72,CUST00168,India
500687,P10036,Backpack,Stationery & Office,3,2025-10-08,218.62,CUST00201,United Kingdom
501131,P10014,Denim Jacket,Apparel,3,2026-03-04,1048.3,CUST00312,India
501362,P10007,Non-Stick Pan,Home & Kitchen,2,2025-01-10,331.24,CUST00369,India
500419,P10010,Insulated Water Bottle,Home & Kitchen,1,2025-06-24,396.84,CUST00138,UNITED STATES
502184,P10017,Formal Shirt,Apparel,5,2025-08-29,562.91,CUST00596,India
501714,P10024,Beard Trimmer,Beauty & Personal Care,3,2025-03-24,700.79,CUST00471,India
502100,P10007,Non-Stick Pan,Home & Kitchen,1,2025-03-01,331.24,CUST00579,India
502005,P10007,Non-Stick Pan,Home & Kitchen,1,2026-03-20,331.24,CUST00556,India
500208,P10031,Notebook Set,Stationery & Office,2,2026-01-10,268.52,CUST00080,India
502412,P10013,Cotton T-Shirt,Apparel,4,2025-08-30,1190.46,CUST00689,United States
500724,P10001,Wireless Earbuds,Electronics,3,2026-05-23,606.94,CUST00203,India
500361,P10003,Phone Case,Electronics,3,2025-06-19,1049.71,CUST00127,UNITED STATES
500093,P10030,Cycling Gloves,Sports & Outdoors,1,2025-02-26,820.52,CUST00038,India
502883,P10014,Denim Jacket,Apparel,5,2025-05-06,1048.3,CUST00801,UNITED STATES
501657,P10034,Sticky Notes Pack,Stationery & Office,3,2025-04-09,147.9,CUST00462,United Kingdom
501110,P10012,Storage Organizer,Home & Kitchen,4,2025-02-07,1268.9,CUST00311,India
500919,P10019,Face Serum,Beauty & Personal Care,4,2025-07-03,1312.41,CUST00255, India 
500071,P10011,Ceramic Mug Set,Home & Kitchen,4,2025-07-03,1993.94,CUST00032,India
501312,P10010,Insulated Water Bottle,Home & Kitchen,2,2025-04-13,396.84,CUST00353,United Kingdom
501957,P10004,USB-C Cable,Electronics,1,2025-06-11,3182.97,CUST00542,United Kingdom
500308,P10016,Wool Sweater,Apparel,5,2025-09-01,1250.39,CUST00119,Germany
500885,P10012,Storage Organizer,Home & Kitchen,5,2025-08-19,1268.9,CUST00238,India
500118,P10002,Bluetooth Speaker,Electronics,4,2025-06-25,2723.88,CUST00047,India
501427,P10011,Ceramic Mug Set,Home & Kitchen,4,2025-01-11,1993.94,,india
501158,P10011,Ceramic Mug Set,Home & Kitchen,3,2025-07-27,1993.94,CUST00321,India
502499,P10011,Ceramic Mug Set,Home & Kitchen,2,2025-05-13,1993.94,CUST00706,Singapore
500217,P10017,Formal Shirt,Apparel,1,2026-04-25,562.91,CUST00085,India
500426,P10035,Whiteboard Marker Set,Stationery & Office,4,2026-01-22,808.92,CUST00139,India
500486,P10022,Sunscreen SPF50,Beauty & Personal Care,5,2025-06-24,514.51,CUST00163,United Kingdom
502315,P10012,Storage Organizer,Home & Kitchen,4,2025-06-25,1268.9,CUST00657,India
502291,P10001,Wireless Earbuds,Electronics,5,2025-09-15,606.94,CUST00643,India
502879,P10033,Desk Organizer,Stationery & Office,3,2025-01-21,67.73,CUST00800,UAE
502607,P10031,Notebook Set,Stationery & Office,4,2025-09-25,268.52,CUST00737,India
500866,P10024,Beard Trimmer,Beauty & Personal Care,3,2025-08-08,700.79,CUST00236,United States
500433,P10006,Smartwatch Band,Electronics,4,2026-06-25,990.13,CUST00140,Singapore
500219,P10019,Face Serum,Beauty & Personal Care,2,2025-11-15,1312.41,CUST00086,India
501064,P10017,Formal Shirt,Apparel,5,2026-04-06,562.91,CUST00297,United States
502883,P10015,Running Shoes,Apparel,3,2025-05-06,980.3,CUST00801,United States
500565,P10008,LED Desk Lamp,Home & Kitchen,1,2025-11-01,1311.15,CUST00174,India
502915,P10021,,Beauty & Personal Care,3,2025-04-01,652.97,CUST00813,India
500872,P10002,Bluetooth Speaker,Electronics,4,2025-07-06,2723.88,CUST00236,united states
502323,P10034,Sticky Notes Pack,Stationery & Office,3,2025-08-12,147.9,CUST00659,united kingdom
500253,P10007,Non-Stick Pan,Home & Kitchen,5,2025-10-02,331.24,CUST00101,India
502935,P10018,Yoga Pants,Apparel,3,2026-03-06,608.28,CUST00815,Germany
500270,P10025,Yoga Mat,Sports & Outdoors,3,2026-03-06,270.08,CUST00108,United States
501867,P10015,Running Shoes,Apparel,-2,2025-12-19,980.3,CUST00523,Singapore
500639,P10021,Lip Balm Set,Beauty & Personal Care,4,2025-11-14,652.97,CUST00189,India
500493,P10005,Power Bank 10000mAh,Electronics,5,2026-01-01,1034.93,CUST00165,INDIA
502249,P10036,Backpack,Stationery & Office,2,2025-08-27,218.62,CUST00628, United States 
501818,P10002,Bluetooth Speaker,Electronics,4,2026-06-14,2723.88,CUST00503,India
501136,P10008,LED Desk Lamp,Home & Kitchen,4,2026-03-28,1311.15,CUST00312,India
501743,P10029,Badminton Racket,Sports & Outdoors,5,2026-02-05,274.87,CUST00482,United Kingdom
500433,P10035,Whiteboard Marker Set,Stationery & Office,4,2026-06-25,808.92,CUST00140,Singapore
502295,P10007,Non-Stick Pan,Home & Kitchen,2,2026-05-29,331.24,CUST00646,Germany
502669,P10026,Resistance Bands Set,Sports & Outdoors,1,2025-04-06,636.23,CUST00753,United Kingdom
500253,P10032,Gel Pen Pack,Stationery & Office,1,2025-10-02,687.3,CUST00101,India
502811,P10004,USB-C Cable,Electronics,4,2025-01-18,3182.97,CUST00782,India
501735,P10023,Hair Dryer,Beauty & Personal Care,3,2025-06-17,1018.4,CUST00479,Singapore
502443,P10028,Camping Torch,Sports & Outdoors,4,2025-02-17,2043.99,CUST00699,India
502984,P10027,Water Bottle Sipper,Sports & Outdoors,4,2026-04-24,2203.72,CUST00830,India
501097,P10009,Cotton Bedsheet Set,Home & Kitchen,3,2026-02-02,1519.89,CUST00308,India
500573,P10008,LED Desk Lamp,Home & Kitchen,4,2025-11-17,1311.15,CUST00176,india
500285,P10036,Backpack,Stationery & Office,2,2025-09-08,218.62,CUST00113,UAE
501919,P10006,Smartwatch Band,Electronics,3,2026-06-05,990.13,CUST00539,India
502693,P10028,Camping Torch,Sports & Outdoors,5,2025-02-20,2043.99,CUST00754,India
502351,P10019,Face Serum,Beauty & Personal Care,4,2026-03-26,1312.41,CUST00665,India
503101,P10027,Water Bottle Sipper,Sports & Outdoors,2,2026-02-20,2203.72,CUST00849,India
500107,P10020,Herbal Shampoo,Beauty & Personal Care,1,2025-12-11,1426.26,CUST00046,United Kingdom
501950,P10003,Phone Case,Electronics,1,2025-04-24,1049.71,CUST00540,India
502627,P10021,Lip Balm Set,Beauty & Personal Care,3,2026-03-07,652.97,CUST00742,INDIA
501463,P10034,Sticky Notes Pack,Stationery & Office,1,2025-03-26,147.9,CUST00413, UAE 
500710,P10008,LED Desk Lamp,Home & Kitchen,5,2025-12-01,1311.15,CUST00203,INDIA
501650,P10004,USB-C Cable,Electronics,4,2025-08-10,3182.97,CUST00458,India
500747,P10021,Lip Balm Set,Beauty & Personal Care,2,2025-04-29,652.97,CUST00213,united kingdom
500413,P10036,Backpack,Stationery & Office,2,2025-05-07,218.62,CUST00138,UNITED STATES
502781,P10022,Sunscreen SPF50,Beauty & Personal Care,2,2025-10-19,514.51,CUST00779,United States
500042,P10034,Sticky Notes Pack,Stationery & Office,-4,2025-01-01,147.9,CUST00020,India
502269,P10021,Lip Balm Set,Beauty & Personal Care,1,2025-12-03,652.97,CUST00634,India
500409,P10013,Cotton T-Shirt,Apparel,-2,2025-03-25,1190.46,CUST00138,United States
500673,P10022,Sunscreen SPF50,Beauty & Personal Care,1,2025-01-24,514.51,CUST00198,GERMANY
502128,P10024,Beard Trimmer,Beauty & Personal Care,5,2026-05-17,700.79,CUST00581,India
502599,P10010,Insulated Water Bottle,Home & Kitchen,2,2026-06-09,396.84,CUST00733,United Kingdom
502347,P10033,Desk Organizer,Stationery & Office,1,2025-01-09,67.73,CUST00665,india
500640,P10018,Yoga Pants,Apparel,3,2025-05-28,608.28,CUST00189,india
501575,P10029,Badminton Racket,Sports & Outdoors,3,2025-04-29,274.87,CUST00448,United States
501425,P10025,Yoga Mat,Sports & Outdoors,4,2025-05-14,270.08,CUST00392,india
500262,P10003,Phone Case,Electronics,4,2025-10-27,1049.71,CUST00105,UAE
501224,P10035,Whiteboard Marker Set,Stationery & Office,2,2025-03-29,808.92,CUST00335,India
502168,P10014,Denim Jacket,Apparel,5,2025-12-05,1048.3,CUST00591,India
501056,P10032,Gel Pen Pack,Stationery & Office,2,2025-10-14,687.3,CUST00295,India
500297,P10026,Resistance Bands Set,Sports & Outdoors,5,2025-05-14,636.23,CUST00116, Germany 
503003,P10004,USB-C Cable,Electronics,5,2025-12-11,3182.97,CUST00830,India
500396,P10020,Herbal Shampoo,Beauty & Personal Care,5,2025-09-19,1426.26,CUST00137,India
500657,P10009,Cotton Bedsheet Set,Home & Kitchen,2,2026-02-23,1519.89,CUST00194,United Kingdom
500966,P10030,Cycling Gloves,Sports & Outdoors,5,2026-03-19,820.52,CUST00269,India
501523,P10005,Power Bank 10000mAh,Electronics,2,2025-12-12,1034.93,CUST00432,United States
500529,P10012,Storage Organizer,Home & Kitchen,1,2025-12-12,1268.9,CUST00169,INDIA
501820,P10021,Lip Balm Set,Beauty & Personal Care,2,2026-02-12,652.97,CUST00503, India 
500975,P10019,Face Serum,Beauty & Personal Care,5,2025-08-21,1312.41,CUST00272, United States 
502816,P10004,USB-C Cable,Electronics,5,2025-08-24,3182.97,CUST00782,India
501539,P10003,Phone Case,Electronics,5,2026-06-16,1049.71,CUST00439,United States
500121,P10026,Resistance Bands Set,Sports & Outdoors,5,2025-02-06,636.23,CUST00047,India
502518,P10023,Hair Dryer,Beauty & Personal Care,3,2026-01-25,1018.4,CUST00714,India
500082,P10018,Yoga Pants,Apparel,5,2025-11-15,608.28,CUST00035,singapore
502461,P10016,Wool Sweater,Apparel,1,2026-03-08,1250.39,CUST00702,India
502553,P10007,Non-Stick Pan,Home & Kitchen,3,2025-04-12,331.24,CUST00731,India
501378,P10024,Beard Trimmer,Beauty & Personal Care,5,2025-01-12,700.79,CUST00380, India 
500118,P10004,USB-C Cable,Electronics,3,2025-06-25,3182.97,CUST00047,India
501052,P10030,,Sports & Outdoors,3,2025-02-25,820.52,CUST00295,India
502982,P10027,Water Bottle Sipper,Sports & Outdoors,3,2025-03-23,2203.72,CUST00830,India
501458,P10011,,Home & Kitchen,3,2025-01-03,1993.94,CUST00409,UAE
501788,P10030,Cycling Gloves,Sports & Outdoors,3,2026-04-29,820.52,CUST00496,India
502709,P10014,Denim Jacket,Apparel,4,2025-03-04,1048.3,CUST00757,UNITED KINGDOM
503055,P10018,Yoga Pants,Apparel,2,2025-03-15,608.28,CUST00842,United Kingdom
500783,P10018,Yoga Pants,Apparel,5,2025-01-13,608.28,CUST00218,UNITED STATES
501821,P10022,Sunscreen SPF50,Beauty & Personal Care,5,2025-04-07,514.51,CUST00503,India
500237,P10023,Hair Dryer,Beauty & Personal Care,3,2026-05-29,1018.4,CUST00093,UNITED STATES
502150,P10001,Wireless Earbuds,Electronics,5,2025-05-23,606.94,CUST00584, India 
502297,P10006,Smartwatch Band,Electronics,-2,2025-11-25,990.13,CUST00647,United Kingdom
502718,P10020,Herbal Shampoo,Beauty & Personal Care,-3,2025-11-08,1426.26,CUST00762,India
500322,P10020,,Beauty & Personal Care,3,2026-05-04,1426.26,CUST00123,India
502458,P10030,Cycling Gloves,Sports & Outdoors,2,2025-01-22,820.52,CUST00701,India
501122,P10017,Formal Shirt,Apparel,1,2025-01-24,562.91,CUST00311,India
501369,P10027,Water Bottle Sipper,Sports & Outdoors,1,2025-10-03,2203.72,CUST00374,United Kingdom
502134,P10035,Whiteboard Marker Set,Stationery & Office,5,2026-04-03,808.92,CUST00581,India
500192,P10029,Badminton Racket,Sports & Outdoors,3,2025-01-30,274.87,,UNITED STATES
501181,P10005,Power Bank 10000mAh,Electronics,2,2026-02-08,1034.93,CUST00324,India
501662,P10004,USB-C Cable,Electronics,5,2025-07-29,3182.97,CUST00463,United States
501490,P10008,LED Desk Lamp,Home & Kitchen,5,2025-10-19,1311.15,CUST00421,United States
501954,P10011,Ceramic Mug Set,Home & Kitchen,-1,2025-12-27,1993.94,CUST00542, United Kingdom 
501269,P10001,Wireless Earbuds,Electronics,5,2025-05-09,606.94,CUST00343,India
502104,P10014,Denim Jacket,Apparel,5,2025-07-27,1048.3,CUST00579,India
501275,P10028,Camping Torch,Sports & Outdoors,5,2025-03-12,2043.99,CUST00343,india
502406,P10031,Notebook Set,Stationery & Office,5,2026-01-06,268.52,CUST00687,United Kingdom
501941,P10021,Lip Balm Set,Beauty & Personal Care,2,2025-08-28,652.97,CUST00540,India
500333,P10014,Denim Jacket,Apparel,2,2026-06-27,1048.3,CUST00126, India 
502277,P10021,Lip Balm Set,Beauty & Personal Care,4,2025-10-12,652.97,,India
502383,P10021,Lip Balm Set,Beauty & Personal Care,1,2026-06-27,652.97,CUST00675,INDIA
500674,P10032,Gel Pen Pack,Stationery & Office,4,2025-05-17,687.3,CUST00199,Germany
502766,P10002,Bluetooth Speaker,Electronics,1,2025-12-06,2723.88,CUST00779,United States
501574,P10017,Formal Shirt,Apparel,3,2026-04-20,562.91,CUST00448,United States
502994,P10015,Running Shoes,Apparel,5,2025-05-04,980.3,CUST00830,India
502327,P10024,Beard Trimmer,Beauty & Personal Care,5,2025-04-20,0.0,CUST00659,United Kingdom
500639,P10034,Sticky Notes Pack,Stationery & Office,4,2025-11-14,147.9,,india
500608,P10030,Cycling Gloves,Sports & Outdoors,1,2025-05-12,820.52,CUST00183,UAE
502083,P10004,USB-C Cable,Electronics,5,2026-01-19,3182.97,CUST00579,India
502796,P10034,Sticky Notes Pack,Stationery & Office,3,2026-04-28,147.9,CUST00779,United States
502498,P10001,Wireless Earbuds,Electronics,4,2025-10-20,606.94,CUST00706,Singapore
502618,P10005,Power Bank 10000mAh,Electronics,2,2025-12-19,1034.93,CUST00738,United States
501159,P10006,Smartwatch Band,Electronics,3,2025-11-16,990.13,CUST00322,United States
500838,P10011,Ceramic Mug Set,Home & Kitchen,2,2026-03-23,1993.94,CUST00225,India
502915,P10004,USB-C Cable,Electronics,3,2025-04-01,3182.97,CUST00813,India
501658,P10022,Sunscreen SPF50,Beauty & Personal Care,2,2025-03-01,514.51,CUST00463,United States
500171,P10018,Yoga Pants,Apparel,1,2025-01-23,608.28,CUST00062,India
501267,P10033,Desk Organizer,Stationery & Office,5,2025-10-14,67.73,CUST00343,India
500080,P10012,Storage Organizer,Home & Kitchen,3,2025-09-23,1268.9,CUST00035,Singapore
501966,P10020,Herbal Shampoo,Beauty & Personal Care,1,2026-06-16,1426.26,CUST00544,united kingdom
502279,P10034,Sticky Notes Pack,Stationery & Office,2,2025-06-14,147.9,CUST00636,India
501645,P10035,Whiteboard Marker Set,Stationery & Office,3,2026-06-27,808.92,CUST00457,India
501996,P10026,Resistance Bands Set,Sports & Outdoors,2,2026-01-09,636.23,CUST00555,Germany
500702,P10019,Face Serum,Beauty & Personal Care,1,2026-06-18,1312.41,CUST00203,India
502523,P10014,Denim Jacket,Apparel,1,2025-08-12,1048.3,CUST00715,India
500573,P10012,Storage Organizer,Home & Kitchen,5,2025-11-17,1268.9,CUST00176,INDIA
502363,P10021,Lip Balm Set,Beauty & Personal Care,-5,2025-05-10,652.97,CUST00668,India
502224,P10015,Running Shoes,Apparel,3,2025-05-18,980.3,CUST00622,INDIA
501890,P10035,Whiteboard Marker Set,Stationery & Office,3,2026-03-22,808.92,CUST00530,Germany
502556,P10014,Denim Jacket,Apparel,2,2025-06-26,1048.3,CUST00731,India
501695,P10034,Sticky Notes Pack,Stationery & Office,2,2026-01-20,147.9,CUST00466,India
501485,P10034,Sticky Notes Pack,Stationery & Office,4,2026-05-27,147.9,,United States
501391,P10001,Wireless Earbuds,Electronics,2,2026-05-11,606.94,CUST00386,United States
501961,P10032,Gel Pen Pack,Stationery & Office,3,2025-04-19,687.3,CUST00542,United Kingdom
501901,P10027,Water Bottle Sipper,Sports & Outdoors,5,2025-03-07,2203.72,CUST00534,United Kingdom
500163,P10031,Notebook Set,Stationery & Office,3,2025-11-11,268.52,CUST00060,India
502726,P10028,Camping Torch,Sports & Outdoors,1,2026-01-13,2043.99,CUST00764,United States
501536,P10026,Resistance Bands Set,Sports & Outdoors,3,2026-03-11,636.23,,United States
502232,P10028,,Sports & Outdoors,2,2025-01-30,2043.99,CUST00625, United Kingdom 
500809,P10016,Wool Sweater,Apparel,4,2025-08-03,1250.39,,United Kingdom
501849,P10002,Bluetooth Speaker,Electronics,2,2025-07-05,2723.88,CUST00515,India
501388,P10003,,Electronics,4,2026-05-31,1049.71,CUST00386,United States
502203,P10034,Sticky Notes Pack,Stationery & Office,3,2025-10-04,147.9,CUST00610,United Kingdom
501723,P10007,Non-Stick Pan,Home & Kitchen,3,2025-03-18,331.24,CUST00475,India
500836,P10009,Cotton Bedsheet Set,Home & Kitchen,1,2026-02-13,1519.89,CUST00223,India
502603,P10011,Ceramic Mug Set,Home & Kitchen,5,2025-07-05,1993.94,CUST00734,India
500142,P10034,Sticky Notes Pack,Stationery & Office,3,2025-03-18,147.9,CUST00052,United States
501462,P10033,Desk Organizer,Stationery & Office,4,2025-09-13,67.73,CUST00413,UAE
502765,P10009,Cotton Bedsheet Set,Home & Kitchen,-3,2025-05-13,1519.89,CUST00779,united states
500167,P10024,Beard Trimmer,Beauty & Personal Care,5,2025-02-22,700.79,,India
500108,P10001,Wireless Earbuds,Electronics,4,2026-01-02,606.94,CUST00046,UNITED KINGDOM
502091,P10025,Yoga Mat,Sports & Outdoors,5,2026-02-27,270.08,,India
501091,P10018,Yoga Pants,Apparel,2,2026-02-03,608.28,CUST00304,united kingdom
502772,P10036,Backpack,Stationery & Office,5,2025-09-16,218.62,CUST00779, United States 
501617,P10025,Yoga Mat,Sports & Outdoors,3,2025-05-11,270.08,CUST00449,India
502072,P10022,Sunscreen SPF50,Beauty & Personal Care,5,2025-02-07,514.51,CUST00576,UAE
501602,P10002,Bluetooth Speaker,Electronics,1,2025-01-19,2723.88,CUST00448,United States
502206,P10019,Face Serum,Beauty & Personal Care,1,2025-02-26,1312.41,CUST00612,United States
501251,P10035,Whiteboard Marker Set,Stationery & Office,4,2026-06-20,808.92,CUST00340,India
501211,P10021,Lip Balm Set,Beauty & Personal Care,4,2025-08-26,652.97,CUST00328, United Kingdom 
502884,P10026,Resistance Bands Set,Sports & Outdoors,2,2026-02-17,636.23,CUST00801,United States
500219,P10033,Desk Organizer,Stationery & Office,1,2025-11-15,67.73,CUST00086,India
502511,P10026,Resistance Bands Set,Sports & Outdoors,5,2025-08-29,636.23,CUST00710,United Kingdom
500558,P10027,Water Bottle Sipper,Sports & Outdoors,4,2025-12-24,2203.72,CUST00170,United Kingdom
502794,P10031,Notebook Set,Stationery & Office,3,2026-06-27,268.52,CUST00779,United States
501616,P10013,Cotton T-Shirt,Apparel,2,2026-03-27,1190.46,CUST00449,india
500403,P10016,Wool Sweater,Apparel,2,2026-03-18,1250.39,CUST00137,India
502952,P10018,Yoga Pants,Apparel,2,2025-01-18,608.28,CUST00826, UAE 
500952,P10009,Cotton Bedsheet Set,Home & Kitchen,1,2026-01-11,1519.89,CUST00265,Germany
501874,P10008,LED Desk Lamp,Home & Kitchen,5,2026-03-15,1311.15,CUST00524,Germany
501899,P10027,Water Bottle Sipper,Sports & Outdoors,5,2025-09-18,2203.72,CUST00534,United Kingdom
502772,P10014,Denim Jacket,Apparel,2,2025-09-16,1048.3,CUST00779,United States
502783,P10015,Running Shoes,Apparel,3,2025-10-12,980.3,,United States
500291,P10020,Herbal Shampoo,Beauty & Personal Care,3,2026-03-01,1426.26,CUST00113,UAE
502090,P10016,Wool Sweater,Apparel,3,2025-02-11,1250.39,CUST00579,INDIA
500426,P10033,Desk Organizer,Stationery & Office,1,2026-01-22,67.73,CUST00139,INDIA
503010,P10022,Sunscreen SPF50,Beauty & Personal Care,5,2025-03-09,514.51,CUST00833,India
502644,P10028,Camping Torch,Sports & Outdoors,5,2025-06-19,2043.99,CUST00749, UAE 
502134,P10002,Bluetooth Speaker,Electronics,5,2026-04-03,2723.88,CUST00581,india
501265,P10035,Whiteboard Marker Set,Stationery & Office,4,2025-07-06,808.92,CUST00343,india
502421,P10003,Phone Case,Electronics,2,2026-01-19,1049.71,CUST00695,India
502081,P10036,Backpack,Stationery & Office,4,2025-10-21,218.62,CUST00579,India
500491,P10013,Cotton T-Shirt,Apparel,5,2025-05-31,1190.46,CUST00165,India
500980,P10034,Sticky Notes Pack,Stationery & Office,2,2025-12-25,147.9,CUST00273,Germany
501410,P10006,Smartwatch Band,Electronics,1,2025-11-03,990.13,CUST00392,India
500602,P10010,Insulated Water Bottle,Home & Kitchen,1,2025-09-04,396.84,CUST00179,UAE
501816,P10007,Non-Stick Pan,Home & Kitchen,5,2025-12-18,331.24,CUST00503,India
500521,P10008,LED Desk Lamp,Home & Kitchen,3,2025-01-07,1311.15,CUST00169,India
502830,P10016,Wool Sweater,Apparel,3,2025-07-29,1250.39,,United Kingdom
502364,P10008,LED Desk Lamp,Home & Kitchen,2,2025-08-05,1311.15,CUST00668,India
502013,P10008,LED Desk Lamp,Home & Kitchen,5,2025-07-23,1311.15,CUST00559,United States
500917,P10016,Wool Sweater,Apparel,3,2025-08-13,1250.39,CUST00255,India
502204,P10028,Camping Torch,Sports & Outdoors,5,2025-11-04,2043.99,CUST00611,India
501546,P10010,Insulated Water Bottle,Home & Kitchen,3,2025-11-17,396.84,CUST00439,United States
502060,P10007,Non-Stick Pan,Home & Kitchen,5,2025-01-27,331.24,CUST00570,India
501107,P10015,Running Shoes,Apparel,1,2026-05-12,980.3,CUST00311,India
502305,P10015,Running Shoes,Apparel,5,2025-01-04,980.3,CUST00652,India
501703,P10019,Face Serum,Beauty & Personal Care,3,2026-03-27,1312.41,CUST00470,Singapore
501502,P10007,Non-Stick Pan,Home & Kitchen,4,2026-03-04,331.24,CUST00425,India
502295,P10008,LED Desk Lamp,Home & Kitchen,3,2026-05-29,1311.15,CUST00646,Germany
501501,P10004,USB-C Cable,Electronics,4,2025-04-29,3182.97,,India
502640,P10011,Ceramic Mug Set,Home & Kitchen,3,2025-03-03,1993.94,CUST00749,UAE
502643,P10028,Camping Torch,Sports & Outdoors,1,2026-04-19,2043.99,CUST00749,UAE
501476,P10014,Denim Jacket,Apparel,1,2026-04-28,1048.3,CUST00416,India
501707,P10011,Ceramic Mug Set,Home & Kitchen,3,2025-08-30,1993.94,CUST00470,Singapore
501260,P10034,Sticky Notes Pack,Stationery & Office,5,2025-09-26,147.9,CUST00343,india
500670,P10011,Ceramic Mug Set,Home & Kitchen,4,2025-06-01,1993.94,CUST00198,germany
502351,P10007,Non-Stick Pan,Home & Kitchen,2,2026-03-26,331.24,CUST00665,India
502029,P10013,Cotton T-Shirt,Apparel,1,2026-02-12,1190.46,CUST00563,India
501462,P10034,Sticky Notes Pack,Stationery & Office,1,2025-09-13,147.9,CUST00413,UAE
502348,P10035,Whiteboard Marker Set,Stationery & Office,1,2025-10-07,808.92,CUST00665,INDIA
500438,P10008,LED Desk Lamp,Home & Kitchen,4,2026-01-29,1311.15,CUST00141,Singapore
500903,P10033,Desk Organizer,Stationery & Office,5,2026-06-08,67.73,CUST00249,Singapore
502073,P10011,Ceramic Mug Set,Home & Kitchen,-3,2025-08-24,1993.94,CUST00577,India
502609,P10010,Insulated Water Bottle,Home & Kitchen,2,2026-05-20,396.84,CUST00738,United States
502840,P10021,Lip Balm Set,Beauty & Personal Care,3,2025-07-12,652.97,CUST00789,India
502268,P10009,Cotton Bedsheet Set,Home & Kitchen,3,2026-01-15,1519.89,CUST00634,India
502526,P10019,Face Serum,Beauty & Personal Care,1,2025-09-14,1312.41,CUST00718,Singapore
500310,P10011,Ceramic Mug Set,Home & Kitchen,1,2025-09-17,1993.94,CUST00119,Germany
501580,P10013,Cotton T-Shirt,Apparel,5,2025-11-29,1190.46,CUST00448,united states
500338,P10001,Wireless Earbuds,Electronics,3,2026-04-13,606.94,CUST00126,INDIA
502320,P10006,Smartwatch Band,Electronics,5,2025-12-22,990.13,CUST00659,United Kingdom
502111,P10031,Notebook Set,Stationery & Office,4,2025-03-29,268.52,,India
500824,P10009,Cotton Bedsheet Set,Home & Kitchen,1,2025-02-16,1519.89,CUST00219,United Kingdom
501563,P10035,Whiteboard Marker Set,Stationery & Office,2,2026-06-07,808.92,CUST00444,India
502017,P10026,Resistance Bands Set,Sports & Outdoors,1,2025-08-08,636.23,CUST00561,United States
500716,P10016,Wool Sweater,Apparel,4,2025-12-31,1250.39,CUST00203,India
500652,P10011,Ceramic Mug Set,Home & Kitchen,1,2025-01-30,1993.94,CUST00194,United Kingdom
501943,P10022,Sunscreen SPF50,Beauty & Personal Care,1,2025-07-23,514.51,CUST00540,India
501492,P10008,LED Desk Lamp,Home & Kitchen,4,2025-10-15,1311.15,CUST00421,UNITED STATES
500319,P10024,Beard Trimmer,Beauty & Personal Care,4,2025-11-17,700.79,CUST00122,Germany
500073,P10027,Water Bottle Sipper,Sports & Outdoors,3,2025-12-11,2203.72,CUST00032,india
502074,P10002,Bluetooth Speaker,Electronics,2,2025-01-05,2723.88,CUST00578,UAE
500261,P10004,USB-C Cable,Electronics,4,2025-11-15,3182.97,CUST00104,India
501244,P10023,Hair Dryer,Beauty & Personal Care,3,2025-06-12,1018.4,CUST00338,United States
501479,P10033,Desk Organizer,Stationery & Office,4,2025-12-26,67.73,CUST00418,India
502574,P10001,Wireless Earbuds,Electronics,1,2026-06-20,606.94,CUST00731,India
502708,P10002,Bluetooth Speaker,Electronics,5,2026-05-18,2723.88,CUST00756,United States
503027,P10029,Badminton Racket,Sports & Outdoors,4,2025-03-30,274.87,CUST00833,India
502655,P10031,Notebook Set,Stationery & Office,1,2025-06-19,268.52,CUST00753,United Kingdom
502389,P10023,Hair Dryer,Beauty & Personal Care,5,2025-01-31,1018.4,CUST00678,India
501741,P10035,Whiteboard Marker Set,Stationery & Office,3,2025-12-04,808.92,CUST00482,United Kingdom
501473,P10016,Wool Sweater,Apparel,5,2026-06-09,1250.39,CUST00416,India
500753,P10017,Formal Shirt,Apparel,2,2025-02-28,562.91,CUST00216,India
500562,P10009,Cotton Bedsheet Set,Home & Kitchen,5,2025-05-29,1519.89,CUST00172,India
502669,P10029,Badminton Racket,Sports & Outdoors,3,2025-04-06,274.87,CUST00753,UNITED KINGDOM
501444,P10008,LED Desk Lamp,Home & Kitchen,2,2026-06-19,1311.15,CUST00401,India
500828,P10024,Beard Trimmer,Beauty & Personal Care,-1,2025-04-22,700.79,CUST00219,United Kingdom
502630,P10026,Resistance Bands Set,Sports & Outdoors,2,2025-05-03,636.23,CUST00745, India 
500955,P10034,Sticky Notes Pack,Stationery & Office,1,2025-05-07,147.9,CUST00266,United States
501199,P10029,Badminton Racket,Sports & Outdoors,5,2026-01-31,274.87,CUST00324,India
500174,P10002,Bluetooth Speaker,Electronics,1,2025-08-28,2723.88,CUST00063,Germany
503079,P10007,Non-Stick Pan,Home & Kitchen,2,2025-02-12,331.24,CUST00842,united kingdom
502664,P10035,Whiteboard Marker Set,Stationery & Office,2,2025-04-22,808.92,CUST00753,United Kingdom
502148,P10030,Cycling Gloves,Sports & Outdoors,5,2026-02-14,820.52,CUST00583,India
500042,P10032,Gel Pen Pack,Stationery & Office,4,2025-01-01,687.3,CUST00020,India
502818,P10033,Desk Organizer,Stationery & Office,3,2026-01-27,67.73,CUST00783,India
501135,P10013,Cotton T-Shirt,Apparel,4,2025-11-23,1190.46,,India
500230,P10008,LED Desk Lamp,Home & Kitchen,5,2026-05-18,1311.15,CUST00087, United States 
502894,P10031,Notebook Set,Stationery & Office,4,2025-09-18,268.52,CUST00803,United Kingdom
501399,P10001,Wireless Earbuds,Electronics,3,2025-08-22,606.94,CUST00389,United States
500282,P10017,Formal Shirt,Apparel,5,2025-08-04,562.91,CUST00112,India
500206,P10007,Non-Stick Pan,Home & Kitchen,3,2025-11-25,331.24,CUST00078,India
502420,P10010,Insulated Water Bottle,Home & Kitchen,4,2025-10-23,396.84,CUST00694,INDIA
500682,P10024,Beard Trimmer,Beauty & Personal Care,3,2026-02-08,700.79,CUST00199,germany
502465,P10036,Backpack,Stationery & Office,4,2026-06-28,218.62,, India 
500451,P10028,Camping Torch,Sports & Outdoors,3,2025-01-27,2043.99,CUST00146,India
501948,P10027,Water Bottle Sipper,Sports & Outdoors,4,2025-06-18,2203.72,CUST00540,India
501453,P10010,Insulated Water Bottle,Home & Kitchen,5,2025-07-28,396.84,CUST00408,INDIA
501760,P10026,Resistance Bands Set,Sports & Outdoors,1,2025-11-29,636.23,CUST00485, United Kingdom 
501038,P10009,Cotton Bedsheet Set,Home & Kitchen,5,2026-01-28,1519.89,CUST00291,India
502789,P10001,Wireless Earbuds,Electronics,3,2026-01-12,606.94,CUST00779,United States
500388,P10036,Backpack,Stationery & Office,5,2025-09-29,218.62,CUST00133,india
501342,P10022,Sunscreen SPF50,Beauty & Personal Care,3,2026-04-24,514.51,CUST00363,india
501119,P10021,Lip Balm Set,Beauty & Personal Care,2,2026-06-24,652.97,CUST00311,India
500918,P10002,Bluetooth Speaker,Electronics,5,2026-02-06,2723.88,,India
503030,P10017,Formal Shirt,Apparel,4,2025-06-04,562.91,CUST00833,India
501937,P10011,Ceramic Mug Set,Home & Kitchen,2,2025-04-29,1993.94,CUST00540,India
500841,P10005,Power Bank 10000mAh,Electronics,1,2025-02-21,1034.93,CUST00225,India
501551,P10035,Whiteboard Marker Set,Stationery & Office,1,2026-01-13,808.92,CUST00439,United States
500208,P10026,Resistance Bands Set,Sports & Outdoors,1,2026-01-10,636.23,CUST00080,India
502411,P10032,Gel Pen Pack,Stationery & Office,4,2025-06-08,687.3,CUST00688,India
501101,P10031,Notebook Set,Stationery & Office,4,2026-01-09,268.52,CUST00310,India
501603,P10008,LED Desk Lamp,Home & Kitchen,5,2026-01-14,1311.15,,United States
500902,P10033,Desk Organizer,Stationery & Office,1,2025-07-25,67.73,, Singapore 
500498,P10007,Non-Stick Pan,Home & Kitchen,4,2025-10-18,331.24,CUST00166,Germany
501054,P10008,LED Desk Lamp,Home & Kitchen,1,2025-06-10,1311.15,,INDIA
501164,P10018,Yoga Pants,Apparel,1,2025-09-02,608.28,CUST00324,India
502591,P10029,Badminton Racket,Sports & Outdoors,2,2025-09-03,274.87,CUST00731,India
500692,P10009,Cotton Bedsheet Set,Home & Kitchen,-3,2025-04-27,1519.89,CUST00203,India
501520,P10010,Insulated Water Bottle,Home & Kitchen,3,2025-11-20,396.84,CUST00431,India
500206,P10036,Backpack,Stationery & Office,3,2025-11-25,218.62,CUST00078,india
503079,P10021,Lip Balm Set,Beauty & Personal Care,3,2025-02-12,652.97,CUST00842,UNITED KINGDOM
502137,P10033,Desk Organizer,Stationery & Office,-1,2025-01-10,67.73,CUST00581,India
500346,P10033,Desk Organizer,Stationery & Office,1,2025-11-28,67.73,CUST00126,India
501402,P10019,Face Serum,Beauty & Personal Care,4,2026-06-09,1312.41,CUST00392,India
500632,P10005,Power Bank 10000mAh,Electronics,3,2025-10-05,1034.93,CUST00189,India
501957,P10025,Yoga Mat,Sports & Outdoors,2,2025-06-11,270.08,CUST00542,United Kingdom
502563,P10029,Badminton Racket,Sports & Outdoors,5,2025-04-04,274.87,CUST00731,India
502959,P10005,Power Bank 10000mAh,Electronics,2,2025-05-24,1034.93,CUST00830,India
502428,P10011,Ceramic Mug Set,Home & Kitchen,3,2025-04-20,1993.94,CUST00699,India
501920,P10024,Beard Trimmer,Beauty & Personal Care,4,2025-02-03,700.79,CUST00539,India
502940,P10012,Storage Organizer,Home & Kitchen,3,2026-05-31,0.0,CUST00818,India
502355,P10013,Cotton T-Shirt,Apparel,1,2025-05-01,1190.46,CUST00666,India
502283,P10034,Sticky Notes Pack,Stationery & Office,5,2025-01-19,147.9,CUST00639,india
501457,P10033,Desk Organizer,Stationery & Office,5,2026-01-25,67.73,CUST00409,uae
501392,P10030,Cycling Gloves,Sports & Outdoors,5,2025-08-20,820.52,CUST00386,United States
500387,P10026,Resistance Bands Set,Sports & Outdoors,-2,2025-02-15,636.23,CUST00133,india
500422,P10036,Backpack,Stationery & Office,3,2026-02-16,218.62,,India
501542,P10032,Gel Pen Pack,Stationery & Office,2,2025-06-01,687.3,CUST00439,United States
501137,P10034,Sticky Notes Pack,Stationery & Office,2,2025-10-20,147.9,CUST00312,India
502661,P10002,Bluetooth Speaker,Electronics,3,2025-03-26,2723.88,CUST00753,United Kingdom
502007,P10006,Smartwatch Band,Electronics,4,2025-05-05,990.13,CUST00557,India
502387,P10011,Ceramic Mug Set,Home & Kitchen,4,2025-06-19,1993.94,CUST00677,India
500934,P10034,Sticky Notes Pack,Stationery & Office,3,2026-05-22,147.9,CUST00261,United Kingdom
501959,P10006,Smartwatch Band,Electronics,5,2025-11-01,990.13,CUST00542,united kingdom
502148,P10031,Notebook Set,Stationery & Office,4,2026-02-14,268.52,CUST00583,India
503072,P10014,Denim Jacket,Apparel,2,2025-02-27,1048.3,CUST00842,United Kingdom
501143,P10036,Backpack,Stationery & Office,1,2025-10-20,218.62,CUST00314,Singapore
500402,P10036,Backpack,Stationery & Office,2,2026-01-14,218.62,CUST00137,india
500101,P10015,Running Shoes,Apparel,1,2025-06-23,980.3,CUST00042,India
500366,P10024,Beard Trimmer,Beauty & Personal Care,2,2025-05-23,700.79,CUST00127,United States
501888,P10021,Lip Balm Set,Beauty & Personal Care,5,2025-11-19,652.97,CUST00530,Germany
500828,P10034,Sticky Notes Pack,Stationery & Office,5,2025-04-22,147.9,CUST00219,United Kingdom
501654,P10028,Camping Torch,Sports & Outdoors,2,2026-01-23,2043.99,CUST00459,INDIA
501519,P10027,Water Bottle Sipper,Sports & Outdoors,1,2025-10-17,2203.72,CUST00431,India
501058,P10031,Notebook Set,Stationery & Office,5,2025-08-14,268.52,CUST00295, India 
503051,P10028,Camping Torch,Sports & Outdoors,5,2025-12-16,2043.99,,United Kingdom
501401,P10012,Storage Organizer,Home & Kitchen,2,2026-02-02,1268.9,CUST00391,Singapore
501498,P10002,Bluetooth Speaker,Electronics,3,2025-12-06,2723.88,CUST00424, India 
500510,P10036,Backpack,Stationery & Office,2,2026-05-04,218.62,,India
500574,P10024,Beard Trimmer,Beauty & Personal Care,2,2025-10-29,700.79,CUST00176,INDIA
500759,P10009,Cotton Bedsheet Set,Home & Kitchen,5,2025-03-16,1519.89,CUST00216,India
501733,P10017,Formal Shirt,Apparel,2,2025-11-25,562.91,CUST00479,Singapore
500852,P10010,Insulated Water Bottle,Home & Kitchen,2,2026-06-29,396.84,CUST00232,India
500034,P10007,Non-Stick Pan,Home & Kitchen,1,2026-01-13,331.24,CUST00016,India
500309,P10006,Smartwatch Band,Electronics,3,2025-02-18,990.13,CUST00119,Germany
501469,P10005,Power Bank 10000mAh,Electronics,4,2025-12-29,1034.93,CUST00416,INDIA
502203,P10001,Wireless Earbuds,Electronics,1,2025-10-04,606.94,CUST00610,United Kingdom
501907,P10013,Cotton T-Shirt,Apparel,3,2025-04-09,1190.46,CUST00538,India
500581,P10023,Hair Dryer,Beauty & Personal Care,4,2025-08-04,1018.4,CUST00176,India
501605,P10036,Backpack,Stationery & Office,2,2025-07-08,218.62,CUST00448,United States
500615,P10016,Wool Sweater,Apparel,4,2025-07-30,1250.39,CUST00189,India
501009,P10010,Insulated Water Bottle,Home & Kitchen,1,2025-11-18,396.84,CUST00286,India
502525,P10008,LED Desk Lamp,Home & Kitchen,4,2025-05-24,1311.15,CUST00717,Germany
500176,P10026,Resistance Bands Set,Sports & Outdoors,1,2025-09-02,636.23,CUST00063,Germany
502905,P10028,Camping Torch,Sports & Outdoors,5,2025-12-22,2043.99,CUST00811,SINGAPORE
501535,P10007,Non-Stick Pan,Home & Kitchen,5,2025-12-15,331.24,CUST00439,United States
500676,P10019,Face Serum,Beauty & Personal Care,2,2025-08-11,1312.41,CUST00199,Germany
500049,P10023,Hair Dryer,Beauty & Personal Care,1,2025-11-22,1018.4,CUST00021,United Kingdom
500123,P10005,Power Bank 10000mAh,Electronics,1,2025-05-23,1034.93,CUST00047,India
502300,P10015,Running Shoes,Apparel,4,2025-12-29,980.3,CUST00648,United Kingdom
501220,P10008,LED Desk Lamp,Home & Kitchen,4,2025-10-28,1311.15,CUST00332,United States
500774,P10026,Resistance Bands Set,Sports & Outdoors,1,2025-04-26,636.23,CUST00217,India
500669,P10015,Running Shoes,Apparel,5,2025-03-26,980.3,CUST00198,Germany
502478,P10016,Wool Sweater,Apparel,1,2025-04-09,1250.39,CUST00706,Singapore
500217,P10019,Face Serum,Beauty & Personal Care,5,2026-04-25,1312.41,CUST00085,India
501226,P10001,Wireless Earbuds,Electronics,2,2025-02-13,606.94,CUST00335,India
500953,P10017,Formal Shirt,Apparel,2,2025-10-19,562.91,CUST00265,Germany
501434,P10034,Sticky Notes Pack,Stationery & Office,5,2025-10-20,147.9,CUST00395,India
500318,P10008,LED Desk Lamp,Home & Kitchen,4,2025-10-22,1311.15,CUST00122,germany
502019,P10005,Power Bank 10000mAh,Electronics,4,2025-10-20,1034.93,CUST00561,United States
503105,P10017,Formal Shirt,Apparel,5,2025-09-07,562.91,CUST00850,United Kingdom
502830,P10024,Beard Trimmer,Beauty & Personal Care,2,2025-07-29,700.79,CUST00787,UNITED KINGDOM
502670,P10024,Beard Trimmer,Beauty & Personal Care,2,2025-02-13,700.79,CUST00753,United Kingdom
500616,P10003,Phone Case,Electronics,1,2026-04-19,1049.71,CUST00189,india
503075,P10024,Beard Trimmer,Beauty & Personal Care,4,2025-03-15,700.79,CUST00842, United Kingdom 
502947,P10002,Bluetooth Speaker,Electronics,1,2025-11-22,2723.88,CUST00823,India
500444,P10016,Wool Sweater,Apparel,5,2025-03-15,1250.39,CUST00143,India
500777,P10025,Yoga Mat,Sports & Outdoors,4,2025-01-13,270.08,CUST00218,United States
501908,P10022,Sunscreen SPF50,Beauty & Personal Care,4,2025-06-21,514.51,CUST00539,India
500571,P10020,Herbal Shampoo,Beauty & Personal Care,-2,2025-11-07,1426.26,CUST00175,United Kingdom
500792,P10016,Wool Sweater,Apparel,3,2025-03-11,1250.39,CUST00219,United Kingdom
501897,P10021,Lip Balm Set,Beauty & Personal Care,2,2025-04-16,652.97,CUST00534,United Kingdom
500877,P10014,Denim Jacket,Apparel,-2,2025-12-01,1048.3,CUST00236,UNITED STATES
502281,P10014,Denim Jacket,Apparel,1,2025-08-19,1048.3,CUST00637,India
500993,P10026,Resistance Bands Set,Sports & Outdoors,4,2025-08-12,636.23,CUST00279,United States
501877,P10029,Badminton Racket,Sports & Outdoors,5,2025-10-11,274.87,CUST00527,India
501375,P10016,Wool Sweater,Apparel,4,2025-05-17,1250.39,CUST00377,Germany
500178,P10029,Badminton Racket,Sports & Outdoors,2,2025-02-24,274.87,CUST00064,india
502141,P10012,Storage Organizer,Home & Kitchen,3,2025-06-06,1268.9,CUST00581,India
502300,P10031,Notebook Set,Stationery & Office,5,2025-12-29,268.52,CUST00648,United Kingdom
501413,P10030,Cycling Gloves,Sports & Outdoors,4,2026-05-13,820.52,CUST00392,India
502101,P10005,Power Bank 10000mAh,Electronics,1,2025-07-21,1034.93,CUST00579,India
501375,P10016,Wool Sweater,Apparel,1,2025-05-17,1250.39,CUST00377,Germany
500113,P10023,Hair Dryer,Beauty & Personal Care,5,2025-11-25,1018.4,CUST00047,India
501329,P10015,Running Shoes,Apparel,4,2025-06-06,980.3,CUST00357, India 
501602,P10027,Water Bottle Sipper,Sports & Outdoors,-2,2025-01-19,2203.72,CUST00448,United States
502192,P10013,Cotton T-Shirt,Apparel,3,2025-01-31,1190.46,CUST00602,India
502782,P10012,Storage Organizer,Home & Kitchen,2,2025-12-30,1268.9,CUST00779,United States
502372,P10003,Phone Case,Electronics,-5,2026-05-07,1049.71,CUST00673,India
500402,P10001,Wireless Earbuds,Electronics,1,2026-01-14,606.94,CUST00137,India
503102,P10002,Bluetooth Speaker,Electronics,2,2026-01-18,2723.88,CUST00850,United Kingdom
500028,P10016,Wool Sweater,Apparel,3,2026-03-21,1250.39,CUST00012,SINGAPORE
500800,P10035,Whiteboard Marker Set,Stationery & Office,-3,2025-11-18,808.92,CUST00219,United Kingdom
500041,P10017,,Apparel,3,2025-02-23,562.91,CUST00020,India
501795,P10023,Hair Dryer,Beauty & Personal Care,2,2025-12-24,1018.4,CUST00497,UNITED KINGDOM
502090,P10029,Badminton Racket,Sports & Outdoors,3,2025-02-11,274.87,CUST00579,India
501352,P10007,Non-Stick Pan,Home & Kitchen,4,2026-02-27,331.24,CUST00365,UAE
500480,P10005,Power Bank 10000mAh,Electronics,4,2025-02-02,1034.93,,United States
500888,P10033,Desk Organizer,Stationery & Office,2,2025-12-25,67.73,CUST00239,United Kingdom
501573,P10035,Whiteboard Marker Set,Stationery & Office,3,2026-04-12,808.92,CUST00448,United States
501069,P10034,Sticky Notes Pack,Stationery & Office,1,2025-11-09,147.9,CUST00298,India
502961,P10002,Bluetooth Speaker,Electronics,4,2025-03-16,2723.88,CUST00830,India
502110,P10036,Backpack,Stationery & Office,3,2025-03-15,218.62,CUST00579,India
500685,P10028,Camping Torch,Sports & Outdoors,1,2025-06-07,2043.99,CUST00200,United States
500689,P10014,Denim Jacket,Apparel,4,2026-02-03,1048.3,CUST00203,India
500824,P10025,Yoga Mat,Sports & Outdoors,1,2025-02-16,270.08,CUST00219, United Kingdom 
500448,P10028,Camping Torch,Sports & Outdoors,4,2026-01-24,2043.99,CUST00144,India
501851,P10006,Smartwatch Band,Electronics,2,2026-05-04,990.13,CUST00517,India
500327,P10022,Sunscreen SPF50,Beauty & Personal Care,3,2025-07-27,514.51,CUST00126,India
500909,P10004,USB-C Cable,Electronics,-4,2025-12-07,3182.97,CUST00251,India
502623,P10004,USB-C Cable,Electronics,2,2025-07-08,3182.97,CUST00740,India
501151,P10015,Running Shoes,Apparel,1,2026-02-03,980.3,CUST00319,INDIA
502373,P10034,Sticky Notes Pack,Stationery & Office,5,2025-05-02,147.9,CUST00673,India
501431,P10027,Water Bottle Sipper,Sports & Outdoors,2,2026-06-07,2203.72,CUST00394,United States
500903,P10017,Formal Shirt,Apparel,2,2026-06-08,562.91,, Singapore 
500172,P10015,Running Shoes,Apparel,5,2025-03-30,980.3,CUST00063,Germany
501640,P10020,Herbal Shampoo,Beauty & Personal Care,2,2026-05-29,1426.26,CUST00454,UAE
502806,P10032,Gel Pen Pack,Stationery & Office,1,2025-07-08,687.3,CUST00780,United Kingdom
500578,P10010,Insulated Water Bottle,Home & Kitchen,4,2025-09-26,396.84,CUST00176,INDIA
501482,P10021,Lip Balm Set,Beauty & Personal Care,5,2025-01-18,652.97,CUST00419,United Kingdom
502617,P10031,Notebook Set,Stationery & Office,2,2025-08-10,268.52,CUST00738,United States
502946,P10016,Wool Sweater,Apparel,2,2025-06-16,1250.39,CUST00822,INDIA
500996,P10010,Insulated Water Bottle,Home & Kitchen,4,2025-04-01,396.84,CUST00280, United States 
500409,P10033,Desk Organizer,Stationery & Office,1,2025-03-25,67.73,CUST00138,United States
501798,P10018,Yoga Pants,Apparel,3,2026-03-08,608.28,CUST00497,United Kingdom
501147,P10011,Ceramic Mug Set,Home & Kitchen,4,2025-08-16,1993.94,CUST00316, United Kingdom 
502131,P10032,Gel Pen Pack,Stationery & Office,3,2025-01-10,687.3,CUST00581,India
500773,P10002,Bluetooth Speaker,Electronics,2,2025-08-09,2723.88,CUST00217,India
503005,P10009,Cotton Bedsheet Set,Home & Kitchen,1,2026-05-03,1519.89,CUST00832,INDIA
502266,P10023,Hair Dryer,Beauty & Personal Care,4,2025-03-19,1018.4,CUST00634,India
501022,P10015,Running Shoes,Apparel,3,2026-02-12,980.3,CUST00286,INDIA
500289,P10015,Running Shoes,Apparel,3,2026-05-24,980.3,CUST00113,UAE
501298,P10015,Running Shoes,Apparel,2,2025-02-27,980.3,CUST00352,Germany
502901,P10021,Lip Balm Set,Beauty & Personal Care,3,2026-02-21,652.97,CUST00807,uae
502041,P10001,Wireless Earbuds,Electronics,5,2025-12-25,606.94,CUST00566,United Kingdom
502695,P10018,Yoga Pants,Apparel,5,2025-06-15,608.28,CUST00754,India
502464,P10030,Cycling Gloves,Sports & Outdoors,1,2025-10-09,820.52,CUST00704,India
501928,P10026,Resistance Bands Set,Sports & Outdoors,5,2025-09-11,636.23,CUST00539, India 
500935,P10028,Camping Torch,Sports & Outdoors,4,2025-02-19,2043.99,CUST00261,United Kingdom
501526,P10028,Camping Torch,Sports & Outdoors,3,2026-06-18,2043.99,CUST00435,India
500431,P10020,Herbal Shampoo,Beauty & Personal Care,3,2025-05-07,1426.26,CUST00139,India
500578,P10016,Wool Sweater,Apparel,4,2025-09-26,1250.39,CUST00176,India
501732,P10031,Notebook Set,Stationery & Office,4,2025-09-29,268.52,,United Kingdom
501706,P10008,LED Desk Lamp,Home & Kitchen,4,2026-05-23,1311.15,CUST00470,Singapore
502212,P10020,Herbal Shampoo,Beauty & Personal Care,3,2025-02-04,1426.26,CUST00614,India
502264,P10006,Smartwatch Band,Electronics,1,2026-06-08,990.13,CUST00634,India
500644,P10008,LED Desk Lamp,Home & Kitchen,5,2025-04-08,1311.15,CUST00190,india
502728,P10006,Smartwatch Band,Electronics,1,2026-03-12,990.13,CUST00764,united states
501439,P10029,Badminton Racket,Sports & Outdoors,4,2025-05-09,274.87,CUST00397,Germany
501391,P10004,USB-C Cable,Electronics,2,2026-05-11,3182.97,CUST00386,United States
501216,P10031,Notebook Set,Stationery & Office,1,2025-09-17,268.52,CUST00330,India
500749,P10006,Smartwatch Band,Electronics,1,2025-10-04,990.13,CUST00213,UNITED KINGDOM
502103,P10006,Smartwatch Band,Electronics,4,2025-05-13,990.13,CUST00579, India 
501073,P10029,Badminton Racket,Sports & Outdoors,3,2026-02-20,274.87,CUST00298,India
500851,P10017,Formal Shirt,Apparel,1,2025-03-08,562.91,CUST00232,India
502053,P10035,Whiteboard Marker Set,Stationery & Office,2,2026-05-15,808.92,CUST00570,India
500984,P10009,Cotton Bedsheet Set,Home & Kitchen,2,2025-05-27,1519.89,CUST00275,India
501234,P10014,Denim Jacket,Apparel,2,2026-05-27,1048.3,,India
500288,P10021,Lip Balm Set,Beauty & Personal Care,2,2026-05-04,652.97,CUST00113,uae
501458,P10029,Badminton Racket,Sports & Outdoors,1,2025-01-03,274.87,CUST00409, UAE 
502273,P10020,Herbal Shampoo,Beauty & Personal Care,4,2025-10-11,1426.26,CUST00636,India
500338,P10035,Whiteboard Marker Set,Stationery & Office,2,2026-04-13,808.92,CUST00126,India
501244,P10025,Yoga Mat,Sports & Outdoors,3,2025-06-12,270.08,CUST00338,United States
501031,P10008,LED Desk Lamp,Home & Kitchen,4,2026-02-15,1311.15,CUST00287,india
501488,P10028,Camping Torch,Sports & Outdoors,-4,2026-03-31,2043.99,CUST00420,United States
500860,P10034,Sticky Notes Pack,Stationery & Office,4,2025-10-11,147.9,CUST00235,India
502823,P10022,Sunscreen SPF50,Beauty & Personal Care,1,2025-01-07,514.51,CUST00785,india
501955,P10031,Notebook Set,Stationery & Office,4,2025-10-11,268.52,CUST00542, United Kingdom 
500236,P10036,Backpack,Stationery & Office,1,2026-02-01,218.62,CUST00092, United States 
502098,P10002,Bluetooth Speaker,Electronics,5,2025-08-07,2723.88,CUST00579,India
501424,P10026,Resistance Bands Set,Sports & Outdoors,4,2026-03-17,636.23,CUST00392,India
502386,P10016,Wool Sweater,Apparel,1,2026-02-27,1250.39,CUST00677,India
500242,P10020,Herbal Shampoo,Beauty & Personal Care,4,2025-06-21,1426.26,CUST00096,India
500152,P10007,Non-Stick Pan,Home & Kitchen,2,2025-03-27,331.24,CUST00055,United Kingdom
500519,P10016,Wool Sweater,Apparel,4,2025-11-24,1250.39,CUST00169,India
502356,P10019,Face Serum,Beauty & Personal Care,4,2026-02-06,1312.41,CUST00667, India 
503069,P10014,Denim Jacket,Apparel,4,2025-07-22,1048.3,,United Kingdom
502405,P10004,USB-C Cable,Electronics,5,2025-02-22,3182.97,CUST00687,united kingdom
501999,P10001,Wireless Earbuds,Electronics,5,2026-03-22,606.94,CUST00555,Germany
500794,P10032,Gel Pen Pack,Stationery & Office,2,2025-03-13,687.3,CUST00219,United Kingdom
501922,P10031,Notebook Set,Stationery & Office,2,2025-08-24,268.52,CUST00539,India
501978,P10032,Gel Pen Pack,Stationery & Office,2,2025-08-13,687.3,CUST00548,United Kingdom
502627,P10018,Yoga Pants,Apparel,3,2026-03-07,608.28,CUST00742,India
502742,P10019,Face Serum,Beauty & Personal Care,4,2025-05-02,1312.41,CUST00770,Germany
502120,P10024,Beard Trimmer,Beauty & Personal Care,5,2026-01-11,700.79,CUST00579,India
500876,P10019,Face Serum,Beauty & Personal Care,4,2025-06-08,1312.41,CUST00236,United States
502833,P10007,Non-Stick Pan,Home & Kitchen,1,2025-06-06,331.24,CUST00787,United Kingdom
500583,P10008,LED Desk Lamp,Home & Kitchen,5,2025-07-28,1311.15,CUST00176,india
500010,P10020,Herbal Shampoo,Beauty & Personal Care,3,2025-12-10,1426.26,CUST00006,India
501295,P10023,Hair Dryer,Beauty & Personal Care,4,2025-10-04,1018.4,CUST00351,India
501747,P10036,Backpack,Stationery & Office,1,2026-05-07,218.62,CUST00483,India
502268,P10001,Wireless Earbuds,Electronics,4,2026-01-15,606.94,CUST00634,india
501937,P10027,Water Bottle Sipper,Sports & Outdoors,5,2025-04-29,2203.72,CUST00540,India
501360,P10002,Bluetooth Speaker,Electronics,3,2025-10-15,2723.88,CUST00369,India
500816,P10014,Denim Jacket,Apparel,3,2025-11-19,1048.3,CUST00219,United Kingdom
502350,P10029,Badminton Racket,Sports & Outdoors,3,2026-04-11,274.87,CUST00665,INDIA
501284,P10010,Insulated Water Bottle,Home & Kitchen,5,2026-04-16,396.84,CUST00345,India
503038,P10036,Backpack,Stationery & Office,2,2025-01-10,218.62,CUST00839, United Kingdom 
500843,P10009,Cotton Bedsheet Set,Home & Kitchen,5,2026-01-21,1519.89,CUST00227,Singapore
501925,P10016,Wool Sweater,Apparel,2,2026-06-08,1250.39,CUST00539,India
500142,P10011,Ceramic Mug Set,Home & Kitchen,3,2025-03-18,1993.94,CUST00052,United States
501215,P10028,Camping Torch,Sports & Outdoors,3,2025-04-06,2043.99,CUST00329,India
502061,P10029,Badminton Racket,Sports & Outdoors,1,2026-02-15,274.87,CUST00571,India
501774,P10025,Yoga Mat,Sports & Outdoors,3,2025-10-28,270.08,CUST00489,UAE
500738,P10019,Face Serum,Beauty & Personal Care,1,2025-08-24,1312.41,CUST00206,india
501613,P10013,Cotton T-Shirt,Apparel,5,2026-04-29,1190.46,CUST00448,United States
500642,P10017,Formal Shirt,Apparel,4,2025-12-10,562.91,CUST00189,India
502814,P10010,Insulated Water Bottle,Home & Kitchen,5,2025-12-15,396.84,CUST00782,India
500734,P10020,Herbal Shampoo,Beauty & Personal Care,2,2025-07-28,1426.26,CUST00205,United Kingdom
502871,P10031,Notebook Set,Stationery & Office,3,2025-11-28,268.52,CUST00797,UAE
502392,P10017,Formal Shirt,Apparel,4,2025-08-05,562.91,CUST00679,Singapore
500925,P10018,Yoga Pants,Apparel,5,2026-05-15,608.28,CUST00258,United Kingdom
501673,P10013,Cotton T-Shirt,Apparel,3,2025-11-18,1190.46,CUST00463,United States
501443,P10017,Formal Shirt,Apparel,3,2025-01-09,562.91,CUST00400,United States
501103,P10025,Yoga Mat,Sports & Outdoors,5,2025-11-13,270.08,CUST00310,India
502003,P10009,Cotton Bedsheet Set,Home & Kitchen,2,2025-07-21,1519.89,CUST00555,GERMANY
500248,P10029,Badminton Racket,Sports & Outdoors,1,2025-08-08,274.87,CUST00099, India 
501677,P10035,Whiteboard Marker Set,Stationery & Office,5,2025-08-29,808.92,CUST00463,United States
502027,P10003,Phone Case,Electronics,2,2025-10-01,1049.71,CUST00563,india
500562,P10013,Cotton T-Shirt,Apparel,1,2025-05-29,1190.46,CUST00172,india
500099,P10035,Whiteboard Marker Set,Stationery & Office,1,2025-09-16,808.92,CUST00041,India
501519,P10005,Power Bank 10000mAh,Electronics,2,2025-10-17,1034.93,CUST00431,India
502965,P10004,USB-C Cable,Electronics,3,2026-01-11,3182.97,CUST00830,India
500055,P10013,Cotton T-Shirt,Apparel,5,2025-03-17,1190.46,CUST00026,United States
500019,P10024,Beard Trimmer,Beauty & Personal Care,5,2026-06-12,700.79,CUST00008,Germany
502829,P10035,Whiteboard Marker Set,Stationery & Office,1,2025-03-10,808.92,CUST00786,UAE
500857,P10016,Wool Sweater,Apparel,5,2025-01-28,1250.39,CUST00233,united kingdom
501916,P10030,Cycling Gloves,Sports & Outdoors,3,2026-04-29,820.52,CUST00539,India
500464,P10005,Power Bank 10000mAh,Electronics,5,2026-01-20,1034.93,CUST00154,India
500358,P10018,Yoga Pants,Apparel,1,2025-08-06,608.28,CUST00127,united states
501271,P10007,Non-Stick Pan,Home & Kitchen,1,2025-09-29,331.24,CUST00343,India
500743,P10027,Water Bottle Sipper,Sports & Outdoors,4,2025-11-09,2203.72,CUST00209,India
501882,P10012,Storage Organizer,Home & Kitchen,1,2026-03-15,1268.9,CUST00530,GERMANY
502600,P10018,Yoga Pants,Apparel,1,2025-08-04,608.28,CUST00733,United Kingdom
502360,P10004,USB-C Cable,Electronics,4,2025-11-28,3182.97,CUST00668,India
500256,P10032,Gel Pen Pack,Stationery & Office,2,2026-03-12,687.3,CUST00102,united kingdom
501158,P10026,Resistance Bands Set,Sports & Outdoors,4,2025-07-27,636.23,CUST00321,India
500331,P10032,Gel Pen Pack,Stationery & Office,1,2026-05-29,687.3,CUST00126,India
501965,P10025,Yoga Mat,Sports & Outdoors,5,2025-09-29,270.08,CUST00543,India
500844,P10003,Phone Case,Electronics,3,2025-06-23,1049.71,CUST00228,India
501990,P10017,Formal Shirt,Apparel,5,2026-06-14,562.91,CUST00555, Germany 
500433,P10029,Badminton Racket,Sports & Outdoors,2,2026-06-25,274.87,CUST00140,singapore
500544,P10011,Ceramic Mug Set,Home & Kitchen,4,2026-01-18,1993.94,CUST00169,India
500031,P10035,Whiteboard Marker Set,Stationery & Office,3,2025-03-14,808.92,CUST00013,Germany
500478,P10032,Gel Pen Pack,Stationery & Office,5,2025-08-09,687.3,CUST00159,india
500057,P10031,Notebook Set,Stationery & Office,1,2026-04-28,268.52,CUST00027,India
502112,P10015,Running Shoes,Apparel,3,2025-08-11,980.3,CUST00579,India
500759,P10008,LED Desk Lamp,Home & Kitchen,-2,2025-03-16,1311.15,CUST00216,India
501681,P10033,Desk Organizer,Stationery & Office,1,2026-04-26,67.73,CUST00463,United States
502141,P10010,Insulated Water Bottle,Home & Kitchen,4,2025-06-06,396.84,CUST00581,India
501236,P10036,Backpack,Stationery & Office,3,2029-01-01,218.62,CUST00336,India
501302,P10023,Hair Dryer,Beauty & Personal Care,5,2026-04-05,1018.4,CUST00353,United Kingdom
501311,P10025,Yoga Mat,Sports & Outdoors,5,2025-01-20,270.08,CUST00353,United Kingdom
500841,P10018,Yoga Pants,Apparel,2,2025-02-21,608.28,CUST00225,INDIA
501341,P10022,Sunscreen SPF50,Beauty & Personal Care,3,2025-11-05,514.51,CUST00362,United Kingdom
502163,P10015,Running Shoes,Apparel,2,2026-04-12,980.3,CUST00587,INDIA
500593,P10007,Non-Stick Pan,Home & Kitchen,3,2025-08-06,331.24,CUST00176,india
500412,P10013,Cotton T-Shirt,Apparel,2,2025-11-27,1190.46,CUST00138,United States
501212,P10005,Power Bank 10000mAh,Electronics,5,2026-02-13,1034.93,CUST00328,UNITED KINGDOM
500611,P10030,Cycling Gloves,Sports & Outdoors,1,2026-05-18,820.52,CUST00186,United Kingdom
502505,P10016,Wool Sweater,Apparel,4,2026-04-30,1250.39,CUST00706,SINGAPORE
502892,P10031,Notebook Set,Stationery & Office,5,2026-01-13,268.52,, India 
501624,P10033,Desk Organizer,Stationery & Office,2,2026-02-07,67.73,CUST00449,india
502294,P10006,,Electronics,4,2025-07-16,990.13,CUST00645,India
500811,P10016,Wool Sweater,Apparel,3,2025-05-16,1250.39,CUST00219, United Kingdom 
501089,P10012,Storage Organizer,Home & Kitchen,5,2025-10-14,1268.9,CUST00303,India
500131,P10015,Running Shoes,Apparel,4,2025-08-14,980.3,CUST00047, India 
501638,P10020,Herbal Shampoo,Beauty & Personal Care,1,2025-10-08,1426.26,CUST00452,united kingdom
500422,P10025,Yoga Mat,Sports & Outdoors,2,2026-02-16,270.08,CUST00139,India
502941,P10003,Phone Case,Electronics,4,2026-03-18,1049.71,CUST00818,India
502262,P10005,Power Bank 10000mAh,Electronics,1,2025-07-18,1034.93,CUST00634,India
501064,P10033,Desk Organizer,Stationery & Office,1,2026-04-06,67.73,CUST00297,United States
502949,P10031,Notebook Set,Stationery & Office,2,2025-11-01,268.52,CUST00824,India
501851,P10036,Backpack,Stationery & Office,2,2026-05-04,218.62,CUST00517,India
502877,P10028,Camping Torch,Sports & Outdoors,4,2026-01-19,2043.99,CUST00799,United Kingdom
501236,P10007,Non-Stick Pan,Home & Kitchen,4,2025-09-07,331.24,CUST00336,India
501488,P10019,Face Serum,Beauty & Personal Care,3,2026-03-31,1312.41,CUST00420,United States
500464,P10017,Formal Shirt,Apparel,5,2026-01-20,562.91,CUST00154,INDIA
501826,P10013,Cotton T-Shirt,Apparel,3,2025-03-05,1190.46,CUST00503,India
502058,P10036,Backpack,Stationery & Office,3,2026-04-12,218.62,CUST00570,India
500834,P10030,Cycling Gloves,Sports & Outdoors,3,2025-06-03,820.52,CUST00223,India
500962,P10024,Beard Trimmer,Beauty & Personal Care,4,2025-12-12,700.79,CUST00268,United States
501196,P10010,Insulated Water Bottle,Home & Kitchen,2,2026-02-07,396.84,CUST00324,India
500548,P10025,Yoga Mat,Sports & Outdoors,2,2026-03-24,270.08,CUST00169,India
501896,P10019,Face Serum,Beauty & Personal Care,3,2025-06-14,1312.41,CUST00534, United Kingdom 
503027,P10025,Yoga Mat,Sports & Outdoors,3,2025-03-30,270.08,CUST00833,India
502364,P10002,Bluetooth Speaker,Electronics,4,2025-08-05,2723.88,CUST00668,India
500924,P10019,Face Serum,Beauty & Personal Care,5,2026-05-31,1312.41,CUST00257,UAE
501287,P10021,Lip Balm Set,Beauty & Personal Care,2,2026-02-19,652.97,CUST00346,United Kingdom
502708,P10007,Non-Stick Pan,Home & Kitchen,1,2026-05-18,331.24,CUST00756,united states
501977,P10008,LED Desk Lamp,Home & Kitchen,3,2026-01-14,1311.15,CUST00548,United Kingdom
502009,P10004,USB-C Cable,Electronics,4,2026-05-06,3182.97,CUST00558,India
500362,P10025,Yoga Mat,Sports & Outdoors,5,2026-01-27,270.08,CUST00127,United States
502022,P10036,Backpack,Stationery & Office,3,2025-04-14,218.62,CUST00562,India
500551,P10002,Bluetooth Speaker,Electronics,2,2025-09-14,2723.88,CUST00169,India
502542,P10003,Phone Case,Electronics,2,2025-09-29,1049.71,CUST00725,United Kingdom
501533,P10015,Running Shoes,Apparel,5,2025-07-06,980.3,CUST00437,india
502165,P10026,Resistance Bands Set,Sports & Outdoors,3,2025-08-02,636.23,CUST00589,India
500221,P10010,Insulated Water Bottle,Home & Kitchen,4,2026-02-25,396.84,CUST00086,India
500820,P10018,Yoga Pants,Apparel,2,2025-10-20,608.28,CUST00219,United Kingdom
502078,P10004,USB-C Cable,Electronics,4,2025-10-14,3182.97,,India
502835,P10010,Insulated Water Bottle,Home & Kitchen,3,2025-10-21,396.84,CUST00787,United Kingdom
500802,P10008,LED Desk Lamp,Home & Kitchen,5,2025-01-17,1311.15,CUST00219,United Kingdom
500850,P10031,Notebook Set,Stationery & Office,5,2026-02-23,268.52,CUST00231,United States
501911,P10009,Cotton Bedsheet Set,Home & Kitchen,3,2025-06-27,1519.89,CUST00539,INDIA
501527,P10036,Backpack,Stationery & Office,3,2025-09-04,218.62,CUST00436,United States
500601,P10021,Lip Balm Set,Beauty & Personal Care,5,2025-06-23,652.97,CUST00178,india
501469,P10011,Ceramic Mug Set,Home & Kitchen,1,2025-12-29,1993.94,CUST00416,india
500181,P10015,Running Shoes,Apparel,1,2025-01-05,980.3,CUST00065,India
501869,P10023,Hair Dryer,Beauty & Personal Care,1,2025-11-26,1018.4,CUST00524,GERMANY
500781,P10031,Notebook Set,Stationery & Office,1,2025-07-23,268.52,CUST00218,United States
501044,P10015,Running Shoes,Apparel,2,2025-06-25,980.3,CUST00293,Germany
501199,P10013,Cotton T-Shirt,Apparel,3,2026-01-31,1190.46,CUST00324,India
502601,P10008,LED Desk Lamp,Home & Kitchen,5,2025-03-02,1311.15,CUST00734, India 
502270,P10002,Bluetooth Speaker,Electronics,2,2025-09-16,2723.88,CUST00634,India
501073,P10023,Hair Dryer,Beauty & Personal Care,2,2026-02-20,1018.4,CUST00298,india
500582,P10010,Insulated Water Bottle,Home & Kitchen,4,2026-02-05,396.84,CUST00176,India
502610,P10027,Water Bottle Sipper,Sports & Outdoors,3,2025-11-25,2203.72,CUST00738,UNITED STATES
500729,P10011,Ceramic Mug Set,Home & Kitchen,4,2026-02-15,1993.94,CUST00205,United Kingdom
502326,P10031,Notebook Set,Stationery & Office,1,2026-03-21,268.52,CUST00659,United Kingdom
500490,P10030,Cycling Gloves,Sports & Outdoors,4,2025-08-06,820.52,CUST00164,INDIA
502758,P10026,Resistance Bands Set,Sports & Outdoors,3,2025-07-05,636.23,CUST00777,India
501906,P10020,Herbal Shampoo,Beauty & Personal Care,4,2025-07-08,1426.26,CUST00537,Germany
500675,P10012,Storage Organizer,Home & Kitchen,3,2025-12-07,1268.9,CUST00199,Germany
502636,P10002,Bluetooth Speaker,Electronics,2,2025-12-11,2723.88,CUST00748,India
502273,P10019,Face Serum,Beauty & Personal Care,2,2025-10-11,1312.41,CUST00636,India
500030,P10009,Cotton Bedsheet Set,Home & Kitchen,4,2026-04-28,1519.89,CUST00012,Singapore
502405,P10029,Badminton Racket,Sports & Outdoors,1,2025-02-22,274.87,CUST00687,United Kingdom
501863,P10023,Hair Dryer,Beauty & Personal Care,1,2025-09-10,1018.4,CUST00522,India
502826,P10035,Whiteboard Marker Set,Stationery & Office,4,2025-09-10,808.92,,UAE
500866,P10015,Running Shoes,Apparel,1,2025-08-08,980.3,CUST00236,United States
500322,P10021,Lip Balm Set,Beauty & Personal Care,1,2026-05-04,652.97,CUST00123,India
500851,P10029,Badminton Racket,Sports & Outdoors,4,2025-03-08,274.87,CUST00232,India
501682,P10011,Ceramic Mug Set,Home & Kitchen,4,2025-02-20,1993.94,CUST00463,United States
502483,P10026,Resistance Bands Set,Sports & Outdoors,1,2025-02-15,636.23,,singapore
501597,P10015,Running Shoes,Apparel,2,2025-11-22,980.3,CUST00448,United States
501822,P10027,Water Bottle Sipper,Sports & Outdoors,3,2025-07-16,2203.72,CUST00503,india
500825,P10026,Resistance Bands Set,Sports & Outdoors,4,2025-12-17,636.23,CUST00219,United Kingdom
502842,P10029,Badminton Racket,Sports & Outdoors,5,2025-06-21,274.87,CUST00789,India
502178,P10033,Desk Organizer,Stationery & Office,4,2026-02-17,67.73,CUST00593,India
501976,P10035,Whiteboard Marker Set,Stationery & Office,3,2025-12-20,808.92,CUST00547,India
501520,P10029,Badminton Racket,Sports & Outdoors,3,2025-11-20,274.87,CUST00431,India
500371,P10007,Non-Stick Pan,Home & Kitchen,3,2026-02-02,331.24,CUST00130,INDIA
500592,P10023,Hair Dryer,Beauty & Personal Care,1,2026-04-26,1018.4,CUST00176,India
502426,P10017,Formal Shirt,Apparel,5,2025-10-01,562.91,CUST00698,United Kingdom
501373,P10036,Backpack,Stationery & Office,5,2025-07-17,218.62,CUST00376,India
501706,P10027,Water Bottle Sipper,Sports & Outdoors,5,2026-05-23,2203.72,CUST00470,Singapore
502376,P10019,Face Serum,Beauty & Personal Care,2,2025-04-10,1312.41,CUST00674,India
502920,P10017,Formal Shirt,Apparel,2,2026-01-24,562.91,CUST00813,India
503099,P10034,Sticky Notes Pack,Stationery & Office,2,2026-06-13,147.9,CUST00847,India
502265,P10035,Whiteboard Marker Set,Stationery & Office,1,2026-04-10,808.92,CUST00634,India
501599,P10012,Storage Organizer,Home & Kitchen,3,2026-03-24,1268.9,CUST00448,United States
501858,P10016,Wool Sweater,Apparel,4,2025-06-23,1250.39,CUST00521,United Kingdom
502984,P10033,Desk Organizer,Stationery & Office,2,2026-04-24,67.73,CUST00830,India
503080,P10015,Running Shoes,Apparel,2,2025-06-11,980.3,CUST00842, United Kingdom 
500977,P10013,Cotton T-Shirt,Apparel,4,2025-03-22,1190.46,CUST00273,Germany
500016,P10022,Sunscreen SPF50,Beauty & Personal Care,3,2025-04-06,514.51,CUST00007,India
502952,P10016,Wool Sweater,Apparel,5,2025-01-18,1250.39,CUST00826,UAE
502754,P10027,Water Bottle Sipper,Sports & Outdoors,4,2025-09-06,2203.72,CUST00777,India
501993,P10013,Cotton T-Shirt,Apparel,2,2026-02-24,1190.46,CUST00555,Germany
502189,P10003,Phone Case,Electronics,5,2025-05-18,1049.71,CUST00600,India
501224,P10017,Formal Shirt,Apparel,1,2025-03-29,562.91,CUST00335,India
500980,P10028,Camping Torch,Sports & Outdoors,3,2025-12-25,2043.99,CUST00273,Germany
500411,P10009,Cotton Bedsheet Set,Home & Kitchen,2,2026-06-14,1519.89,CUST00138,United States
502185,P10003,Phone Case,Electronics,4,2025-07-15,1049.71,,United Kingdom
502142,P10026,Resistance Bands Set,Sports & Outdoors,3,2025-05-03,636.23,CUST00582,Singapore
503031,P10024,Beard Trimmer,Beauty & Personal Care,2,2025-05-20,700.79,CUST00833,India
502895,P10008,LED Desk Lamp,Home & Kitchen,2,2025-01-23,1311.15,CUST00804,United Kingdom
502533,P10012,Storage Organizer,Home & Kitchen,5,2026-01-19,1268.9,CUST00722,India
500042,P10035,Whiteboard Marker Set,Stationery & Office,4,2025-01-01,808.92,CUST00020,INDIA
501236,P10016,Wool Sweater,Apparel,4,2025-09-07,1250.39,CUST00336,India
500067,P10016,Wool Sweater,Apparel,3,2026-04-11,1250.39,CUST00032,India
502125,P10005,Power Bank 10000mAh,Electronics,5,2025-03-07,1034.93,CUST00581,India
500006,P10025,Yoga Mat,Sports & Outdoors,-1,2025-09-08,270.08,CUST00005,India
500576,P10015,Running Shoes,Apparel,2,2026-01-30,980.3,CUST00176,India
500254,P10015,Running Shoes,Apparel,2,2025-01-05,980.3,CUST00101,India
500641,P10013,Cotton T-Shirt,Apparel,2,2025-07-26,1190.46,CUST00189,India
502740,P10004,USB-C Cable,Electronics,1,2026-01-10,3182.97,CUST00770,Germany
501018,P10029,Badminton Racket,Sports & Outdoors,5,2025-06-08,274.87,CUST00286,India
501607,P10011,Ceramic Mug Set,Home & Kitchen,5,2025-09-10,1993.94,CUST00448,United States
501112,P10010,Insulated Water Bottle,Home & Kitchen,4,2025-05-02,396.84,CUST00311,India
501392,P10014,Denim Jacket,Apparel,2,2025-08-20,1048.3,CUST00386,United States
502626,P10013,Cotton T-Shirt,Apparel,4,2026-02-27,1190.46,CUST00742,India
502007,P10011,Ceramic Mug Set,Home & Kitchen,5,2025-05-05,1993.94,CUST00557,India
502936,P10017,Formal Shirt,Apparel,4,2026-06-17,562.91,CUST00815,Germany
501911,P10021,Lip Balm Set,Beauty & Personal Care,4,2025-06-27,652.97,CUST00539,india
502304,P10025,Yoga Mat,Sports & Outdoors,5,2025-03-15,270.08,CUST00652,india
500139,P10005,Power Bank 10000mAh,Electronics,3,2025-03-08,1034.93,CUST00050,India
501760,P10018,Yoga Pants,Apparel,2,2025-11-29,608.28,CUST00485,United Kingdom
501750,P10019,Face Serum,Beauty & Personal Care,5,2025-09-20,1312.41,CUST00485,united kingdom
502255,P10021,Lip Balm Set,Beauty & Personal Care,2,2025-07-03,652.97,CUST00632,GERMANY
502522,P10034,Sticky Notes Pack,Stationery & Office,4,2026-04-06,147.9,CUST00714,India
501280,P10020,Herbal Shampoo,Beauty & Personal Care,3,2025-05-24,1426.26,CUST00345,India
501256,P10036,Backpack,Stationery & Office,4,2026-03-29,218.62,CUST00343,India
502092,P10021,Lip Balm Set,Beauty & Personal Care,3,2025-10-30,652.97,,India
501427,P10030,Cycling Gloves,Sports & Outdoors,2,2025-01-11,820.52,CUST00392,India
500869,P10002,Bluetooth Speaker,Electronics,4,2026-06-14,2723.88,CUST00236,UNITED STATES
502377,P10032,Gel Pen Pack,Stationery & Office,1,2025-08-23,687.3,CUST00674,INDIA
501750,P10014,Denim Jacket,Apparel,2,2025-09-20,1048.3,CUST00485,United Kingdom
500483,P10015,Running Shoes,Apparel,-3,2025-11-05,980.3,CUST00162,United Kingdom
501763,P10002,Bluetooth Speaker,Electronics,1,2025-10-27,2723.88,CUST00485,united kingdom
500088,P10008,LED Desk Lamp,Home & Kitchen,1,2026-06-24,1311.15,CUST00037,India
500633,P10031,Notebook Set,Stationery & Office,5,2025-03-06,268.52,CUST00189,India
500601,P10033,Desk Organizer,Stationery & Office,2,2025-06-23,67.73,CUST00178,India
502578,P10012,Storage Organizer,Home & Kitchen,2,2025-07-19,1268.9,CUST00731,india
501158,P10019,Face Serum,Beauty & Personal Care,-2,2025-07-27,1312.41,CUST00321,India
501094,P10032,Gel Pen Pack,Stationery & Office,3,2025-05-22,687.3,CUST00306,Singapore
500129,P10023,Hair Dryer,Beauty & Personal Care,4,2026-04-11,1018.4,CUST00047,India
500167,P10013,Cotton T-Shirt,Apparel,4,2025-02-22,1190.46,CUST00062,India
502352,P10026,Resistance Bands Set,Sports & Outdoors,1,2026-01-16,636.23,CUST00665,India
501521,P10025,Yoga Mat,Sports & Outdoors,2,2025-06-21,270.08,CUST00432,united states
501499,P10015,Running Shoes,Apparel,1,2026-04-25,980.3,CUST00424,India
500724,P10016,Wool Sweater,Apparel,3,2026-05-23,1250.39,CUST00203,India
500888,P10029,Badminton Racket,Sports & Outdoors,1,2025-12-25,274.87,CUST00239,United Kingdom
501087,P10030,Cycling Gloves,Sports & Outdoors,5,2025-07-13,820.52,CUST00301,India
500875,P10022,Sunscreen SPF50,Beauty & Personal Care,3,2026-02-09,514.51,CUST00236,United States
502067,P10016,Wool Sweater,Apparel,2,2025-10-23,1250.39,CUST00573,india
501317,P10013,Cotton T-Shirt,Apparel,1,2025-12-13,1190.46,CUST00355,India
502765,P10033,Desk Organizer,Stationery & Office,4,2025-05-13,67.73,CUST00779,United States
500310,P10008,LED Desk Lamp,Home & Kitchen,5,2025-09-17,1311.15,CUST00119,Germany
501884,P10018,Yoga Pants,Apparel,2,2026-02-09,608.28,CUST00530,Germany
502802,P10033,Desk Organizer,Stationery & Office,2,2026-05-07,67.73,CUST00779,United States
500028,P10009,Cotton Bedsheet Set,Home & Kitchen,5,2026-03-21,1519.89,CUST00012,Singapore
502565,P10005,Power Bank 10000mAh,Electronics,1,2025-11-21,1034.93,CUST00731, India 
500520,P10012,Storage Organizer,Home & Kitchen,1,2026-02-14,1268.9,CUST00169,india
501901,P10001,Wireless Earbuds,Electronics,4,2025-03-07,606.94,CUST00534,United Kingdom
502385,P10021,Lip Balm Set,Beauty & Personal Care,5,2025-08-30,652.97,CUST00677, India 
503040,P10036,Backpack,Stationery & Office,1,2025-03-02,218.62,CUST00839,United Kingdom
500775,P10008,LED Desk Lamp,Home & Kitchen,3,2025-07-11,1311.15,CUST00218,United States
502694,P10004,USB-C Cable,Electronics,1,2025-10-18,3182.97,CUST00754,India
500339,P10005,Power Bank 10000mAh,Electronics,1,2025-06-16,1034.93,CUST00126,India
500076,P10002,Bluetooth Speaker,Electronics,1,2025-05-01,2723.88,CUST00033,India
502694,P10014,,Apparel,4,2025-10-18,1048.3,CUST00754,India
502244,P10026,Resistance Bands Set,Sports & Outdoors,5,2025-12-01,636.23,CUST00627,India
502988,P10025,Yoga Mat,Sports & Outdoors,3,2025-01-27,270.08,CUST00830,India
500685,P10036,Backpack,Stationery & Office,2,2025-06-07,218.62,CUST00200,United States
500665,P10028,Camping Torch,Sports & Outdoors,5,2026-01-22,2043.99,CUST00195,india
502210,P10023,Hair Dryer,Beauty & Personal Care,3,2025-05-22,1018.4,CUST00614,India
501115,P10013,Cotton T-Shirt,Apparel,2,2026-02-08,1190.46,CUST00311,India
500741,P10009,Cotton Bedsheet Set,Home & Kitchen,2,2025-05-07,1519.89,CUST00208,united kingdom
502905,P10021,Lip Balm Set,Beauty & Personal Care,4,2025-12-22,652.97,CUST00811,Singapore
501711,P10018,Yoga Pants,Apparel,1,2026-05-13,608.28,CUST00471,India
501718,P10025,Yoga Mat,Sports & Outdoors,1,2025-10-25,270.08,CUST00474,Germany
500949,P10018,Yoga Pants,Apparel,1,2025-12-10,608.28,CUST00264,India
501643,P10006,Smartwatch Band,Electronics,4,2025-04-09,990.13,CUST00457,India
502882,P10018,Yoga Pants,Apparel,1,2026-06-04,608.28,CUST00800,UAE
501117,P10008,LED Desk Lamp,Home & Kitchen,1,2026-05-01,1311.15,CUST00311,India
502953,P10010,Insulated Water Bottle,Home & Kitchen,2,2025-11-24,396.84,CUST00827,India
502061,P10032,Gel Pen Pack,Stationery & Office,2,2026-02-15,687.3,CUST00571,India
502736,P10005,Power Bank 10000mAh,Electronics,5,2025-09-05,1034.93,CUST00770,Germany
501653,P10026,Resistance Bands Set,Sports & Outdoors,3,2026-04-23,636.23,CUST00459,INDIA
502322,P10026,Resistance Bands Set,Sports & Outdoors,5,2026-03-15,636.23,CUST00659,united kingdom
500765,P10032,Gel Pen Pack,Stationery & Office,3,2025-02-22,687.3,CUST00216,INDIA
502726,P10002,Bluetooth Speaker,Electronics,5,2026-01-13,2723.88,CUST00764,UNITED STATES
500678,P10007,Non-Stick Pan,Home & Kitchen,3,2025-03-23,331.24,CUST00199,Germany
502451,P10010,Insulated Water Bottle,Home & Kitchen,3,2025-01-25,396.84,CUST00699,India
501873,P10005,Power Bank 10000mAh,Electronics,5,2025-12-19,1034.93,CUST00524,Germany
502151,P10035,Whiteboard Marker Set,Stationery & Office,-1,2026-04-25,808.92,CUST00584,India
502241,P10008,LED Desk Lamp,Home & Kitchen,2,2026-03-22,1311.15,CUST00627,India
500650,P10026,Resistance Bands Set,Sports & Outdoors,2,2025-07-04,636.23,CUST00194,United Kingdom
502980,P10027,Water Bottle Sipper,Sports & Outdoors,3,2025-10-28,2203.72,CUST00830,India
503031,P10024,Beard Trimmer,Beauty & Personal Care,2,2025-05-20,700.79,CUST00833,India
500564,P10006,Smartwatch Band,Electronics,1,2026-05-27,990.13,CUST00173,India
502023,P10010,Insulated Water Bottle,Home & Kitchen,2,2025-04-20,396.84,CUST00562,India
502712,P10010,Insulated Water Bottle,Home & Kitchen,5,2025-07-11,396.84,CUST00758,India
500527,P10008,LED Desk Lamp,Home & Kitchen,2,2026-03-10,1311.15,CUST00169,India
500443,P10036,Backpack,Stationery & Office,5,2026-01-07,218.62,CUST00142,India
502635,P10034,Sticky Notes Pack,Stationery & Office,5,2026-01-29,147.9,CUST00747,INDIA
500644,P10028,,Sports & Outdoors,2,2025-04-08,2043.99,CUST00190,India
501778,P10008,LED Desk Lamp,Home & Kitchen,1,2026-02-21,1311.15,CUST00490,Germany
503073,P10007,Non-Stick Pan,Home & Kitchen,5,2025-03-02,331.24,CUST00842,United Kingdom
502622,P10002,Bluetooth Speaker,Electronics,5,2025-04-20,2723.88,CUST00740,INDIA
501448,P10035,Whiteboard Marker Set,Stationery & Office,1,2026-02-11,808.92,CUST00405,India
500899,P10007,Non-Stick Pan,Home & Kitchen,3,2025-09-28,331.24,CUST00246,uae
501950,P10001,Wireless Earbuds,Electronics,5,2025-04-24,606.94,CUST00540,India
502595,P10022,Sunscreen SPF50,Beauty & Personal Care,1,2025-05-22,514.51,,INDIA
500072,P10007,Non-Stick Pan,Home & Kitchen,5,2025-09-05,331.24,CUST00032,india
500279,P10035,Whiteboard Marker Set,Stationery & Office,1,2026-01-13,808.92,CUST00111,india
501181,P10001,Wireless Earbuds,Electronics,3,2026-02-08,606.94,CUST00324,INDIA
501320,P10007,Non-Stick Pan,Home & Kitchen,-1,2025-04-01,331.24,CUST00355,India
500894,P10010,Insulated Water Bottle,Home & Kitchen,1,2025-06-19,396.84,CUST00244,India
502521,P10028,Camping Torch,Sports & Outdoors,4,2025-07-23,2043.99,CUST00714,India
501074,P10032,Gel Pen Pack,Stationery & Office,2,2025-01-11,687.3,CUST00299,United Kingdom
500970,P10014,Denim Jacket,Apparel,1,2025-11-25,1048.3,CUST00271,United States
500565,P10007,Non-Stick Pan,Home & Kitchen,5,2025-11-01,331.24,CUST00174,India
502234,P10020,Herbal Shampoo,Beauty & Personal Care,5,2025-10-22,1426.26,CUST00626,india
500867,P10027,Water Bottle Sipper,Sports & Outdoors,4,2025-08-28,2203.72,CUST00236,United States
502170,P10009,Cotton Bedsheet Set,Home & Kitchen,1,2025-11-19,1519.89,CUST00591, India 
502335,P10017,Formal Shirt,Apparel,5,2025-12-29,562.91,CUST00661,India
503011,P10027,Water Bottle Sipper,Sports & Outdoors,1,2026-05-18,2203.72,CUST00833,India
502964,P10022,Sunscreen SPF50,Beauty & Personal Care,3,2025-06-30,514.51,CUST00830,India
500564,P10012,Storage Organizer,Home & Kitchen,1,2026-05-27,1268.9,CUST00173,India
500905,P10016,Wool Sweater,Apparel,1,2025-03-19,1250.39,CUST00250,Germany
500774,P10002,Bluetooth Speaker,Electronics,4,2025-04-26,2723.88,CUST00217,India
502638,P10016,Wool Sweater,Apparel,2,2025-11-02,1250.39,CUST00748,India
501661,P10011,Ceramic Mug Set,Home & Kitchen,4,2026-04-26,1993.94,CUST00463,United States
500790,P10016,Wool Sweater,Apparel,1,2026-01-27,1250.39,CUST00219,United Kingdom
502861,P10010,Insulated Water Bottle,Home & Kitchen,2,2025-11-11,396.84,CUST00796,Germany
502382,P10004,USB-C Cable,Electronics,4,2025-06-13,3182.97,CUST00674,India
502042,P10034,Sticky Notes Pack,Stationery & Office,5,2026-04-14,147.9,CUST00566,UNITED KINGDOM
501062,P10005,Power Bank 10000mAh,Electronics,4,2026-04-13,1034.93,CUST00296,India
503106,P10034,Sticky Notes Pack,Stationery & Office,2,2026-02-18,147.9,CUST00850,United Kingdom
503045,P10029,Badminton Racket,Sports & Outdoors,5,2025-07-30,274.87,CUST00842,United Kingdom
502257,P10008,LED Desk Lamp,Home & Kitchen,3,2025-12-10,1311.15,CUST00632,Germany
501624,P10023,Hair Dryer,Beauty & Personal Care,5,2026-02-07,1018.4,CUST00449,India
502261,P10036,Backpack,Stationery & Office,5,2025-04-24,218.62,CUST00633,India
501576,P10034,Sticky Notes Pack,Stationery & Office,4,2026-03-22,147.9,CUST00448,United States
500075,P10026,Resistance Bands Set,Sports & Outdoors,1,2026-06-01,636.23,CUST00033,India
500498,P10025,Yoga Mat,Sports & Outdoors,3,2025-10-18,270.08,CUST00166,Germany
500500,P10015,Running Shoes,Apparel,4,2025-06-14,980.3,CUST00167,India
500382,P10005,Power Bank 10000mAh,Electronics,1,2026-04-20,1034.93,CUST00132,India
501398,P10029,Badminton Racket,Sports & Outdoors,5,2025-01-02,274.87,CUST00389,UNITED STATES
501102,P10032,Gel Pen Pack,Stationery & Office,1,2025-03-11,687.3,CUST00310,India
501151,P10031,Notebook Set,Stationery & Office,4,2026-02-03,268.52,CUST00319, India 
500399,P10002,Bluetooth Speaker,Electronics,2,2025-03-13,2723.88,CUST00137,India
501685,P10004,USB-C Cable,Electronics,4,2025-07-24,3182.97,CUST00463,UNITED STATES
500949,P10018,Yoga Pants,Apparel,-3,2025-12-10,608.28,CUST00264,INDIA
501409,P10022,Sunscreen SPF50,Beauty & Personal Care,1,2025-08-17,514.51,CUST00392,India
501323,P10033,Desk Organizer,Stationery & Office,2,2026-03-28,67.73,CUST00356,United Kingdom
501007,P10016,Wool Sweater,Apparel,4,2025-09-14,1250.39,CUST00285,United Kingdom
502225,P10004,USB-C Cable,Electronics,5,2025-04-13,3182.97,CUST00623,India
502644,P10030,Cycling Gloves,Sports & Outdoors,4,2025-06-19,820.52,CUST00749,UAE
501589,P10021,Lip Balm Set,Beauty & Personal Care,5,2025-05-03,652.97,CUST00448,United States
501836,P10019,Face Serum,Beauty & Personal Care,1,2025-07-13,1312.41,CUST00509,UAE
502727,P10022,Sunscreen SPF50,Beauty & Personal Care,4,2025-01-25,514.51,CUST00764,United States
501458,P10004,USB-C Cable,Electronics,4,2025-01-03,3182.97,CUST00409, UAE 
501838,P10036,Backpack,Stationery & Office,2,2026-05-11,218.62,CUST00510,United States
500814,P10023,Hair Dryer,Beauty & Personal Care,4,2025-02-04,1018.4,CUST00219,UNITED KINGDOM
501558,P10014,Denim Jacket,Apparel,5,2025-12-24,1048.3,CUST00442,Singapore
501095,P10028,Camping Torch,Sports & Outdoors,1,2025-03-12,2043.99,CUST00306,Singapore
502329,P10028,Camping Torch,Sports & Outdoors,5,2025-12-29,2043.99,CUST00659,United Kingdom
501322,P10018,Yoga Pants,Apparel,1,2026-03-16,608.28,CUST00356,United Kingdom
500114,P10035,Whiteboard Marker Set,Stationery & Office,4,2025-08-24,808.92,CUST00047,India
500714,P10026,Resistance Bands Set,Sports & Outdoors,1,2026-01-25,636.23,CUST00203, India 
502392,P10016,Wool Sweater,Apparel,5,2025-08-05,1250.39,CUST00679,Singapore
500971,P10025,Yoga Mat,Sports & Outdoors,2,2025-07-24,270.08,CUST00272,United States
502878,P10001,Wireless Earbuds,Electronics,3,2025-05-06,606.94,CUST00800,UAE
502888,P10013,Cotton T-Shirt,Apparel,1,2026-05-13,1190.46,CUST00801,United States
500619,P10023,Hair Dryer,Beauty & Personal Care,1,2026-01-11,1018.4,CUST00189,India
501141,P10034,Sticky Notes Pack,Stationery & Office,4,2025-07-06,147.9,CUST00313,India
501311,P10014,Denim Jacket,Apparel,4,2025-01-20,1048.3,CUST00353, United Kingdom 
501687,P10032,Gel Pen Pack,Stationery & Office,4,2025-07-18,687.3,CUST00463,United States
502934,P10015,Running Shoes,Apparel,4,2025-07-29,980.3,CUST00815,Germany
500980,P10003,Phone Case,Electronics,-3,2025-12-25,1049.71,CUST00273,GERMANY
500326,P10029,Badminton Racket,Sports & Outdoors,1,2026-05-20,274.87,CUST00126,India
500541,P10020,Herbal Shampoo,Beauty & Personal Care,3,2026-03-27,1426.26,CUST00169,INDIA
502359,P10030,Cycling Gloves,Sports & Outdoors,4,2025-10-04,820.52,CUST00667,INDIA
502632,P10024,Beard Trimmer,Beauty & Personal Care,4,2025-04-17,700.79,,India
501496,P10035,Whiteboard Marker Set,Stationery & Office,2,2025-07-14,808.92,CUST00422,united states
500760,P10035,Whiteboard Marker Set,Stationery & Office,2,2025-08-27,808.92,CUST00216,INDIA
502687,P10009,Cotton Bedsheet Set,Home & Kitchen,4,2026-05-22,1519.89,,United Kingdom
501163,P10030,Cycling Gloves,Sports & Outdoors,2,2025-05-28,820.52,CUST00324,india
500952,P10028,Camping Torch,Sports & Outdoors,1,2026-01-11,2043.99,CUST00265,Germany
501416,P10007,Non-Stick Pan,Home & Kitchen,1,2026-03-17,331.24,CUST00392,india
502292,P10024,Beard Trimmer,Beauty & Personal Care,2,2026-01-09,700.79,CUST00644, India 
501067,P10017,Formal Shirt,Apparel,4,2025-06-19,562.91,CUST00298,india
502356,P10009,Cotton Bedsheet Set,Home & Kitchen,1,2026-02-06,1519.89,CUST00667,India
501341,P10019,Face Serum,Beauty & Personal Care,2,2025-11-05,1312.41,CUST00362,United Kingdom
501966,P10017,Formal Shirt,Apparel,2,2026-06-16,562.91,CUST00544,United Kingdom
502082,P10030,Cycling Gloves,Sports & Outdoors,1,2025-08-21,820.52,CUST00579,India
501079,P10022,Sunscreen SPF50,Beauty & Personal Care,1,2025-02-19,514.51,CUST00300,india
501353,P10007,Non-Stick Pan,Home & Kitchen,4,2026-05-24,331.24,CUST00365,UAE
500111,P10002,Bluetooth Speaker,Electronics,3,2026-01-05,2723.88,CUST00047,India
500908,P10004,USB-C Cable,Electronics,4,2026-01-17,3182.97,CUST00251,India
501575,P10006,Smartwatch Band,Electronics,5,2025-04-29,990.13,CUST00448,United States
502802,P10034,Sticky Notes Pack,Stationery & Office,1,2026-05-07,147.9,CUST00779,United States
500927,P10032,Gel Pen Pack,Stationery & Office,1,2025-03-06,687.3,CUST00259,United Kingdom
501205,P10025,Yoga Mat,Sports & Outdoors,2,2025-06-16,270.08,CUST00324,India
502888,P10003,Phone Case,Electronics,2,2026-05-13,1049.71,CUST00801,United States
502987,P10035,Whiteboard Marker Set,Stationery & Office,2,2025-06-01,808.92,CUST00830,India
502602,P10012,Storage Organizer,Home & Kitchen,5,2025-08-18,1268.9,CUST00734,India
502988,P10020,Herbal Shampoo,Beauty & Personal Care,4,2025-01-27,1426.26,CUST00830,India
500241,P10025,Yoga Mat,Sports & Outdoors,4,2025-11-27,270.08,CUST00095,United States
501118,P10012,Storage Organizer,Home & Kitchen,1,2025-07-22,1268.9,CUST00311,India
501216,P10010,Insulated Water Bottle,Home & Kitchen,1,2025-09-17,396.84,CUST00330,India
500309,P10032,Gel Pen Pack,Stationery & Office,4,2025-02-18,687.3,CUST00119,Germany
500776,P10025,Yoga Mat,Sports & Outdoors,1,2025-04-02,270.08,CUST00218,United States
501169,P10016,Wool Sweater,Apparel,3,2025-03-24,1250.39,CUST00324,India
502455,P10035,Whiteboard Marker Set,Stationery & Office,4,2025-01-27,808.92,CUST00699,INDIA
500912,P10010,Insulated Water Bottle,Home & Kitchen,5,2026-04-25,396.84,CUST00252,India
501332,P10003,Phone Case,Electronics,1,2025-02-28,1049.71,CUST00358,United Kingdom
500053,P10019,Face Serum,Beauty & Personal Care,3,2025-01-26,1312.41,CUST00025,India
502229,P10006,Smartwatch Band,Electronics,3,2025-05-23,990.13,CUST00624,India
500574,P10005,Power Bank 10000mAh,Electronics,2,2025-10-29,1034.93,CUST00176,India
500812,P10031,Notebook Set,Stationery & Office,2,2026-06-14,268.52,CUST00219,United Kingdom
501184,P10024,Beard Trimmer,Beauty & Personal Care,4,2025-09-23,700.79,CUST00324,INDIA
502156,P10017,Formal Shirt,Apparel,2,2025-05-03,562.91,CUST00586, India 
502965,P10007,Non-Stick Pan,Home & Kitchen,3,2026-01-11,331.24,CUST00830,India
502468,P10008,LED Desk Lamp,Home & Kitchen,4,2025-08-06,1311.15,CUST00705,india
501019,P10024,Beard Trimmer,Beauty & Personal Care,4,2025-06-28,700.79,CUST00286,INDIA
502256,P10012,Storage Organizer,Home & Kitchen,5,2025-07-15,1268.9,CUST00632,germany
502478,P10021,Lip Balm Set,Beauty & Personal Care,2,2025-04-09,652.97,CUST00706,Singapore
502672,P10011,Ceramic Mug Set,Home & Kitchen,3,2025-12-27,1993.94,CUST00753,United Kingdom
502653,P10012,Storage Organizer,Home & Kitchen,2,2025-07-28,1268.9,CUST00753,United Kingdom
501964,P10036,Backpack,Stationery & Office,5,2025-10-07,218.62,CUST00543,India
501017,P10009,Cotton Bedsheet Set,Home & Kitchen,-3,2025-04-04,1519.89,CUST00286,INDIA
501152,P10036,Backpack,Stationery & Office,5,2025-09-29,218.62,CUST00320,India
502889,P10012,Storage Organizer,Home & Kitchen,2,2025-02-04,1268.9,CUST00801,United States
500945,P10010,Insulated Water Bottle,Home & Kitchen,1,2026-01-12,396.84,CUST00264,India
501819,P10020,Herbal Shampoo,Beauty & Personal Care,5,2026-01-30,1426.26,CUST00503,India
502085,P10032,Gel Pen Pack,Stationery & Office,2,2025-03-07,687.3,CUST00579,India
500654,P10002,Bluetooth Speaker,Electronics,1,2025-12-03,2723.88,,United Kingdom
500866,P10019,Face Serum,Beauty & Personal Care,4,2025-08-08,1312.41,CUST00236,United States
501791,P10036,Backpack,Stationery & Office,5,2025-01-18,218.62,CUST00497,United Kingdom
501238,P10016,Wool Sweater,Apparel,2,2025-12-23,1250.39,,United States
502844,P10006,Smartwatch Band,Electronics,5,2025-08-10,990.13,CUST00790,UAE
500005,P10013,,Apparel,4,2026-03-11,1190.46,CUST00004,United Kingdom
500508,P10033,Desk Organizer,Stationery & Office,5,2025-07-18,67.73,CUST00167,INDIA
501968,P10033,Desk Organizer,Stationery & Office,4,2025-06-15,67.73,CUST00544,united kingdom
501464,P10019,Face Serum,Beauty & Personal Care,-3,2025-03-09,1312.41,CUST00414,united kingdom
501577,P10005,Power Bank 10000mAh,Electronics,-3,2026-02-09,1034.93,CUST00448,United States
503010,P10023,Hair Dryer,Beauty & Personal Care,1,2025-03-09,1018.4,CUST00833,India
500929,P10021,Lip Balm Set,Beauty & Personal Care,5,2025-05-22,652.97,CUST00260,India
500978,P10013,Cotton T-Shirt,Apparel,4,2026-06-06,1190.46,CUST00273,Germany
503029,P10003,Phone Case,Electronics,5,2025-11-13,1049.71,CUST00833,India
500009,P10014,Denim Jacket,Apparel,-1,2026-01-22,1048.3,CUST00006,India
502028,P10036,Backpack,Stationery & Office,5,2025-02-12,218.62,CUST00563, India 
503003,P10005,Power Bank 10000mAh,Electronics,5,2025-12-11,1034.93,CUST00830,India
500561,P10012,Storage Organizer,Home & Kitchen,4,2025-06-19,1268.9,CUST00171,United Kingdom
501924,P10029,Badminton Racket,Sports & Outdoors,2,2025-08-24,274.87,CUST00539,india
501177,P10017,Formal Shirt,Apparel,1,2025-04-16,562.91,CUST00324,India
501723,P10005,Power Bank 10000mAh,Electronics,4,2025-03-18,1034.93,CUST00475, India 
500598,P10026,Resistance Bands Set,Sports & Outdoors,1,2026-03-15,636.23,CUST00177,United Kingdom
500184,P10014,Denim Jacket,Apparel,3,2025-12-21,1048.3,CUST00067,India
500380,P10001,Wireless Earbuds,Electronics,1,2025-12-03,606.94,CUST00131,INDIA
502248,P10031,Notebook Set,Stationery & Office,4,2025-08-17,268.52,CUST00627,India
502246,P10030,Cycling Gloves,Sports & Outdoors,3,2025-05-29,820.52,CUST00627,India
501375,P10031,Notebook Set,Stationery & Office,5,2025-05-17,268.52,CUST00377,Germany
502365,P10007,Non-Stick Pan,Home & Kitchen,4,2025-12-19,331.24,CUST00668,India
503071,P10019,Face Serum,Beauty & Personal Care,3,2025-11-07,1312.41,CUST00842,United Kingdom
502851,P10017,Formal Shirt,Apparel,4,2026-04-14,562.91,CUST00795,INDIA
502381,P10032,Gel Pen Pack,Stationery & Office,4,2025-12-13,687.3,CUST00674,India
502779,P10011,Ceramic Mug Set,Home & Kitchen,4,2025-06-13,1993.94,CUST00779,UNITED STATES
502941,P10006,Smartwatch Band,Electronics,2,2026-03-18,990.13,CUST00818,India
502706,P10014,Denim Jacket,Apparel,4,2025-07-27,1048.3,CUST00756,United States
502607,P10019,Face Serum,Beauty & Personal Care,2,2025-09-25,1312.41,CUST00737,india
500063,P10022,Sunscreen SPF50,Beauty & Personal Care,2,2025-03-01,514.51,CUST00032,India
502602,P10017,Formal Shirt,Apparel,4,2025-08-18,562.91,CUST00734,India
501734,P10015,Running Shoes,Apparel,5,2025-10-02,980.3,CUST00479,Singapore
501950,P10033,Desk Organizer,Stationery & Office,5,2025-04-24,67.73,CUST00540, India 
501494,P10018,Yoga Pants,Apparel,3,2025-07-12,608.28,,united states
502331,P10019,Face Serum,Beauty & Personal Care,3,2025-04-27,1312.41,CUST00660,United Kingdom
500267,P10010,Insulated Water Bottle,Home & Kitchen,5,2025-10-27,396.84,CUST00106,India
502321,P10018,Yoga Pants,Apparel,3,2026-02-22,608.28,CUST00659,United Kingdom
502665,P10028,Camping Torch,Sports & Outdoors,4,2025-08-04,2043.99,CUST00753,United Kingdom
500364,P10021,,Beauty & Personal Care,2,2025-10-09,652.97,CUST00127,United States
500445,P10015,Running Shoes,Apparel,3,2026-06-01,980.3,,India
500659,P10020,Herbal Shampoo,Beauty & Personal Care,2,2026-06-12,1426.26,CUST00194,United Kingdom
500157,P10025,Yoga Mat,Sports & Outdoors,4,2026-06-15,270.08,CUST00058,India
500485,P10002,Bluetooth Speaker,Electronics,3,2025-02-15,2723.88,CUST00163,United Kingdom
500139,P10032,Gel Pen Pack,Stationery & Office,-4,2025-03-08,687.3,CUST00050,India
500279,P10034,Sticky Notes Pack,Stationery & Office,-1,2026-01-13,147.9,CUST00111,India
503074,P10005,Power Bank 10000mAh,Electronics,1,2025-07-26,1034.93,,United Kingdom
500773,P10036,Backpack,Stationery & Office,2,2025-08-09,218.62,CUST00217,India
502618,P10036,Backpack,Stationery & Office,5,2025-12-19,218.62,CUST00738, United States 
502526,P10030,Cycling Gloves,Sports & Outdoors,3,2025-09-14,820.52,CUST00718,singapore
501945,P10012,Storage Organizer,Home & Kitchen,1,2025-10-02,1268.9,CUST00540,india
501277,P10013,Cotton T-Shirt,Apparel,3,2026-04-17,1190.46,CUST00343,India
500325,P10018,Yoga Pants,Apparel,5,2025-01-29,608.28,CUST00125,India
502250,P10003,Phone Case,Electronics,4,2026-04-16,1049.71,CUST00629,India
501410,P10026,Resistance Bands Set,Sports & Outdoors,5,2025-11-03,636.23,CUST00392,India
500127,P10025,Yoga Mat,Sports & Outdoors,2,2026-04-26,270.08,CUST00047,India
503029,P10025,Yoga Mat,Sports & Outdoors,3,2025-11-13,270.08,CUST00833, India 
500306,P10010,Insulated Water Bottle,Home & Kitchen,3,2025-10-12,396.84,CUST00118,India
500175,P10020,Herbal Shampoo,Beauty & Personal Care,4,2025-02-18,1426.26,CUST00063,Germany
501102,P10025,Yoga Mat,Sports & Outdoors,4,2025-03-11,270.08,CUST00310,India
501054,P10024,Beard Trimmer,Beauty & Personal Care,5,2025-06-10,700.79,CUST00295,India
500221,P10002,Bluetooth Speaker,Electronics,1,2026-02-25,2723.88,CUST00086,India
501464,P10031,Notebook Set,Stationery & Office,5,2025-03-09,268.52,CUST00414,United Kingdom
501741,P10032,Gel Pen Pack,Stationery & Office,2,2025-12-04,687.3,CUST00482,United Kingdom
501847,P10003,Phone Case,Electronics,4,2025-12-30,1049.71,CUST00514,Germany
502695,P10017,Formal Shirt,Apparel,4,2025-06-15,562.91,,india
501506,P10029,Badminton Racket,Sports & Outdoors,4,2025-08-18,274.87,,INDIA
500798,P10014,Denim Jacket,Apparel,2,2025-07-15,1048.3,CUST00219,United Kingdom
501987,P10021,Lip Balm Set,Beauty & Personal Care,4,2025-01-11,652.97,CUST00554,United Kingdom
501768,P10026,Resistance Bands Set,Sports & Outdoors,2,2025-07-18,636.23,CUST00487,INDIA
500801,P10003,Phone Case,Electronics,5,2025-08-21,1049.71,CUST00219,United Kingdom
503095,P10001,Wireless Earbuds,Electronics,3,2026-05-21,606.94,CUST00845,India
500970,P10024,Beard Trimmer,Beauty & Personal Care,5,2025-11-25,700.79,CUST00271, United States 
502961,P10023,Hair Dryer,Beauty & Personal Care,4,2025-03-16,1018.4,CUST00830, India 
502310,P10024,Beard Trimmer,Beauty & Personal Care,2,2025-02-27,700.79,CUST00655,India
501003,P10006,Smartwatch Band,Electronics,4,2025-07-13,990.13,CUST00282,India
500495,P10016,Wool Sweater,Apparel,3,2025-06-06,1250.39,CUST00165,India
501432,P10013,Cotton T-Shirt,Apparel,1,2025-06-19,1190.46,CUST00394,United States
500176,P10023,Hair Dryer,Beauty & Personal Care,5,2025-09-02,1018.4,CUST00063,Germany
502975,P10020,Herbal Shampoo,Beauty & Personal Care,3,2026-04-17,1426.26,, India 
500859,P10025,Yoga Mat,Sports & Outdoors,5,2025-01-30,270.08,CUST00235,India
501187,P10004,USB-C Cable,Electronics,5,2025-11-27,3182.97,CUST00324,India
501289,P10035,Whiteboard Marker Set,Stationery & Office,5,2026-06-29,808.92,CUST00348,INDIA
501931,P10015,Running Shoes,Apparel,3,2025-12-17,980.3,CUST00539,India
500827,P10025,Yoga Mat,Sports & Outdoors,1,2025-05-11,270.08,CUST00219,United Kingdom
503009,P10021,Lip Balm Set,Beauty & Personal Care,1,2025-09-18,652.97,CUST00833,India
502176,P10028,Camping Torch,Sports & Outdoors,3,2025-07-25,2043.99,CUST00593,India
502637,P10001,Wireless Earbuds,Electronics,3,2026-05-24,606.94,CUST00748,India
501644,P10012,Storage Organizer,Home & Kitchen,4,2025-11-23,1268.9,CUST00457,India
500285,P10008,LED Desk Lamp,Home & Kitchen,5,2025-09-08,1311.15,,UAE
500503,P10001,Wireless Earbuds,Electronics,3,2026-05-12,606.94,CUST00167,INDIA
501810,P10019,Face Serum,Beauty & Personal Care,1,2025-07-05,1312.41,CUST00501,United Kingdom
501809,P10017,Formal Shirt,Apparel,5,2025-08-25,562.91,CUST00501, United Kingdom 
502723,P10025,Yoga Mat,Sports & Outdoors,5,2026-02-09,270.08,CUST00763,India
502551,P10025,Yoga Mat,Sports & Outdoors,5,2026-03-26,270.08,CUST00730,India
502868,P10026,Resistance Bands Set,Sports & Outdoors,2,2025-01-21,636.23,CUST00796,GERMANY
501595,P10022,Sunscreen SPF50,Beauty & Personal Care,4,2025-06-24,514.51,CUST00448,United States
501784,P10028,Camping Torch,Sports & Outdoors,3,2026-03-20,2043.99,CUST00493,India
501536,P10003,Phone Case,Electronics,3,2026-03-11,1049.71,CUST00439,United States
502823,P10010,Insulated Water Bottle,Home & Kitchen,2,2025-01-07,396.84,CUST00785,India
500207,P10024,Beard Trimmer,Beauty & Personal Care,1,2025-01-26,700.79,CUST00079,India
500235,P10031,Notebook Set,Stationery & Office,2,2025-07-15,268.52,CUST00091,India
500944,P10028,Camping Torch,Sports & Outdoors,2,2025-05-09,2043.99,CUST00263,india
501848,P10032,Gel Pen Pack,Stationery & Office,1,2026-02-24,687.3,CUST00514,Germany
501685,P10030,Cycling Gloves,Sports & Outdoors,5,2025-07-24,820.52,CUST00463,united states
502609,P10008,LED Desk Lamp,Home & Kitchen,5,2026-05-20,1311.15,CUST00738,united states
500199,P10001,Wireless Earbuds,Electronics,4,2025-11-04,606.94,CUST00074,United States
502917,P10004,USB-C Cable,Electronics,1,2025-01-26,3182.97,CUST00813,india
501006,P10009,Cotton Bedsheet Set,Home & Kitchen,2,2025-06-19,1519.89,CUST00284,INDIA
502316,P10014,Denim Jacket,Apparel,-4,2025-09-07,1048.3,CUST00658,INDIA
501731,P10017,Formal Shirt,Apparel,5,2025-02-14,562.91,CUST00478,United Kingdom
502806,P10017,Formal Shirt,Apparel,4,2025-07-08,562.91,CUST00780,United Kingdom
500100,P10022,Sunscreen SPF50,Beauty & Personal Care,1,2025-07-20,514.51,,India
501990,P10035,Whiteboard Marker Set,Stationery & Office,1,2026-06-14,808.92,CUST00555,germany
500117,P10007,Non-Stick Pan,Home & Kitchen,5,2025-03-27,331.24,CUST00047,India
502279,P10029,Badminton Racket,Sports & Outdoors,1,2025-06-14,274.87,CUST00636,India
500597,P10006,Smartwatch Band,Electronics,2,2025-01-14,990.13,CUST00176,India
502675,P10013,,Apparel,1,2026-06-16,1190.46,CUST00753,United Kingdom
501470,P10023,Hair Dryer,Beauty & Personal Care,5,2026-03-07,1018.4,CUST00416,India
502729,P10022,Sunscreen SPF50,Beauty & Personal Care,1,2025-08-03,514.51,CUST00765,India
502488,P10003,Phone Case,Electronics,3,2025-02-01,1049.71,CUST00706,Singapore
503060,P10031,Notebook Set,Stationery & Office,3,2025-12-27,268.52,CUST00842,united kingdom
502597,P10003,Phone Case,Electronics,2,2026-05-10,1049.71,CUST00732,UNITED STATES
500744,P10004,USB-C Cable,Electronics,5,2026-02-23,3182.97,CUST00210,India
501713,P10003,Phone Case,Electronics,3,2026-01-05,1049.71,CUST00471,India
502298,P10010,Insulated Water Bottle,Home & Kitchen,5,2026-03-11,396.84,CUST00647,United Kingdom
500286,P10029,Badminton Racket,Sports & Outdoors,5,2025-02-09,274.87,CUST00113,UAE
501366,P10033,Desk Organizer,Stationery & Office,2,2025-09-06,67.73,CUST00372,India
502150,P10034,Sticky Notes Pack,Stationery & Office,4,2025-05-23,147.9,CUST00584,India
500319,P10021,Lip Balm Set,Beauty & Personal Care,1,2025-11-17,652.97,CUST00122,Germany
500386,P10033,Desk Organizer,Stationery & Office,1,2025-05-14,67.73,CUST00133,India
500323,P10028,Camping Torch,Sports & Outdoors,3,2025-07-20,2043.99,CUST00124,India
501109,P10016,Wool Sweater,Apparel,5,2026-01-29,1250.39,CUST00311, India 
501623,P10014,Denim Jacket,Apparel,3,2026-03-27,1048.3,CUST00449,India
502966,P10023,Hair Dryer,Beauty & Personal Care,3,2025-07-04,1018.4,CUST00830,India
503026,P10012,Storage Organizer,Home & Kitchen,3,2025-01-29,1268.9,CUST00833, India 
502602,P10034,Sticky Notes Pack,Stationery & Office,5,2025-08-18,147.9,CUST00734,India
501157,P10008,LED Desk Lamp,Home & Kitchen,5,2025-06-29,1311.15,CUST00321,India
500819,P10016,Wool Sweater,Apparel,-3,2026-02-09,1250.39,CUST00219,united kingdom
501847,P10036,Backpack,Stationery & Office,1,2025-12-30,218.62,CUST00514,Germany
500859,P10018,Yoga Pants,Apparel,4,2025-01-30,608.28,CUST00235,India
502032,P10023,Hair Dryer,Beauty & Personal Care,4,2025-04-17,1018.4,CUST00563,india
502653,P10027,Water Bottle Sipper,Sports & Outdoors,5,2025-07-28,2203.72,CUST00753,United Kingdom
502514,P10023,Hair Dryer,Beauty & Personal Care,2,2025-02-01,1018.4,CUST00712,United Kingdom
502838,P10024,Beard Trimmer,Beauty & Personal Care,3,2025-06-06,700.79,CUST00788,India
500030,P10009,Cotton Bedsheet Set,Home & Kitchen,4,2026-04-28,1519.89,CUST00012,SINGAPORE
503096,P10021,Lip Balm Set,Beauty & Personal Care,3,2025-10-05,652.97,CUST00846,India
503077,P10015,Running Shoes,Apparel,4,2025-11-05,980.3,CUST00842,United Kingdom
500118,P10018,Yoga Pants,Apparel,3,2025-06-25,608.28,CUST00047,India
502953,P10019,Face Serum,Beauty & Personal Care,4,2025-11-24,1312.41,CUST00827,India
502898,P10018,Yoga Pants,Apparel,3,2025-08-13,608.28,CUST00805,India
500564,P10010,Insulated Water Bottle,Home & Kitchen,4,2026-05-27,396.84,CUST00173,INDIA
501070,P10026,Resistance Bands Set,Sports & Outdoors,2,2025-08-10,636.23,CUST00298,India
500448,P10028,Camping Torch,Sports & Outdoors,2,2026-01-24,2043.99,CUST00144,India
501639,P10021,Lip Balm Set,Beauty & Personal Care,5,2025-04-22,652.97,CUST00453,india
502886,P10005,,Electronics,-5,2025-08-21,1034.93,CUST00801,United States
502213,P10030,Cycling Gloves,Sports & Outdoors,3,2026-01-18,820.52,CUST00615,Germany
501568,P10028,Camping Torch,Sports & Outdoors,1,2025-08-17,2043.99,CUST00446, UAE 
500954,P10017,Formal Shirt,Apparel,1,2025-04-29,562.91,CUST00266,United States
503036,P10006,Smartwatch Band,Electronics,3,2025-12-09,990.13,CUST00837,uae
501716,P10011,Ceramic Mug Set,Home & Kitchen,2,2025-11-04,1993.94,CUST00472,Singapore
501430,P10034,Sticky Notes Pack,Stationery & Office,2,2026-03-10,147.9,CUST00393,India
502222,P10003,Phone Case,Electronics,2,2025-10-20,1049.71,CUST00621,India
502554,P10002,Bluetooth Speaker,Electronics,4,2025-05-06,2723.88,CUST00731,India
503095,P10003,Phone Case,Electronics,4,2026-05-21,1049.71,CUST00845,India
503058,P10019,Face Serum,Beauty & Personal Care,1,2025-11-10,1312.41,CUST00842,United Kingdom
500513,P10032,Gel Pen Pack,Stationery & Office,2,2025-08-29,687.3,CUST00169,India
500048,P10001,Wireless Earbuds,Electronics,5,2025-11-07,606.94,CUST00021,United Kingdom
500650,P10015,Running Shoes,Apparel,5,2025-07-04,980.3,CUST00194,United Kingdom
502337,P10016,Wool Sweater,Apparel,4,2026-01-10,1250.39,CUST00662,Singapore
501326,P10017,Formal Shirt,Apparel,2,2025-05-13,562.91,CUST00357,india
502813,P10022,Sunscreen SPF50,Beauty & Personal Care,4,2026-06-29,514.51,CUST00782,india
502529,P10027,Water Bottle Sipper,Sports & Outdoors,4,2026-01-20,2203.72,CUST00720,United States
503088,P10020,Herbal Shampoo,Beauty & Personal Care,4,2025-09-25,1426.26,CUST00842,United Kingdom
500713,P10008,LED Desk Lamp,Home & Kitchen,3,2026-01-08,1311.15,CUST00203,India
500793,P10027,Water Bottle Sipper,Sports & Outdoors,4,2026-01-08,2203.72,CUST00219,United Kingdom
500811,P10002,Bluetooth Speaker,Electronics,4,2025-05-16,2723.88,CUST00219,United Kingdom
500746,P10022,Sunscreen SPF50,Beauty & Personal Care,1,2025-03-14,514.51,CUST00212,United Kingdom
502693,P10022,Sunscreen SPF50,Beauty & Personal Care,2,2025-02-20,514.51,CUST00754,India
501606,P10018,Yoga Pants,Apparel,3,2026-05-15,608.28,CUST00448,United States
500304,P10005,Power Bank 10000mAh,Electronics,4,2025-10-19,1034.93,CUST00117,united states
501389,P10016,Wool Sweater,Apparel,3,2025-04-29,1250.39,CUST00386,United States
502278,P10026,Resistance Bands Set,Sports & Outdoors,4,2025-01-11,636.23,CUST00636,India
502856,P10034,Sticky Notes Pack,Stationery & Office,5,2025-04-01,147.9,CUST00796,Germany
501788,P10024,Beard Trimmer,Beauty & Personal Care,-3,2026-04-29,700.79,CUST00496,India
501429,P10028,Camping Torch,Sports & Outdoors,2,2025-05-19,2043.99,CUST00392,India
502123,P10021,Lip Balm Set,Beauty & Personal Care,-5,2026-05-07,652.97,CUST00581,INDIA
500103,P10001,Wireless Earbuds,Electronics,-4,2025-07-02,606.94,CUST00043,India
502035,P10020,Herbal Shampoo,Beauty & Personal Care,3,2025-07-29,1426.26,CUST00563,india
500869,P10001,Wireless Earbuds,Electronics,3,2026-06-14,606.94,CUST00236,United States
500724,P10012,Storage Organizer,Home & Kitchen,5,2026-05-23,1268.9,CUST00203,India
501960,P10013,Cotton T-Shirt,Apparel,5,2026-06-22,1190.46,CUST00542, United Kingdom 
501598,P10023,Hair Dryer,Beauty & Personal Care,1,2026-03-01,1018.4,CUST00448,United States
502179,P10025,Yoga Mat,Sports & Outdoors,5,2025-01-27,270.08,CUST00594,India
501494,P10024,Beard Trimmer,Beauty & Personal Care,-1,2025-07-12,700.79,CUST00422, United States 
501794,P10036,Backpack,Stationery & Office,1,2026-02-15,218.62,CUST00497,United Kingdom
500923,P10024,Beard Trimmer,Beauty & Personal Care,3,2025-12-07,700.79,CUST00257,UAE
502192,P10007,Non-Stick Pan,Home & Kitchen,2,2025-01-31,331.24,CUST00602,India
502299,P10018,Yoga Pants,Apparel,2,2025-02-22,608.28,CUST00647,United Kingdom
501176,P10033,Desk Organizer,Stationery & Office,1,2025-07-28,67.73,CUST00324,INDIA
502725,P10026,Resistance Bands Set,Sports & Outdoors,2,2026-05-02,636.23,CUST00763,India
501885,P10027,Water Bottle Sipper,Sports & Outdoors,4,2025-01-25,2203.72,CUST00530,Germany
500259,P10015,Running Shoes,Apparel,5,2026-06-14,980.3,, India 
502837,P10006,Smartwatch Band,Electronics,2,2025-01-12,990.13,CUST00788,India
502867,P10016,Wool Sweater,Apparel,5,2026-05-10,1250.39,CUST00796,germany
502808,P10032,Gel Pen Pack,Stationery & Office,1,2025-07-04,687.3,CUST00781,united kingdom
500561,P10024,Beard Trimmer,Beauty & Personal Care,4,2025-06-19,700.79,CUST00171,United Kingdom
502477,P10013,Cotton T-Shirt,Apparel,1,2026-06-21,1190.46,CUST00706,Singapore
501353,P10024,Beard Trimmer,Beauty & Personal Care,4,2026-05-24,700.79,CUST00365,UAE
502163,P10016,Wool Sweater,Apparel,2,2026-04-12,1250.39,CUST00587,India
501880,P10035,Whiteboard Marker Set,Stationery & Office,5,2025-11-10,808.92,CUST00529,India
501036,P10005,Power Bank 10000mAh,Electronics,4,2026-03-18,1034.93,CUST00290,United Kingdom
501997,P10001,Wireless Earbuds,Electronics,5,2026-01-17,606.94,CUST00555,Germany
502216,P10036,Backpack,Stationery & Office,1,2026-02-18,218.62,CUST00616,UAE
501929,P10009,Cotton Bedsheet Set,Home & Kitchen,4,2025-03-09,1519.89,,India
500045,P10008,LED Desk Lamp,Home & Kitchen,2,2026-06-08,1311.15,CUST00020,india
500668,P10033,Desk Organizer,Stationery & Office,2,2026-03-14,67.73,, Germany 
502560,P10005,Power Bank 10000mAh,Electronics,3,2025-01-09,1034.93,CUST00731,India
502927,P10021,Lip Balm Set,Beauty & Personal Care,4,2025-01-25,652.97,CUST00815, Germany 
501018,P10019,Face Serum,Beauty & Personal Care,2,2025-06-08,1312.41,CUST00286,India
501338,P10003,Phone Case,Electronics,1,2025-02-24,1049.71,CUST00360,United Kingdom
501350,P10035,Whiteboard Marker Set,Stationery & Office,4,2025-12-09,808.92,CUST00364,India
501367,P10014,Denim Jacket,Apparel,3,2025-06-19,1048.3,CUST00373,India
500458,P10014,Denim Jacket,Apparel,5,2025-09-05,1048.3,CUST00150,India
500627,P10010,Insulated Water Bottle,Home & Kitchen,2,2026-02-17,396.84,CUST00189, India 
502884,P10025,Yoga Mat,Sports & Outdoors,5,2026-02-17,270.08,CUST00801,United States
500584,P10030,Cycling Gloves,Sports & Outdoors,2,2025-11-30,820.52,CUST00176, India 
500223,P10035,Whiteboard Marker Set,Stationery & Office,5,2025-03-04,808.92,CUST00086, India 
502716,P10032,Gel Pen Pack,Stationery & Office,2,2026-05-31,687.3,CUST00760,United States
500873,P10025,Yoga Mat,Sports & Outdoors,1,2025-08-16,270.08,CUST00236,United States
501575,P10031,Notebook Set,Stationery & Office,4,2025-04-29,268.52,CUST00448,United States
502652,P10036,Backpack,Stationery & Office,1,2025-03-26,218.62,CUST00753,United Kingdom
500491,P10003,Phone Case,Electronics,3,2025-05-31,1049.71,CUST00165,India
501787,P10006,Smartwatch Band,Electronics,1,2026-06-09,990.13,CUST00495,India
501164,P10036,Backpack,Stationery & Office,4,2025-09-02,218.62,CUST00324, India 
500546,P10005,Power Bank 10000mAh,Electronics,3,2026-02-13,1034.93,CUST00169,india
500549,P10036,Backpack,Stationery & Office,1,2026-01-24,218.62,CUST00169,INDIA
501561,P10003,Phone Case,Electronics,4,2026-06-21,1049.71,CUST00443,INDIA
501218,P10025,Yoga Mat,Sports & Outdoors,3,2025-07-08,270.08,CUST00332,United States
502619,P10021,Lip Balm Set,Beauty & Personal Care,5,2025-04-19,652.97,CUST00738,UNITED STATES
500091,P10001,Wireless Earbuds,Electronics,-4,2025-04-13,606.94,CUST00037,India
502320,P10002,Bluetooth Speaker,Electronics,2,2025-12-22,2723.88,CUST00659,United Kingdom
501776,P10014,Denim Jacket,Apparel,5,2026-05-23,1048.3,CUST00490,Germany
502825,P10029,Badminton Racket,Sports & Outdoors,3,2025-03-30,274.87,,UAE
501990,P10014,Denim Jacket,Apparel,5,2026-06-14,1048.3,CUST00555,Germany
502048,P10021,Lip Balm Set,Beauty & Personal Care,1,2025-02-04,652.97,CUST00567,India
500871,P10010,Insulated Water Bottle,Home & Kitchen,2,2025-08-04,396.84,CUST00236,United States
502639,P10017,Formal Shirt,Apparel,4,2026-01-19,562.91,CUST00748,INDIA
502393,P10024,Beard Trimmer,Beauty & Personal Care,1,2025-10-28,700.79,CUST00679,Singapore
500050,P10015,,Apparel,1,2025-08-08,980.3,CUST00022,India
502878,P10007,Non-Stick Pan,Home & Kitchen,-1,2025-05-06,331.24,, UAE 
501063,P10007,Non-Stick Pan,Home & Kitchen,2,2026-05-18,331.24,CUST00297,UNITED STATES
503098,P10036,Backpack,Stationery & Office,2,2025-04-06,218.62,CUST00847,India
501975,P10030,Cycling Gloves,Sports & Outdoors,1,2025-05-13,820.52,CUST00547, India 
501631,P10002,Bluetooth Speaker,Electronics,3,2026-02-22,2723.88,CUST00449,India
502440,P10031,Notebook Set,Stationery & Office,3,2025-11-27,268.52,CUST00699,India
500976,P10017,Formal Shirt,Apparel,3,2026-06-03,562.91,CUST00272,UNITED STATES
500183,P10019,Face Serum,Beauty & Personal Care,1,2026-04-24,1312.41,CUST00066,INDIA
502490,P10002,Bluetooth Speaker,Electronics,4,2026-04-22,2723.88,CUST00706,Singapore
500510,P10028,Camping Torch,Sports & Outdoors,2,2026-05-04,2043.99,CUST00168,India
501125,P10003,Phone Case,Electronics,1,2026-03-04,1049.71,CUST00312,India
502056,P10034,Sticky Notes Pack,Stationery & Office,2,2025-06-10,147.9,CUST00570,India
501015,P10032,Gel Pen Pack,Stationery & Office,1,2025-12-19,687.3,CUST00286,India
501357,P10017,Formal Shirt,Apparel,5,2026-04-18,562.91,CUST00366,India
501311,P10014,Denim Jacket,Apparel,4,2025-01-20,1048.3,CUST00353,United Kingdom
501276,P10027,Water Bottle Sipper,Sports & Outdoors,3,2025-02-28,2203.72,CUST00343,India
502692,P10009,Cotton Bedsheet Set,Home & Kitchen,4,2025-08-29,1519.89,CUST00753,UNITED KINGDOM
501998,P10005,Power Bank 10000mAh,Electronics,3,2025-12-26,1034.93,CUST00555,Germany
501991,P10004,USB-C Cable,Electronics,4,2025-07-05,3182.97,CUST00555,Germany
501713,P10023,Hair Dryer,Beauty & Personal Care,4,2026-01-05,1018.4,CUST00471,India
500693,P10020,Herbal Shampoo,Beauty & Personal Care,4,2026-06-19,1426.26,CUST00203,India
501209,P10005,Power Bank 10000mAh,Electronics,2,2026-04-23,1034.93,CUST00328,United Kingdom
501287,P10013,Cotton T-Shirt,Apparel,3,2026-02-19,1190.46,CUST00346, United Kingdom 
503066,P10014,Denim Jacket,Apparel,1,2025-06-21,1048.3,CUST00842,united kingdom
502410,P10010,Insulated Water Bottle,Home & Kitchen,1,2025-05-01,396.84,CUST00688,India
502709,P10006,Smartwatch Band,Electronics,4,2025-03-04,990.13,CUST00757,United Kingdom
500103,P10009,Cotton Bedsheet Set,Home & Kitchen,5,2025-07-02,1519.89,CUST00043,India
502350,P10029,Badminton Racket,Sports & Outdoors,4,2026-04-11,274.87,CUST00665,India
501268,P10029,Badminton Racket,Sports & Outdoors,4,2025-08-31,274.87,CUST00343,India
502176,P10026,Resistance Bands Set,Sports & Outdoors,5,2025-07-25,636.23,CUST00593,India
500284,P10006,Smartwatch Band,Electronics,5,2025-06-23,990.13,CUST00113, UAE 
503050,P10020,Herbal Shampoo,Beauty & Personal Care,4,2025-05-10,1426.26,CUST00842,United Kingdom
501384,P10009,Cotton Bedsheet Set,Home & Kitchen,3,2025-01-11,1519.89,CUST00384,Germany
501008,P10019,Face Serum,Beauty & Personal Care,4,2025-12-22,1312.41,CUST00285,United Kingdom
500454,P10015,Running Shoes,Apparel,4,2025-10-16,980.3,CUST00148,India
502647,P10016,Wool Sweater,Apparel,4,2025-05-16,1250.39,CUST00749,UAE
501047,P10021,Lip Balm Set,Beauty & Personal Care,3,2025-04-06,652.97,CUST00294,India
500629,P10030,Cycling Gloves,Sports & Outdoors,1,2025-09-16,820.52,CUST00189,INDIA
502818,P10002,Bluetooth Speaker,Electronics,5,2026-01-27,2723.88,CUST00783,India
500355,P10011,Ceramic Mug Set,Home & Kitchen,5,2026-03-14,1993.94,CUST00126,India
502051,P10029,Badminton Racket,Sports & Outdoors,3,2026-06-20,274.87,CUST00569,UAE
502228,P10008,LED Desk Lamp,Home & Kitchen,2,2026-02-01,1311.15,CUST00624,India
500914,P10030,Cycling Gloves,Sports & Outdoors,1,2026-05-19,820.52,,Germany
500284,P10019,Face Serum,Beauty & Personal Care,5,2025-06-23,1312.41,CUST00113,UAE
500867,P10031,Notebook Set,Stationery & Office,2,2025-08-28,268.52,CUST00236,United States
501380,P10013,Cotton T-Shirt,Apparel,1,2026-01-02,1190.46,CUST00382,United Kingdom
502822,P10031,Notebook Set,Stationery & Office,1,2025-05-01,268.52,CUST00784,India
501157,P10018,Yoga Pants,Apparel,4,2025-06-29,608.28,CUST00321,India
502967,P10035,Whiteboard Marker Set,Stationery & Office,1,2025-08-10,808.92,CUST00830,india
500571,P10030,Cycling Gloves,Sports & Outdoors,1,2025-11-07,820.52,CUST00175,united kingdom
501478,P10014,Denim Jacket,Apparel,3,2025-11-23,1048.3,CUST00417,India
502388,P10014,Denim Jacket,Apparel,2,2026-03-27,1048.3,CUST00677,INDIA
500496,P10036,Backpack,Stationery & Office,3,2025-04-16,218.62,CUST00165,INDIA
500580,P10036,Backpack,Stationery & Office,2,2025-06-27,218.62,CUST00176,India
501050,P10003,Phone Case,Electronics,3,2025-02-06,1049.71,CUST00295,India
503018,P10019,Face Serum,Beauty & Personal Care,3,2026-01-26,1312.41,CUST00833,India
500440,P10028,Camping Torch,Sports & Outdoors,2,2026-02-20,2043.99,CUST00142,India
500044,P10015,Running Shoes,Apparel,1,2026-01-27,980.3,CUST00020,INDIA
501669,P10021,Lip Balm Set,Beauty & Personal Care,4,2025-08-20,652.97,CUST00463,UNITED STATES
501224,P10021,Lip Balm Set,Beauty & Personal Care,3,2025-03-29,652.97,CUST00335,India
501820,P10002,Bluetooth Speaker,Electronics,4,2026-02-12,2723.88,CUST00503,India
500083,P10013,Cotton T-Shirt,Apparel,4,2025-11-05,1190.46,CUST00035,Singapore
501931,P10029,Badminton Racket,Sports & Outdoors,3,2025-12-17,274.87,CUST00539,India
502233,P10017,Formal Shirt,Apparel,3,2026-04-04,562.91,CUST00625,United Kingdom
501005,P10017,Formal Shirt,Apparel,3,2025-09-08,562.91,CUST00283,India
500817,P10012,Storage Organizer,Home & Kitchen,2,2025-11-26,0.0,CUST00219,United Kingdom
502572,P10024,Beard Trimmer,Beauty & Personal Care,5,2025-11-15,700.79,CUST00731, India 
502964,P10010,Insulated Water Bottle,Home & Kitchen,-3,2025-06-30,396.84,CUST00830,India
501907,P10032,Gel Pen Pack,Stationery & Office,3,2025-04-09,687.3,CUST00538,India
501264,P10027,Water Bottle Sipper,Sports & Outdoors,4,2026-01-30,2203.72,CUST00343,India
501187,P10036,Backpack,Stationery & Office,2,2025-11-27,218.62,CUST00324,India
500288,P10036,Backpack,Stationery & Office,2,2026-05-04,218.62,CUST00113,UAE
501125,P10011,Ceramic Mug Set,Home & Kitchen,3,2026-03-04,1993.94,CUST00312, India 
502782,P10032,Gel Pen Pack,Stationery & Office,2,2025-12-30,687.3,CUST00779,UNITED STATES
500819,P10015,Running Shoes,Apparel,4,2026-02-09,980.3,CUST00219,United Kingdom
500680,P10027,Water Bottle Sipper,Sports & Outdoors,5,2025-11-26,2203.72,CUST00199, Germany 
501882,P10015,Running Shoes,Apparel,5,2026-03-15,980.3,CUST00530,Germany
501906,P10026,Resistance Bands Set,Sports & Outdoors,-4,2025-07-08,636.23,CUST00537,Germany
500518,P10009,Cotton Bedsheet Set,Home & Kitchen,3,2025-07-06,1519.89,CUST00169, India 
500063,P10006,Smartwatch Band,Electronics,1,2025-03-01,990.13,CUST00032,India
500964,P10027,,Sports & Outdoors,3,2025-12-14,2203.72,CUST00268,united states
502637,P10006,Smartwatch Band,Electronics,5,2026-05-24,990.13,CUST00748,India
500849,P10013,Cotton T-Shirt,Apparel,3,2025-12-30,1190.46,CUST00230,United Kingdom
501779,P10017,Formal Shirt,Apparel,3,2025-02-16,562.91,CUST00490,Germany
501406,P10033,Desk Organizer,Stationery & Office,3,2026-04-02,67.73,CUST00392,India
500862,P10036,Backpack,Stationery & Office,2,2025-12-16,218.62,CUST00235, India 
502103,P10035,Whiteboard Marker Set,Stationery & Office,4,2025-05-13,808.92,CUST00579,INDIA
501459,P10019,Face Serum,Beauty & Personal Care,5,2025-04-11,1312.41,CUST00410,India
503038,P10008,LED Desk Lamp,Home & Kitchen,2,2025-01-10,1311.15,CUST00839,United Kingdom
501071,P10035,Whiteboard Marker Set,Stationery & Office,2,2025-03-08,808.92,CUST00298,India
502678,P10023,Hair Dryer,Beauty & Personal Care,3,2025-09-15,1018.4,CUST00753,United Kingdom
500238,P10024,Beard Trimmer,Beauty & Personal Care,4,2025-07-22,700.79,CUST00093,United States
501001,P10025,Yoga Mat,Sports & Outdoors,2,2025-12-03,270.08,CUST00281,Germany
501541,P10028,Camping Torch,Sports & Outdoors,3,2025-10-24,2043.99,CUST00439,United States
501364,P10025,,Sports & Outdoors,2,2026-03-31,270.08,CUST00371,India
500020,P10015,Running Shoes,Apparel,1,2025-03-10,980.3,CUST00009,UNITED KINGDOM
502466,P10035,Whiteboard Marker Set,Stationery & Office,2,2025-11-28,808.92,CUST00705,india
502663,P10014,Denim Jacket,Apparel,1,2026-03-31,1048.3,CUST00753,United Kingdom
500006,P10033,Desk Organizer,Stationery & Office,2,2025-09-08,67.73,CUST00005,India
502722,P10026,Resistance Bands Set,Sports & Outdoors,3,2025-09-29,636.23,CUST00763,India
501773,P10006,Smartwatch Band,Electronics,1,2025-03-23,990.13,CUST00488,India
501171,P10013,Cotton T-Shirt,Apparel,4,2029-01-01,1190.46,CUST00324,India
503034,P10030,Cycling Gloves,Sports & Outdoors,4,2026-02-02,820.52,CUST00835,india
500563,P10005,Power Bank 10000mAh,Electronics,2,2025-04-18,1034.93,CUST00173,India
501953,P10020,Herbal Shampoo,Beauty & Personal Care,1,2025-08-17,1426.26,CUST00542,United Kingdom
503057,P10012,Storage Organizer,Home & Kitchen,3,2025-11-21,1268.9,CUST00842,United Kingdom
502241,P10007,Non-Stick Pan,Home & Kitchen,3,2026-03-22,331.24,CUST00627,India
502021,P10004,USB-C Cable,Electronics,1,2026-01-15,3182.97,CUST00562,India
502521,P10007,Non-Stick Pan,Home & Kitchen,3,2025-07-23,331.24,CUST00714,India
502905,P10007,Non-Stick Pan,Home & Kitchen,3,2025-12-22,331.24,CUST00811,Singapore
500486,P10027,Water Bottle Sipper,Sports & Outdoors,1,2025-06-24,2203.72,CUST00163,United Kingdom
501944,P10025,Yoga Mat,Sports & Outdoors,1,2025-07-17,270.08,CUST00540,India
501613,P10003,Phone Case,Electronics,3,2026-04-29,1049.71,CUST00448,United States
501689,P10001,Wireless Earbuds,Electronics,5,2025-03-22,606.94,,Singapore
501971,P10027,Water Bottle Sipper,Sports & Outdoors,3,2025-08-26,2203.72,CUST00544,United Kingdom
501581,P10007,Non-Stick Pan,Home & Kitchen,1,2025-01-12,331.24,CUST00448,United States
501300,P10035,Whiteboard Marker Set,Stationery & Office,5,2026-01-22,808.92,CUST00353,united kingdom
502108,P10012,Storage Organizer,Home & Kitchen,5,2025-02-11,1268.9,CUST00579,India
501670,P10032,Gel Pen Pack,Stationery & Office,5,2025-01-18,687.3,CUST00463,united states
501525,P10031,Notebook Set,Stationery & Office,1,2025-07-11,268.52,CUST00434,India
502751,P10034,Sticky Notes Pack,Stationery & Office,2,2025-06-24,147.9,CUST00776,INDIA
500359,P10009,Cotton Bedsheet Set,Home & Kitchen,1,2025-04-04,1519.89,CUST00127,United States
501868,P10003,Phone Case,Electronics,3,2025-06-22,1049.71,CUST00523,Singapore
500136,P10004,USB-C Cable,Electronics,2,2025-08-28,3182.97,CUST00048,India
502900,P10016,Wool Sweater,Apparel,1,2025-05-04,1250.39,CUST00806,United States
502299,P10025,Yoga Mat,Sports & Outdoors,2,2025-02-22,270.08,CUST00647,united kingdom
500934,P10024,Beard Trimmer,Beauty & Personal Care,2,2026-05-22,700.79,CUST00261,united kingdom
501027,P10033,Desk Organizer,Stationery & Office,4,2025-01-20,67.73,CUST00286,India
500030,P10021,Lip Balm Set,Beauty & Personal Care,2,2026-04-28,652.97,CUST00012,SINGAPORE
500770,P10035,Whiteboard Marker Set,Stationery & Office,4,2025-10-14,808.92,CUST00217,INDIA
501678,P10026,Resistance Bands Set,Sports & Outdoors,4,2026-06-25,636.23,CUST00463,United States
501923,P10017,Formal Shirt,Apparel,1,2025-04-03,562.91,CUST00539, India 
501325,P10010,Insulated Water Bottle,Home & Kitchen,5,2025-05-21,396.84,CUST00356,united kingdom
503098,P10005,Power Bank 10000mAh,Electronics,5,2025-04-06,1034.93,CUST00847,india
502985,P10013,Cotton T-Shirt,Apparel,1,2025-06-13,1190.46,CUST00830,India
500224,P10035,Whiteboard Marker Set,Stationery & Office,2,2025-04-29,808.92,CUST00086,India
500959,P10032,Gel Pen Pack,Stationery & Office,4,2025-05-31,687.3,CUST00267, United Kingdom 
502141,P10029,Badminton Racket,Sports & Outdoors,4,2025-06-06,274.87,CUST00581,India
502346,P10018,Yoga Pants,Apparel,3,2025-12-11,608.28,CUST00665,India
500155,P10004,USB-C Cable,Electronics,3,2026-01-25,3182.97,CUST00057,India
500450,P10035,Whiteboard Marker Set,Stationery & Office,4,2026-03-07,808.92,CUST00145,india
500742,P10025,Yoga Mat,Sports & Outdoors,1,2025-06-11,270.08,CUST00208,United Kingdom
500587,P10032,Gel Pen Pack,Stationery & Office,5,2025-06-14,687.3,CUST00176,india
502471,P10027,Water Bottle Sipper,Sports & Outdoors,4,2026-01-24,2203.72,CUST00706,Singapore
502623,P10010,Insulated Water Bottle,Home & Kitchen,4,2025-07-08,396.84,CUST00740,India
502333,P10030,Cycling Gloves,Sports & Outdoors,1,2026-04-14,820.52,CUST00661,India
501403,P10022,Sunscreen SPF50,Beauty & Personal Care,2,2025-01-06,514.51,CUST00392,India
501662,P10029,Badminton Racket,Sports & Outdoors,4,2025-07-29,274.87,CUST00463, United States 
501352,P10016,Wool Sweater,Apparel,1,2026-02-27,1250.39,CUST00365,UAE
501961,P10020,Herbal Shampoo,Beauty & Personal Care,3,2025-04-19,1426.26,CUST00542,UNITED KINGDOM
502704,P10018,Yoga Pants,Apparel,5,2025-11-20,608.28,CUST00756, United States 
502517,P10035,Whiteboard Marker Set,Stationery & Office,3,2025-03-24,808.92,CUST00714,India
502250,P10026,Resistance Bands Set,Sports & Outdoors,2,2026-04-16,636.23,CUST00629,India
501821,P10022,Sunscreen SPF50,Beauty & Personal Care,1,2025-04-07,514.51,CUST00503,India
503056,P10012,Storage Organizer,Home & Kitchen,5,2025-03-30,1268.9,CUST00842, United Kingdom 
501940,P10022,Sunscreen SPF50,Beauty & Personal Care,1,2026-03-25,514.51,CUST00540,india
502157,P10026,Resistance Bands Set,Sports & Outdoors,5,2026-01-17,636.23,CUST00586,INDIA
502027,P10012,Storage Organizer,Home & Kitchen,3,2025-10-01,1268.9,CUST00563,INDIA
500739,P10023,Hair Dryer,Beauty & Personal Care,1,2026-05-06,1018.4,CUST00207,INDIA
501991,P10015,Running Shoes,Apparel,4,2025-07-05,980.3,,Germany
501306,P10025,Yoga Mat,Sports & Outdoors,1,2025-05-23,270.08,,United Kingdom
500818,P10017,Formal Shirt,Apparel,4,2025-08-29,562.91,CUST00219,United Kingdom
500908,P10004,USB-C Cable,Electronics,4,2026-01-17,3182.97,CUST00251,India
501852,P10025,Yoga Mat,Sports & Outdoors,5,2026-02-12,270.08,CUST00518, United States 
502294,P10025,Yoga Mat,Sports & Outdoors,2,2025-07-16,270.08,CUST00645, India 
500898,P10003,Phone Case,Electronics,2,2026-02-10,1049.71,CUST00246,UAE
501477,P10036,Backpack,Stationery & Office,2,2025-12-24,218.62,CUST00416,india
501362,P10028,Camping Torch,Sports & Outdoors,4,2025-01-10,2043.99,CUST00369,India
500189,P10022,Sunscreen SPF50,Beauty & Personal Care,3,2025-09-27,514.51,CUST00068,United States
500620,P10011,Ceramic Mug Set,Home & Kitchen,4,2025-12-29,1993.94,CUST00189,India
502224,P10032,Gel Pen Pack,Stationery & Office,3,2025-05-18,687.3,CUST00622,India
500625,P10007,Non-Stick Pan,Home & Kitchen,3,2025-06-21,331.24,CUST00189,India
502506,P10012,Storage Organizer,Home & Kitchen,5,2025-12-07,1268.9,CUST00707,India
502272,P10010,Insulated Water Bottle,Home & Kitchen,4,2026-06-29,396.84,CUST00636,India
501015,P10019,Face Serum,Beauty & Personal Care,3,2025-12-19,1312.41,CUST00286,India
501579,P10024,Beard Trimmer,Beauty & Personal Care,5,2026-06-16,700.79,CUST00448,United States
500582,P10007,Non-Stick Pan,Home & Kitchen,2,2026-02-05,331.24,CUST00176,India
500090,P10032,Gel Pen Pack,Stationery & Office,1,2025-11-21,0.0,CUST00037,India
503040,P10033,Desk Organizer,Stationery & Office,1,2025-03-02,67.73,CUST00839,United Kingdom
500531,P10012,Storage Organizer,Home & Kitchen,4,2025-09-15,1268.9,CUST00169,INDIA
502264,P10020,Herbal Shampoo,Beauty & Personal Care,1,2026-06-08,1426.26,CUST00634,India
500404,P10009,Cotton Bedsheet Set,Home & Kitchen,5,2025-05-16,1519.89,CUST00137,india
501373,P10033,Desk Organizer,Stationery & Office,2,2025-07-17,67.73,CUST00376,India
502436,P10021,Lip Balm Set,Beauty & Personal Care,2,2025-11-26,652.97,CUST00699,india
501619,P10022,Sunscreen SPF50,Beauty & Personal Care,3,2025-10-13,514.51,CUST00449,India
501931,P10015,Running Shoes,Apparel,-4,2025-12-17,980.3,CUST00539,India
502500,P10030,Cycling Gloves,Sports & Outdoors,5,2026-06-21,820.52,CUST00706,Singapore
501780,P10009,Cotton Bedsheet Set,Home & Kitchen,4,2026-05-10,1519.89,CUST00490,germany
502035,P10025,Yoga Mat,Sports & Outdoors,3,2025-07-29,270.08,CUST00563,India
501142,P10008,LED Desk Lamp,Home & Kitchen,4,2026-01-28,1311.15,CUST00313,India
501083,P10002,Bluetooth Speaker,Electronics,5,2025-08-13,0.0,CUST00300,India
502870,P10017,Formal Shirt,Apparel,4,2025-01-17,562.91,CUST00796,Germany
500477,P10001,Wireless Earbuds,Electronics,2,2025-08-18,606.94,CUST00159,India
500365,P10001,Wireless Earbuds,Electronics,1,2025-09-30,606.94,CUST00127,United States
502743,P10031,Notebook Set,Stationery & Office,3,2025-07-29,268.52,CUST00770,Germany
501171,P10002,Bluetooth Speaker,Electronics,2,2025-08-06,2723.88,CUST00324,India
501254,P10034,Sticky Notes Pack,Stationery & Office,4,2025-09-20,147.9,CUST00343,India
501924,P10007,Non-Stick Pan,Home & Kitchen,4,2025-08-24,331.24,CUST00539,India
500141,P10014,Denim Jacket,Apparel,2,2025-06-19,1048.3,CUST00052,United States
502827,P10012,Storage Organizer,Home & Kitchen,2,2025-08-09,1268.9,CUST00786,UAE
500129,P10026,Resistance Bands Set,Sports & Outdoors,1,2026-04-11,636.23,CUST00047,India
502937,P10005,Power Bank 10000mAh,Electronics,3,2025-09-06,1034.93,CUST00815,Germany
500906,P10002,Bluetooth Speaker,Electronics,3,2025-11-14,2723.88,CUST00251,India
501244,P10021,Lip Balm Set,Beauty & Personal Care,4,2025-06-12,652.97,CUST00338,United States
502549,P10019,Face Serum,Beauty & Personal Care,2,2026-04-29,1312.41,CUST00729,india
502755,P10009,Cotton Bedsheet Set,Home & Kitchen,4,2025-03-14,1519.89,CUST00777,India
501791,P10027,Water Bottle Sipper,Sports & Outdoors,-1,2025-01-18,2203.72,CUST00497,United Kingdom
501686,P10032,,Stationery & Office,1,2025-04-18,687.3,CUST00463,United States
500035,P10035,Whiteboard Marker Set,Stationery & Office,3,2025-11-19,808.92,CUST00017,India
500861,P10021,Lip Balm Set,Beauty & Personal Care,3,2025-06-23,652.97,CUST00235,India
502391,P10024,Beard Trimmer,Beauty & Personal Care,4,2025-05-04,700.79,CUST00679,Singapore
502620,P10035,Whiteboard Marker Set,Stationery & Office,5,2025-09-22,808.92,CUST00738,United States
502451,P10033,Desk Organizer,Stationery & Office,1,2025-01-25,67.73,CUST00699,India
501095,P10019,Face Serum,Beauty & Personal Care,3,2025-03-12,1312.41,CUST00306,Singapore
500050,P10023,Hair Dryer,Beauty & Personal Care,3,2025-08-08,1018.4,CUST00022,India
500003,P10025,Yoga Mat,Sports & Outdoors,4,2026-06-25,270.08,CUST00002,UAE
503022,P10022,,Beauty & Personal Care,5,2025-02-14,514.51,CUST00833,India
501108,P10006,Smartwatch Band,Electronics,5,2026-01-06,990.13,CUST00311, India 
500198,P10036,Backpack,Stationery & Office,2,2025-01-12,218.62,CUST00073,India
502983,P10018,Yoga Pants,Apparel,4,2025-08-22,608.28,CUST00830,India
502755,P10032,Gel Pen Pack,Stationery & Office,2,2025-03-14,687.3,CUST00777,India
500625,P10009,Cotton Bedsheet Set,Home & Kitchen,5,2025-06-21,1519.89,CUST00189,India
500794,P10034,Sticky Notes Pack,Stationery & Office,5,2025-03-13,147.9,CUST00219,United Kingdom
500105,P10025,Yoga Mat,Sports & Outdoors,5,2026-01-26,270.08,CUST00045,india
503053,P10014,Denim Jacket,Apparel,1,2026-02-05,1048.3,CUST00842,United Kingdom
502697,P10031,Notebook Set,Stationery & Office,5,2025-03-22,268.52,CUST00754,India
500865,P10021,Lip Balm Set,Beauty & Personal Care,5,2025-05-30,652.97,CUST00236, United States 
501928,P10031,Notebook Set,Stationery & Office,4,2025-09-11,268.52,CUST00539,India
502758,P10022,Sunscreen SPF50,Beauty & Personal Care,5,2025-07-05,514.51,CUST00777,India
502123,P10032,Gel Pen Pack,Stationery & Office,2,2026-05-07,687.3,CUST00581, India 
503044,P10007,Non-Stick Pan,Home & Kitchen,5,2026-05-31,331.24,CUST00842,United Kingdom
500995,P10020,Herbal Shampoo,Beauty & Personal Care,5,2025-09-14,1426.26,CUST00280, United States 
501908,P10017,Formal Shirt,Apparel,5,2025-06-21,562.91,CUST00539,INDIA
501526,P10011,Ceramic Mug Set,Home & Kitchen,4,2026-06-18,1993.94,CUST00435,India
502654,P10032,Gel Pen Pack,Stationery & Office,2,2026-02-24,687.3,CUST00753,United Kingdom
500459,P10019,Face Serum,Beauty & Personal Care,4,2025-09-21,1312.41,CUST00151,UAE
502182,P10024,Beard Trimmer,Beauty & Personal Care,2,2025-11-03,700.79,CUST00595, Germany 
500378,P10033,Desk Organizer,Stationery & Office,1,2025-07-25,67.73,CUST00130,India
500274,P10032,Gel Pen Pack,Stationery & Office,5,2026-01-18,687.3,CUST00111,india
502958,P10006,Smartwatch Band,Electronics,2,2025-07-19,990.13,CUST00829,United States
501575,P10010,Insulated Water Bottle,Home & Kitchen,3,2025-04-29,396.84,CUST00448,United States
500904,P10022,Sunscreen SPF50,Beauty & Personal Care,3,2026-02-14,514.51,CUST00249,Singapore
500701,P10018,Yoga Pants,Apparel,3,2025-03-01,608.28,CUST00203,India
500270,P10027,Water Bottle Sipper,Sports & Outdoors,3,2026-03-06,2203.72,CUST00108,UNITED STATES
501949,P10017,Formal Shirt,Apparel,-3,2026-01-02,562.91,CUST00540,India
502767,P10032,Gel Pen Pack,Stationery & Office,4,2025-10-01,687.3,CUST00779,United States
502258,P10030,Cycling Gloves,Sports & Outdoors,3,2025-04-22,820.52,CUST00632, Germany 
501429,P10015,Running Shoes,Apparel,5,2025-05-19,980.3,CUST00392,India
501232,P10034,Sticky Notes Pack,Stationery & Office,1,2026-01-29,147.9,CUST00335,INDIA
502008,P10005,Power Bank 10000mAh,Electronics,1,2026-02-19,1034.93,CUST00557,India
502059,P10013,Cotton T-Shirt,Apparel,1,2026-05-23,1190.46,CUST00570,India
502622,P10012,Storage Organizer,Home & Kitchen,2,2025-04-20,1268.9,CUST00740,INDIA
500377,P10035,Whiteboard Marker Set,Stationery & Office,1,2025-12-22,808.92,CUST00130,India
500384,P10019,Face Serum,Beauty & Personal Care,4,2025-12-16,1312.41,CUST00133,India
500429,P10020,Herbal Shampoo,Beauty & Personal Care,2,2025-10-05,1426.26,CUST00139,india
502723,P10005,Power Bank 10000mAh,Electronics,2,2026-02-09,1034.93,,India
501607,P10031,Notebook Set,Stationery & Office,1,2025-09-10,268.52,CUST00448,United States
500991,P10023,Hair Dryer,Beauty & Personal Care,5,2026-02-22,1018.4,CUST00278,United Kingdom
501166,P10013,Cotton T-Shirt,Apparel,5,2025-04-13,1190.46,CUST00324,India
502397,P10027,Water Bottle Sipper,Sports & Outdoors,4,2026-03-15,2203.72,CUST00682,INDIA
500199,P10030,Cycling Gloves,Sports & Outdoors,4,2025-11-04,820.52,CUST00074,United States
501614,P10011,Ceramic Mug Set,Home & Kitchen,1,2025-03-03,1993.94,CUST00448,United States
500796,P10006,Smartwatch Band,Electronics,2,2025-12-18,990.13,CUST00219,United Kingdom
500529,P10028,Camping Torch,Sports & Outdoors,4,2025-12-12,2043.99,CUST00169,India
501714,P10034,Sticky Notes Pack,Stationery & Office,1,2025-03-24,147.9,CUST00471,india
500454,P10027,,Sports & Outdoors,4,2025-10-16,2203.72,CUST00148,India
500150,P10033,Desk Organizer,Stationery & Office,3,2026-03-08,67.73,CUST00054,GERMANY
501650,P10025,Yoga Mat,Sports & Outdoors,1,2025-08-10,270.08,,India
502891,P10007,Non-Stick Pan,Home & Kitchen,2,2026-05-06,331.24,CUST00802,INDIA
500152,P10014,Denim Jacket,Apparel,5,2025-03-27,1048.3,CUST00055,United Kingdom
502143,P10017,Formal Shirt,Apparel,3,2026-04-13,562.91,CUST00583,India
500959,P10034,Sticky Notes Pack,Stationery & Office,1,2025-05-31,147.9,CUST00267,UNITED KINGDOM
502190,P10027,Water Bottle Sipper,Sports & Outdoors,2,2025-10-08,2203.72,CUST00601,india
501316,P10016,Wool Sweater,Apparel,3,2026-05-08,1250.39,CUST00355, India 
501997,P10006,Smartwatch Band,Electronics,2,2026-01-17,990.13,CUST00555,germany
500840,P10012,Storage Organizer,Home & Kitchen,2,2025-03-30,1268.9,CUST00225, India 
501898,P10034,Sticky Notes Pack,Stationery & Office,3,2025-05-02,147.9,CUST00534,United Kingdom
501528,P10017,Formal Shirt,Apparel,3,2026-03-23,562.91,CUST00437,India
502964,P10033,Desk Organizer,Stationery & Office,2,2025-06-30,67.73,CUST00830,India
500944,P10014,Denim Jacket,Apparel,5,2025-05-09,1048.3,CUST00263,India
501578,P10007,Non-Stick Pan,Home & Kitchen,2,2025-01-13,331.24,CUST00448,United States
501824,P10009,Cotton Bedsheet Set,Home & Kitchen,5,2026-03-09,1519.89,CUST00503,india
502786,P10005,Power Bank 10000mAh,Electronics,5,2025-04-13,1034.93,CUST00779,United States
502969,P10031,Notebook Set,Stationery & Office,1,2026-01-04,268.52,CUST00830,India
500346,P10019,Face Serum,Beauty & Personal Care,-1,2025-11-28,1312.41,CUST00126, India 
503044,P10032,Gel Pen Pack,Stationery & Office,2,2026-05-31,687.3,CUST00842,United Kingdom
501115,P10032,Gel Pen Pack,Stationery & Office,2,2026-02-08,687.3,CUST00311,India
501034,P10007,Non-Stick Pan,Home & Kitchen,5,2025-02-25,331.24,CUST00289,India
500754,P10015,Running Shoes,Apparel,3,2026-05-10,980.3,CUST00216,INDIA
501633,P10013,Cotton T-Shirt,Apparel,4,2026-01-04,1190.46,CUST00450,India
502039,P10016,Wool Sweater,Apparel,5,2026-03-06,1250.39,CUST00565,india
501834,P10031,Notebook Set,Stationery & Office,1,2025-02-22,268.52,CUST00508,GERMANY
500743,P10024,Beard Trimmer,Beauty & Personal Care,3,2025-11-09,700.79,CUST00209,india
501929,P10009,Cotton Bedsheet Set,Home & Kitchen,1,2025-03-09,1519.89,CUST00539,India
500528,P10016,Wool Sweater,Apparel,3,2026-02-08,1250.39,CUST00169,India
502608,P10014,Denim Jacket,Apparel,1,2026-06-18,1048.3,CUST00738,United States
500963,P10018,Yoga Pants,Apparel,1,2025-09-02,608.28,CUST00268,united states
502578,P10009,Cotton Bedsheet Set,Home & Kitchen,1,2025-07-19,1519.89,CUST00731,India
500743,P10007,Non-Stick Pan,Home & Kitchen,2,2025-11-09,331.24,CUST00209,India
501332,P10024,Beard Trimmer,Beauty & Personal Care,5,2025-02-28,700.79,CUST00358,United Kingdom
500528,P10013,Cotton T-Shirt,Apparel,5,2026-02-08,1190.46,CUST00169,India
502225,P10002,Bluetooth Speaker,Electronics,3,2025-04-13,2723.88,CUST00623,INDIA
502009,P10021,Lip Balm Set,Beauty & Personal Care,1,2026-05-06,652.97,CUST00558,India
502127,P10034,Sticky Notes Pack,Stationery & Office,-2,2025-01-30,147.9,CUST00581,INDIA
501165,P10026,Resistance Bands Set,Sports & Outdoors,-1,2025-08-22,636.23,CUST00324,India
502362,P10030,Cycling Gloves,Sports & Outdoors,4,2026-04-07,820.52,CUST00668,india
502633,P10028,Camping Torch,Sports & Outdoors,3,2025-10-20,2043.99,CUST00746,Germany
500634,P10007,Non-Stick Pan,Home & Kitchen,1,2026-02-04,331.24,CUST00189,india
501919,P10004,USB-C Cable,Electronics,5,2026-06-05,3182.97,,India
501301,P10033,Desk Organizer,Stationery & Office,3,2026-02-10,67.73,CUST00353,united kingdom
500455,P10029,Badminton Racket,Sports & Outdoors,3,2025-06-03,274.87,CUST00149,India
500133,P10019,Face Serum,Beauty & Personal Care,4,2025-05-27,1312.41,CUST00047,India
500487,P10031,Notebook Set,Stationery & Office,1,2025-05-03,268.52,CUST00163,UNITED KINGDOM
500741,P10024,Beard Trimmer,Beauty & Personal Care,5,2025-05-07,700.79,CUST00208,UNITED KINGDOM
503080,P10004,USB-C Cable,Electronics,5,2025-06-11,3182.97,CUST00842,United Kingdom
502697,P10002,Bluetooth Speaker,Electronics,1,2025-03-22,2723.88,CUST00754,India
502812,P10019,Face Serum,Beauty & Personal Care,4,2025-10-24,1312.41,CUST00782,India
500681,P10006,Smartwatch Band,Electronics,3,2026-03-26,990.13,CUST00199,Germany
500348,P10021,Lip Balm Set,Beauty & Personal Care,5,2025-07-25,652.97,CUST00126,India
501692,P10010,Insulated Water Bottle,Home & Kitchen,4,2026-03-03,396.84,CUST00465,Singapore
502258,P10032,Gel Pen Pack,Stationery & Office,1,2025-04-22,687.3,CUST00632, Germany 
503055,P10022,Sunscreen SPF50,Beauty & Personal Care,2,2025-03-15,514.51,,United Kingdom
502232,P10003,Phone Case,Electronics,4,2025-01-30,1049.71,,United Kingdom
501599,P10028,Camping Torch,Sports & Outdoors,2,2026-03-24,2043.99,CUST00448,United States
501845,P10001,Wireless Earbuds,Electronics,2,2025-05-06,606.94,CUST00513,UAE
502082,P10007,Non-Stick Pan,Home & Kitchen,1,2025-08-21,331.24,CUST00579,india
501904,P10026,Resistance Bands Set,Sports & Outdoors,4,2025-05-05,636.23,CUST00536,UAE
502142,P10035,Whiteboard Marker Set,Stationery & Office,2,2025-05-03,808.92,CUST00582,singapore
502012,P10002,Bluetooth Speaker,Electronics,5,2026-02-04,2723.88,CUST00559,United States
501882,P10025,Yoga Mat,Sports & Outdoors,5,2026-03-15,270.08,CUST00530,Germany
502760,P10024,Beard Trimmer,Beauty & Personal Care,5,2025-10-02,700.79,CUST00777,India
500182,P10032,Gel Pen Pack,Stationery & Office,1,2026-03-22,687.3,CUST00066,India
501353,P10021,Lip Balm Set,Beauty & Personal Care,3,2026-05-24,652.97,CUST00365,UAE
500385,P10003,Phone Case,Electronics,1,2026-02-09,1049.71,CUST00133,INDIA
500085,P10030,Cycling Gloves,Sports & Outdoors,4,2025-04-22,820.52,CUST00036,United States
502347,P10027,Water Bottle Sipper,Sports & Outdoors,3,2025-01-09,2203.72,CUST00665,India
502491,P10026,Resistance Bands Set,Sports & Outdoors,4,2025-12-08,636.23,CUST00706,Singapore
500585,P10028,Camping Torch,Sports & Outdoors,4,2025-01-14,2043.99,CUST00176,india
503037,P10011,Ceramic Mug Set,Home & Kitchen,5,2025-01-15,1993.94,CUST00838,India
501871,P10021,Lip Balm Set,Beauty & Personal Care,2,2025-02-20,652.97,CUST00524,Germany
501651,P10014,Denim Jacket,Apparel,2,2025-07-03,1048.3,CUST00458,India
503025,P10033,Desk Organizer,Stationery & Office,2,2026-01-01,67.73,CUST00833,india
501994,P10020,Herbal Shampoo,Beauty & Personal Care,2,2025-05-10,1426.26,CUST00555,GERMANY
501725,P10003,Phone Case,Electronics,4,2026-06-02,1049.71,,India
501393,P10019,Face Serum,Beauty & Personal Care,1,2025-11-27,1312.41,CUST00387,india
500450,P10013,Cotton T-Shirt,Apparel,3,2026-03-07,1190.46,CUST00145,India
500935,P10032,Gel Pen Pack,Stationery & Office,3,2025-02-19,687.3,CUST00261,United Kingdom
502812,P10027,Water Bottle Sipper,Sports & Outdoors,4,2025-10-24,2203.72,CUST00782,india
502839,P10013,Cotton T-Shirt,Apparel,3,2025-07-07,1190.46,CUST00788,India
503040,P10031,Notebook Set,Stationery & Office,4,2025-03-02,268.52,,United Kingdom
502423,P10009,Cotton Bedsheet Set,Home & Kitchen,5,2026-05-04,1519.89,CUST00697,India
501182,P10013,Cotton T-Shirt,Apparel,4,2026-04-02,1190.46,CUST00324,INDIA
502493,P10031,Notebook Set,Stationery & Office,3,2025-11-14,268.52,CUST00706,Singapore
502690,P10019,Face Serum,Beauty & Personal Care,3,2025-10-03,1312.41,CUST00753,UNITED KINGDOM
502484,P10012,Storage Organizer,Home & Kitchen,2,2026-03-08,1268.9,CUST00706,Singapore
501897,P10022,Sunscreen SPF50,Beauty & Personal Care,4,2025-04-16,514.51,CUST00534,United Kingdom
502588,P10009,Cotton Bedsheet Set,Home & Kitchen,-2,2026-03-07,1519.89,CUST00731,India
502072,P10003,Phone Case,Electronics,1,2025-02-07,1049.71,CUST00576,UAE
501075,P10014,Denim Jacket,Apparel,5,2026-01-03,1048.3,CUST00300,India
502403,P10014,Denim Jacket,Apparel,5,2026-04-06,1048.3,CUST00686,United Kingdom
500892,P10030,Cycling Gloves,Sports & Outdoors,1,2025-10-01,820.52,CUST00242,UAE
501837,P10018,Yoga Pants,Apparel,1,2025-02-04,608.28,CUST00510,United States
501762,P10034,Sticky Notes Pack,Stationery & Office,3,2026-06-11,147.9,CUST00485,United Kingdom
501664,P10017,Formal Shirt,Apparel,1,2025-07-31,562.91,CUST00463, United States 
500790,P10014,Denim Jacket,Apparel,3,2026-01-27,1048.3,CUST00219,United Kingdom
501898,P10033,Desk Organizer,Stationery & Office,-2,2025-05-02,67.73,CUST00534,United Kingdom
502342,P10035,Whiteboard Marker Set,Stationery & Office,5,2025-12-16,808.92,CUST00665,India
503070,P10001,Wireless Earbuds,Electronics,3,2025-05-12,606.94,CUST00842,United Kingdom
501682,P10018,Yoga Pants,Apparel,4,2025-02-20,608.28,,United States
500741,P10021,Lip Balm Set,Beauty & Personal Care,3,2025-05-07,652.97,CUST00208,united kingdom
500427,P10015,Running Shoes,Apparel,4,2025-09-02,980.3,CUST00139,india
500635,P10007,Non-Stick Pan,Home & Kitchen,4,2025-07-09,331.24,CUST00189,INDIA
500781,P10031,Notebook Set,Stationery & Office,4,2025-07-23,268.52,CUST00218,United States
500843,P10009,Cotton Bedsheet Set,Home & Kitchen,5,2026-01-21,1519.89,CUST00227,Singapore
501359,P10016,Wool Sweater,Apparel,1,2025-02-06,1250.39,CUST00368,UAE
502407,P10012,Storage Organizer,Home & Kitchen,2,2026-04-17,1268.9,CUST00688,India
501787,P10004,USB-C Cable,Electronics,2,2026-06-09,3182.97,CUST00495,INDIA
502140,P10016,Wool Sweater,Apparel,3,2025-11-10,1250.39,CUST00581, India 
503003,P10020,Herbal Shampoo,Beauty & Personal Care,2,2025-12-11,1426.26,CUST00830, India 
502842,P10026,Resistance Bands Set,Sports & Outdoors,1,2025-06-21,636.23,CUST00789,India
501553,P10011,Ceramic Mug Set,Home & Kitchen,5,2025-04-29,1993.94,CUST00439,United States
502810,P10017,Formal Shirt,Apparel,5,2025-06-15,562.91,CUST00782,India
500914,P10009,Cotton Bedsheet Set,Home & Kitchen,2,2026-05-19,1519.89,CUST00253, Germany 
