InvoiceNo,StockCode,Description,Category,Quantity,InvoiceDate,UnitPrice,CustomerID,Country,IsGuestCheckout,IsReturn,LineRevenue
501066,P10025,Yoga Mat,Sports & Outdoors,5,2025-01-31,270.08,CUST00298,India,0,0,1350.4
501460,P10002,Bluetooth Speaker,Electronics,4,2026-04-28,2723.88,CUST00411,India,0,0,10895.52
500993,P10020,Herbal Shampoo,Beauty & Personal Care,1,2025-08-12,1426.26,CUST00279,United States,0,0,1426.26
501568,P10020,Herbal Shampoo,Beauty & Personal Care,1,2025-08-17,1426.26,CUST00446,Uae,0,0,1426.26
502879,P10012,Storage Organizer,Home & Kitchen,2,2025-01-21,1268.9,CUST00800,Uae,0,0,2537.8
500003,P10020,Herbal Shampoo,Beauty & Personal Care,2,2026-06-25,1426.26,CUST00002,Uae,0,0,2852.52
501204,P10012,Storage Organizer,Home & Kitchen,2,2025-07-03,1268.9,CUST00324,India,0,0,2537.8
503107,P10024,Beard Trimmer,Beauty & Personal Care,3,2025-02-15,700.79,CUST00850,United Kingdom,0,0,2102.37
500613,P10003,Phone Case,Electronics,5,2025-07-21,1049.71,CUST00188,United Kingdom,0,0,5248.55
501187,P10028,Camping Torch,Sports & Outdoors,-1,2025-11-27,2043.99,CUST00324,India,0,1,-2043.99
502867,P10013,Cotton T-Shirt,Apparel,5,2026-05-10,1190.46,CUST00796,Germany,0,0,5952.3
502344,P10024,Beard Trimmer,Beauty & Personal Care,2,2025-04-23,700.79,CUST00665,India,0,0,1401.58
502275,P10004,USB-C Cable,Electronics,1,2025-09-21,3182.97,CUST00636,India,0,0,3182.97
500593,P10030,Cycling Gloves,Sports & Outdoors,2,2025-08-06,820.52,CUST00176,India,0,0,1641.04
501594,P10009,Cotton Bedsheet Set,Home & Kitchen,1,2026-03-18,1519.89,CUST00448,United States,0,0,1519.89
502969,P10024,Beard Trimmer,Beauty & Personal Care,-5,2026-01-04,700.79,CUST00830,India,0,1,-3503.95
500954,P10021,Lip Balm Set,Beauty & Personal Care,2,2025-04-29,652.97,CUST00266,United States,0,0,1305.94
501049,P10008,LED Desk Lamp,Home & Kitchen,2,2025-01-23,1311.15,CUST00295,India,0,0,2622.3
501721,P10010,Insulated Water Bottle,Home & Kitchen,1,2025-06-06,396.84,,India,1,0,396.84
500581,P10015,Running Shoes,Apparel,3,2025-08-04,980.3,CUST00176,India,0,0,2940.9
500649,P10009,Cotton Bedsheet Set,Home & Kitchen,2,2025-07-19,1519.89,CUST00193,Uae,0,0,3039.78
501466,P10033,Desk Organizer,Stationery & Office,4,2025-11-05,67.73,CUST00414,United Kingdom,0,0,270.92
501793,P10006,Smartwatch Band,Electronics,2,2025-09-05,990.13,CUST00497,United Kingdom,0,0,1980.26
501589,P10002,Bluetooth Speaker,Electronics,1,2025-05-03,2723.88,CUST00448,United States,0,0,2723.88
500293,P10002,Bluetooth Speaker,Electronics,5,2025-05-17,2723.88,CUST00113,Uae,0,0,13619.4
502174,P10017,Formal Shirt,Apparel,5,2025-02-26,562.91,CUST00592,United Kingdom,0,0,2814.55
501066,P10031,Notebook Set,Stationery & Office,1,2025-01-31,268.52,CUST00298,India,0,0,268.52
502414,P10017,Formal Shirt,Apparel,1,2025-08-26,562.91,CUST00691,India,0,0,562.91
502820,P10026,Resistance Bands Set,Sports & Outdoors,3,2025-02-01,636.23,CUST00784,India,0,0,1908.69
502629,P10008,LED Desk Lamp,Home & Kitchen,2,2026-04-23,1311.15,,India,1,0,2622.3
502121,P10021,Lip Balm Set,Beauty & Personal Care,4,2025-11-14,652.97,CUST00580,India,0,0,2611.88
502513,P10027,Water Bottle Sipper,Sports & Outdoors,3,2026-03-28,2203.72,CUST00711,United States,0,0,6611.16
500341,P10019,Face Serum,Beauty & Personal Care,2,2025-07-19,1312.41,CUST00126,India,0,0,2624.82
501195,P10005,Power Bank 10000mAh,Electronics,3,2025-12-13,1034.93,CUST00324,India,0,0,3104.79
502699,P10007,Non-Stick Pan,Home & Kitchen,4,2025-10-29,331.24,CUST00754,India,0,0,1324.96
501511,P10025,Yoga Mat,Sports & Outdoors,2,2025-03-21,270.08,CUST00427,India,0,0,540.16
501952,P10021,Lip Balm Set,Beauty & Personal Care,2,2025-09-06,652.97,CUST00542,United Kingdom,0,0,1305.94
500559,P10015,Running Shoes,Apparel,1,2025-12-16,980.3,CUST00171,United Kingdom,0,0,980.3
502858,P10020,Herbal Shampoo,Beauty & Personal Care,3,2026-05-20,1426.26,CUST00796,Germany,0,0,4278.78
502684,P10035,Whiteboard Marker Set,Stationery & Office,3,2025-08-11,808.92,CUST00753,United Kingdom,0,0,2426.76
500014,P10023,Hair Dryer,Beauty & Personal Care,3,2025-01-15,1018.4,CUST00007,India,0,0,3055.2
501805,P10019,Face Serum,Beauty & Personal Care,3,2025-09-14,1312.41,CUST00498,India,0,0,3937.23
502046,P10026,Resistance Bands Set,Sports & Outdoors,1,2025-05-26,636.23,CUST00567,India,0,0,636.23
501379,P10012,Storage Organizer,Home & Kitchen,5,2025-02-19,1268.9,CUST00381,India,0,0,6344.5
501722,P10032,Gel Pen Pack,Stationery & Office,2,2026-01-31,687.3,CUST00475,India,0,0,1374.6
501465,P10030,Cycling Gloves,Sports & Outdoors,-2,2025-03-21,820.52,CUST00414,United Kingdom,0,1,-1641.04
502956,P10013,Cotton T-Shirt,Apparel,2,2026-05-26,1190.46,CUST00827,India,0,0,2380.92
501247,P10004,USB-C Cable,Electronics,1,2026-03-26,3182.97,CUST00338,United States,0,0,3182.97
502974,P10023,Hair Dryer,Beauty & Personal Care,5,2025-05-21,1018.4,CUST00830,India,0,0,5092.0
501229,P10003,Phone Case,Electronics,3,2025-06-29,1049.71,CUST00335,India,0,0,3149.13
501022,P10006,Smartwatch Band,Electronics,1,2026-02-12,990.13,CUST00286,India,0,0,990.13
500716,P10027,Water Bottle Sipper,Sports & Outdoors,5,2025-12-31,2203.72,CUST00203,India,0,0,11018.6
501381,P10001,Wireless Earbuds,Electronics,3,2025-01-29,606.94,CUST00382,United Kingdom,0,0,1820.82
502425,P10013,Cotton T-Shirt,Apparel,5,2025-07-24,1190.46,CUST00698,United Kingdom,0,0,5952.3
501898,P10010,Insulated Water Bottle,Home & Kitchen,3,2025-05-02,396.84,CUST00534,United Kingdom,0,0,1190.52
500140,P10020,Herbal Shampoo,Beauty & Personal Care,1,2025-04-12,1426.26,CUST00051,Singapore,0,0,1426.26
502215,P10026,Resistance Bands Set,Sports & Outdoors,4,2025-11-26,636.23,CUST00616,Uae,0,0,2544.92
502360,P10026,Resistance Bands Set,Sports & Outdoors,3,2025-11-28,636.23,CUST00668,India,0,0,1908.69
502322,P10026,Resistance Bands Set,Sports & Outdoors,2,2026-03-15,636.23,CUST00659,United Kingdom,0,0,1272.46
501695,P10002,Bluetooth Speaker,Electronics,4,2026-01-20,2723.88,CUST00466,India,0,0,10895.52
501341,P10001,Wireless Earbuds,Electronics,1,2025-11-05,606.94,,United Kingdom,1,0,606.94
502310,P10009,Cotton Bedsheet Set,Home & Kitchen,3,2025-02-27,1519.89,,India,1,0,4559.67
502582,P10034,Sticky Notes Pack,Stationery & Office,2,2026-05-25,147.9,CUST00731,India,0,0,295.8
502606,P10023,Hair Dryer,Beauty & Personal Care,1,2025-08-18,1018.4,CUST00737,India,0,0,1018.4
501031,P10027,Water Bottle Sipper,Sports & Outdoors,2,2026-02-15,2203.72,CUST00287,India,0,0,4407.44
501951,P10006,Smartwatch Band,Electronics,1,2025-11-08,990.13,CUST00541,Uae,0,0,990.13
500088,P10030,Cycling Gloves,Sports & Outdoors,4,2026-06-24,820.52,CUST00037,India,0,0,3282.08
500926,P10006,Smartwatch Band,Electronics,1,2025-08-21,990.13,CUST00258,United Kingdom,0,0,990.13
501548,P10035,Whiteboard Marker Set,Stationery & Office,5,2025-12-08,808.92,CUST00439,United States,0,0,4044.6
500241,P10012,Storage Organizer,Home & Kitchen,5,2025-11-27,1268.9,,United States,1,0,6344.5
500479,P10011,Ceramic Mug Set,Home & Kitchen,3,2025-09-17,1993.94,CUST00159,India,0,0,5981.82
500548,P10005,Power Bank 10000mAh,Electronics,2,2026-03-24,1034.93,CUST00169,India,0,0,2069.86
500780,P10012,Storage Organizer,Home & Kitchen,4,2025-01-13,1268.9,CUST00218,United States,0,0,5075.6
500005,P10033,Desk Organizer,Stationery & Office,2,2026-03-11,67.73,CUST00004,United Kingdom,0,0,135.46
501876,P10017,Formal Shirt,Apparel,2,2025-08-03,562.91,CUST00526,India,0,0,1125.82
501757,P10033,Desk Organizer,Stationery & Office,2,2025-05-23,67.73,CUST00485,United Kingdom,0,0,135.46
501565,P10014,Denim Jacket,Apparel,3,2026-01-13,1048.3,CUST00445,United States,0,0,3144.9
500303,P10013,Cotton T-Shirt,Apparel,4,2025-02-17,1190.46,CUST00117,United States,0,0,4761.84
500059,P10017,Formal Shirt,Apparel,3,2025-11-29,562.91,CUST00029,United Kingdom,0,0,1688.73
500360,P10026,Resistance Bands Set,Sports & Outdoors,5,2025-03-04,636.23,CUST00127,United States,0,0,3181.15
501340,P10026,Resistance Bands Set,Sports & Outdoors,2,2025-02-03,636.23,CUST00361,India,0,0,1272.46
501933,P10036,Backpack,Stationery & Office,2,2025-12-18,218.62,CUST00539,India,0,0,437.24
501723,P10007,Non-Stick Pan,Home & Kitchen,2,2025-03-18,331.24,CUST00475,India,0,0,662.48
500709,P10010,Insulated Water Bottle,Home & Kitchen,2,2025-11-17,396.84,CUST00203,India,0,0,793.68
502131,P10023,Hair Dryer,Beauty & Personal Care,4,2025-01-10,1018.4,CUST00581,India,0,0,4073.6
500525,P10022,Sunscreen SPF50,Beauty & Personal Care,4,2026-02-10,514.51,CUST00169,India,0,0,2058.04
500460,P10026,Resistance Bands Set,Sports & Outdoors,4,2025-10-13,636.23,CUST00152,India,0,0,2544.92
500489,P10007,Non-Stick Pan,Home & Kitchen,4,2025-06-10,331.24,CUST00163,United Kingdom,0,0,1324.96
500284,P10018,Yoga Pants,Apparel,2,2025-06-23,608.28,CUST00113,Uae,0,0,1216.56
500376,P10015,Running Shoes,Apparel,3,2025-07-22,980.3,CUST00130,India,0,0,2940.9
501993,P10007,Non-Stick Pan,Home & Kitchen,1,2026-02-24,331.24,CUST00555,Germany,0,0,331.24
501765,P10035,Whiteboard Marker Set,Stationery & Office,5,2026-04-30,808.92,CUST00485,United Kingdom,0,0,4044.6
500247,P10014,Denim Jacket,Apparel,1,2025-10-08,1048.3,CUST00098,India,0,0,1048.3
500218,P10014,Denim Jacket,Apparel,1,2026-05-20,1048.3,CUST00086,India,0,0,1048.3
500897,P10018,Yoga Pants,Apparel,3,2025-06-30,608.28,CUST00245,India,0,0,1824.84
502280,P10032,Gel Pen Pack,Stationery & Office,1,2025-11-10,687.3,CUST00636,India,0,0,687.3
501316,P10009,Cotton Bedsheet Set,Home & Kitchen,4,2026-05-08,1519.89,CUST00355,India,0,0,6079.56
500386,P10016,Wool Sweater,Apparel,4,2025-05-14,1250.39,,India,1,0,5001.56
501284,P10011,Ceramic Mug Set,Home & Kitchen,5,2026-04-16,1993.94,CUST00345,India,0,0,9969.7
502162,P10027,Water Bottle Sipper,Sports & Outdoors,5,2025-04-19,2203.72,CUST00587,India,0,0,11018.6
503101,P10024,Beard Trimmer,Beauty & Personal Care,4,2026-02-20,700.79,CUST00849,India,0,0,2803.16
501740,P10006,Smartwatch Band,Electronics,5,2025-03-03,990.13,CUST00482,United Kingdom,0,0,4950.65
502059,P10020,Herbal Shampoo,Beauty & Personal Care,5,2026-05-23,1426.26,CUST00570,India,0,0,7131.3
501153,P10015,Running Shoes,Apparel,1,2025-04-26,980.3,CUST00320,India,0,0,980.3
500274,P10017,Formal Shirt,Apparel,2,2026-01-18,562.91,CUST00111,India,0,0,1125.82
500690,P10007,Non-Stick Pan,Home & Kitchen,1,2025-12-10,331.24,CUST00203,India,0,0,331.24
501244,P10026,Resistance Bands Set,Sports & Outdoors,2,2025-06-12,636.23,CUST00338,United States,0,0,1272.46
501321,P10014,Denim Jacket,Apparel,4,2025-01-20,1048.3,CUST00355,India,0,0,4193.2
500468,P10007,Non-Stick Pan,Home & Kitchen,5,2025-12-23,331.24,CUST00156,India,0,0,1656.2
501949,P10004,USB-C Cable,Electronics,5,2026-01-02,3182.97,CUST00540,India,0,0,15914.85
502528,P10031,Notebook Set,Stationery & Office,1,2025-09-30,268.52,CUST00720,United States,0,0,268.52
502330,P10008,LED Desk Lamp,Home & Kitchen,2,2025-11-28,1311.15,CUST00659,United Kingdom,0,0,2622.3
501079,P10024,Beard Trimmer,Beauty & Personal Care,4,2025-02-19,700.79,CUST00300,India,0,0,2803.16
500548,P10016,Wool Sweater,Apparel,4,2026-03-24,1250.39,CUST00169,India,0,0,5001.56
500977,P10007,Non-Stick Pan,Home & Kitchen,1,2025-03-22,331.24,CUST00273,Germany,0,0,331.24
500716,P10011,Ceramic Mug Set,Home & Kitchen,2,2025-12-31,1993.94,CUST00203,India,0,0,3987.88
502439,P10016,Wool Sweater,Apparel,4,2026-01-19,1250.39,CUST00699,India,0,0,5001.56
502378,P10014,Denim Jacket,Apparel,1,2025-04-07,1048.3,CUST00674,India,0,0,1048.3
500157,P10002,Bluetooth Speaker,Electronics,2,2026-06-15,2723.88,CUST00058,India,0,0,5447.76
500244,P10017,Formal Shirt,Apparel,3,2025-09-24,562.91,CUST00096,India,0,0,1688.73
500298,P10005,Power Bank 10000mAh,Electronics,2,2025-08-26,1034.93,CUST00116,Germany,0,0,2069.86
503058,P10017,Formal Shirt,Apparel,4,2025-11-10,562.91,CUST00842,United Kingdom,0,0,2251.64
501902,P10006,Smartwatch Band,Electronics,4,2026-06-11,990.13,CUST00534,United Kingdom,0,0,3960.52
502261,P10036,Backpack,Stationery & Office,5,2025-04-24,218.62,CUST00633,India,0,0,1093.1
501543,P10034,Sticky Notes Pack,Stationery & Office,4,2025-09-01,147.9,CUST00439,United States,0,0,591.6
501448,P10011,Ceramic Mug Set,Home & Kitchen,4,2026-02-11,1993.94,CUST00405,India,0,0,7975.76
500808,P10011,Ceramic Mug Set,Home & Kitchen,4,2025-08-05,1993.94,CUST00219,United Kingdom,0,0,7975.76
503059,P10034,Sticky Notes Pack,Stationery & Office,3,2025-12-13,147.9,CUST00842,United Kingdom,0,0,443.7
502278,P10036,Backpack,Stationery & Office,4,2025-01-11,218.62,CUST00636,India,0,0,874.48
500946,P10011,Ceramic Mug Set,Home & Kitchen,4,2026-03-21,1993.94,CUST00264,India,0,0,7975.76
501401,P10027,Water Bottle Sipper,Sports & Outdoors,5,2026-02-02,2203.72,CUST00391,Singapore,0,0,11018.6
500229,P10013,Cotton T-Shirt,Apparel,4,2026-06-27,1190.46,CUST00087,United States,0,0,4761.84
502148,P10004,USB-C Cable,Electronics,4,2026-02-14,3182.97,CUST00583,India,0,0,12731.88
502309,P10017,Formal Shirt,Apparel,4,2025-11-01,562.91,CUST00654,United States,0,0,2251.64
501708,P10034,Sticky Notes Pack,Stationery & Office,3,2026-03-05,147.9,CUST00470,Singapore,0,0,443.7
501715,P10030,Cycling Gloves,Sports & Outdoors,5,2026-04-09,820.52,CUST00471,India,0,0,4102.6
501682,P10027,Water Bottle Sipper,Sports & Outdoors,5,2025-02-20,2203.72,CUST00463,United States,0,0,11018.6
500451,P10003,Phone Case,Electronics,4,2025-01-27,1049.71,CUST00146,India,0,0,4198.84
502821,P10030,Cycling Gloves,Sports & Outdoors,2,2025-12-08,820.52,CUST00784,India,0,0,1641.04
501663,P10023,Hair Dryer,Beauty & Personal Care,1,2025-10-15,1018.4,CUST00463,United States,0,0,1018.4
500055,P10016,Wool Sweater,Apparel,2,2025-03-17,1250.39,CUST00026,United States,0,0,2500.78
500410,P10033,Desk Organizer,Stationery & Office,1,2025-07-09,67.73,CUST00138,United States,0,0,67.73
500022,P10006,Smartwatch Band,Electronics,2,2026-01-17,990.13,CUST00010,United States,0,0,1980.26
501566,P10020,Herbal Shampoo,Beauty & Personal Care,4,2025-02-19,1426.26,CUST00446,Uae,0,0,5705.04
500440,P10025,Yoga Mat,Sports & Outdoors,3,2026-02-20,270.08,CUST00142,India,0,0,810.24
500648,P10004,USB-C Cable,Electronics,1,2025-05-12,3182.97,CUST00192,Germany,0,0,3182.97
500481,P10036,Backpack,Stationery & Office,2,2025-12-24,218.62,CUST00160,United States,0,0,437.24
500156,P10010,Insulated Water Bottle,Home & Kitchen,4,2025-09-23,396.84,CUST00057,India,0,0,1587.36
501289,P10005,Power Bank 10000mAh,Electronics,3,2026-06-29,1034.93,CUST00348,India,0,0,3104.79
500899,P10020,Herbal Shampoo,Beauty & Personal Care,5,2025-09-28,1426.26,CUST00246,Uae,0,0,7131.3
500896,P10012,Storage Organizer,Home & Kitchen,5,2025-07-02,1268.9,CUST00245,India,0,0,6344.5
500231,P10009,Cotton Bedsheet Set,Home & Kitchen,2,2025-03-16,1519.89,CUST00088,United Kingdom,0,0,3039.78
502334,P10007,Non-Stick Pan,Home & Kitchen,3,2025-06-26,331.24,CUST00661,India,0,0,993.72
502498,P10015,Running Shoes,Apparel,4,2025-10-20,980.3,CUST00706,Singapore,0,0,3921.2
500492,P10004,USB-C Cable,Electronics,3,2025-02-09,3182.97,CUST00165,India,0,0,9548.91
501419,P10024,Beard Trimmer,Beauty & Personal Care,1,2025-10-31,700.79,CUST00392,India,0,0,700.79
501987,P10011,Ceramic Mug Set,Home & Kitchen,1,2025-01-11,1993.94,CUST00554,United Kingdom,0,0,1993.94
500407,P10030,Cycling Gloves,Sports & Outdoors,3,2025-01-16,820.52,CUST00138,United States,0,0,2461.56
500696,P10015,Running Shoes,Apparel,4,2025-10-09,980.3,CUST00203,India,0,0,3921.2
501140,P10016,Wool Sweater,Apparel,1,2025-07-27,1250.39,CUST00313,India,0,0,1250.39
502285,P10034,Sticky Notes Pack,Stationery & Office,1,2026-02-26,147.9,CUST00640,India,0,0,147.9
501387,P10006,Smartwatch Band,Electronics,3,2025-11-16,990.13,CUST00385,United States,0,0,2970.39
502290,P10012,Storage Organizer,Home & Kitchen,2,2026-04-04,1268.9,CUST00643,India,0,0,2537.8
500160,P10018,Yoga Pants,Apparel,5,2025-03-08,608.28,CUST00058,India,0,0,3041.4
501708,P10026,Resistance Bands Set,Sports & Outdoors,4,2026-03-05,636.23,CUST00470,Singapore,0,0,2544.92
501627,P10001,Wireless Earbuds,Electronics,4,2026-03-07,606.94,CUST00449,India,0,0,2427.76
500662,P10017,Formal Shirt,Apparel,2,2025-08-30,562.91,CUST00195,India,0,0,1125.82
500548,P10014,Denim Jacket,Apparel,5,2026-03-24,1048.3,CUST00169,India,0,0,5241.5
501252,P10033,Desk Organizer,Stationery & Office,1,2026-03-07,67.73,CUST00341,India,0,0,67.73
501079,P10022,Sunscreen SPF50,Beauty & Personal Care,2,2025-02-19,514.51,CUST00300,India,0,0,1029.02
502791,P10021,Lip Balm Set,Beauty & Personal Care,2,2026-01-30,652.97,CUST00779,United States,0,0,1305.94
500231,P10028,Camping Torch,Sports & Outdoors,4,2025-03-16,2043.99,CUST00088,United Kingdom,0,0,8175.96
500898,P10011,Ceramic Mug Set,Home & Kitchen,3,2026-02-10,1993.94,CUST00246,Uae,0,0,5981.82
502095,P10029,Badminton Racket,Sports & Outdoors,4,2025-05-02,274.87,CUST00579,India,0,0,1099.48
502495,P10023,Hair Dryer,Beauty & Personal Care,4,2026-03-23,1018.4,CUST00706,Singapore,0,0,4073.6
500863,P10023,Hair Dryer,Beauty & Personal Care,1,2025-03-02,1018.4,,India,1,0,1018.4
502052,P10030,Cycling Gloves,Sports & Outdoors,3,2025-03-20,820.52,CUST00570,India,0,0,2461.56
502520,P10003,Phone Case,Electronics,4,2025-04-05,1049.71,CUST00714,India,0,0,4198.84
500261,P10034,Sticky Notes Pack,Stationery & Office,1,2025-11-15,147.9,CUST00104,India,0,0,147.9
500063,P10013,Cotton T-Shirt,Apparel,5,2025-03-01,1190.46,CUST00032,India,0,0,5952.3
501704,P10013,Cotton T-Shirt,Apparel,5,2025-06-03,1190.46,CUST00470,Singapore,0,0,5952.3
501831,P10008,LED Desk Lamp,Home & Kitchen,3,2025-01-14,1311.15,CUST00505,United Kingdom,0,0,3933.45
501613,P10019,Face Serum,Beauty & Personal Care,1,2026-04-29,1312.41,CUST00448,United States,0,0,1312.41
500580,P10025,Yoga Mat,Sports & Outdoors,-5,2025-06-27,270.08,CUST00176,India,0,1,-1350.4
501540,P10021,Lip Balm Set,Beauty & Personal Care,1,2025-10-05,652.97,CUST00439,United States,0,0,652.97
501872,P10028,Camping Torch,Sports & Outdoors,3,2025-09-06,2043.99,CUST00524,Germany,0,0,6131.97
502995,P10014,Denim Jacket,Apparel,2,2026-06-17,1048.3,CUST00830,India,0,0,2096.6
502110,P10028,Camping Torch,Sports & Outdoors,4,2025-03-15,2043.99,CUST00579,India,0,0,8175.96
502113,P10031,Notebook Set,Stationery & Office,-5,2025-01-16,268.52,CUST00579,India,0,1,-1342.6
501997,P10036,Backpack,Stationery & Office,1,2026-01-17,218.62,CUST00555,Germany,0,0,218.62
502984,P10009,Cotton Bedsheet Set,Home & Kitchen,2,2026-04-24,1519.89,CUST00830,India,0,0,3039.78
501691,P10030,Cycling Gloves,Sports & Outdoors,2,2025-11-27,820.52,CUST00465,Singapore,0,0,1641.04
501326,P10032,Gel Pen Pack,Stationery & Office,1,2025-05-13,687.3,CUST00357,India,0,0,687.3
500024,P10019,Face Serum,Beauty & Personal Care,-2,2026-06-18,1312.41,CUST00012,Singapore,0,1,-2624.82
502842,P10015,Running Shoes,Apparel,2,2025-06-21,980.3,CUST00789,India,0,0,1960.6
502201,P10003,Phone Case,Electronics,-5,2026-05-15,1049.71,CUST00609,India,0,1,-5248.55
500357,P10029,Badminton Racket,Sports & Outdoors,5,2025-10-20,274.87,CUST00127,United States,0,0,1374.35
500778,P10021,Lip Balm Set,Beauty & Personal Care,3,2026-06-03,652.97,CUST00218,United States,0,0,1958.91
502171,P10034,Sticky Notes Pack,Stationery & Office,3,2025-08-13,147.9,CUST00591,India,0,0,443.7
500705,P10027,Water Bottle Sipper,Sports & Outdoors,4,2026-03-05,2203.72,CUST00203,India,0,0,8814.88
501762,P10030,Cycling Gloves,Sports & Outdoors,2,2026-06-11,820.52,CUST00485,United Kingdom,0,0,1641.04
502679,P10013,Cotton T-Shirt,Apparel,1,2025-10-16,1190.46,CUST00753,United Kingdom,0,0,1190.46
501935,P10019,Face Serum,Beauty & Personal Care,1,2025-05-03,1312.41,CUST00539,India,0,0,1312.41
501795,P10019,Face Serum,Beauty & Personal Care,5,2025-12-24,1312.41,CUST00497,United Kingdom,0,0,6562.05
501678,P10014,Denim Jacket,Apparel,1,2026-06-25,1048.3,CUST00463,United States,0,0,1048.3
501358,P10022,Sunscreen SPF50,Beauty & Personal Care,1,2026-05-12,514.51,CUST00367,Singapore,0,0,514.51
500189,P10027,Water Bottle Sipper,Sports & Outdoors,1,2025-09-27,2203.72,CUST00068,United States,0,0,2203.72
500622,P10003,Phone Case,Electronics,1,2026-03-20,1049.71,CUST00189,India,0,0,1049.71
500182,P10028,Camping Torch,Sports & Outdoors,4,2026-03-22,2043.99,CUST00066,India,0,0,8175.96
500771,P10029,Badminton Racket,Sports & Outdoors,1,2025-08-18,274.87,CUST00217,India,0,0,274.87
502277,P10034,Sticky Notes Pack,Stationery & Office,3,2025-10-12,147.9,CUST00636,India,0,0,443.7
500365,P10030,Cycling Gloves,Sports & Outdoors,-4,2025-09-30,820.52,CUST00127,United States,0,1,-3282.08
500149,P10026,Resistance Bands Set,Sports & Outdoors,5,2025-01-28,636.23,CUST00053,Uae,0,0,3181.15
502964,P10001,Wireless Earbuds,Electronics,4,2025-06-30,606.94,CUST00830,India,0,0,2427.76
502686,P10023,Hair Dryer,Beauty & Personal Care,4,2025-11-22,1018.4,CUST00753,United Kingdom,0,0,4073.6
500125,P10027,Water Bottle Sipper,Sports & Outdoors,1,2025-08-17,2203.72,CUST00047,India,0,0,2203.72
500355,P10029,Badminton Racket,Sports & Outdoors,3,2026-03-14,274.87,CUST00126,India,0,0,824.61
501704,P10014,Denim Jacket,Apparel,5,2025-06-03,1048.3,CUST00470,Singapore,0,0,5241.5
502662,P10017,Formal Shirt,Apparel,1,2025-09-18,562.91,CUST00753,United Kingdom,0,0,562.91
500389,P10036,Backpack,Stationery & Office,4,2025-06-14,218.62,CUST00133,India,0,0,874.48
501089,P10019,Face Serum,Beauty & Personal Care,1,2025-10-14,1312.41,CUST00303,India,0,0,1312.41
502664,P10013,Cotton T-Shirt,Apparel,4,2025-04-22,1190.46,CUST00753,United Kingdom,0,0,4761.84
502481,P10032,Gel Pen Pack,Stationery & Office,3,2025-01-21,687.3,CUST00706,Singapore,0,0,2061.9
503055,P10010,Insulated Water Bottle,Home & Kitchen,4,2025-03-15,396.84,CUST00842,United Kingdom,0,0,1587.36
500769,P10026,Resistance Bands Set,Sports & Outdoors,3,2025-02-28,636.23,CUST00217,India,0,0,1908.69
500580,P10003,Phone Case,Electronics,2,2025-06-27,1049.71,CUST00176,India,0,0,2099.42
501221,P10013,Cotton T-Shirt,Apparel,1,2025-06-09,1190.46,CUST00333,India,0,0,1190.46
502851,P10029,Badminton Racket,Sports & Outdoors,2,2026-04-14,274.87,CUST00795,India,0,0,549.74
503041,P10026,Resistance Bands Set,Sports & Outdoors,5,2026-04-17,636.23,CUST00840,United Kingdom,0,0,3181.15
502857,P10032,Gel Pen Pack,Stationery & Office,1,2025-11-12,687.3,CUST00796,Germany,0,0,687.3
501594,P10003,Phone Case,Electronics,3,2026-03-18,1049.71,CUST00448,United States,0,0,3149.13
502907,P10020,Herbal Shampoo,Beauty & Personal Care,2,2025-04-30,1426.26,CUST00813,India,0,0,2852.52
500883,P10027,Water Bottle Sipper,Sports & Outdoors,5,2025-08-08,2203.72,CUST00238,India,0,0,11018.6
501597,P10012,Storage Organizer,Home & Kitchen,3,2025-11-22,1268.9,CUST00448,United States,0,0,3806.7
500672,P10003,Phone Case,Electronics,2,2025-03-13,1049.71,CUST00198,Germany,0,0,2099.42
500390,P10021,Lip Balm Set,Beauty & Personal Care,2,2025-02-22,652.97,CUST00133,India,0,0,1305.94
502435,P10006,Smartwatch Band,Electronics,2,2025-03-05,990.13,CUST00699,India,0,0,1980.26
501361,P10010,Insulated Water Bottle,Home & Kitchen,4,2025-01-30,396.84,CUST00369,India,0,0,1587.36
502117,P10024,Beard Trimmer,Beauty & Personal Care,5,2025-02-05,700.79,CUST00579,India,0,0,3503.95
501744,P10012,Storage Organizer,Home & Kitchen,2,2026-04-05,1268.9,CUST00482,United Kingdom,0,0,2537.8
500209,P10023,Hair Dryer,Beauty & Personal Care,5,2026-03-19,1018.4,CUST00081,Germany,0,0,5092.0
500837,P10001,Wireless Earbuds,Electronics,4,2026-03-06,606.94,CUST00224,India,0,0,2427.76
500873,P10034,Sticky Notes Pack,Stationery & Office,5,2025-08-16,147.9,CUST00236,United States,0,0,739.5
503054,P10008,LED Desk Lamp,Home & Kitchen,5,2025-01-03,1311.15,CUST00842,United Kingdom,0,0,6555.75
500504,P10003,Phone Case,Electronics,4,2026-02-09,1049.71,,India,1,0,4198.84
501326,P10010,Insulated Water Bottle,Home & Kitchen,4,2025-05-13,396.84,CUST00357,India,0,0,1587.36
500913,P10028,Camping Torch,Sports & Outdoors,1,2025-05-17,2043.99,CUST00253,Germany,0,0,2043.99
502709,P10027,Water Bottle Sipper,Sports & Outdoors,1,2025-03-04,2203.72,CUST00757,United Kingdom,0,0,2203.72
501452,P10027,Water Bottle Sipper,Sports & Outdoors,5,2026-03-10,2203.72,CUST00408,India,0,0,11018.6
500203,P10010,Insulated Water Bottle,Home & Kitchen,2,2025-01-22,396.84,CUST00076,United States,0,0,793.68
501311,P10019,Face Serum,Beauty & Personal Care,2,2025-01-20,1312.41,CUST00353,United Kingdom,0,0,2624.82
502059,P10024,Beard Trimmer,Beauty & Personal Care,2,2026-05-23,700.79,CUST00570,India,0,0,1401.58
502720,P10028,Camping Torch,Sports & Outdoors,5,2025-01-12,2043.99,CUST00762,India,0,0,10219.95
501483,P10017,Formal Shirt,Apparel,3,2025-02-11,562.91,CUST00419,United Kingdom,0,0,1688.73
502051,P10010,Insulated Water Bottle,Home & Kitchen,3,2026-06-20,396.84,CUST00569,Uae,0,0,1190.52
500763,P10023,Hair Dryer,Beauty & Personal Care,4,2025-02-01,1018.4,CUST00216,India,0,0,4073.6
501956,P10004,USB-C Cable,Electronics,2,2025-04-04,3182.97,CUST00542,United Kingdom,0,0,6365.94
500801,P10027,Water Bottle Sipper,Sports & Outdoors,2,2025-08-21,2203.72,CUST00219,United Kingdom,0,0,4407.44
500086,P10032,Gel Pen Pack,Stationery & Office,5,2025-01-15,687.3,CUST00037,India,0,0,3436.5
500842,P10004,USB-C Cable,Electronics,5,2025-01-24,3182.97,CUST00226,India,0,0,15914.85
501310,P10015,Running Shoes,Apparel,2,2025-05-26,980.3,CUST00353,United Kingdom,0,0,1960.6
501091,P10022,Sunscreen SPF50,Beauty & Personal Care,5,2026-02-03,514.51,CUST00304,United Kingdom,0,0,2572.55
502675,P10008,LED Desk Lamp,Home & Kitchen,3,2026-06-16,1311.15,CUST00753,United Kingdom,0,0,3933.45
500070,P10006,Smartwatch Band,Electronics,3,2025-04-27,990.13,CUST00032,India,0,0,2970.39
502136,P10024,Beard Trimmer,Beauty & Personal Care,4,2025-10-19,700.79,CUST00581,India,0,0,2803.16
501004,P10035,Whiteboard Marker Set,Stationery & Office,3,2026-05-15,808.92,CUST00282,India,0,0,2426.76
501964,P10027,Water Bottle Sipper,Sports & Outdoors,1,2025-10-07,2203.72,CUST00543,India,0,0,2203.72
502635,P10009,Cotton Bedsheet Set,Home & Kitchen,1,2026-01-29,1519.89,CUST00747,India,0,0,1519.89
502685,P10015,Running Shoes,Apparel,5,2026-02-09,980.3,CUST00753,United Kingdom,0,0,4901.5
501766,P10001,Wireless Earbuds,Electronics,4,2025-04-08,606.94,CUST00486,Uae,0,0,2427.76
501738,P10012,Storage Organizer,Home & Kitchen,2,2025-06-01,1268.9,CUST00481,United Kingdom,0,0,2537.8
500687,P10004,USB-C Cable,Electronics,1,2025-10-08,3182.97,CUST00201,United Kingdom,0,0,3182.97
501808,P10031,Notebook Set,Stationery & Office,1,2025-05-15,268.52,CUST00500,Singapore,0,0,268.52
502175,P10007,Non-Stick Pan,Home & Kitchen,4,2025-06-23,331.24,CUST00593,India,0,0,1324.96
501360,P10016,Wool Sweater,Apparel,2,2025-10-15,1250.39,CUST00369,India,0,0,2500.78
501318,P10018,Yoga Pants,Apparel,2,2026-05-20,608.28,CUST00355,India,0,0,1216.56
502148,P10013,Cotton T-Shirt,Apparel,3,2026-02-14,1190.46,CUST00583,India,0,0,3571.38
500959,P10027,Water Bottle Sipper,Sports & Outdoors,1,2025-05-31,2203.72,CUST00267,United Kingdom,0,0,2203.72
502930,P10024,Beard Trimmer,Beauty & Personal Care,4,2026-05-04,700.79,CUST00815,Germany,0,0,2803.16
501319,P10027,Water Bottle Sipper,Sports & Outdoors,3,2025-12-30,2203.72,CUST00355,India,0,0,6611.16
500367,P10036,Backpack,Stationery & Office,2,2026-05-03,218.62,CUST00128,Germany,0,0,437.24
500234,P10003,Phone Case,Electronics,4,2026-03-28,1049.71,CUST00091,India,0,0,4198.84
500779,P10028,Camping Torch,Sports & Outdoors,3,2025-10-05,2043.99,CUST00218,United States,0,0,6131.97
500464,P10023,Hair Dryer,Beauty & Personal Care,1,2026-01-20,1018.4,CUST00154,India,0,0,1018.4
500585,P10013,Cotton T-Shirt,Apparel,5,2025-01-14,1190.46,CUST00176,India,0,0,5952.3
500067,P10005,Power Bank 10000mAh,Electronics,2,2026-04-11,1034.93,CUST00032,India,0,0,2069.86
500871,P10011,Ceramic Mug Set,Home & Kitchen,5,2025-08-04,1993.94,CUST00236,United States,0,0,9969.7
501447,P10027,Water Bottle Sipper,Sports & Outdoors,2,2025-03-01,2203.72,CUST00404,Germany,0,0,4407.44
500746,P10034,Sticky Notes Pack,Stationery & Office,5,2025-03-14,147.9,CUST00212,United Kingdom,0,0,739.5
503039,P10004,USB-C Cable,Electronics,1,2025-12-01,3182.97,CUST00839,United Kingdom,0,0,3182.97
502790,P10012,Storage Organizer,Home & Kitchen,5,2025-05-05,1268.9,CUST00779,United States,0,0,6344.5
500665,P10024,Beard Trimmer,Beauty & Personal Care,2,2026-01-22,700.79,CUST00195,India,0,0,1401.58
501139,P10005,Power Bank 10000mAh,Electronics,5,2025-11-29,1034.93,CUST00312,India,0,0,5174.65
501143,P10004,USB-C Cable,Electronics,4,2025-10-20,3182.97,CUST00314,Singapore,0,0,12731.88
502632,P10023,Hair Dryer,Beauty & Personal Care,2,2025-04-17,1018.4,CUST00745,India,0,0,2036.8
502876,P10007,Non-Stick Pan,Home & Kitchen,1,2025-01-05,331.24,CUST00798,United Kingdom,0,0,331.24
501641,P10005,Power Bank 10000mAh,Electronics,3,2025-08-16,1034.93,CUST00455,India,0,0,3104.79
501410,P10005,Power Bank 10000mAh,Electronics,3,2025-11-03,1034.93,CUST00392,India,0,0,3104.79
500452,P10003,Phone Case,Electronics,3,2025-08-09,1049.71,CUST00146,India,0,0,3149.13
502958,P10020,Herbal Shampoo,Beauty & Personal Care,5,2025-07-19,1426.26,CUST00829,United States,0,0,7131.3
500368,P10034,Sticky Notes Pack,Stationery & Office,3,2025-08-16,147.9,CUST00129,India,0,0,443.7
500290,P10028,Camping Torch,Sports & Outdoors,5,2026-06-09,2043.99,CUST00113,Uae,0,0,10219.95
502128,P10024,Beard Trimmer,Beauty & Personal Care,5,2026-05-17,700.79,CUST00581,India,0,0,3503.95
502013,P10030,Cycling Gloves,Sports & Outdoors,4,2025-07-23,820.52,CUST00559,United States,0,0,3282.08
500037,P10007,Non-Stick Pan,Home & Kitchen,2,2025-04-11,331.24,,India,1,0,662.48
500595,P10031,Notebook Set,Stationery & Office,2,2026-02-27,268.52,CUST00176,India,0,0,537.04
501656,P10001,Wireless Earbuds,Electronics,2,2025-01-30,606.94,CUST00461,India,0,0,1213.88
502040,P10006,Smartwatch Band,Electronics,5,2025-12-26,990.13,CUST00565,India,0,0,4950.65
502214,P10017,Formal Shirt,Apparel,1,2026-02-09,562.91,CUST00615,Germany,0,0,562.91
501432,P10036,Backpack,Stationery & Office,5,2025-06-19,218.62,CUST00394,United States,0,0,1093.1
500759,P10018,Yoga Pants,Apparel,1,2025-03-16,608.28,CUST00216,India,0,0,608.28
502054,P10001,Wireless Earbuds,Electronics,-2,2026-01-12,606.94,CUST00570,India,0,1,-1213.88
501363,P10021,Lip Balm Set,Beauty & Personal Care,4,2026-03-10,652.97,CUST00370,India,0,0,2611.88
501990,P10035,Whiteboard Marker Set,Stationery & Office,4,2026-06-14,808.92,CUST00555,Germany,0,0,3235.68
502871,P10022,Sunscreen SPF50,Beauty & Personal Care,2,2025-11-28,514.51,CUST00797,Uae,0,0,1029.02
502092,P10021,Lip Balm Set,Beauty & Personal Care,3,2025-10-30,652.97,CUST00579,India,0,0,1958.91
501742,P10024,Beard Trimmer,Beauty & Personal Care,5,2025-12-02,700.79,CUST00482,United Kingdom,0,0,3503.95
502052,P10033,Desk Organizer,Stationery & Office,3,2025-03-20,67.73,CUST00570,India,0,0,203.19
502788,P10013,Cotton T-Shirt,Apparel,5,2026-04-24,1190.46,CUST00779,United States,0,0,5952.3
500039,P10016,Wool Sweater,Apparel,1,2025-09-04,1250.39,,India,1,0,1250.39
502385,P10023,Hair Dryer,Beauty & Personal Care,1,2025-08-30,1018.4,CUST00677,India,0,0,1018.4
500401,P10019,Face Serum,Beauty & Personal Care,3,2026-04-24,1312.41,CUST00137,India,0,0,3937.23
502069,P10020,Herbal Shampoo,Beauty & Personal Care,3,2025-07-08,1426.26,CUST00574,United Kingdom,0,0,4278.78
501869,P10020,Herbal Shampoo,Beauty & Personal Care,4,2025-11-26,1426.26,CUST00524,Germany,0,0,5705.04
502240,P10020,Herbal Shampoo,Beauty & Personal Care,4,2025-09-14,1426.26,CUST00627,India,0,0,5705.04
500070,P10007,Non-Stick Pan,Home & Kitchen,3,2025-04-27,331.24,CUST00032,India,0,0,993.72
501293,P10008,LED Desk Lamp,Home & Kitchen,5,2026-02-27,1311.15,CUST00351,India,0,0,6555.75
500483,P10001,Wireless Earbuds,Electronics,1,2025-11-05,606.94,CUST00162,United Kingdom,0,0,606.94
502191,P10004,USB-C Cable,Electronics,3,2025-10-31,3182.97,CUST00602,India,0,0,9548.91
502437,P10011,Ceramic Mug Set,Home & Kitchen,3,2025-04-29,1993.94,CUST00699,India,0,0,5981.82
500283,P10020,Herbal Shampoo,Beauty & Personal Care,2,2025-11-07,1426.26,CUST00113,Uae,0,0,2852.52
501654,P10006,Smartwatch Band,Electronics,3,2026-01-23,990.13,CUST00459,India,0,0,2970.39
500445,P10026,Resistance Bands Set,Sports & Outdoors,3,2026-06-01,636.23,CUST00144,India,0,0,1908.69
501397,P10016,Wool Sweater,Apparel,2,2025-05-17,1250.39,CUST00388,India,0,0,2500.78
502021,P10017,Formal Shirt,Apparel,4,2026-01-15,562.91,CUST00562,India,0,0,2251.64
500152,P10009,Cotton Bedsheet Set,Home & Kitchen,4,2025-03-27,1519.89,CUST00055,United Kingdom,0,0,6079.56
500254,P10014,Denim Jacket,Apparel,5,2025-01-05,1048.3,CUST00101,India,0,0,5241.5
500004,P10003,Phone Case,Electronics,2,2026-02-04,1049.71,CUST00003,United States,0,0,2099.42
500201,P10019,Face Serum,Beauty & Personal Care,2,2025-04-07,1312.41,CUST00074,United States,0,0,2624.82
503012,P10014,Denim Jacket,Apparel,5,2025-12-06,1048.3,CUST00833,India,0,0,5241.5
501184,P10016,Wool Sweater,Apparel,1,2025-09-23,1250.39,CUST00324,India,0,0,1250.39
501447,P10023,Hair Dryer,Beauty & Personal Care,3,2025-03-01,1018.4,CUST00404,Germany,0,0,3055.2
500055,P10011,Ceramic Mug Set,Home & Kitchen,2,2025-03-17,1993.94,CUST00026,United States,0,0,3987.88
501658,P10022,Sunscreen SPF50,Beauty & Personal Care,2,2025-03-01,514.51,CUST00463,United States,0,0,1029.02
503049,P10002,Bluetooth Speaker,Electronics,1,2026-01-01,2723.88,CUST00842,United Kingdom,0,0,2723.88
500298,P10031,Notebook Set,Stationery & Office,2,2025-08-26,268.52,CUST00116,Germany,0,0,537.04
500992,P10009,Cotton Bedsheet Set,Home & Kitchen,5,2025-03-01,1519.89,CUST00278,United Kingdom,0,0,7599.45
500130,P10027,Water Bottle Sipper,Sports & Outdoors,5,2025-03-22,2203.72,CUST00047,India,0,0,11018.6
500527,P10023,Hair Dryer,Beauty & Personal Care,2,2026-03-10,1018.4,CUST00169,India,0,0,2036.8
502768,P10003,Phone Case,Electronics,1,2025-05-23,1049.71,CUST00779,United States,0,0,1049.71
501368,P10032,Gel Pen Pack,Stationery & Office,2,2025-07-09,687.3,CUST00374,United Kingdom,0,0,1374.6
501380,P10032,Gel Pen Pack,Stationery & Office,2,2026-01-02,687.3,CUST00382,United Kingdom,0,0,1374.6
501309,P10035,Whiteboard Marker Set,Stationery & Office,1,2025-05-08,808.92,CUST00353,United Kingdom,0,0,808.92
502823,P10011,Ceramic Mug Set,Home & Kitchen,4,2025-01-07,1993.94,CUST00785,India,0,0,7975.76
500226,P10013,Cotton T-Shirt,Apparel,2,2025-11-11,1190.46,CUST00086,India,0,0,2380.92
502889,P10033,Desk Organizer,Stationery & Office,1,2025-02-04,67.73,CUST00801,United States,0,0,67.73
501442,P10034,Sticky Notes Pack,Stationery & Office,3,2025-05-02,147.9,CUST00400,United States,0,0,443.7
501451,P10003,Phone Case,Electronics,4,2026-06-10,1049.71,,India,1,0,4198.84
501714,P10011,Ceramic Mug Set,Home & Kitchen,1,2025-03-24,1993.94,CUST00471,India,0,0,1993.94
501897,P10008,LED Desk Lamp,Home & Kitchen,3,2025-04-16,1311.15,CUST00534,United Kingdom,0,0,3933.45
501080,P10029,Badminton Racket,Sports & Outdoors,3,2026-06-14,274.87,,India,1,0,824.61
502429,P10007,Non-Stick Pan,Home & Kitchen,3,2025-02-13,331.24,CUST00699,India,0,0,993.72
502359,P10014,Denim Jacket,Apparel,4,2025-10-04,1048.3,,India,1,0,4193.2
500350,P10032,Gel Pen Pack,Stationery & Office,1,2026-05-31,687.3,CUST00126,India,0,0,687.3
500125,P10035,Whiteboard Marker Set,Stationery & Office,3,2025-08-17,808.92,CUST00047,India,0,0,2426.76
501980,P10022,Sunscreen SPF50,Beauty & Personal Care,5,2025-02-28,514.51,CUST00550,United States,0,0,2572.55
501435,P10009,Cotton Bedsheet Set,Home & Kitchen,2,2025-11-14,1519.89,CUST00396,Uae,0,0,3039.78
500572,P10019,Face Serum,Beauty & Personal Care,1,2025-03-13,1312.41,CUST00175,United Kingdom,0,0,1312.41
503005,P10036,Backpack,Stationery & Office,1,2026-05-03,218.62,CUST00832,India,0,0,218.62
501059,P10012,Storage Organizer,Home & Kitchen,1,2026-02-13,1268.9,CUST00295,India,0,0,1268.9
502054,P10026,Resistance Bands Set,Sports & Outdoors,2,2026-01-12,636.23,CUST00570,India,0,0,1272.46
500844,P10026,Resistance Bands Set,Sports & Outdoors,3,2025-06-23,636.23,CUST00228,India,0,0,1908.69
502036,P10026,Resistance Bands Set,Sports & Outdoors,1,2025-01-24,636.23,CUST00564,India,0,0,636.23
502847,P10033,Desk Organizer,Stationery & Office,2,2025-05-30,67.73,CUST00793,India,0,0,135.46
502933,P10004,USB-C Cable,Electronics,4,2025-12-08,3182.97,CUST00815,Germany,0,0,12731.88
502511,P10036,Backpack,Stationery & Office,3,2025-08-29,218.62,CUST00710,United Kingdom,0,0,655.86
502401,P10005,Power Bank 10000mAh,Electronics,4,2026-04-27,1034.93,CUST00685,Uae,0,0,4139.72
502972,P10031,Notebook Set,Stationery & Office,5,2025-02-10,268.52,CUST00830,India,0,0,1342.6
500372,P10003,Phone Case,Electronics,5,2025-09-02,1049.71,CUST00130,India,0,0,5248.55
502557,P10026,Resistance Bands Set,Sports & Outdoors,2,2025-12-15,636.23,CUST00731,India,0,0,1272.46
500198,P10029,Badminton Racket,Sports & Outdoors,1,2025-01-12,274.87,CUST00073,India,0,0,274.87
502779,P10003,Phone Case,Electronics,5,2025-06-13,1049.71,CUST00779,United States,0,0,5248.55
501858,P10019,Face Serum,Beauty & Personal Care,2,2025-06-23,1312.41,CUST00521,United Kingdom,0,0,2624.82
500420,P10011,Ceramic Mug Set,Home & Kitchen,-3,2026-03-27,1993.94,CUST00138,United States,0,1,-5981.82
500176,P10012,Storage Organizer,Home & Kitchen,3,2025-09-02,1268.9,CUST00063,Germany,0,0,3806.7
500715,P10018,Yoga Pants,Apparel,3,2026-04-29,608.28,CUST00203,India,0,0,1824.84
500254,P10018,Yoga Pants,Apparel,1,2025-01-05,608.28,CUST00101,India,0,0,608.28
502722,P10036,Backpack,Stationery & Office,5,2025-09-29,218.62,CUST00763,India,0,0,1093.1
501318,P10014,Denim Jacket,Apparel,5,2026-05-20,1048.3,CUST00355,India,0,0,5241.5
500559,P10004,USB-C Cable,Electronics,3,2025-12-16,3182.97,CUST00171,United Kingdom,0,0,9548.91
501562,P10017,Formal Shirt,Apparel,1,2026-01-31,562.91,CUST00444,India,0,0,562.91
500746,P10001,Wireless Earbuds,Electronics,3,2025-03-14,606.94,CUST00212,United Kingdom,0,0,1820.82
500329,P10033,Desk Organizer,Stationery & Office,5,2025-06-23,67.73,CUST00126,India,0,0,338.65
501231,P10025,Yoga Mat,Sports & Outdoors,2,2026-06-17,270.08,CUST00335,India,0,0,540.16
502632,P10018,Yoga Pants,Apparel,2,2025-04-17,608.28,CUST00745,India,0,0,1216.56
500123,P10016,Wool Sweater,Apparel,5,2025-05-23,1250.39,CUST00047,India,0,0,6251.95
502085,P10036,Backpack,Stationery & Office,5,2025-03-07,218.62,CUST00579,India,0,0,1093.1
500282,P10029,Badminton Racket,Sports & Outdoors,3,2025-08-04,274.87,CUST00112,India,0,0,824.61
502459,P10010,Insulated Water Bottle,Home & Kitchen,5,2025-11-07,396.84,CUST00701,India,0,0,1984.2
500166,P10035,Whiteboard Marker Set,Stationery & Office,-2,2025-10-12,808.92,CUST00062,India,0,1,-1617.84
502409,P10024,Beard Trimmer,Beauty & Personal Care,3,2026-06-08,700.79,CUST00688,India,0,0,2102.37
501033,P10009,Cotton Bedsheet Set,Home & Kitchen,5,2025-03-01,1519.89,,India,1,0,7599.45
501202,P10028,Camping Torch,Sports & Outdoors,2,2026-02-21,2043.99,CUST00324,India,0,0,4087.98
501252,P10024,Beard Trimmer,Beauty & Personal Care,1,2026-03-07,700.79,CUST00341,India,0,0,700.79
500994,P10028,Camping Torch,Sports & Outdoors,1,2025-10-27,2043.99,CUST00280,United States,0,0,2043.99
502893,P10018,Yoga Pants,Apparel,4,2025-07-16,608.28,CUST00803,United Kingdom,0,0,2433.12
502284,P10018,Yoga Pants,Apparel,-3,2026-03-04,608.28,CUST00639,India,0,1,-1824.84
501112,P10026,Resistance Bands Set,Sports & Outdoors,5,2025-05-02,636.23,CUST00311,India,0,0,3181.15
502958,P10021,Lip Balm Set,Beauty & Personal Care,2,2025-07-19,652.97,CUST00829,United States,0,0,1305.94
502795,P10022,Sunscreen SPF50,Beauty & Personal Care,5,2025-09-01,514.51,CUST00779,United States,0,0,2572.55
502640,P10016,Wool Sweater,Apparel,5,2025-03-03,1250.39,CUST00749,Uae,0,0,6251.95
500818,P10033,Desk Organizer,Stationery & Office,2,2025-08-29,67.73,CUST00219,United Kingdom,0,0,135.46
502386,P10022,Sunscreen SPF50,Beauty & Personal Care,3,2026-02-27,514.51,,India,1,0,1543.53
501859,P10027,Water Bottle Sipper,Sports & Outdoors,2,2025-09-03,2203.72,CUST00521,United Kingdom,0,0,4407.44
501233,P10012,Storage Organizer,Home & Kitchen,1,2025-01-28,1268.9,CUST00335,India,0,0,1268.9
500980,P10030,Cycling Gloves,Sports & Outdoors,4,2025-12-25,820.52,CUST00273,Germany,0,0,3282.08
501194,P10016,Wool Sweater,Apparel,2,2025-11-22,1250.39,CUST00324,India,0,0,2500.78
501861,P10032,Gel Pen Pack,Stationery & Office,4,2025-04-04,687.3,CUST00521,United Kingdom,0,0,2749.2
500415,P10016,Wool Sweater,Apparel,3,2025-02-22,1250.39,,United States,1,0,3751.17
500114,P10027,Water Bottle Sipper,Sports & Outdoors,5,2025-08-24,2203.72,CUST00047,India,0,0,11018.6
501985,P10001,Wireless Earbuds,Electronics,2,2025-06-04,606.94,CUST00553,United Kingdom,0,0,1213.88
501596,P10032,Gel Pen Pack,Stationery & Office,5,2025-07-20,687.3,CUST00448,United States,0,0,3436.5
500887,P10008,LED Desk Lamp,Home & Kitchen,2,2025-06-27,1311.15,CUST00239,United Kingdom,0,0,2622.3
502807,P10005,Power Bank 10000mAh,Electronics,3,2026-03-29,1034.93,CUST00780,United Kingdom,0,0,3104.79
500472,P10028,Camping Torch,Sports & Outdoors,2,2026-05-20,2043.99,CUST00158,United States,0,0,4087.98
500950,P10007,Non-Stick Pan,Home & Kitchen,3,2025-03-13,331.24,CUST00264,India,0,0,993.72
502066,P10024,Beard Trimmer,Beauty & Personal Care,1,2025-04-27,700.79,CUST00572,United States,0,0,700.79
501423,P10023,Hair Dryer,Beauty & Personal Care,5,2026-06-04,1018.4,CUST00392,India,0,0,5092.0
501754,P10012,Storage Organizer,Home & Kitchen,4,2025-05-22,1268.9,CUST00485,United Kingdom,0,0,5075.6
501286,P10006,Smartwatch Band,Electronics,1,2025-12-12,990.13,CUST00345,India,0,0,990.13
501170,P10026,Resistance Bands Set,Sports & Outdoors,4,2025-03-10,636.23,CUST00324,India,0,0,2544.92
501052,P10026,Resistance Bands Set,Sports & Outdoors,2,2025-02-25,636.23,,India,1,0,1272.46
502343,P10017,Formal Shirt,Apparel,2,2025-01-27,562.91,CUST00665,India,0,0,1125.82
502293,P10035,Whiteboard Marker Set,Stationery & Office,5,2026-04-03,808.92,CUST00644,India,0,0,4044.6
500268,P10009,Cotton Bedsheet Set,Home & Kitchen,1,2026-02-07,1519.89,,India,1,0,1519.89
502263,P10035,Whiteboard Marker Set,Stationery & Office,1,2026-04-05,808.92,CUST00634,India,0,0,808.92
502552,P10011,Ceramic Mug Set,Home & Kitchen,4,2025-05-11,1993.94,CUST00731,India,0,0,7975.76
501854,P10004,USB-C Cable,Electronics,5,2025-04-26,3182.97,CUST00518,United States,0,0,15914.85
501554,P10006,Smartwatch Band,Electronics,3,2026-03-16,990.13,CUST00440,India,0,0,2970.39
500160,P10024,Beard Trimmer,Beauty & Personal Care,2,2025-03-08,700.79,CUST00058,India,0,0,1401.58
500369,P10011,Ceramic Mug Set,Home & Kitchen,5,2026-01-08,1993.94,CUST00129,India,0,0,9969.7
502069,P10018,Yoga Pants,Apparel,3,2025-07-08,608.28,CUST00574,United Kingdom,0,0,1824.84
502376,P10022,Sunscreen SPF50,Beauty & Personal Care,3,2025-04-10,514.51,CUST00674,India,0,0,1543.53
501156,P10029,Badminton Racket,Sports & Outdoors,5,2026-04-27,274.87,CUST00321,India,0,0,1374.35
500407,P10028,Camping Torch,Sports & Outdoors,1,2025-01-16,2043.99,CUST00138,United States,0,0,2043.99
500479,P10002,Bluetooth Speaker,Electronics,3,2025-09-17,2723.88,CUST00159,India,0,0,8171.64
502355,P10020,Herbal Shampoo,Beauty & Personal Care,1,2025-05-01,1426.26,CUST00666,India,0,0,1426.26
502007,P10025,Yoga Mat,Sports & Outdoors,2,2025-05-05,270.08,CUST00557,India,0,0,540.16
500086,P10030,Cycling Gloves,Sports & Outdoors,5,2025-01-15,820.52,CUST00037,India,0,0,4102.6
501943,P10034,Sticky Notes Pack,Stationery & Office,-2,2025-07-23,147.9,CUST00540,India,0,1,-295.8
500757,P10015,Running Shoes,Apparel,2,2025-07-06,980.3,CUST00216,India,0,0,1960.6
500901,P10026,Resistance Bands Set,Sports & Outdoors,1,2025-10-01,636.23,CUST00248,Singapore,0,0,636.23
502462,P10027,Water Bottle Sipper,Sports & Outdoors,3,2026-05-23,2203.72,CUST00703,India,0,0,6611.16
502624,P10007,Non-Stick Pan,Home & Kitchen,3,2026-05-10,331.24,CUST00740,India,0,0,993.72
501155,P10019,Face Serum,Beauty & Personal Care,4,2025-09-20,1312.41,CUST00320,India,0,0,5249.64
501269,P10001,Wireless Earbuds,Electronics,2,2025-05-09,606.94,CUST00343,India,0,0,1213.88
501481,P10005,Power Bank 10000mAh,Electronics,2,2026-03-09,1034.93,CUST00419,United Kingdom,0,0,2069.86
500156,P10020,Herbal Shampoo,Beauty & Personal Care,3,2025-09-23,1426.26,CUST00057,India,0,0,4278.78
500182,P10015,Running Shoes,Apparel,4,2026-03-22,980.3,CUST00066,India,0,0,3921.2
501908,P10029,Badminton Racket,Sports & Outdoors,4,2025-06-21,274.87,CUST00539,India,0,0,1099.48
500614,P10036,Backpack,Stationery & Office,4,2025-01-14,218.62,CUST00189,India,0,0,874.48
501574,P10015,Running Shoes,Apparel,3,2026-04-20,980.3,CUST00448,United States,0,0,2940.9
501864,P10015,Running Shoes,Apparel,1,2026-02-26,980.3,CUST00522,India,0,0,980.3
502303,P10029,Badminton Racket,Sports & Outdoors,2,2025-04-09,274.87,CUST00651,India,0,0,549.74
502512,P10006,Smartwatch Band,Electronics,4,2025-01-06,990.13,CUST00710,United Kingdom,0,0,3960.52
500577,P10034,Sticky Notes Pack,Stationery & Office,3,2026-04-01,147.9,CUST00176,India,0,0,443.7
502645,P10031,Notebook Set,Stationery & Office,4,2025-04-15,268.52,CUST00749,Uae,0,0,1074.08
500126,P10019,Face Serum,Beauty & Personal Care,4,2026-05-17,1312.41,CUST00047,India,0,0,5249.64
501014,P10024,Beard Trimmer,Beauty & Personal Care,5,2026-01-17,700.79,CUST00286,India,0,0,3503.95
502183,P10019,Face Serum,Beauty & Personal Care,4,2025-06-22,1312.41,CUST00595,Germany,0,0,5249.64
501765,P10010,Insulated Water Bottle,Home & Kitchen,1,2026-04-30,396.84,CUST00485,United Kingdom,0,0,396.84
501480,P10007,Non-Stick Pan,Home & Kitchen,1,2025-04-08,331.24,CUST00418,India,0,0,331.24
502143,P10021,Lip Balm Set,Beauty & Personal Care,2,2026-04-13,652.97,CUST00583,India,0,0,1305.94
501275,P10022,Sunscreen SPF50,Beauty & Personal Care,2,2025-03-12,514.51,CUST00343,India,0,0,1029.02
502408,P10031,Notebook Set,Stationery & Office,5,2026-01-24,268.52,CUST00688,India,0,0,1342.6
501118,P10011,Ceramic Mug Set,Home & Kitchen,4,2025-07-22,1993.94,CUST00311,India,0,0,7975.76
501335,P10001,Wireless Earbuds,Electronics,4,2025-02-11,606.94,CUST00359,Uae,0,0,2427.76
502929,P10007,Non-Stick Pan,Home & Kitchen,1,2026-01-14,331.24,CUST00815,Germany,0,0,331.24
501508,P10012,Storage Organizer,Home & Kitchen,2,2025-10-06,1268.9,CUST00426,India,0,0,2537.8
500188,P10022,Sunscreen SPF50,Beauty & Personal Care,1,2026-03-08,514.51,CUST00068,United States,0,0,514.51
502913,P10011,Ceramic Mug Set,Home & Kitchen,2,2025-04-12,1993.94,CUST00813,India,0,0,3987.88
501489,P10003,Phone Case,Electronics,4,2026-02-07,1049.71,CUST00420,United States,0,0,4198.84
501824,P10031,Notebook Set,Stationery & Office,1,2026-03-09,268.52,CUST00503,India,0,0,268.52
502666,P10032,Gel Pen Pack,Stationery & Office,2,2025-07-05,687.3,CUST00753,United Kingdom,0,0,1374.6
501952,P10030,Cycling Gloves,Sports & Outdoors,2,2025-09-06,820.52,CUST00542,United Kingdom,0,0,1641.04
500297,P10012,Storage Organizer,Home & Kitchen,5,2025-05-14,1268.9,CUST00116,Germany,0,0,6344.5
501214,P10030,Cycling Gloves,Sports & Outdoors,1,2026-05-17,820.52,,India,1,0,820.52
501077,P10026,Resistance Bands Set,Sports & Outdoors,3,2025-08-27,636.23,CUST00300,India,0,0,1908.69
501800,P10012,Storage Organizer,Home & Kitchen,5,2025-10-28,1268.9,CUST00497,United Kingdom,0,0,6344.5
501171,P10003,Phone Case,Electronics,-1,2025-08-06,1049.71,CUST00324,India,0,1,-1049.71
501548,P10005,Power Bank 10000mAh,Electronics,3,2025-12-08,1034.93,CUST00439,United States,0,0,3104.79
502397,P10028,Camping Torch,Sports & Outdoors,1,2026-03-15,2043.99,CUST00682,India,0,0,2043.99
501349,P10006,Smartwatch Band,Electronics,2,2026-05-05,990.13,CUST00363,India,0,0,1980.26
501159,P10022,Sunscreen SPF50,Beauty & Personal Care,1,2025-11-16,514.51,CUST00322,United States,0,0,514.51
501386,P10021,Lip Balm Set,Beauty & Personal Care,5,2026-03-25,652.97,CUST00385,United States,0,0,3264.85
500778,P10026,Resistance Bands Set,Sports & Outdoors,4,2026-06-03,636.23,CUST00218,United States,0,0,2544.92
500619,P10032,Gel Pen Pack,Stationery & Office,4,2026-01-11,687.3,CUST00189,India,0,0,2749.2
502411,P10025,Yoga Mat,Sports & Outdoors,3,2025-06-08,270.08,CUST00688,India,0,0,810.24
500364,P10016,Wool Sweater,Apparel,5,2025-10-09,1250.39,CUST00127,United States,0,0,6251.95
500741,P10021,Lip Balm Set,Beauty & Personal Care,2,2025-05-07,652.97,CUST00208,United Kingdom,0,0,1305.94
500019,P10015,Running Shoes,Apparel,2,2026-06-12,980.3,CUST00008,Germany,0,0,1960.6
501307,P10004,USB-C Cable,Electronics,3,2025-04-01,3182.97,CUST00353,United Kingdom,0,0,9548.91
502733,P10033,Desk Organizer,Stationery & Office,-2,2025-05-09,67.73,CUST00769,India,0,1,-135.46
502189,P10036,Backpack,Stationery & Office,5,2025-05-18,218.62,CUST00600,India,0,0,1093.1
501461,P10029,Badminton Racket,Sports & Outdoors,3,2026-02-12,274.87,CUST00412,Uae,0,0,824.61
502919,P10010,Insulated Water Bottle,Home & Kitchen,3,2025-06-10,396.84,CUST00813,India,0,0,1190.52
500884,P10030,Cycling Gloves,Sports & Outdoors,1,2025-10-05,820.52,CUST00238,India,0,0,820.52
501048,P10010,Insulated Water Bottle,Home & Kitchen,4,2026-04-21,396.84,CUST00295,India,0,0,1587.36
503098,P10002,Bluetooth Speaker,Electronics,5,2025-04-06,2723.88,CUST00847,India,0,0,13619.4
500527,P10028,Camping Torch,Sports & Outdoors,5,2026-03-10,2043.99,CUST00169,India,0,0,10219.95
500183,P10024,Beard Trimmer,Beauty & Personal Care,3,2026-04-24,700.79,CUST00066,India,0,0,2102.37
503079,P10010,Insulated Water Bottle,Home & Kitchen,1,2025-02-12,396.84,CUST00842,United Kingdom,0,0,396.84
501867,P10011,Ceramic Mug Set,Home & Kitchen,2,2025-12-19,1993.94,CUST00523,Singapore,0,0,3987.88
502047,P10028,Camping Torch,Sports & Outdoors,4,2026-05-07,2043.99,CUST00567,India,0,0,8175.96
503083,P10018,Yoga Pants,Apparel,3,2026-05-26,608.28,CUST00842,United Kingdom,0,0,1824.84
501082,P10031,Notebook Set,Stationery & Office,4,2025-01-09,268.52,CUST00300,India,0,0,1074.08
500538,P10027,Water Bottle Sipper,Sports & Outdoors,1,2025-01-29,2203.72,CUST00169,India,0,0,2203.72
502916,P10027,Water Bottle Sipper,Sports & Outdoors,2,2025-03-27,2203.72,CUST00813,India,0,0,4407.44
501411,P10004,USB-C Cable,Electronics,4,2026-06-12,3182.97,CUST00392,India,0,0,12731.88
500268,P10022,Sunscreen SPF50,Beauty & Personal Care,4,2026-02-07,514.51,CUST00106,India,0,0,2058.04
500885,P10020,Herbal Shampoo,Beauty & Personal Care,3,2025-08-19,1426.26,CUST00238,India,0,0,4278.78
502809,P10012,Storage Organizer,Home & Kitchen,3,2025-08-25,1268.9,CUST00782,India,0,0,3806.7
501419,P10032,Gel Pen Pack,Stationery & Office,1,2025-10-31,687.3,CUST00392,India,0,0,687.3
500996,P10025,Yoga Mat,Sports & Outdoors,3,2025-04-01,270.08,CUST00280,United States,0,0,810.24
501173,P10020,Herbal Shampoo,Beauty & Personal Care,4,2026-03-28,1426.26,CUST00324,India,0,0,5705.04
502541,P10004,USB-C Cable,Electronics,1,2025-03-25,3182.97,CUST00725,United Kingdom,0,0,3182.97
502464,P10001,Wireless Earbuds,Electronics,5,2025-10-09,606.94,CUST00704,India,0,0,3034.7
500978,P10026,Resistance Bands Set,Sports & Outdoors,1,2026-06-06,636.23,CUST00273,Germany,0,0,636.23
501235,P10027,Water Bottle Sipper,Sports & Outdoors,1,2025-02-28,2203.72,CUST00335,India,0,0,2203.72
500344,P10036,Backpack,Stationery & Office,1,2026-03-24,218.62,CUST00126,India,0,0,218.62
502370,P10029,Badminton Racket,Sports & Outdoors,4,2025-08-07,274.87,CUST00672,Germany,0,0,1099.48
500424,P10027,Water Bottle Sipper,Sports & Outdoors,5,2026-03-25,2203.72,CUST00139,India,0,0,11018.6
501778,P10033,Desk Organizer,Stationery & Office,5,2026-02-21,67.73,CUST00490,Germany,0,0,338.65
501571,P10029,Badminton Racket,Sports & Outdoors,5,2025-01-14,274.87,CUST00448,United States,0,0,1374.35
502050,P10003,Phone Case,Electronics,1,2025-01-12,1049.71,CUST00568,India,0,0,1049.71
500716,P10018,Yoga Pants,Apparel,3,2025-12-31,608.28,CUST00203,India,0,0,1824.84
500010,P10005,Power Bank 10000mAh,Electronics,5,2025-12-10,1034.93,CUST00006,India,0,0,5174.65
500846,P10028,Camping Torch,Sports & Outdoors,1,2026-01-29,2043.99,CUST00229,Germany,0,0,2043.99
500581,P10035,Whiteboard Marker Set,Stationery & Office,3,2025-08-04,808.92,CUST00176,India,0,0,2426.76
503024,P10036,Backpack,Stationery & Office,3,2026-04-05,218.62,CUST00833,India,0,0,655.86
500101,P10022,Sunscreen SPF50,Beauty & Personal Care,2,2025-06-23,514.51,CUST00042,India,0,0,1029.02
501467,P10028,Camping Torch,Sports & Outdoors,2,2025-09-30,2043.99,CUST00415,United Kingdom,0,0,4087.98
500517,P10034,Sticky Notes Pack,Stationery & Office,4,2026-01-24,147.9,,India,1,0,591.6
500477,P10034,Sticky Notes Pack,Stationery & Office,3,2025-08-18,147.9,CUST00159,India,0,0,443.7
500194,P10030,Cycling Gloves,Sports & Outdoors,4,2025-08-16,820.52,CUST00070,Singapore,0,0,3282.08
501845,P10028,Camping Torch,Sports & Outdoors,4,2025-05-06,2043.99,CUST00513,Uae,0,0,8175.96
502121,P10023,Hair Dryer,Beauty & Personal Care,2,2025-11-14,1018.4,CUST00580,India,0,0,2036.8
502696,P10031,Notebook Set,Stationery & Office,4,2025-09-15,268.52,CUST00754,India,0,0,1074.08
500825,P10020,Herbal Shampoo,Beauty & Personal Care,1,2025-12-17,1426.26,CUST00219,United Kingdom,0,0,1426.26
500572,P10021,Lip Balm Set,Beauty & Personal Care,2,2025-03-13,652.97,CUST00175,United Kingdom,0,0,1305.94
503043,P10025,Yoga Mat,Sports & Outdoors,4,2025-03-04,270.08,CUST00841,India,0,0,1080.32
501315,P10033,Desk Organizer,Stationery & Office,2,2025-01-02,67.73,CUST00354,India,0,0,135.46
500511,P10036,Backpack,Stationery & Office,5,2025-01-27,218.62,CUST00168,India,0,0,1093.1
500775,P10009,Cotton Bedsheet Set,Home & Kitchen,3,2025-07-11,1519.89,CUST00218,United States,0,0,4559.67
501702,P10032,Gel Pen Pack,Stationery & Office,4,2026-03-30,687.3,CUST00469,India,0,0,2749.2
500768,P10033,Desk Organizer,Stationery & Office,1,2025-10-23,67.73,CUST00216,India,0,0,67.73
500773,P10028,Camping Torch,Sports & Outdoors,2,2025-08-09,2043.99,CUST00217,India,0,0,4087.98
500120,P10025,Yoga Mat,Sports & Outdoors,2,2025-08-18,270.08,CUST00047,India,0,0,540.16
502255,P10020,Herbal Shampoo,Beauty & Personal Care,4,2025-07-03,1426.26,CUST00632,Germany,0,0,5705.04
501511,P10032,Gel Pen Pack,Stationery & Office,5,2025-03-21,687.3,CUST00427,India,0,0,3436.5
500076,P10014,Denim Jacket,Apparel,3,2025-05-01,1048.3,CUST00033,India,0,0,3144.9
502778,P10025,Yoga Mat,Sports & Outdoors,3,2026-02-09,270.08,CUST00779,United States,0,0,810.24
502700,P10031,Notebook Set,Stationery & Office,2,2025-09-12,268.52,CUST00754,India,0,0,537.04
503013,P10036,Backpack,Stationery & Office,1,2025-11-30,218.62,CUST00833,India,0,0,218.62
501556,P10013,Cotton T-Shirt,Apparel,5,2025-05-31,1190.46,CUST00442,Singapore,0,0,5952.3
501759,P10019,Face Serum,Beauty & Personal Care,1,2025-11-23,1312.41,CUST00485,United Kingdom,0,0,1312.41
502117,P10014,Denim Jacket,Apparel,3,2025-02-05,1048.3,CUST00579,India,0,0,3144.9
501560,P10025,Yoga Mat,Sports & Outdoors,-2,2025-11-22,270.08,,India,1,1,-540.16
502001,P10031,Notebook Set,Stationery & Office,3,2025-08-19,268.52,CUST00555,Germany,0,0,805.56
501178,P10029,Badminton Racket,Sports & Outdoors,5,2026-04-26,274.87,CUST00324,India,0,0,1374.35
500005,P10008,LED Desk Lamp,Home & Kitchen,3,2026-03-11,1311.15,CUST00004,United Kingdom,0,0,3933.45
501255,P10010,Insulated Water Bottle,Home & Kitchen,5,2026-01-14,396.84,CUST00343,India,0,0,1984.2
500661,P10002,Bluetooth Speaker,Electronics,3,2025-04-14,2723.88,CUST00194,United Kingdom,0,0,8171.64
501420,P10013,Cotton T-Shirt,Apparel,3,2025-06-01,1190.46,CUST00392,India,0,0,3571.38
502143,P10003,Phone Case,Electronics,4,2026-04-13,1049.71,CUST00583,India,0,0,4198.84
502945,P10025,Yoga Mat,Sports & Outdoors,4,2026-02-12,270.08,CUST00821,United States,0,0,1080.32
501589,P10033,Desk Organizer,Stationery & Office,5,2025-05-03,67.73,CUST00448,United States,0,0,338.65
500812,P10035,Whiteboard Marker Set,Stationery & Office,1,2026-06-14,808.92,CUST00219,United Kingdom,0,0,808.92
500360,P10028,Camping Torch,Sports & Outdoors,2,2025-03-04,2043.99,CUST00127,United States,0,0,4087.98
500282,P10005,Power Bank 10000mAh,Electronics,3,2025-08-04,1034.93,CUST00112,India,0,0,3104.79
501200,P10011,Ceramic Mug Set,Home & Kitchen,4,2025-06-29,1993.94,CUST00324,India,0,0,7975.76
501145,P10027,Water Bottle Sipper,Sports & Outdoors,5,2026-01-20,2203.72,CUST00315,Germany,0,0,11018.6
500472,P10004,USB-C Cable,Electronics,4,2026-05-20,3182.97,CUST00158,United States,0,0,12731.88
500648,P10010,Insulated Water Bottle,Home & Kitchen,5,2025-05-12,396.84,CUST00192,Germany,0,0,1984.2
501121,P10036,Backpack,Stationery & Office,-4,2025-12-19,218.62,CUST00311,India,0,1,-874.48
500909,P10014,Denim Jacket,Apparel,2,2025-12-07,1048.3,CUST00251,India,0,0,2096.6
500271,P10021,Lip Balm Set,Beauty & Personal Care,1,2025-11-08,652.97,CUST00108,United States,0,0,652.97
501203,P10027,Water Bottle Sipper,Sports & Outdoors,2,2025-01-24,2203.72,CUST00324,India,0,0,4407.44
501479,P10032,Gel Pen Pack,Stationery & Office,2,2025-12-26,687.3,CUST00418,India,0,0,1374.6
502097,P10009,Cotton Bedsheet Set,Home & Kitchen,1,2025-04-25,1519.89,CUST00579,India,0,0,1519.89
502699,P10033,Desk Organizer,Stationery & Office,5,2025-10-29,67.73,CUST00754,India,0,0,338.65
500978,P10026,Resistance Bands Set,Sports & Outdoors,2,2026-06-06,636.23,CUST00273,Germany,0,0,1272.46
502197,P10015,Running Shoes,Apparel,2,2025-10-13,980.3,CUST00606,India,0,0,1960.6
500772,P10015,Running Shoes,Apparel,2,2026-05-11,980.3,CUST00217,India,0,0,1960.6
500969,P10016,Wool Sweater,Apparel,1,2025-08-13,1250.39,CUST00270,India,0,0,1250.39
500786,P10002,Bluetooth Speaker,Electronics,-4,2025-06-26,2723.88,CUST00219,United Kingdom,0,1,-10895.52
500028,P10004,USB-C Cable,Electronics,5,2026-03-21,3182.97,CUST00012,Singapore,0,0,15914.85
501450,P10001,Wireless Earbuds,Electronics,3,2025-08-26,606.94,CUST00407,India,0,0,1820.82
502510,P10002,Bluetooth Speaker,Electronics,4,2025-08-03,2723.88,CUST00709,India,0,0,10895.52
501537,P10028,Camping Torch,Sports & Outdoors,4,2026-05-16,2043.99,CUST00439,United States,0,0,8175.96
502687,P10005,Power Bank 10000mAh,Electronics,4,2026-05-22,1034.93,CUST00753,United Kingdom,0,0,4139.72
501525,P10023,Hair Dryer,Beauty & Personal Care,1,2025-07-11,1018.4,CUST00434,India,0,0,1018.4
502945,P10023,Hair Dryer,Beauty & Personal Care,3,2026-02-12,1018.4,CUST00821,United States,0,0,3055.2
501135,P10015,Running Shoes,Apparel,4,2025-11-23,980.3,CUST00312,India,0,0,3921.2
500029,P10008,LED Desk Lamp,Home & Kitchen,-1,2025-01-30,1311.15,CUST00012,Singapore,0,1,-1311.15
501963,P10013,Cotton T-Shirt,Apparel,4,2026-03-26,1190.46,CUST00542,United Kingdom,0,0,4761.84
502265,P10006,Smartwatch Band,Electronics,5,2026-04-10,990.13,CUST00634,India,0,0,4950.65
500933,P10015,Running Shoes,Apparel,1,2025-09-20,980.3,CUST00260,India,0,0,980.3
501376,P10006,Smartwatch Band,Electronics,4,2025-04-17,990.13,CUST00378,India,0,0,3960.52
500239,P10013,Cotton T-Shirt,Apparel,2,2026-06-03,1190.46,CUST00094,United Kingdom,0,0,2380.92
501604,P10018,Yoga Pants,Apparel,4,2025-05-03,608.28,CUST00448,United States,0,0,2433.12
502625,P10004,USB-C Cable,Electronics,5,2025-05-14,3182.97,CUST00741,India,0,0,15914.85
501373,P10004,USB-C Cable,Electronics,1,2025-07-17,3182.97,CUST00376,India,0,0,3182.97
500057,P10001,Wireless Earbuds,Electronics,1,2026-04-28,606.94,CUST00027,India,0,0,606.94
500421,P10011,Ceramic Mug Set,Home & Kitchen,3,2025-11-02,1993.94,CUST00138,United States,0,0,5981.82
501857,P10002,Bluetooth Speaker,Electronics,5,2025-01-15,2723.88,CUST00520,India,0,0,13619.4
502934,P10032,Gel Pen Pack,Stationery & Office,2,2025-07-29,687.3,CUST00815,Germany,0,0,1374.6
501516,P10010,Insulated Water Bottle,Home & Kitchen,4,2025-09-22,396.84,CUST00429,India,0,0,1587.36
501609,P10026,Resistance Bands Set,Sports & Outdoors,2,2025-06-25,636.23,CUST00448,United States,0,0,1272.46
500367,P10033,Desk Organizer,Stationery & Office,1,2026-05-03,67.73,CUST00128,Germany,0,0,67.73
502702,P10018,Yoga Pants,Apparel,3,2025-10-28,608.28,CUST00755,India,0,0,1824.84
502492,P10022,Sunscreen SPF50,Beauty & Personal Care,1,2026-01-08,514.51,CUST00706,Singapore,0,0,514.51
502547,P10014,Denim Jacket,Apparel,2,2025-11-19,1048.3,CUST00727,India,0,0,2096.6
502248,P10028,Camping Torch,Sports & Outdoors,2,2025-08-17,2043.99,CUST00627,India,0,0,4087.98
502432,P10003,Phone Case,Electronics,1,2025-01-30,1049.71,CUST00699,India,0,0,1049.71
501060,P10013,Cotton T-Shirt,Apparel,2,2025-06-12,1190.46,CUST00295,India,0,0,2380.92
501288,P10033,Desk Organizer,Stationery & Office,4,2026-01-29,67.73,CUST00347,United Kingdom,0,0,270.92
501549,P10020,Herbal Shampoo,Beauty & Personal Care,1,2025-09-12,1426.26,CUST00439,United States,0,0,1426.26
502346,P10001,Wireless Earbuds,Electronics,3,2025-12-11,606.94,CUST00665,India,0,0,1820.82
502797,P10009,Cotton Bedsheet Set,Home & Kitchen,1,2026-04-16,1519.89,CUST00779,United States,0,0,1519.89
500323,P10025,Yoga Mat,Sports & Outdoors,3,2025-07-20,270.08,CUST00124,India,0,0,810.24
500687,P10015,Running Shoes,Apparel,1,2025-10-08,980.3,CUST00201,United Kingdom,0,0,980.3
502682,P10010,Insulated Water Bottle,Home & Kitchen,3,2026-01-17,396.84,CUST00753,United Kingdom,0,0,1190.52
500235,P10036,Backpack,Stationery & Office,5,2025-07-15,218.62,CUST00091,India,0,0,1093.1
500456,P10008,LED Desk Lamp,Home & Kitchen,2,2025-04-19,1311.15,CUST00150,India,0,0,2622.3
502939,P10029,Badminton Racket,Sports & Outdoors,1,2025-01-02,274.87,CUST00817,United Kingdom,0,0,274.87
502050,P10012,Storage Organizer,Home & Kitchen,4,2025-01-12,1268.9,CUST00568,India,0,0,5075.6
500822,P10002,Bluetooth Speaker,Electronics,1,2025-06-19,2723.88,CUST00219,United Kingdom,0,0,2723.88
501942,P10013,Cotton T-Shirt,Apparel,3,2025-12-06,1190.46,CUST00540,India,0,0,3571.38
502792,P10027,Water Bottle Sipper,Sports & Outdoors,2,2025-02-10,2203.72,CUST00779,United States,0,0,4407.44
502847,P10020,Herbal Shampoo,Beauty & Personal Care,3,2025-05-30,1426.26,CUST00793,India,0,0,4278.78
501855,P10024,Beard Trimmer,Beauty & Personal Care,1,2025-05-19,700.79,CUST00519,Singapore,0,0,700.79
501429,P10015,Running Shoes,Apparel,1,2025-05-19,980.3,CUST00392,India,0,0,980.3
500792,P10026,Resistance Bands Set,Sports & Outdoors,4,2025-03-11,636.23,CUST00219,United Kingdom,0,0,2544.92
500537,P10011,Ceramic Mug Set,Home & Kitchen,4,2026-01-31,1993.94,CUST00169,India,0,0,7975.76
502986,P10035,Whiteboard Marker Set,Stationery & Office,1,2025-01-07,808.92,CUST00830,India,0,0,808.92
501368,P10015,Running Shoes,Apparel,2,2025-07-09,980.3,CUST00374,United Kingdom,0,0,1960.6
500240,P10032,Gel Pen Pack,Stationery & Office,5,2026-06-09,687.3,CUST00094,United Kingdom,0,0,3436.5
501607,P10017,Formal Shirt,Apparel,3,2025-09-10,562.91,CUST00448,United States,0,0,1688.73
500224,P10031,Notebook Set,Stationery & Office,3,2025-04-29,268.52,CUST00086,India,0,0,805.56
502689,P10013,Cotton T-Shirt,Apparel,-2,2025-11-05,1190.46,CUST00753,United Kingdom,0,1,-2380.92
502958,P10021,Lip Balm Set,Beauty & Personal Care,5,2025-07-19,652.97,CUST00829,United States,0,0,3264.85
500450,P10010,Insulated Water Bottle,Home & Kitchen,2,2026-03-07,396.84,CUST00145,India,0,0,793.68
502689,P10008,LED Desk Lamp,Home & Kitchen,4,2025-11-05,1311.15,CUST00753,United Kingdom,0,0,5244.6
500086,P10002,Bluetooth Speaker,Electronics,1,2025-01-15,2723.88,CUST00037,India,0,0,2723.88
501264,P10023,Hair Dryer,Beauty & Personal Care,5,2026-01-30,1018.4,CUST00343,India,0,0,5092.0
500497,P10001,Wireless Earbuds,Electronics,3,2025-04-06,606.94,CUST00166,Germany,0,0,1820.82
500858,P10026,Resistance Bands Set,Sports & Outdoors,2,2025-07-08,636.23,CUST00234,India,0,0,1272.46
502705,P10005,Power Bank 10000mAh,Electronics,5,2026-06-06,1034.93,CUST00756,United States,0,0,5174.65
502448,P10004,USB-C Cable,Electronics,2,2025-03-24,3182.97,CUST00699,India,0,0,6365.94
503056,P10014,Denim Jacket,Apparel,2,2025-03-30,1048.3,CUST00842,United Kingdom,0,0,2096.6
500967,P10015,Running Shoes,Apparel,4,2025-11-01,980.3,CUST00270,India,0,0,3921.2
501148,P10031,Notebook Set,Stationery & Office,3,2026-02-20,268.52,CUST00317,India,0,0,805.56
501071,P10028,Camping Torch,Sports & Outdoors,4,2025-03-08,2043.99,CUST00298,India,0,0,8175.96
502901,P10027,Water Bottle Sipper,Sports & Outdoors,4,2026-02-21,2203.72,CUST00807,Uae,0,0,8814.88
502903,P10024,Beard Trimmer,Beauty & Personal Care,1,2025-06-07,700.79,,India,1,0,700.79
502601,P10020,Herbal Shampoo,Beauty & Personal Care,3,2025-03-02,1426.26,CUST00734,India,0,0,4278.78
501012,P10025,Yoga Mat,Sports & Outdoors,3,2025-03-27,270.08,CUST00286,India,0,0,810.24
500178,P10025,Yoga Mat,Sports & Outdoors,1,2025-02-24,270.08,CUST00064,India,0,0,270.08
502557,P10010,Insulated Water Bottle,Home & Kitchen,2,2025-12-15,396.84,CUST00731,India,0,0,793.68
501593,P10019,Face Serum,Beauty & Personal Care,4,2026-04-23,1312.41,CUST00448,United States,0,0,5249.64
500085,P10008,LED Desk Lamp,Home & Kitchen,4,2025-04-22,1311.15,,United States,1,0,5244.6
501365,P10029,Badminton Racket,Sports & Outdoors,4,2025-05-29,274.87,CUST00372,India,0,0,1099.48
500951,P10036,Backpack,Stationery & Office,2,2025-08-24,218.62,CUST00265,Germany,0,0,437.24
502657,P10023,Hair Dryer,Beauty & Personal Care,2,2025-03-08,1018.4,CUST00753,United Kingdom,0,0,2036.8
502703,P10015,Running Shoes,Apparel,1,2026-06-07,980.3,CUST00755,India,0,0,980.3
502276,P10017,Formal Shirt,Apparel,1,2025-09-14,562.91,CUST00636,India,0,0,562.91
501640,P10010,Insulated Water Bottle,Home & Kitchen,2,2026-05-29,396.84,CUST00454,Uae,0,0,793.68
501172,P10011,Ceramic Mug Set,Home & Kitchen,1,2026-06-22,1993.94,CUST00324,India,0,0,1993.94
501150,P10007,Non-Stick Pan,Home & Kitchen,5,2025-06-27,331.24,CUST00319,India,0,0,1656.2
501790,P10019,Face Serum,Beauty & Personal Care,1,2025-12-18,1312.41,,United Kingdom,1,0,1312.41
502442,P10009,Cotton Bedsheet Set,Home & Kitchen,4,2026-06-01,1519.89,CUST00699,India,0,0,6079.56
501963,P10033,Desk Organizer,Stationery & Office,2,2026-03-26,67.73,CUST00542,United Kingdom,0,0,135.46
502827,P10004,USB-C Cable,Electronics,2,2025-08-09,3182.97,CUST00786,Uae,0,0,6365.94
501787,P10017,Formal Shirt,Apparel,4,2026-06-09,562.91,CUST00495,India,0,0,2251.64
501026,P10006,Smartwatch Band,Electronics,4,2025-10-18,990.13,CUST00286,India,0,0,3960.52
502838,P10001,Wireless Earbuds,Electronics,2,2025-06-06,606.94,CUST00788,India,0,0,1213.88
501427,P10022,Sunscreen SPF50,Beauty & Personal Care,1,2025-01-11,514.51,CUST00392,India,0,0,514.51
501738,P10008,LED Desk Lamp,Home & Kitchen,2,2025-06-01,1311.15,CUST00481,United Kingdom,0,0,2622.3
500340,P10007,Non-Stick Pan,Home & Kitchen,5,2025-01-28,331.24,CUST00126,India,0,0,1656.2
502131,P10001,Wireless Earbuds,Electronics,4,2025-01-10,606.94,CUST00581,India,0,0,2427.76
502601,P10017,Formal Shirt,Apparel,5,2025-03-02,562.91,CUST00734,India,0,0,2814.55
502944,P10022,Sunscreen SPF50,Beauty & Personal Care,1,2025-06-23,514.51,CUST00821,United States,0,0,514.51
500155,P10016,Wool Sweater,Apparel,5,2026-01-25,1250.39,CUST00057,India,0,0,6251.95
502626,P10026,Resistance Bands Set,Sports & Outdoors,4,2026-02-27,636.23,CUST00742,India,0,0,2544.92
501184,P10006,Smartwatch Band,Electronics,3,2025-09-23,990.13,CUST00324,India,0,0,2970.39
500748,P10021,Lip Balm Set,Beauty & Personal Care,4,2025-08-16,652.97,CUST00213,United Kingdom,0,0,2611.88
501214,P10014,Denim Jacket,Apparel,2,2026-05-17,1048.3,CUST00329,India,0,0,2096.6
502627,P10009,Cotton Bedsheet Set,Home & Kitchen,5,2026-03-07,1519.89,CUST00742,India,0,0,7599.45
500808,P10016,Wool Sweater,Apparel,4,2025-08-05,1250.39,CUST00219,United Kingdom,0,0,5001.56
500412,P10016,Wool Sweater,Apparel,5,2025-11-27,1250.39,CUST00138,United States,0,0,6251.95
502447,P10028,Camping Torch,Sports & Outdoors,1,2025-09-20,2043.99,CUST00699,India,0,0,2043.99
502220,P10019,Face Serum,Beauty & Personal Care,3,2026-02-24,1312.41,CUST00620,United States,0,0,3937.23
502523,P10017,Formal Shirt,Apparel,1,2025-08-12,562.91,CUST00715,India,0,0,562.91
501369,P10007,Non-Stick Pan,Home & Kitchen,4,2025-10-03,331.24,CUST00374,United Kingdom,0,0,1324.96
500465,P10003,Phone Case,Electronics,2,2025-07-09,1049.71,CUST00155,Singapore,0,0,2099.42
500885,P10002,Bluetooth Speaker,Electronics,4,2025-08-19,2723.88,CUST00238,India,0,0,10895.52
501205,P10009,Cotton Bedsheet Set,Home & Kitchen,4,2025-06-16,1519.89,CUST00324,India,0,0,6079.56
500034,P10018,Yoga Pants,Apparel,1,2026-01-13,608.28,CUST00016,India,0,0,608.28
502267,P10029,Badminton Racket,Sports & Outdoors,4,2025-02-13,274.87,,India,1,0,1099.48
500033,P10036,Backpack,Stationery & Office,2,2025-10-19,218.62,CUST00015,India,0,0,437.24
500498,P10014,Denim Jacket,Apparel,1,2025-10-18,1048.3,CUST00166,Germany,0,0,1048.3
501840,P10019,Face Serum,Beauty & Personal Care,4,2026-02-06,1312.41,CUST00510,United States,0,0,5249.64
500312,P10020,Herbal Shampoo,Beauty & Personal Care,3,2025-01-08,1426.26,CUST00120,India,0,0,4278.78
501712,P10016,Wool Sweater,Apparel,2,2025-09-01,1250.39,CUST00471,India,0,0,2500.78
500641,P10023,Hair Dryer,Beauty & Personal Care,1,2025-07-26,1018.4,CUST00189,India,0,0,1018.4
502924,P10007,Non-Stick Pan,Home & Kitchen,1,2025-03-29,331.24,CUST00815,Germany,0,0,331.24
501497,P10001,Wireless Earbuds,Electronics,3,2026-01-26,606.94,CUST00423,India,0,0,1820.82
501952,P10021,Lip Balm Set,Beauty & Personal Care,2,2025-09-06,652.97,CUST00542,United Kingdom,0,0,1305.94
502589,P10029,Badminton Racket,Sports & Outdoors,4,2026-06-20,274.87,CUST00731,India,0,0,1099.48
502955,P10028,Camping Torch,Sports & Outdoors,5,2026-06-20,2043.99,CUST00827,India,0,0,10219.95
500141,P10009,Cotton Bedsheet Set,Home & Kitchen,3,2025-06-19,1519.89,CUST00052,United States,0,0,4559.67
502007,P10009,Cotton Bedsheet Set,Home & Kitchen,4,2025-05-05,1519.89,CUST00557,India,0,0,6079.56
500867,P10019,Face Serum,Beauty & Personal Care,1,2025-08-28,1312.41,CUST00236,United States,0,0,1312.41
502718,P10029,Badminton Racket,Sports & Outdoors,2,2025-11-08,274.87,CUST00762,India,0,0,549.74
500851,P10006,Smartwatch Band,Electronics,3,2025-03-08,990.13,CUST00232,India,0,0,2970.39
500430,P10015,Running Shoes,Apparel,2,2026-02-18,980.3,,India,1,0,1960.6
502687,P10014,Denim Jacket,Apparel,1,2026-05-22,1048.3,CUST00753,United Kingdom,0,0,1048.3
502561,P10018,Yoga Pants,Apparel,4,2025-03-04,608.28,CUST00731,India,0,0,2433.12
502903,P10014,Denim Jacket,Apparel,4,2025-06-07,1048.3,CUST00809,India,0,0,4193.2
502313,P10032,Gel Pen Pack,Stationery & Office,4,2025-05-31,687.3,CUST00656,India,0,0,2749.2
500503,P10017,Formal Shirt,Apparel,5,2026-05-12,562.91,CUST00167,India,0,0,2814.55
500434,P10035,Whiteboard Marker Set,Stationery & Office,2,2025-04-26,808.92,CUST00141,Singapore,0,0,1617.84
500179,P10018,Yoga Pants,Apparel,4,2025-05-05,608.28,CUST00064,India,0,0,2433.12
500446,P10015,Running Shoes,Apparel,2,2025-04-15,980.3,CUST00144,India,0,0,1960.6
501816,P10013,Cotton T-Shirt,Apparel,4,2025-12-18,1190.46,CUST00503,India,0,0,4761.84
501722,P10015,Running Shoes,Apparel,-4,2026-01-31,980.3,CUST00475,India,0,1,-3921.2
500496,P10035,Whiteboard Marker Set,Stationery & Office,2,2025-04-16,808.92,CUST00165,India,0,0,1617.84
502400,P10033,Desk Organizer,Stationery & Office,5,2025-11-08,67.73,CUST00684,United Kingdom,0,0,338.65
500630,P10014,Denim Jacket,Apparel,2,2025-05-23,1048.3,CUST00189,India,0,0,2096.6
500766,P10009,Cotton Bedsheet Set,Home & Kitchen,4,2026-05-22,1519.89,CUST00216,India,0,0,6079.56
500298,P10034,Sticky Notes Pack,Stationery & Office,5,2025-08-26,147.9,CUST00116,Germany,0,0,739.5
501415,P10024,Beard Trimmer,Beauty & Personal Care,5,2026-01-03,700.79,CUST00392,India,0,0,3503.95
501769,P10014,Denim Jacket,Apparel,1,2026-05-13,1048.3,CUST00487,India,0,0,1048.3
500228,P10014,Denim Jacket,Apparel,1,2025-07-08,1048.3,CUST00087,United States,0,0,1048.3
501951,P10032,Gel Pen Pack,Stationery & Office,1,2025-11-08,687.3,CUST00541,Uae,0,0,687.3
500547,P10001,Wireless Earbuds,Electronics,1,2026-04-11,606.94,CUST00169,India,0,0,606.94
500858,P10026,Resistance Bands Set,Sports & Outdoors,4,2025-07-08,636.23,CUST00234,India,0,0,2544.92
500712,P10029,Badminton Racket,Sports & Outdoors,5,2025-12-11,274.87,,India,1,0,1374.35
500498,P10025,Yoga Mat,Sports & Outdoors,2,2025-10-18,270.08,CUST00166,Germany,0,0,540.16
500233,P10027,Water Bottle Sipper,Sports & Outdoors,1,2026-06-27,2203.72,CUST00090,India,0,0,2203.72
500605,P10018,Yoga Pants,Apparel,3,2026-01-12,608.28,CUST00180,India,0,0,1824.84
502239,P10036,Backpack,Stationery & Office,5,2025-04-26,218.62,CUST00627,India,0,0,1093.1
500899,P10014,Denim Jacket,Apparel,2,2025-09-28,1048.3,CUST00246,Uae,0,0,2096.6
500887,P10021,Lip Balm Set,Beauty & Personal Care,2,2025-06-27,652.97,CUST00239,United Kingdom,0,0,1305.94
501910,P10027,Water Bottle Sipper,Sports & Outdoors,3,2026-05-23,2203.72,CUST00539,India,0,0,6611.16
501627,P10004,USB-C Cable,Electronics,4,2026-03-07,3182.97,CUST00449,India,0,0,12731.88
500091,P10019,Face Serum,Beauty & Personal Care,4,2025-04-13,1312.41,CUST00037,India,0,0,5249.64
500935,P10022,Sunscreen SPF50,Beauty & Personal Care,4,2025-02-19,514.51,CUST00261,United Kingdom,0,0,2058.04
501068,P10034,Sticky Notes Pack,Stationery & Office,5,2025-03-23,147.9,CUST00298,India,0,0,739.5
501658,P10018,Yoga Pants,Apparel,4,2025-03-01,608.28,CUST00463,United States,0,0,2433.12
502052,P10007,Non-Stick Pan,Home & Kitchen,2,2025-03-20,331.24,CUST00570,India,0,0,662.48
500822,P10023,Hair Dryer,Beauty & Personal Care,2,2025-06-19,1018.4,CUST00219,United Kingdom,0,0,2036.8
501588,P10031,Notebook Set,Stationery & Office,1,2025-03-16,268.52,CUST00448,United States,0,0,268.52
501736,P10027,Water Bottle Sipper,Sports & Outdoors,-5,2025-05-07,2203.72,CUST00480,India,0,1,-11018.6
501784,P10027,Water Bottle Sipper,Sports & Outdoors,4,2026-03-20,2203.72,CUST00493,India,0,0,8814.88
502410,P10018,Yoga Pants,Apparel,3,2025-05-01,608.28,CUST00688,India,0,0,1824.84
501222,P10001,Wireless Earbuds,Electronics,3,2026-03-26,606.94,CUST00333,India,0,0,1820.82
502999,P10018,Yoga Pants,Apparel,5,2025-10-05,608.28,CUST00830,India,0,0,3041.4
501337,P10030,Cycling Gloves,Sports & Outdoors,1,2025-03-18,820.52,CUST00359,Uae,0,0,820.52
502044,P10007,Non-Stick Pan,Home & Kitchen,5,2025-05-19,331.24,CUST00567,India,0,0,1656.2
500812,P10001,Wireless Earbuds,Electronics,2,2026-06-14,606.94,CUST00219,United Kingdom,0,0,1213.88
500544,P10019,Face Serum,Beauty & Personal Care,2,2026-01-18,1312.41,CUST00169,India,0,0,2624.82
501266,P10017,Formal Shirt,Apparel,5,2025-05-18,562.91,CUST00343,India,0,0,2814.55
502097,P10016,Wool Sweater,Apparel,2,2025-04-25,1250.39,CUST00579,India,0,0,2500.78
502231,P10035,Whiteboard Marker Set,Stationery & Office,5,2025-12-30,808.92,CUST00625,United Kingdom,0,0,4044.6
500686,P10006,Smartwatch Band,Electronics,4,2026-02-21,990.13,CUST00201,United Kingdom,0,0,3960.52
500896,P10030,Cycling Gloves,Sports & Outdoors,2,2025-07-02,820.52,,India,1,0,1641.04
502748,P10014,Denim Jacket,Apparel,4,2025-02-12,1048.3,CUST00774,India,0,0,4193.2
500549,P10034,Sticky Notes Pack,Stationery & Office,3,2026-01-24,147.9,CUST00169,India,0,0,443.7
500855,P10028,Camping Torch,Sports & Outdoors,5,2025-02-13,2043.99,CUST00232,India,0,0,10219.95
502200,P10011,Ceramic Mug Set,Home & Kitchen,2,2026-05-07,1993.94,CUST00609,India,0,0,3987.88
501394,P10031,Notebook Set,Stationery & Office,5,2025-11-28,268.52,,India,1,0,1342.6
501156,P10005,Power Bank 10000mAh,Electronics,5,2026-04-27,1034.93,CUST00321,India,0,0,5174.65
502200,P10033,Desk Organizer,Stationery & Office,4,2026-05-07,67.73,CUST00609,India,0,0,270.92
501832,P10007,Non-Stick Pan,Home & Kitchen,1,2025-05-22,331.24,CUST00506,India,0,0,331.24
501166,P10032,Gel Pen Pack,Stationery & Office,-1,2025-04-13,687.3,CUST00324,India,0,1,-687.3
500492,P10011,Ceramic Mug Set,Home & Kitchen,1,2025-02-09,1993.94,CUST00165,India,0,0,1993.94
501009,P10007,Non-Stick Pan,Home & Kitchen,1,2025-11-18,331.24,CUST00286,India,0,0,331.24
500606,P10032,Gel Pen Pack,Stationery & Office,2,2025-05-17,687.3,CUST00181,India,0,0,1374.6
501452,P10014,Denim Jacket,Apparel,3,2026-03-10,1048.3,CUST00408,India,0,0,3144.9
501685,P10015,Running Shoes,Apparel,1,2025-07-24,980.3,CUST00463,United States,0,0,980.3
500496,P10012,Storage Organizer,Home & Kitchen,4,2025-04-16,1268.9,CUST00165,India,0,0,5075.6
501530,P10012,Storage Organizer,Home & Kitchen,2,2025-04-12,1268.9,CUST00437,India,0,0,2537.8
502476,P10005,Power Bank 10000mAh,Electronics,1,2026-03-03,1034.93,CUST00706,Singapore,0,0,1034.93
502754,P10001,Wireless Earbuds,Electronics,2,2025-09-06,606.94,CUST00777,India,0,0,1213.88
501027,P10006,Smartwatch Band,Electronics,1,2025-01-20,990.13,CUST00286,India,0,0,990.13
500370,P10020,Herbal Shampoo,Beauty & Personal Care,2,2026-04-17,1426.26,CUST00129,India,0,0,2852.52
502565,P10036,Backpack,Stationery & Office,1,2025-11-21,218.62,CUST00731,India,0,0,218.62
500424,P10012,Storage Organizer,Home & Kitchen,3,2026-03-25,1268.9,CUST00139,India,0,0,3806.7
503000,P10021,Lip Balm Set,Beauty & Personal Care,3,2025-04-29,652.97,CUST00830,India,0,0,1958.91
501807,P10003,Phone Case,Electronics,3,2026-04-25,1049.71,CUST00499,Singapore,0,0,3149.13
501456,P10023,Hair Dryer,Beauty & Personal Care,5,2026-04-24,1018.4,CUST00409,Uae,0,0,5092.0
501489,P10011,Ceramic Mug Set,Home & Kitchen,2,2026-02-07,1993.94,CUST00420,United States,0,0,3987.88
501115,P10008,LED Desk Lamp,Home & Kitchen,5,2026-02-08,1311.15,CUST00311,India,0,0,6555.75
501081,P10032,Gel Pen Pack,Stationery & Office,5,2026-06-29,687.3,CUST00300,India,0,0,3436.5
501622,P10018,Yoga Pants,Apparel,1,2026-04-30,608.28,CUST00449,India,0,0,608.28
502116,P10003,Phone Case,Electronics,3,2026-04-10,1049.71,CUST00579,India,0,0,3149.13
500527,P10032,Gel Pen Pack,Stationery & Office,5,2026-03-10,687.3,CUST00169,India,0,0,3436.5
501675,P10008,LED Desk Lamp,Home & Kitchen,2,2025-04-07,1311.15,CUST00463,United States,0,0,2622.3
502148,P10001,Wireless Earbuds,Electronics,2,2026-02-14,606.94,CUST00583,India,0,0,1213.88
502727,P10029,Badminton Racket,Sports & Outdoors,1,2025-01-25,274.87,,United States,1,0,274.87
500086,P10019,Face Serum,Beauty & Personal Care,2,2025-01-15,1312.41,CUST00037,India,0,0,2624.82
502045,P10019,Face Serum,Beauty & Personal Care,3,2026-02-04,1312.41,CUST00567,India,0,0,3937.23
500648,P10012,Storage Organizer,Home & Kitchen,4,2025-05-12,1268.9,CUST00192,Germany,0,0,5075.6
501268,P10018,Yoga Pants,Apparel,5,2025-08-31,608.28,CUST00343,India,0,0,3041.4
501840,P10033,Desk Organizer,Stationery & Office,5,2026-02-06,67.73,CUST00510,United States,0,0,338.65
500362,P10018,Yoga Pants,Apparel,2,2026-01-27,608.28,CUST00127,United States,0,0,1216.56
500413,P10024,Beard Trimmer,Beauty & Personal Care,3,2025-05-07,700.79,CUST00138,United States,0,0,2102.37
501953,P10015,Running Shoes,Apparel,2,2025-08-17,980.3,CUST00542,United Kingdom,0,0,1960.6
501643,P10013,Cotton T-Shirt,Apparel,5,2025-04-09,1190.46,CUST00457,India,0,0,5952.3
500927,P10005,Power Bank 10000mAh,Electronics,3,2025-03-06,1034.93,,United Kingdom,1,0,3104.79
501277,P10026,Resistance Bands Set,Sports & Outdoors,4,2026-04-17,636.23,CUST00343,India,0,0,2544.92
501147,P10011,Ceramic Mug Set,Home & Kitchen,5,2025-08-16,1993.94,CUST00316,United Kingdom,0,0,9969.7
500892,P10028,Camping Torch,Sports & Outdoors,2,2025-10-01,2043.99,CUST00242,Uae,0,0,4087.98
501892,P10005,Power Bank 10000mAh,Electronics,5,2026-06-22,1034.93,CUST00532,Singapore,0,0,5174.65
501499,P10004,USB-C Cable,Electronics,5,2026-04-25,3182.97,CUST00424,India,0,0,15914.85
502777,P10004,USB-C Cable,Electronics,3,2025-05-22,3182.97,CUST00779,United States,0,0,9548.91
501141,P10023,Hair Dryer,Beauty & Personal Care,4,2025-07-06,1018.4,CUST00313,India,0,0,4073.6
501019,P10012,Storage Organizer,Home & Kitchen,5,2025-06-28,1268.9,CUST00286,India,0,0,6344.5
500186,P10014,Denim Jacket,Apparel,2,2025-09-03,1048.3,CUST00068,United States,0,0,2096.6
500433,P10023,Hair Dryer,Beauty & Personal Care,5,2026-06-25,1018.4,CUST00140,Singapore,0,0,5092.0
500193,P10008,LED Desk Lamp,Home & Kitchen,3,2025-09-30,1311.15,CUST00069,India,0,0,3933.45
500822,P10011,Ceramic Mug Set,Home & Kitchen,5,2025-06-19,1993.94,CUST00219,United Kingdom,0,0,9969.7
500911,P10020,Herbal Shampoo,Beauty & Personal Care,2,2025-10-17,1426.26,CUST00252,India,0,0,2852.52
501227,P10020,Herbal Shampoo,Beauty & Personal Care,1,2026-05-24,1426.26,CUST00335,India,0,0,1426.26
501668,P10032,Gel Pen Pack,Stationery & Office,5,2025-08-09,687.3,CUST00463,United States,0,0,3436.5
501398,P10008,LED Desk Lamp,Home & Kitchen,4,2025-01-02,1311.15,CUST00389,United States,0,0,5244.6
502397,P10030,Cycling Gloves,Sports & Outdoors,5,2026-03-15,820.52,CUST00682,India,0,0,4102.6
500703,P10003,Phone Case,Electronics,4,2025-08-28,1049.71,,India,1,0,4198.84
501031,P10018,Yoga Pants,Apparel,3,2026-02-15,608.28,CUST00287,India,0,0,1824.84
502333,P10023,Hair Dryer,Beauty & Personal Care,3,2026-04-14,1018.4,CUST00661,India,0,0,3055.2
501903,P10007,Non-Stick Pan,Home & Kitchen,-1,2025-12-05,331.24,CUST00535,United States,0,1,-331.24
502354,P10036,Backpack,Stationery & Office,1,2026-01-18,218.62,CUST00666,India,0,0,218.62
502726,P10013,Cotton T-Shirt,Apparel,1,2026-01-13,1190.46,CUST00764,United States,0,0,1190.46
500165,P10026,Resistance Bands Set,Sports & Outdoors,4,2026-04-30,636.23,CUST00062,India,0,0,2544.92
501991,P10032,Gel Pen Pack,Stationery & Office,1,2025-07-05,687.3,CUST00555,Germany,0,0,687.3
500479,P10029,Badminton Racket,Sports & Outdoors,5,2025-09-17,274.87,CUST00159,India,0,0,1374.35
501925,P10007,Non-Stick Pan,Home & Kitchen,4,2026-06-08,331.24,CUST00539,India,0,0,1324.96
500438,P10012,Storage Organizer,Home & Kitchen,1,2026-01-29,1268.9,CUST00141,Singapore,0,0,1268.9
502123,P10015,Running Shoes,Apparel,2,2026-05-07,980.3,CUST00581,India,0,0,1960.6
500665,P10036,Backpack,Stationery & Office,3,2026-01-22,218.62,CUST00195,India,0,0,655.86
502580,P10007,Non-Stick Pan,Home & Kitchen,3,2025-12-17,331.24,CUST00731,India,0,0,993.72
501425,P10010,Insulated Water Bottle,Home & Kitchen,3,2025-05-14,396.84,CUST00392,India,0,0,1190.52
502316,P10018,Yoga Pants,Apparel,1,2025-09-07,608.28,CUST00658,India,0,0,608.28
502903,P10020,Herbal Shampoo,Beauty & Personal Care,3,2025-06-07,1426.26,CUST00809,India,0,0,4278.78
500920,P10010,Insulated Water Bottle,Home & Kitchen,5,2025-10-25,396.84,CUST00255,India,0,0,1984.2
502718,P10023,Hair Dryer,Beauty & Personal Care,1,2025-11-08,1018.4,CUST00762,India,0,0,1018.4
500601,P10032,Gel Pen Pack,Stationery & Office,3,2025-06-23,687.3,CUST00178,India,0,0,2061.9
502989,P10004,USB-C Cable,Electronics,3,2025-01-21,3182.97,CUST00830,India,0,0,9548.91
501809,P10003,Phone Case,Electronics,4,2025-08-25,1049.71,CUST00501,United Kingdom,0,0,4198.84
503043,P10016,Wool Sweater,Apparel,1,2025-03-04,1250.39,CUST00841,India,0,0,1250.39
502004,P10015,Running Shoes,Apparel,2,2025-02-05,980.3,CUST00555,Germany,0,0,1960.6
501639,P10025,Yoga Mat,Sports & Outdoors,5,2025-04-22,270.08,CUST00453,India,0,0,1350.4
500584,P10008,LED Desk Lamp,Home & Kitchen,2,2025-11-30,1311.15,CUST00176,India,0,0,2622.3
501992,P10009,Cotton Bedsheet Set,Home & Kitchen,2,2025-10-03,1519.89,CUST00555,Germany,0,0,3039.78
501461,P10031,Notebook Set,Stationery & Office,5,2026-02-12,268.52,CUST00412,Uae,0,0,1342.6
500582,P10024,Beard Trimmer,Beauty & Personal Care,2,2026-02-05,700.79,,India,1,0,1401.58
500713,P10020,Herbal Shampoo,Beauty & Personal Care,1,2026-01-08,1426.26,CUST00203,India,0,0,1426.26
503102,P10032,Gel Pen Pack,Stationery & Office,4,2026-01-18,687.3,CUST00850,United Kingdom,0,0,2749.2
501525,P10017,Formal Shirt,Apparel,2,2025-07-11,562.91,CUST00434,India,0,0,1125.82
502513,P10009,Cotton Bedsheet Set,Home & Kitchen,3,2026-03-28,1519.89,CUST00711,United States,0,0,4559.67
502512,P10002,Bluetooth Speaker,Electronics,-2,2025-01-06,2723.88,CUST00710,United Kingdom,0,1,-5447.76
501413,P10015,Running Shoes,Apparel,2,2026-05-13,980.3,CUST00392,India,0,0,1960.6
501742,P10021,Lip Balm Set,Beauty & Personal Care,1,2025-12-02,652.97,CUST00482,United Kingdom,0,0,652.97
502736,P10010,Insulated Water Bottle,Home & Kitchen,3,2025-09-05,396.84,CUST00770,Germany,0,0,1190.52
500770,P10035,Whiteboard Marker Set,Stationery & Office,1,2025-10-14,808.92,CUST00217,India,0,0,808.92
501013,P10035,Whiteboard Marker Set,Stationery & Office,2,2025-10-08,808.92,CUST00286,India,0,0,1617.84
502324,P10010,Insulated Water Bottle,Home & Kitchen,4,2026-01-12,396.84,CUST00659,United Kingdom,0,0,1587.36
501794,P10001,Wireless Earbuds,Electronics,2,2026-02-15,606.94,CUST00497,United Kingdom,0,0,1213.88
502892,P10031,Notebook Set,Stationery & Office,5,2026-01-13,268.52,CUST00802,India,0,0,1342.6
501230,P10028,Camping Torch,Sports & Outdoors,1,2025-12-28,2043.99,CUST00335,India,0,0,2043.99
500772,P10002,Bluetooth Speaker,Electronics,1,2026-05-11,2723.88,CUST00217,India,0,0,2723.88
501981,P10021,Lip Balm Set,Beauty & Personal Care,4,2025-11-28,652.97,CUST00551,India,0,0,2611.88
502244,P10017,Formal Shirt,Apparel,2,2025-12-01,562.91,CUST00627,India,0,0,1125.82
501790,P10008,LED Desk Lamp,Home & Kitchen,4,2025-12-18,1311.15,CUST00497,United Kingdom,0,0,5244.6
502434,P10028,Camping Torch,Sports & Outdoors,5,2025-04-26,2043.99,CUST00699,India,0,0,10219.95
500690,P10019,Face Serum,Beauty & Personal Care,1,2025-12-10,1312.41,CUST00203,India,0,0,1312.41
500869,P10023,Hair Dryer,Beauty & Personal Care,3,2026-06-14,1018.4,CUST00236,United States,0,0,3055.2
501216,P10032,Gel Pen Pack,Stationery & Office,2,2025-09-17,687.3,CUST00330,India,0,0,1374.6
502524,P10032,Gel Pen Pack,Stationery & Office,3,2025-12-09,687.3,CUST00716,Uae,0,0,2061.9
502780,P10034,Sticky Notes Pack,Stationery & Office,3,2025-10-23,147.9,CUST00779,United States,0,0,443.7
501530,P10002,Bluetooth Speaker,Electronics,3,2025-04-12,2723.88,,India,1,0,8171.64
501823,P10034,Sticky Notes Pack,Stationery & Office,5,2026-03-26,147.9,CUST00503,India,0,0,739.5
502628,P10026,Resistance Bands Set,Sports & Outdoors,5,2025-11-24,636.23,CUST00743,United States,0,0,3181.15
500688,P10001,Wireless Earbuds,Electronics,5,2025-09-17,606.94,CUST00202,India,0,0,3034.7
500693,P10033,Desk Organizer,Stationery & Office,2,2026-06-19,67.73,CUST00203,India,0,0,135.46
501040,P10015,Running Shoes,Apparel,5,2025-09-20,980.3,CUST00291,India,0,0,4901.5
501881,P10012,Storage Organizer,Home & Kitchen,1,2025-04-13,1268.9,CUST00530,Germany,0,0,1268.9
502223,P10003,Phone Case,Electronics,2,2025-01-05,1049.71,CUST00622,India,0,0,2099.42
500099,P10029,Badminton Racket,Sports & Outdoors,4,2025-09-16,274.87,CUST00041,India,0,0,1099.48
502706,P10025,Yoga Mat,Sports & Outdoors,-2,2025-07-27,270.08,CUST00756,United States,0,1,-540.16
501604,P10021,Lip Balm Set,Beauty & Personal Care,3,2025-05-03,652.97,CUST00448,United States,0,0,1958.91
502735,P10008,LED Desk Lamp,Home & Kitchen,4,2025-06-26,1311.15,CUST00770,Germany,0,0,5244.6
501025,P10005,Power Bank 10000mAh,Electronics,3,2025-11-26,1034.93,CUST00286,India,0,0,3104.79
500219,P10028,Camping Torch,Sports & Outdoors,2,2025-11-15,2043.99,CUST00086,India,0,0,4087.98
502590,P10023,Hair Dryer,Beauty & Personal Care,-4,2025-04-01,1018.4,CUST00731,India,0,1,-4073.6
501534,P10029,Badminton Racket,Sports & Outdoors,1,2025-06-05,274.87,CUST00438,Germany,0,0,274.87
501718,P10025,Yoga Mat,Sports & Outdoors,1,2025-10-25,270.08,CUST00474,Germany,0,0,270.08
500423,P10005,Power Bank 10000mAh,Electronics,5,2026-01-24,1034.93,CUST00139,India,0,0,5174.65
500531,P10010,Insulated Water Bottle,Home & Kitchen,1,2025-09-15,396.84,CUST00169,India,0,0,396.84
500168,P10005,Power Bank 10000mAh,Electronics,2,2025-07-21,1034.93,CUST00062,India,0,0,2069.86
501525,P10001,Wireless Earbuds,Electronics,4,2025-07-11,606.94,CUST00434,India,0,0,2427.76
502952,P10031,Notebook Set,Stationery & Office,3,2025-01-18,268.52,,Uae,1,0,805.56
501645,P10014,Denim Jacket,Apparel,4,2026-06-27,1048.3,CUST00457,India,0,0,4193.2
500087,P10018,Yoga Pants,Apparel,3,2025-01-15,608.28,CUST00037,India,0,0,1824.84
501520,P10019,Face Serum,Beauty & Personal Care,4,2025-11-20,1312.41,CUST00431,India,0,0,5249.64
502488,P10035,Whiteboard Marker Set,Stationery & Office,3,2025-02-01,808.92,CUST00706,Singapore,0,0,2426.76
502581,P10032,Gel Pen Pack,Stationery & Office,2,2025-01-20,687.3,CUST00731,India,0,0,1374.6
502117,P10021,Lip Balm Set,Beauty & Personal Care,4,2025-02-05,652.97,CUST00579,India,0,0,2611.88
502556,P10023,Hair Dryer,Beauty & Personal Care,1,2025-06-26,1018.4,CUST00731,India,0,0,1018.4
500994,P10033,Desk Organizer,Stationery & Office,2,2025-10-27,67.73,CUST00280,United States,0,0,135.46
503035,P10033,Desk Organizer,Stationery & Office,1,2026-04-16,67.73,CUST00836,India,0,0,67.73
502055,P10029,Badminton Racket,Sports & Outdoors,1,2026-03-09,274.87,CUST00570,India,0,0,274.87
500216,P10027,Water Bottle Sipper,Sports & Outdoors,2,2026-01-22,2203.72,CUST00085,India,0,0,4407.44
502889,P10009,Cotton Bedsheet Set,Home & Kitchen,5,2025-02-04,1519.89,CUST00801,United States,0,0,7599.45
500823,P10025,Yoga Mat,Sports & Outdoors,4,2025-07-03,270.08,CUST00219,United Kingdom,0,0,1080.32
500555,P10012,Storage Organizer,Home & Kitchen,2,2026-05-16,1268.9,CUST00169,India,0,0,2537.8
500722,P10006,Smartwatch Band,Electronics,5,2025-10-28,990.13,CUST00203,India,0,0,4950.65
502484,P10001,Wireless Earbuds,Electronics,2,2026-03-08,606.94,CUST00706,Singapore,0,0,1213.88
500506,P10026,Resistance Bands Set,Sports & Outdoors,3,2025-11-14,636.23,CUST00167,India,0,0,1908.69
500979,P10001,Wireless Earbuds,Electronics,4,2025-02-09,606.94,CUST00273,Germany,0,0,2427.76
501999,P10023,Hair Dryer,Beauty & Personal Care,5,2026-03-22,1018.4,CUST00555,Germany,0,0,5092.0
502532,P10006,Smartwatch Band,Electronics,4,2026-01-03,990.13,CUST00722,India,0,0,3960.52
500493,P10002,Bluetooth Speaker,Electronics,4,2026-01-01,2723.88,CUST00165,India,0,0,10895.52
502483,P10024,Beard Trimmer,Beauty & Personal Care,3,2025-02-15,700.79,CUST00706,Singapore,0,0,2102.37
502150,P10015,Running Shoes,Apparel,3,2025-05-23,980.3,CUST00584,India,0,0,2940.9
501741,P10002,Bluetooth Speaker,Electronics,3,2025-12-04,2723.88,CUST00482,United Kingdom,0,0,8171.64
500417,P10029,Badminton Racket,Sports & Outdoors,1,2025-10-03,274.87,CUST00138,United States,0,0,274.87
502603,P10003,Phone Case,Electronics,2,2025-07-05,1049.71,CUST00734,India,0,0,2099.42
500312,P10011,Ceramic Mug Set,Home & Kitchen,2,2025-01-08,1993.94,CUST00120,India,0,0,3987.88
502334,P10033,Desk Organizer,Stationery & Office,4,2025-06-26,67.73,CUST00661,India,0,0,270.92
500327,P10031,Notebook Set,Stationery & Office,2,2025-07-27,268.52,CUST00126,India,0,0,537.04
501065,P10007,Non-Stick Pan,Home & Kitchen,5,2025-10-27,331.24,CUST00298,India,0,0,1656.2
501998,P10027,Water Bottle Sipper,Sports & Outdoors,3,2025-12-26,2203.72,CUST00555,Germany,0,0,6611.16
502886,P10036,Backpack,Stationery & Office,3,2025-08-21,218.62,CUST00801,United States,0,0,655.86
501792,P10013,Cotton T-Shirt,Apparel,5,2025-09-10,1190.46,CUST00497,United Kingdom,0,0,5952.3
500054,P10030,Cycling Gloves,Sports & Outdoors,5,2026-02-17,820.52,CUST00025,India,0,0,4102.6
502132,P10020,Herbal Shampoo,Beauty & Personal Care,5,2025-05-24,1426.26,CUST00581,India,0,0,7131.3
500612,P10028,Camping Torch,Sports & Outdoors,4,2026-01-06,2043.99,CUST00187,United States,0,0,8175.96
500998,P10027,Water Bottle Sipper,Sports & Outdoors,4,2025-08-29,2203.72,CUST00281,Germany,0,0,8814.88
501981,P10030,Cycling Gloves,Sports & Outdoors,2,2025-11-28,820.52,,India,1,0,1641.04
500903,P10017,Formal Shirt,Apparel,4,2026-06-08,562.91,CUST00249,Singapore,0,0,2251.64
501105,P10015,Running Shoes,Apparel,5,2025-08-11,980.3,CUST00310,India,0,0,4901.5
501357,P10020,Herbal Shampoo,Beauty & Personal Care,3,2026-04-18,1426.26,CUST00366,India,0,0,4278.78
501547,P10018,Yoga Pants,Apparel,-4,2025-05-29,608.28,CUST00439,United States,0,1,-2433.12
501846,P10013,Cotton T-Shirt,Apparel,2,2025-08-06,1190.46,CUST00514,Germany,0,0,2380.92
500822,P10025,Yoga Mat,Sports & Outdoors,1,2025-06-19,270.08,CUST00219,United Kingdom,0,0,270.08
502764,P10014,Denim Jacket,Apparel,2,2026-03-28,1048.3,CUST00779,United States,0,0,2096.6
501194,P10002,Bluetooth Speaker,Electronics,3,2025-11-22,2723.88,CUST00324,India,0,0,8171.64
501008,P10014,Denim Jacket,Apparel,2,2025-12-22,1048.3,CUST00285,United Kingdom,0,0,2096.6
502372,P10002,Bluetooth Speaker,Electronics,4,2026-05-07,2723.88,CUST00673,India,0,0,10895.52
502472,P10028,Camping Torch,Sports & Outdoors,2,2026-04-02,2043.99,CUST00706,Singapore,0,0,4087.98
501712,P10013,Cotton T-Shirt,Apparel,3,2025-09-01,1190.46,CUST00471,India,0,0,3571.38
501845,P10014,Denim Jacket,Apparel,3,2025-05-06,1048.3,CUST00513,Uae,0,0,3144.9
500366,P10008,LED Desk Lamp,Home & Kitchen,3,2025-05-23,1311.15,CUST00127,United States,0,0,3933.45
500505,P10026,Resistance Bands Set,Sports & Outdoors,2,2025-08-16,636.23,CUST00167,India,0,0,1272.46
501891,P10004,USB-C Cable,Electronics,2,2025-06-23,3182.97,CUST00531,United States,0,0,6365.94
500681,P10016,Wool Sweater,Apparel,1,2026-03-26,1250.39,CUST00199,Germany,0,0,1250.39
502653,P10016,Wool Sweater,Apparel,2,2025-07-28,1250.39,CUST00753,United Kingdom,0,0,2500.78
500296,P10025,Yoga Mat,Sports & Outdoors,4,2026-01-25,270.08,CUST00115,United Kingdom,0,0,1080.32
502127,P10007,Non-Stick Pan,Home & Kitchen,3,2025-01-30,331.24,CUST00581,India,0,0,993.72
502188,P10035,Whiteboard Marker Set,Stationery & Office,1,2025-05-01,808.92,CUST00599,India,0,0,808.92
500664,P10015,Running Shoes,Apparel,3,2025-05-15,980.3,CUST00195,India,0,0,2940.9
502343,P10004,USB-C Cable,Electronics,2,2025-01-27,3182.97,CUST00665,India,0,0,6365.94
501599,P10034,Sticky Notes Pack,Stationery & Office,5,2026-03-24,147.9,CUST00448,United States,0,0,739.5
502572,P10027,Water Bottle Sipper,Sports & Outdoors,1,2025-11-15,2203.72,CUST00731,India,0,0,2203.72
501511,P10026,Resistance Bands Set,Sports & Outdoors,3,2025-03-21,636.23,CUST00427,India,0,0,1908.69
502184,P10020,Herbal Shampoo,Beauty & Personal Care,1,2025-08-29,1426.26,CUST00596,India,0,0,1426.26
501259,P10012,Storage Organizer,Home & Kitchen,5,2025-01-31,1268.9,CUST00343,India,0,0,6344.5
502837,P10033,Desk Organizer,Stationery & Office,2,2025-01-12,67.73,CUST00788,India,0,0,135.46
500106,P10030,Cycling Gloves,Sports & Outdoors,1,2025-07-12,820.52,CUST00046,United Kingdom,0,0,820.52
502827,P10029,Badminton Racket,Sports & Outdoors,2,2025-08-09,274.87,CUST00786,Uae,0,0,549.74
501740,P10020,Herbal Shampoo,Beauty & Personal Care,5,2025-03-03,1426.26,CUST00482,United Kingdom,0,0,7131.3
500709,P10014,Denim Jacket,Apparel,-4,2025-11-17,1048.3,CUST00203,India,0,1,-4193.2
502975,P10014,Denim Jacket,Apparel,3,2026-04-17,1048.3,CUST00830,India,0,0,3144.9
500202,P10021,Lip Balm Set,Beauty & Personal Care,1,2025-09-26,652.97,CUST00075,United States,0,0,652.97
501889,P10028,Camping Torch,Sports & Outdoors,3,2025-09-09,2043.99,CUST00530,Germany,0,0,6131.97
501228,P10005,Power Bank 10000mAh,Electronics,5,2025-10-27,1034.93,CUST00335,India,0,0,5174.65
502114,P10028,Camping Torch,Sports & Outdoors,1,2025-12-31,2043.99,CUST00579,India,0,0,2043.99
501805,P10016,Wool Sweater,Apparel,2,2025-09-14,1250.39,CUST00498,India,0,0,2500.78
501128,P10024,Beard Trimmer,Beauty & Personal Care,1,2025-06-07,700.79,CUST00312,India,0,0,700.79
500936,P10023,Hair Dryer,Beauty & Personal Care,5,2025-04-04,1018.4,CUST00261,United Kingdom,0,0,5092.0
500409,P10018,Yoga Pants,Apparel,5,2025-03-25,608.28,CUST00138,United States,0,0,3041.4
500608,P10007,Non-Stick Pan,Home & Kitchen,2,2025-05-12,331.24,CUST00183,Uae,0,0,662.48
501389,P10035,Whiteboard Marker Set,Stationery & Office,2,2025-04-29,808.92,,United States,1,0,1617.84
502763,P10011,Ceramic Mug Set,Home & Kitchen,1,2025-05-24,1993.94,CUST00779,United States,0,0,1993.94
500014,P10015,Running Shoes,Apparel,3,2025-01-15,980.3,CUST00007,India,0,0,2940.9
502518,P10007,Non-Stick Pan,Home & Kitchen,5,2026-01-25,331.24,CUST00714,India,0,0,1656.2
502736,P10017,Formal Shirt,Apparel,1,2025-09-05,562.91,CUST00770,Germany,0,0,562.91
500623,P10017,Formal Shirt,Apparel,3,2025-02-01,562.91,CUST00189,India,0,0,1688.73
500341,P10015,Running Shoes,Apparel,2,2025-07-19,980.3,,India,1,0,1960.6
502918,P10020,Herbal Shampoo,Beauty & Personal Care,3,2025-03-01,1426.26,CUST00813,India,0,0,4278.78
501801,P10034,Sticky Notes Pack,Stationery & Office,2,2025-07-16,147.9,CUST00497,United Kingdom,0,0,295.8
502387,P10016,Wool Sweater,Apparel,3,2025-06-19,1250.39,CUST00677,India,0,0,3751.17
500323,P10020,Herbal Shampoo,Beauty & Personal Care,3,2025-07-20,1426.26,CUST00124,India,0,0,4278.78
501081,P10024,Beard Trimmer,Beauty & Personal Care,5,2026-06-29,700.79,,India,1,0,3503.95
502815,P10011,Ceramic Mug Set,Home & Kitchen,3,2025-06-22,1993.94,CUST00782,India,0,0,5981.82
501354,P10031,Notebook Set,Stationery & Office,1,2025-06-16,268.52,CUST00365,Uae,0,0,268.52
500833,P10034,Sticky Notes Pack,Stationery & Office,1,2025-06-18,147.9,,United Kingdom,1,0,147.9
501990,P10007,Non-Stick Pan,Home & Kitchen,3,2026-06-14,331.24,CUST00555,Germany,0,0,993.72
502343,P10007,Non-Stick Pan,Home & Kitchen,3,2025-01-27,331.24,CUST00665,India,0,0,993.72
500891,P10009,Cotton Bedsheet Set,Home & Kitchen,4,2026-04-09,1519.89,CUST00241,Uae,0,0,6079.56
501528,P10015,Running Shoes,Apparel,4,2026-03-23,980.3,CUST00437,India,0,0,3921.2
500341,P10017,Formal Shirt,Apparel,3,2025-07-19,562.91,CUST00126,India,0,0,1688.73
502380,P10014,Denim Jacket,Apparel,4,2025-03-20,1048.3,CUST00674,India,0,0,4193.2
502121,P10016,Wool Sweater,Apparel,3,2025-11-14,1250.39,CUST00580,India,0,0,3751.17
502056,P10009,Cotton Bedsheet Set,Home & Kitchen,3,2025-06-10,1519.89,CUST00570,India,0,0,4559.67
502223,P10025,Yoga Mat,Sports & Outdoors,3,2025-01-05,270.08,CUST00622,India,0,0,810.24
500170,P10007,Non-Stick Pan,Home & Kitchen,2,2026-02-27,331.24,CUST00062,India,0,0,662.48
501725,P10012,Storage Organizer,Home & Kitchen,4,2026-06-02,1268.9,CUST00475,India,0,0,5075.6
501061,P10027,Water Bottle Sipper,Sports & Outdoors,2,2025-01-09,2203.72,CUST00295,India,0,0,4407.44
501024,P10036,Backpack,Stationery & Office,4,2025-08-28,218.62,CUST00286,India,0,0,874.48
502150,P10029,Badminton Racket,Sports & Outdoors,1,2025-05-23,274.87,CUST00584,India,0,0,274.87
501554,P10019,Face Serum,Beauty & Personal Care,5,2026-03-16,1312.41,CUST00440,India,0,0,6562.05
502795,P10022,Sunscreen SPF50,Beauty & Personal Care,5,2025-09-01,514.51,CUST00779,United States,0,0,2572.55
500541,P10020,Herbal Shampoo,Beauty & Personal Care,5,2026-03-27,1426.26,CUST00169,India,0,0,7131.3
502906,P10006,Smartwatch Band,Electronics,4,2025-07-17,990.13,CUST00812,Germany,0,0,3960.52
501351,P10029,Badminton Racket,Sports & Outdoors,5,2025-08-24,274.87,CUST00364,India,0,0,1374.35
502208,P10006,Smartwatch Band,Electronics,3,2025-03-10,990.13,CUST00614,India,0,0,2970.39
501737,P10036,Backpack,Stationery & Office,5,2025-07-29,218.62,CUST00481,United Kingdom,0,0,1093.1
502390,P10005,Power Bank 10000mAh,Electronics,3,2025-09-08,1034.93,CUST00679,Singapore,0,0,3104.79
501663,P10023,Hair Dryer,Beauty & Personal Care,2,2025-10-15,1018.4,CUST00463,United States,0,0,2036.8
501360,P10012,Storage Organizer,Home & Kitchen,2,2025-10-15,1268.9,CUST00369,India,0,0,2537.8
502371,P10013,Cotton T-Shirt,Apparel,4,2026-06-24,1190.46,CUST00673,India,0,0,4761.84
501668,P10032,Gel Pen Pack,Stationery & Office,-2,2025-08-09,687.3,CUST00463,United States,0,1,-1374.6
502620,P10012,Storage Organizer,Home & Kitchen,3,2025-09-22,1268.9,CUST00738,United States,0,0,3806.7
503078,P10036,Backpack,Stationery & Office,2,2025-04-03,218.62,CUST00842,United Kingdom,0,0,437.24
502025,P10034,Sticky Notes Pack,Stationery & Office,1,2026-03-01,147.9,CUST00563,India,0,0,147.9
503021,P10017,Formal Shirt,Apparel,5,2025-01-19,562.91,CUST00833,India,0,0,2814.55
501479,P10035,Whiteboard Marker Set,Stationery & Office,-3,2025-12-26,808.92,CUST00418,India,0,1,-2426.76
501777,P10023,Hair Dryer,Beauty & Personal Care,4,2025-07-19,1018.4,CUST00490,Germany,0,0,4073.6
500163,P10014,Denim Jacket,Apparel,1,2025-11-11,1048.3,CUST00060,India,0,0,1048.3
501896,P10034,Sticky Notes Pack,Stationery & Office,1,2025-06-14,147.9,CUST00534,United Kingdom,0,0,147.9
501692,P10007,Non-Stick Pan,Home & Kitchen,3,2026-03-03,331.24,CUST00465,Singapore,0,0,993.72
501653,P10023,Hair Dryer,Beauty & Personal Care,2,2026-04-23,1018.4,CUST00459,India,0,0,2036.8
500367,P10027,Water Bottle Sipper,Sports & Outdoors,4,2026-05-03,2203.72,CUST00128,Germany,0,0,8814.88
502336,P10009,Cotton Bedsheet Set,Home & Kitchen,4,2026-03-04,1519.89,CUST00661,India,0,0,6079.56
500170,P10024,Beard Trimmer,Beauty & Personal Care,4,2026-02-27,700.79,CUST00062,India,0,0,2803.16
500805,P10013,Cotton T-Shirt,Apparel,4,2025-04-04,1190.46,CUST00219,United Kingdom,0,0,4761.84
501757,P10015,Running Shoes,Apparel,4,2025-05-23,980.3,CUST00485,United Kingdom,0,0,3921.2
500085,P10007,Non-Stick Pan,Home & Kitchen,1,2025-04-22,331.24,CUST00036,United States,0,0,331.24
501641,P10034,Sticky Notes Pack,Stationery & Office,5,2025-08-16,147.9,CUST00455,India,0,0,739.5
501463,P10024,Beard Trimmer,Beauty & Personal Care,5,2025-03-26,700.79,CUST00413,Uae,0,0,3503.95
500084,P10028,Camping Torch,Sports & Outdoors,4,2025-05-26,2043.99,CUST00036,United States,0,0,8175.96
503018,P10017,Formal Shirt,Apparel,4,2026-01-26,562.91,CUST00833,India,0,0,2251.64
501714,P10028,Camping Torch,Sports & Outdoors,5,2025-03-24,2043.99,CUST00471,India,0,0,10219.95
500319,P10006,Smartwatch Band,Electronics,1,2025-11-17,990.13,CUST00122,Germany,0,0,990.13
500610,P10018,Yoga Pants,Apparel,3,2026-05-29,608.28,CUST00185,India,0,0,1824.84
501667,P10022,Sunscreen SPF50,Beauty & Personal Care,2,2025-09-29,514.51,CUST00463,United States,0,0,1029.02
502550,P10010,Insulated Water Bottle,Home & Kitchen,4,2026-02-13,396.84,CUST00730,India,0,0,1587.36
501999,P10016,Wool Sweater,Apparel,1,2026-03-22,1250.39,CUST00555,Germany,0,0,1250.39
502926,P10008,LED Desk Lamp,Home & Kitchen,3,2025-06-01,1311.15,CUST00815,Germany,0,0,3933.45
502425,P10012,Storage Organizer,Home & Kitchen,3,2025-07-24,1268.9,CUST00698,United Kingdom,0,0,3806.7
502745,P10029,Badminton Racket,Sports & Outdoors,3,2025-07-12,274.87,CUST00771,India,0,0,824.61
500215,P10007,Non-Stick Pan,Home & Kitchen,5,2026-06-19,331.24,CUST00084,India,0,0,1656.2
501580,P10002,Bluetooth Speaker,Electronics,4,2025-11-29,2723.88,CUST00448,United States,0,0,10895.52
501528,P10028,Camping Torch,Sports & Outdoors,1,2026-03-23,2043.99,CUST00437,India,0,0,2043.99
502976,P10013,Cotton T-Shirt,Apparel,4,2025-10-02,1190.46,CUST00830,India,0,0,4761.84
500343,P10001,Wireless Earbuds,Electronics,4,2025-02-27,606.94,CUST00126,India,0,0,2427.76
500257,P10006,Smartwatch Band,Electronics,3,2025-09-16,990.13,CUST00103,India,0,0,2970.39
502668,P10036,Backpack,Stationery & Office,1,2026-04-30,218.62,CUST00753,United Kingdom,0,0,218.62
500874,P10030,Cycling Gloves,Sports & Outdoors,3,2026-05-01,820.52,CUST00236,United States,0,0,2461.56
502565,P10036,Backpack,Stationery & Office,5,2025-11-21,218.62,CUST00731,India,0,0,1093.1
500953,P10009,Cotton Bedsheet Set,Home & Kitchen,1,2025-10-19,1519.89,CUST00265,Germany,0,0,1519.89
500683,P10018,Yoga Pants,Apparel,3,2025-01-10,608.28,CUST00199,Germany,0,0,1824.84
501400,P10025,Yoga Mat,Sports & Outdoors,4,2025-05-05,270.08,CUST00390,United States,0,0,1080.32
500072,P10007,Non-Stick Pan,Home & Kitchen,5,2025-09-05,331.24,CUST00032,India,0,0,1656.2
501791,P10006,Smartwatch Band,Electronics,-3,2025-01-18,990.13,CUST00497,United Kingdom,0,1,-2970.39
501896,P10017,Formal Shirt,Apparel,5,2025-06-14,562.91,CUST00534,United Kingdom,0,0,2814.55
500868,P10006,Smartwatch Band,Electronics,5,2025-05-02,990.13,,United States,1,0,4950.65
503106,P10015,Running Shoes,Apparel,1,2026-02-18,980.3,CUST00850,United Kingdom,0,0,980.3
501998,P10030,Cycling Gloves,Sports & Outdoors,3,2025-12-26,820.52,CUST00555,Germany,0,0,2461.56
500815,P10035,Whiteboard Marker Set,Stationery & Office,1,2025-02-14,808.92,CUST00219,United Kingdom,0,0,808.92
500738,P10031,Notebook Set,Stationery & Office,4,2025-08-24,268.52,CUST00206,India,0,0,1074.08
501089,P10006,Smartwatch Band,Electronics,2,2025-10-14,990.13,CUST00303,India,0,0,1980.26
502090,P10008,LED Desk Lamp,Home & Kitchen,2,2025-02-11,1311.15,CUST00579,India,0,0,2622.3
501620,P10007,Non-Stick Pan,Home & Kitchen,5,2025-02-10,331.24,CUST00449,India,0,0,1656.2
500123,P10010,Insulated Water Bottle,Home & Kitchen,2,2025-05-23,396.84,CUST00047,India,0,0,793.68
501447,P10027,Water Bottle Sipper,Sports & Outdoors,4,2025-03-01,2203.72,CUST00404,Germany,0,0,8814.88
502407,P10012,Storage Organizer,Home & Kitchen,2,2026-04-17,1268.9,CUST00688,India,0,0,2537.8
501069,P10016,Wool Sweater,Apparel,3,2025-11-09,1250.39,,India,1,0,3751.17
503052,P10030,Cycling Gloves,Sports & Outdoors,2,2025-11-11,820.52,CUST00842,United Kingdom,0,0,1641.04
501220,P10008,LED Desk Lamp,Home & Kitchen,2,2025-10-28,1311.15,CUST00332,United States,0,0,2622.3
501335,P10034,Sticky Notes Pack,Stationery & Office,2,2025-02-11,147.9,CUST00359,Uae,0,0,295.8
502065,P10036,Backpack,Stationery & Office,3,2025-10-25,218.62,,United States,1,0,655.86
501313,P10021,Lip Balm Set,Beauty & Personal Care,4,2025-03-17,652.97,CUST00353,United Kingdom,0,0,2611.88
500775,P10014,Denim Jacket,Apparel,5,2025-07-11,1048.3,CUST00218,United States,0,0,5241.5
502164,P10009,Cotton Bedsheet Set,Home & Kitchen,4,2025-05-30,1519.89,CUST00588,India,0,0,6079.56
501138,P10012,Storage Organizer,Home & Kitchen,5,2025-09-30,1268.9,,India,1,0,6344.5
500466,P10013,Cotton T-Shirt,Apparel,2,2025-11-12,1190.46,CUST00155,Singapore,0,0,2380.92
503055,P10036,Backpack,Stationery & Office,3,2025-03-15,218.62,CUST00842,United Kingdom,0,0,655.86
502685,P10022,Sunscreen SPF50,Beauty & Personal Care,3,2026-02-09,514.51,CUST00753,United Kingdom,0,0,1543.53
501696,P10023,Hair Dryer,Beauty & Personal Care,2,2025-12-21,1018.4,CUST00466,India,0,0,2036.8
503095,P10030,Cycling Gloves,Sports & Outdoors,1,2026-05-21,820.52,CUST00845,India,0,0,820.52
502087,P10019,Face Serum,Beauty & Personal Care,-3,2026-01-07,1312.41,CUST00579,India,0,1,-3937.23
501943,P10025,Yoga Mat,Sports & Outdoors,3,2025-07-23,270.08,CUST00540,India,0,0,810.24
501968,P10019,Face Serum,Beauty & Personal Care,-1,2025-06-15,1312.41,CUST00544,United Kingdom,0,1,-1312.41
501765,P10032,Gel Pen Pack,Stationery & Office,2,2026-04-30,687.3,CUST00485,United Kingdom,0,0,1374.6
501965,P10023,Hair Dryer,Beauty & Personal Care,5,2025-09-29,1018.4,CUST00543,India,0,0,5092.0
501811,P10019,Face Serum,Beauty & Personal Care,2,2026-01-13,1312.41,CUST00501,United Kingdom,0,0,2624.82
502744,P10012,Storage Organizer,Home & Kitchen,5,2025-10-13,1268.9,CUST00771,India,0,0,6344.5
501467,P10025,Yoga Mat,Sports & Outdoors,5,2025-09-30,270.08,CUST00415,United Kingdom,0,0,1350.4
502514,P10027,Water Bottle Sipper,Sports & Outdoors,1,2025-02-01,2203.72,CUST00712,United Kingdom,0,0,2203.72
502377,P10005,Power Bank 10000mAh,Electronics,-5,2025-08-23,1034.93,CUST00674,India,0,1,-5174.65
502436,P10028,Camping Torch,Sports & Outdoors,1,2025-11-26,2043.99,CUST00699,India,0,0,2043.99
502021,P10001,Wireless Earbuds,Electronics,2,2026-01-15,606.94,CUST00562,India,0,0,1213.88
502780,P10031,Notebook Set,Stationery & Office,1,2025-10-23,268.52,CUST00779,United States,0,0,268.52
502490,P10015,Running Shoes,Apparel,2,2026-04-22,980.3,,Singapore,1,0,1960.6
500094,P10025,Yoga Mat,Sports & Outdoors,4,2025-01-03,270.08,CUST00038,India,0,0,1080.32
500720,P10010,Insulated Water Bottle,Home & Kitchen,3,2026-01-17,396.84,CUST00203,India,0,0,1190.52
500708,P10014,Denim Jacket,Apparel,3,2025-08-11,1048.3,CUST00203,India,0,0,3144.9
500505,P10006,Smartwatch Band,Electronics,1,2025-08-16,990.13,CUST00167,India,0,0,990.13
500976,P10004,USB-C Cable,Electronics,1,2026-06-03,3182.97,CUST00272,United States,0,0,3182.97
503091,P10004,USB-C Cable,Electronics,4,2025-07-13,3182.97,CUST00843,India,0,0,12731.88
502457,P10028,Camping Torch,Sports & Outdoors,1,2026-02-17,2043.99,CUST00700,India,0,0,2043.99
501160,P10011,Ceramic Mug Set,Home & Kitchen,3,2026-01-31,1993.94,CUST00323,United Kingdom,0,0,5981.82
502157,P10016,Wool Sweater,Apparel,2,2026-01-17,1250.39,CUST00586,India,0,0,2500.78
501993,P10002,Bluetooth Speaker,Electronics,4,2026-02-24,2723.88,CUST00555,Germany,0,0,10895.52
500539,P10014,Denim Jacket,Apparel,5,2025-08-02,1048.3,CUST00169,India,0,0,5241.5
500730,P10004,USB-C Cable,Electronics,4,2026-03-19,3182.97,CUST00205,United Kingdom,0,0,12731.88
500380,P10027,Water Bottle Sipper,Sports & Outdoors,1,2025-12-03,2203.72,CUST00131,India,0,0,2203.72
501733,P10014,Denim Jacket,Apparel,1,2025-11-25,1048.3,CUST00479,Singapore,0,0,1048.3
501360,P10035,Whiteboard Marker Set,Stationery & Office,2,2025-10-15,808.92,CUST00369,India,0,0,1617.84
502403,P10006,Smartwatch Band,Electronics,1,2026-04-06,990.13,CUST00686,United Kingdom,0,0,990.13
501343,P10009,Cotton Bedsheet Set,Home & Kitchen,5,2026-03-02,1519.89,CUST00363,India,0,0,7599.45
501340,P10036,Backpack,Stationery & Office,2,2025-02-03,218.62,CUST00361,India,0,0,437.24
500770,P10003,Phone Case,Electronics,1,2025-10-14,1049.71,CUST00217,India,0,0,1049.71
501938,P10034,Sticky Notes Pack,Stationery & Office,1,2026-04-18,147.9,CUST00540,India,0,0,147.9
500030,P10009,Cotton Bedsheet Set,Home & Kitchen,5,2026-04-28,1519.89,CUST00012,Singapore,0,0,7599.45
503070,P10036,Backpack,Stationery & Office,3,2025-05-12,218.62,CUST00842,United Kingdom,0,0,655.86
502181,P10032,Gel Pen Pack,Stationery & Office,5,2025-08-10,687.3,CUST00595,Germany,0,0,3436.5
501001,P10031,Notebook Set,Stationery & Office,5,2025-12-03,268.52,CUST00281,Germany,0,0,1342.6
501058,P10025,Yoga Mat,Sports & Outdoors,3,2025-08-14,270.08,CUST00295,India,0,0,810.24
501078,P10035,Whiteboard Marker Set,Stationery & Office,3,2026-02-02,808.92,CUST00300,India,0,0,2426.76
500073,P10016,Wool Sweater,Apparel,5,2025-12-11,1250.39,CUST00032,India,0,0,6251.95
500334,P10026,Resistance Bands Set,Sports & Outdoors,2,2026-05-03,636.23,CUST00126,India,0,0,1272.46
502202,P10015,Running Shoes,Apparel,1,2026-02-04,980.3,CUST00610,United Kingdom,0,0,980.3
500902,P10019,Face Serum,Beauty & Personal Care,5,2025-07-25,1312.41,CUST00249,Singapore,0,0,6562.05
501255,P10003,Phone Case,Electronics,2,2026-01-14,1049.71,CUST00343,India,0,0,2099.42
501839,P10015,Running Shoes,Apparel,3,2025-03-10,980.3,CUST00510,United States,0,0,2940.9
500109,P10022,Sunscreen SPF50,Beauty & Personal Care,5,2025-02-01,514.51,CUST00046,United Kingdom,0,0,2572.55
501237,P10012,Storage Organizer,Home & Kitchen,4,2026-01-29,1268.9,CUST00337,Germany,0,0,5075.6
501733,P10003,Phone Case,Electronics,-5,2025-11-25,1049.71,CUST00479,Singapore,0,1,-5248.55
502584,P10036,Backpack,Stationery & Office,4,2026-06-12,218.62,CUST00731,India,0,0,874.48
501815,P10035,Whiteboard Marker Set,Stationery & Office,5,2026-05-26,808.92,CUST00503,India,0,0,4044.6
501567,P10024,Beard Trimmer,Beauty & Personal Care,4,2025-04-13,700.79,CUST00446,Uae,0,0,2803.16
500463,P10003,Phone Case,Electronics,4,2026-04-07,1049.71,CUST00153,India,0,0,4198.84
501122,P10005,Power Bank 10000mAh,Electronics,4,2025-01-24,1034.93,CUST00311,India,0,0,4139.72
500412,P10031,Notebook Set,Stationery & Office,3,2025-11-27,268.52,CUST00138,United States,0,0,805.56
500242,P10010,Insulated Water Bottle,Home & Kitchen,5,2025-06-21,396.84,CUST00096,India,0,0,1984.2
501194,P10031,Notebook Set,Stationery & Office,2,2025-11-22,268.52,CUST00324,India,0,0,537.04
500783,P10018,Yoga Pants,Apparel,5,2025-01-13,608.28,CUST00218,United States,0,0,3041.4
500414,P10016,Wool Sweater,Apparel,1,2026-01-24,1250.39,CUST00138,United States,0,0,1250.39
502212,P10019,Face Serum,Beauty & Personal Care,3,2025-02-04,1312.41,CUST00614,India,0,0,3937.23
502543,P10003,Phone Case,Electronics,3,2026-04-08,1049.71,CUST00725,United Kingdom,0,0,3149.13
501048,P10025,Yoga Mat,Sports & Outdoors,5,2026-04-21,270.08,CUST00295,India,0,0,1350.4
502763,P10015,Running Shoes,Apparel,2,2025-05-24,980.3,CUST00779,United States,0,0,1960.6
501673,P10019,Face Serum,Beauty & Personal Care,3,2025-11-18,1312.41,CUST00463,United States,0,0,3937.23
501823,P10028,Camping Torch,Sports & Outdoors,2,2026-03-26,2043.99,CUST00503,India,0,0,4087.98
503063,P10029,Badminton Racket,Sports & Outdoors,2,2025-02-26,274.87,CUST00842,United Kingdom,0,0,549.74
501363,P10011,Ceramic Mug Set,Home & Kitchen,1,2026-03-10,1993.94,CUST00370,India,0,0,1993.94
502699,P10027,Water Bottle Sipper,Sports & Outdoors,2,2025-10-29,2203.72,CUST00754,India,0,0,4407.44
502372,P10031,Notebook Set,Stationery & Office,-2,2026-05-07,268.52,CUST00673,India,0,1,-537.04
502387,P10021,Lip Balm Set,Beauty & Personal Care,3,2025-06-19,652.97,CUST00677,India,0,0,1958.91
502495,P10022,Sunscreen SPF50,Beauty & Personal Care,2,2026-03-23,514.51,CUST00706,Singapore,0,0,1029.02
501969,P10004,USB-C Cable,Electronics,1,2025-05-18,3182.97,CUST00544,United Kingdom,0,0,3182.97
500102,P10004,USB-C Cable,Electronics,1,2025-04-21,3182.97,CUST00043,India,0,0,3182.97
502904,P10003,Phone Case,Electronics,3,2025-10-06,1049.71,CUST00810,India,0,0,3149.13
501140,P10027,Water Bottle Sipper,Sports & Outdoors,5,2025-07-27,2203.72,CUST00313,India,0,0,11018.6
503066,P10024,Beard Trimmer,Beauty & Personal Care,2,2025-06-21,700.79,CUST00842,United Kingdom,0,0,1401.58
500524,P10026,Resistance Bands Set,Sports & Outdoors,3,2025-06-22,636.23,CUST00169,India,0,0,1908.69
500609,P10029,Badminton Racket,Sports & Outdoors,4,2025-11-14,274.87,CUST00184,Germany,0,0,1099.48
502909,P10018,Yoga Pants,Apparel,2,2026-04-11,608.28,CUST00813,India,0,0,1216.56
502168,P10034,Sticky Notes Pack,Stationery & Office,4,2025-12-05,147.9,CUST00591,India,0,0,591.6
502565,P10010,Insulated Water Bottle,Home & Kitchen,3,2025-11-21,396.84,CUST00731,India,0,0,1190.52
500480,P10031,Notebook Set,Stationery & Office,3,2025-02-02,268.52,CUST00160,United States,0,0,805.56
500279,P10029,Badminton Racket,Sports & Outdoors,3,2026-01-13,274.87,CUST00111,India,0,0,824.61
500657,P10036,Backpack,Stationery & Office,2,2026-02-23,218.62,CUST00194,United Kingdom,0,0,437.24
500706,P10028,Camping Torch,Sports & Outdoors,4,2025-10-27,2043.99,CUST00203,India,0,0,8175.96
500172,P10022,Sunscreen SPF50,Beauty & Personal Care,5,2025-03-30,514.51,CUST00063,Germany,0,0,2572.55
501849,P10035,Whiteboard Marker Set,Stationery & Office,5,2025-07-05,808.92,CUST00515,India,0,0,4044.6
500241,P10023,Hair Dryer,Beauty & Personal Care,5,2025-11-27,1018.4,CUST00095,United States,0,0,5092.0
501412,P10017,Formal Shirt,Apparel,1,2025-02-25,562.91,CUST00392,India,0,0,562.91
502743,P10017,Formal Shirt,Apparel,5,2025-07-29,562.91,CUST00770,Germany,0,0,2814.55
501535,P10010,Insulated Water Bottle,Home & Kitchen,1,2025-12-15,396.84,CUST00439,United States,0,0,396.84
501392,P10007,Non-Stick Pan,Home & Kitchen,3,2025-08-20,331.24,CUST00386,United States,0,0,993.72
501934,P10017,Formal Shirt,Apparel,2,2026-06-06,562.91,CUST00539,India,0,0,1125.82
502414,P10004,USB-C Cable,Electronics,2,2025-08-26,3182.97,CUST00691,India,0,0,6365.94
502296,P10014,Denim Jacket,Apparel,3,2026-04-14,1048.3,CUST00646,Germany,0,0,3144.9
501504,P10035,Whiteboard Marker Set,Stationery & Office,2,2026-01-05,808.92,,India,1,0,1617.84
502630,P10014,Denim Jacket,Apparel,4,2025-05-03,1048.3,CUST00745,India,0,0,4193.2
501928,P10010,Insulated Water Bottle,Home & Kitchen,4,2025-09-11,396.84,CUST00539,India,0,0,1587.36
501992,P10015,Running Shoes,Apparel,1,2025-10-03,980.3,CUST00555,Germany,0,0,980.3
500321,P10015,Running Shoes,Apparel,1,2026-03-29,980.3,CUST00122,Germany,0,0,980.3
502340,P10013,Cotton T-Shirt,Apparel,5,2026-05-04,1190.46,CUST00664,India,0,0,5952.3
502247,P10003,Phone Case,Electronics,3,2025-08-01,1049.71,CUST00627,India,0,0,3149.13
500592,P10021,Lip Balm Set,Beauty & Personal Care,4,2026-04-26,652.97,CUST00176,India,0,0,2611.88
502347,P10007,Non-Stick Pan,Home & Kitchen,3,2025-01-09,331.24,CUST00665,India,0,0,993.72
501039,P10005,Power Bank 10000mAh,Electronics,3,2026-04-05,1034.93,CUST00291,India,0,0,3104.79
500436,P10027,Water Bottle Sipper,Sports & Outdoors,2,2025-08-23,2203.72,CUST00141,Singapore,0,0,4407.44
500836,P10004,USB-C Cable,Electronics,5,2026-02-13,3182.97,CUST00223,India,0,0,15914.85
502442,P10012,Storage Organizer,Home & Kitchen,2,2026-06-01,1268.9,CUST00699,India,0,0,2537.8
501661,P10015,Running Shoes,Apparel,4,2026-04-26,980.3,CUST00463,United States,0,0,3921.2
502674,P10028,Camping Torch,Sports & Outdoors,1,2025-03-29,2043.99,CUST00753,United Kingdom,0,0,2043.99
500988,P10031,Notebook Set,Stationery & Office,4,2025-07-14,268.52,CUST00276,India,0,0,1074.08
500775,P10021,Lip Balm Set,Beauty & Personal Care,5,2025-07-11,652.97,CUST00218,United States,0,0,3264.85
500031,P10021,Lip Balm Set,Beauty & Personal Care,4,2025-03-14,652.97,CUST00013,Germany,0,0,2611.88
500115,P10004,USB-C Cable,Electronics,2,2026-06-18,3182.97,CUST00047,India,0,0,6365.94
501944,P10005,Power Bank 10000mAh,Electronics,5,2025-07-17,1034.93,CUST00540,India,0,0,5174.65
503103,P10023,Hair Dryer,Beauty & Personal Care,3,2025-10-31,1018.4,CUST00850,United Kingdom,0,0,3055.2
500769,P10019,Face Serum,Beauty & Personal Care,4,2025-02-28,1312.41,CUST00217,India,0,0,5249.64
502489,P10024,Beard Trimmer,Beauty & Personal Care,3,2025-09-22,700.79,CUST00706,Singapore,0,0,2102.37
500373,P10011,Ceramic Mug Set,Home & Kitchen,3,2025-12-28,1993.94,CUST00130,India,0,0,5981.82
501071,P10027,Water Bottle Sipper,Sports & Outdoors,2,2025-03-08,2203.72,CUST00298,India,0,0,4407.44
500632,P10012,Storage Organizer,Home & Kitchen,5,2025-10-05,1268.9,CUST00189,India,0,0,6344.5
500632,P10035,Whiteboard Marker Set,Stationery & Office,3,2025-10-05,808.92,CUST00189,India,0,0,2426.76
500466,P10027,Water Bottle Sipper,Sports & Outdoors,5,2025-11-12,2203.72,CUST00155,Singapore,0,0,11018.6
502058,P10008,LED Desk Lamp,Home & Kitchen,1,2026-04-12,1311.15,CUST00570,India,0,0,1311.15
501230,P10004,USB-C Cable,Electronics,4,2025-12-28,3182.97,CUST00335,India,0,0,12731.88
500411,P10020,Herbal Shampoo,Beauty & Personal Care,4,2026-06-14,1426.26,CUST00138,United States,0,0,5705.04
502177,P10008,LED Desk Lamp,Home & Kitchen,5,2025-06-02,1311.15,,India,1,0,6555.75
500555,P10008,LED Desk Lamp,Home & Kitchen,5,2026-05-16,1311.15,CUST00169,India,0,0,6555.75
502419,P10013,Cotton T-Shirt,Apparel,4,2026-05-24,1190.46,CUST00694,India,0,0,4761.84
501945,P10023,Hair Dryer,Beauty & Personal Care,4,2025-10-02,1018.4,CUST00540,India,0,0,4073.6
502678,P10008,LED Desk Lamp,Home & Kitchen,5,2025-09-15,1311.15,CUST00753,United Kingdom,0,0,6555.75
500551,P10004,USB-C Cable,Electronics,1,2025-09-14,3182.97,CUST00169,India,0,0,3182.97
501073,P10021,Lip Balm Set,Beauty & Personal Care,3,2026-02-20,652.97,CUST00298,India,0,0,1958.91
501815,P10005,Power Bank 10000mAh,Electronics,4,2026-05-26,1034.93,,India,1,0,4139.72
500621,P10001,Wireless Earbuds,Electronics,4,2026-05-20,606.94,CUST00189,India,0,0,2427.76
502493,P10023,Hair Dryer,Beauty & Personal Care,4,2025-11-14,1018.4,CUST00706,Singapore,0,0,4073.6
502837,P10012,Storage Organizer,Home & Kitchen,3,2025-01-12,1268.9,CUST00788,India,0,0,3806.7
500124,P10030,Cycling Gloves,Sports & Outdoors,1,2026-06-07,820.52,CUST00047,India,0,0,820.52
501031,P10020,Herbal Shampoo,Beauty & Personal Care,1,2026-02-15,1426.26,CUST00287,India,0,0,1426.26
502517,P10020,Herbal Shampoo,Beauty & Personal Care,3,2025-03-24,1426.26,CUST00714,India,0,0,4278.78
500591,P10006,Smartwatch Band,Electronics,-4,2025-10-05,990.13,CUST00176,India,0,1,-3960.52
500982,P10025,Yoga Mat,Sports & Outdoors,5,2025-08-28,270.08,CUST00273,Germany,0,0,1350.4
502245,P10021,Lip Balm Set,Beauty & Personal Care,2,2026-06-21,652.97,CUST00627,India,0,0,1305.94
502656,P10014,Denim Jacket,Apparel,3,2025-02-18,1048.3,CUST00753,United Kingdom,0,0,3144.9
503004,P10008,LED Desk Lamp,Home & Kitchen,2,2025-07-28,1311.15,CUST00831,India,0,0,2622.3
500551,P10026,Resistance Bands Set,Sports & Outdoors,5,2025-09-14,636.23,CUST00169,India,0,0,3181.15
500236,P10016,Wool Sweater,Apparel,-5,2026-02-01,1250.39,CUST00092,United States,0,1,-6251.95
500694,P10016,Wool Sweater,Apparel,2,2025-02-07,1250.39,CUST00203,India,0,0,2500.78
501166,P10025,Yoga Mat,Sports & Outdoors,3,2025-04-13,270.08,CUST00324,India,0,0,810.24
500063,P10011,Ceramic Mug Set,Home & Kitchen,3,2025-03-01,1993.94,CUST00032,India,0,0,5981.82
501420,P10005,Power Bank 10000mAh,Electronics,3,2025-06-01,1034.93,CUST00392,India,0,0,3104.79
501663,P10035,Whiteboard Marker Set,Stationery & Office,5,2025-10-15,808.92,CUST00463,United States,0,0,4044.6
500680,P10016,Wool Sweater,Apparel,1,2025-11-26,1250.39,CUST00199,Germany,0,0,1250.39
501688,P10028,Camping Torch,Sports & Outdoors,5,2026-06-10,2043.99,CUST00464,United Kingdom,0,0,10219.95
500953,P10005,Power Bank 10000mAh,Electronics,2,2025-10-19,1034.93,CUST00265,Germany,0,0,2069.86
501068,P10029,Badminton Racket,Sports & Outdoors,3,2025-03-23,274.87,CUST00298,India,0,0,824.61
501382,P10016,Wool Sweater,Apparel,1,2026-04-11,1250.39,CUST00383,United Kingdom,0,0,1250.39
502892,P10030,Cycling Gloves,Sports & Outdoors,1,2026-01-13,820.52,CUST00802,India,0,0,820.52
502236,P10016,Wool Sweater,Apparel,4,2025-04-14,1250.39,CUST00626,India,0,0,5001.56
502414,P10022,Sunscreen SPF50,Beauty & Personal Care,3,2025-08-26,514.51,CUST00691,India,0,0,1543.53
501168,P10015,Running Shoes,Apparel,2,2026-01-05,980.3,CUST00324,India,0,0,1960.6
502379,P10027,Water Bottle Sipper,Sports & Outdoors,3,2026-03-03,2203.72,CUST00674,India,0,0,6611.16
502615,P10033,Desk Organizer,Stationery & Office,5,2026-01-05,67.73,CUST00738,United States,0,0,338.65
501852,P10032,Gel Pen Pack,Stationery & Office,2,2026-02-12,687.3,CUST00518,United States,0,0,1374.6
503062,P10034,Sticky Notes Pack,Stationery & Office,2,2026-02-27,147.9,CUST00842,United Kingdom,0,0,295.8
501715,P10025,Yoga Mat,Sports & Outdoors,4,2026-04-09,270.08,CUST00471,India,0,0,1080.32
500664,P10016,Wool Sweater,Apparel,1,2025-05-15,1250.39,CUST00195,India,0,0,1250.39
500110,P10033,Desk Organizer,Stationery & Office,1,2025-12-12,67.73,CUST00046,United Kingdom,0,0,67.73
502554,P10019,Face Serum,Beauty & Personal Care,1,2025-05-06,1312.41,CUST00731,India,0,0,1312.41
501587,P10019,Face Serum,Beauty & Personal Care,3,2025-08-11,1312.41,CUST00448,United States,0,0,3937.23
502999,P10003,Phone Case,Electronics,2,2025-10-05,1049.71,CUST00830,India,0,0,2099.42
502211,P10018,Yoga Pants,Apparel,2,2025-11-22,608.28,CUST00614,India,0,0,1216.56
501683,P10011,Ceramic Mug Set,Home & Kitchen,5,2025-05-25,1993.94,,United States,1,0,9969.7
501059,P10006,Smartwatch Band,Electronics,3,2026-02-13,990.13,CUST00295,India,0,0,2970.39
502931,P10007,Non-Stick Pan,Home & Kitchen,4,2025-04-14,331.24,CUST00815,Germany,0,0,1324.96
502389,P10010,Insulated Water Bottle,Home & Kitchen,4,2025-01-31,396.84,CUST00678,India,0,0,1587.36
500668,P10004,USB-C Cable,Electronics,1,2026-03-14,3182.97,CUST00198,Germany,0,0,3182.97
501045,P10022,Sunscreen SPF50,Beauty & Personal Care,3,2025-08-08,514.51,CUST00293,Germany,0,0,1543.53
502665,P10005,Power Bank 10000mAh,Electronics,1,2025-08-04,1034.93,CUST00753,United Kingdom,0,0,1034.93
502706,P10003,Phone Case,Electronics,1,2025-07-27,1049.71,CUST00756,United States,0,0,1049.71
500325,P10032,Gel Pen Pack,Stationery & Office,2,2025-01-29,687.3,CUST00125,India,0,0,1374.6
502165,P10010,Insulated Water Bottle,Home & Kitchen,1,2025-08-02,396.84,CUST00589,India,0,0,396.84
500142,P10017,Formal Shirt,Apparel,1,2025-03-18,562.91,CUST00052,United States,0,0,562.91
502866,P10024,Beard Trimmer,Beauty & Personal Care,1,2026-03-18,700.79,CUST00796,Germany,0,0,700.79
502767,P10003,Phone Case,Electronics,5,2025-10-01,1049.71,CUST00779,United States,0,0,5248.55
500092,P10019,Face Serum,Beauty & Personal Care,5,2025-11-17,1312.41,CUST00037,India,0,0,6562.05
502345,P10014,Denim Jacket,Apparel,1,2025-10-17,1048.3,CUST00665,India,0,0,1048.3
502220,P10034,Sticky Notes Pack,Stationery & Office,5,2026-02-24,147.9,CUST00620,United States,0,0,739.5
502032,P10001,Wireless Earbuds,Electronics,3,2025-04-17,606.94,CUST00563,India,0,0,1820.82
503078,P10032,Gel Pen Pack,Stationery & Office,3,2025-04-03,687.3,CUST00842,United Kingdom,0,0,2061.9
501063,P10005,Power Bank 10000mAh,Electronics,5,2026-05-18,1034.93,CUST00297,United States,0,0,5174.65
502617,P10029,Badminton Racket,Sports & Outdoors,2,2025-08-10,274.87,CUST00738,United States,0,0,549.74
501327,P10023,Hair Dryer,Beauty & Personal Care,1,2025-09-24,1018.4,CUST00357,India,0,0,1018.4
500203,P10006,Smartwatch Band,Electronics,3,2025-01-22,990.13,CUST00076,United States,0,0,2970.39
500760,P10036,Backpack,Stationery & Office,5,2025-08-27,218.62,CUST00216,India,0,0,1093.1
502793,P10033,Desk Organizer,Stationery & Office,2,2026-03-06,67.73,CUST00779,United States,0,0,135.46
501880,P10001,Wireless Earbuds,Electronics,3,2025-11-10,606.94,CUST00529,India,0,0,1820.82
500705,P10013,Cotton T-Shirt,Apparel,1,2026-03-05,1190.46,CUST00203,India,0,0,1190.46
501736,P10019,Face Serum,Beauty & Personal Care,2,2025-05-07,1312.41,CUST00480,India,0,0,2624.82
502178,P10031,Notebook Set,Stationery & Office,2,2026-02-17,268.52,CUST00593,India,0,0,537.04
501687,P10034,Sticky Notes Pack,Stationery & Office,-5,2025-07-18,147.9,CUST00463,United States,0,1,-739.5
500769,P10007,Non-Stick Pan,Home & Kitchen,-3,2025-02-28,331.24,CUST00217,India,0,1,-993.72
501900,P10016,Wool Sweater,Apparel,3,2025-12-03,1250.39,CUST00534,United Kingdom,0,0,3751.17
502025,P10027,Water Bottle Sipper,Sports & Outdoors,1,2026-03-01,2203.72,CUST00563,India,0,0,2203.72
500231,P10032,Gel Pen Pack,Stationery & Office,3,2025-03-16,687.3,CUST00088,United Kingdom,0,0,2061.9
500762,P10024,Beard Trimmer,Beauty & Personal Care,3,2025-11-10,700.79,CUST00216,India,0,0,2102.37
500710,P10031,Notebook Set,Stationery & Office,1,2025-12-01,268.52,CUST00203,India,0,0,268.52
501555,P10021,Lip Balm Set,Beauty & Personal Care,1,2025-04-27,652.97,CUST00441,India,0,0,652.97
502324,P10019,Face Serum,Beauty & Personal Care,3,2026-01-12,1312.41,CUST00659,United Kingdom,0,0,3937.23
501683,P10003,Phone Case,Electronics,3,2025-05-25,1049.71,CUST00463,United States,0,0,3149.13
500835,P10015,Running Shoes,Apparel,3,2025-09-21,980.3,CUST00223,India,0,0,2940.9
501877,P10006,Smartwatch Band,Electronics,5,2025-10-11,990.13,CUST00527,India,0,0,4950.65
500926,P10006,Smartwatch Band,Electronics,2,2025-08-21,990.13,CUST00258,United Kingdom,0,0,1980.26
500697,P10026,Resistance Bands Set,Sports & Outdoors,1,2025-06-27,636.23,CUST00203,India,0,0,636.23
501660,P10011,Ceramic Mug Set,Home & Kitchen,1,2026-01-10,1993.94,CUST00463,United States,0,0,1993.94
501286,P10036,Backpack,Stationery & Office,4,2025-12-12,218.62,CUST00345,India,0,0,874.48
500954,P10019,Face Serum,Beauty & Personal Care,5,2025-04-29,1312.41,CUST00266,United States,0,0,6562.05
502442,P10028,Camping Torch,Sports & Outdoors,3,2026-06-01,2043.99,CUST00699,India,0,0,6131.97
502844,P10014,Denim Jacket,Apparel,4,2025-08-10,1048.3,CUST00790,Uae,0,0,4193.2
502916,P10036,Backpack,Stationery & Office,4,2025-03-27,218.62,CUST00813,India,0,0,874.48
501310,P10007,Non-Stick Pan,Home & Kitchen,3,2025-05-26,331.24,CUST00353,United Kingdom,0,0,993.72
501386,P10009,Cotton Bedsheet Set,Home & Kitchen,5,2026-03-25,1519.89,CUST00385,United States,0,0,7599.45
501413,P10024,Beard Trimmer,Beauty & Personal Care,1,2026-05-13,700.79,CUST00392,India,0,0,700.79
502534,P10016,Wool Sweater,Apparel,2,2025-06-28,1250.39,CUST00722,India,0,0,2500.78
500532,P10006,Smartwatch Band,Electronics,1,2025-08-28,990.13,CUST00169,India,0,0,990.13
500168,P10019,Face Serum,Beauty & Personal Care,3,2025-07-21,1312.41,CUST00062,India,0,0,3937.23
500769,P10029,Badminton Racket,Sports & Outdoors,3,2025-02-28,274.87,CUST00217,India,0,0,824.61
501597,P10003,Phone Case,Electronics,4,2025-11-22,1049.71,,United States,1,0,4198.84
501284,P10018,Yoga Pants,Apparel,4,2026-04-16,608.28,CUST00345,India,0,0,2433.12
501087,P10006,Smartwatch Band,Electronics,5,2025-07-13,990.13,CUST00301,India,0,0,4950.65
500462,P10023,Hair Dryer,Beauty & Personal Care,2,2025-06-20,1018.4,,India,1,0,2036.8
501280,P10023,Hair Dryer,Beauty & Personal Care,4,2025-05-24,1018.4,,India,1,0,4073.6
502145,P10009,Cotton Bedsheet Set,Home & Kitchen,4,2026-06-06,1519.89,CUST00583,India,0,0,6079.56
500649,P10029,Badminton Racket,Sports & Outdoors,2,2025-07-19,274.87,CUST00193,Uae,0,0,549.74
500109,P10026,Resistance Bands Set,Sports & Outdoors,2,2025-02-01,636.23,CUST00046,United Kingdom,0,0,1272.46
500087,P10036,Backpack,Stationery & Office,2,2025-01-15,218.62,CUST00037,India,0,0,437.24
502889,P10030,Cycling Gloves,Sports & Outdoors,5,2025-02-04,820.52,CUST00801,United States,0,0,4102.6
502017,P10009,Cotton Bedsheet Set,Home & Kitchen,4,2025-08-08,1519.89,CUST00561,United States,0,0,6079.56
502905,P10026,Resistance Bands Set,Sports & Outdoors,1,2025-12-22,636.23,CUST00811,Singapore,0,0,636.23
501927,P10006,Smartwatch Band,Electronics,1,2025-12-28,990.13,CUST00539,India,0,0,990.13
502991,P10016,Wool Sweater,Apparel,1,2026-02-13,1250.39,CUST00830,India,0,0,1250.39
502983,P10035,Whiteboard Marker Set,Stationery & Office,2,2025-08-22,808.92,CUST00830,India,0,0,1617.84
502602,P10022,Sunscreen SPF50,Beauty & Personal Care,2,2025-08-18,514.51,CUST00734,India,0,0,1029.02
501356,P10035,Whiteboard Marker Set,Stationery & Office,4,2025-06-02,808.92,CUST00366,India,0,0,3235.68
500487,P10036,Backpack,Stationery & Office,2,2025-05-03,218.62,CUST00163,United Kingdom,0,0,437.24
502118,P10034,Sticky Notes Pack,Stationery & Office,3,2025-09-11,147.9,CUST00579,India,0,0,443.7
502337,P10015,Running Shoes,Apparel,4,2026-01-10,980.3,CUST00662,Singapore,0,0,3921.2
502948,P10003,Phone Case,Electronics,5,2025-09-20,1049.71,CUST00823,India,0,0,5248.55
501846,P10010,Insulated Water Bottle,Home & Kitchen,2,2025-08-06,396.84,CUST00514,Germany,0,0,793.68
502284,P10028,Camping Torch,Sports & Outdoors,3,2026-03-04,2043.99,CUST00639,India,0,0,6131.97
501883,P10035,Whiteboard Marker Set,Stationery & Office,-1,2026-04-06,808.92,CUST00530,Germany,0,1,-808.92
502855,P10012,Storage Organizer,Home & Kitchen,4,2026-06-02,1268.9,CUST00796,Germany,0,0,5075.6
502213,P10004,USB-C Cable,Electronics,3,2026-01-18,3182.97,,Germany,1,0,9548.91
502005,P10022,Sunscreen SPF50,Beauty & Personal Care,5,2026-03-20,514.51,CUST00556,India,0,0,2572.55
501880,P10017,Formal Shirt,Apparel,1,2025-11-10,562.91,CUST00529,India,0,0,562.91
500626,P10023,Hair Dryer,Beauty & Personal Care,3,2026-04-16,1018.4,CUST00189,India,0,0,3055.2
501611,P10013,Cotton T-Shirt,Apparel,5,2025-10-10,1190.46,CUST00448,United States,0,0,5952.3
500604,P10012,Storage Organizer,Home & Kitchen,3,2025-02-22,1268.9,CUST00180,India,0,0,3806.7
501702,P10006,Smartwatch Band,Electronics,5,2026-03-30,990.13,CUST00469,India,0,0,4950.65
501839,P10023,Hair Dryer,Beauty & Personal Care,1,2025-03-10,1018.4,CUST00510,United States,0,0,1018.4
502671,P10027,Water Bottle Sipper,Sports & Outdoors,1,2026-04-01,2203.72,CUST00753,United Kingdom,0,0,2203.72
502421,P10006,Smartwatch Band,Electronics,4,2026-01-19,990.13,CUST00695,India,0,0,3960.52
500509,P10007,Non-Stick Pan,Home & Kitchen,4,2026-01-28,331.24,,India,1,0,1324.96
501055,P10019,Face Serum,Beauty & Personal Care,1,2026-01-17,1312.41,CUST00295,India,0,0,1312.41
503088,P10016,Wool Sweater,Apparel,5,2025-09-25,1250.39,CUST00842,United Kingdom,0,0,6251.95
500756,P10006,Smartwatch Band,Electronics,2,2025-07-04,990.13,CUST00216,India,0,0,1980.26
502851,P10016,Wool Sweater,Apparel,5,2026-04-14,1250.39,,India,1,0,6251.95
500693,P10007,Non-Stick Pan,Home & Kitchen,5,2026-06-19,331.24,CUST00203,India,0,0,1656.2
500557,P10015,Running Shoes,Apparel,1,2025-01-13,980.3,CUST00169,India,0,0,980.3
502860,P10029,Badminton Racket,Sports & Outdoors,5,2025-12-01,274.87,CUST00796,Germany,0,0,1374.35
500298,P10024,Beard Trimmer,Beauty & Personal Care,3,2025-08-26,700.79,CUST00116,Germany,0,0,2102.37
502759,P10004,USB-C Cable,Electronics,1,2026-01-11,3182.97,CUST00777,India,0,0,3182.97
502463,P10036,Backpack,Stationery & Office,2,2025-03-02,218.62,CUST00704,India,0,0,437.24
500155,P10023,Hair Dryer,Beauty & Personal Care,5,2026-01-25,1018.4,CUST00057,India,0,0,5092.0
501774,P10026,Resistance Bands Set,Sports & Outdoors,5,2025-10-28,636.23,CUST00489,Uae,0,0,3181.15
501097,P10005,Power Bank 10000mAh,Electronics,2,2026-02-02,1034.93,CUST00308,India,0,0,2069.86
502287,P10001,Wireless Earbuds,Electronics,2,2026-05-13,606.94,CUST00642,India,0,0,1213.88
501174,P10019,Face Serum,Beauty & Personal Care,2,2025-09-01,1312.41,CUST00324,India,0,0,2624.82
502616,P10007,Non-Stick Pan,Home & Kitchen,2,2025-07-22,331.24,CUST00738,United States,0,0,662.48
501951,P10004,USB-C Cable,Electronics,5,2025-11-08,3182.97,CUST00541,Uae,0,0,15914.85
501482,P10026,Resistance Bands Set,Sports & Outdoors,3,2025-01-18,636.23,CUST00419,United Kingdom,0,0,1908.69
502255,P10028,Camping Torch,Sports & Outdoors,2,2025-07-03,2043.99,CUST00632,Germany,0,0,4087.98
501146,P10021,Lip Balm Set,Beauty & Personal Care,2,2025-03-24,652.97,CUST00315,Germany,0,0,1305.94
500318,P10026,Resistance Bands Set,Sports & Outdoors,3,2025-10-22,636.23,CUST00122,Germany,0,0,1908.69
501819,P10034,Sticky Notes Pack,Stationery & Office,1,2026-01-30,147.9,CUST00503,India,0,0,147.9
502997,P10012,Storage Organizer,Home & Kitchen,1,2026-06-13,1268.9,CUST00830,India,0,0,1268.9
500103,P10036,Backpack,Stationery & Office,4,2025-07-02,218.62,CUST00043,India,0,0,874.48
502334,P10018,Yoga Pants,Apparel,4,2025-06-26,608.28,CUST00661,India,0,0,2433.12
502695,P10025,Yoga Mat,Sports & Outdoors,5,2025-06-15,270.08,CUST00754,India,0,0,1350.4
501404,P10023,Hair Dryer,Beauty & Personal Care,4,2025-08-17,1018.4,CUST00392,India,0,0,4073.6
500249,P10018,Yoga Pants,Apparel,4,2025-08-04,608.28,CUST00099,India,0,0,2433.12
500141,P10034,Sticky Notes Pack,Stationery & Office,4,2025-06-19,147.9,,United States,1,0,591.6
501802,P10030,Cycling Gloves,Sports & Outdoors,5,2026-04-14,820.52,CUST00497,United Kingdom,0,0,4102.6
501719,P10036,Backpack,Stationery & Office,4,2025-11-10,218.62,CUST00474,Germany,0,0,874.48
500012,P10004,USB-C Cable,Electronics,5,2026-01-19,3182.97,,India,1,0,15914.85
501062,P10005,Power Bank 10000mAh,Electronics,4,2026-04-13,1034.93,CUST00296,India,0,0,4139.72
500514,P10030,Cycling Gloves,Sports & Outdoors,4,2025-06-06,820.52,CUST00169,India,0,0,3282.08
502952,P10007,Non-Stick Pan,Home & Kitchen,4,2025-01-18,331.24,CUST00826,Uae,0,0,1324.96
500521,P10028,Camping Torch,Sports & Outdoors,2,2025-01-07,2043.99,CUST00169,India,0,0,4087.98
501848,P10004,USB-C Cable,Electronics,5,2026-02-24,3182.97,CUST00514,Germany,0,0,15914.85
500800,P10035,Whiteboard Marker Set,Stationery & Office,1,2025-11-18,808.92,CUST00219,United Kingdom,0,0,808.92
500243,P10009,Cotton Bedsheet Set,Home & Kitchen,2,2025-08-12,1519.89,CUST00096,India,0,0,3039.78
501783,P10016,Wool Sweater,Apparel,1,2026-04-02,1250.39,CUST00492,United Kingdom,0,0,1250.39
501833,P10001,Wireless Earbuds,Electronics,3,2026-02-27,606.94,CUST00507,Uae,0,0,1820.82
502227,P10013,Cotton T-Shirt,Apparel,4,2025-09-06,1190.46,CUST00624,India,0,0,4761.84
501749,P10033,Desk Organizer,Stationery & Office,4,2025-03-10,67.73,CUST00485,United Kingdom,0,0,270.92
500534,P10034,Sticky Notes Pack,Stationery & Office,4,2025-10-09,147.9,CUST00169,India,0,0,591.6
502437,P10015,Running Shoes,Apparel,4,2025-04-29,980.3,CUST00699,India,0,0,3921.2
500043,P10029,Badminton Racket,Sports & Outdoors,5,2025-12-05,274.87,CUST00020,India,0,0,1374.35
500181,P10009,Cotton Bedsheet Set,Home & Kitchen,2,2025-01-05,1519.89,CUST00065,India,0,0,3039.78
501506,P10006,Smartwatch Band,Electronics,3,2025-08-18,990.13,CUST00426,India,0,0,2970.39
502558,P10011,Ceramic Mug Set,Home & Kitchen,2,2025-04-22,1993.94,CUST00731,India,0,0,3987.88
501498,P10018,Yoga Pants,Apparel,4,2025-12-06,608.28,CUST00424,India,0,0,2433.12
501855,P10018,Yoga Pants,Apparel,3,2025-05-19,608.28,CUST00519,Singapore,0,0,1824.84
502259,P10028,Camping Torch,Sports & Outdoors,4,2025-02-23,2043.99,CUST00632,Germany,0,0,8175.96
500817,P10035,Whiteboard Marker Set,Stationery & Office,3,2025-11-26,808.92,CUST00219,United Kingdom,0,0,2426.76
500776,P10027,Water Bottle Sipper,Sports & Outdoors,4,2025-04-02,2203.72,CUST00218,United States,0,0,8814.88
501947,P10008,LED Desk Lamp,Home & Kitchen,1,2026-01-16,1311.15,CUST00540,India,0,0,1311.15
500360,P10012,Storage Organizer,Home & Kitchen,3,2025-03-04,1268.9,CUST00127,United States,0,0,3806.7
502321,P10008,LED Desk Lamp,Home & Kitchen,5,2026-02-22,1311.15,CUST00659,United Kingdom,0,0,6555.75
500500,P10031,Notebook Set,Stationery & Office,4,2025-06-14,268.52,CUST00167,India,0,0,1074.08
500352,P10009,Cotton Bedsheet Set,Home & Kitchen,5,2026-06-25,1519.89,CUST00126,India,0,0,7599.45
502024,P10001,Wireless Earbuds,Electronics,1,2026-04-09,606.94,CUST00562,India,0,0,606.94
501349,P10035,Whiteboard Marker Set,Stationery & Office,1,2026-05-05,808.92,CUST00363,India,0,0,808.92
500320,P10031,Notebook Set,Stationery & Office,5,2026-01-20,268.52,CUST00122,Germany,0,0,1342.6
503096,P10018,Yoga Pants,Apparel,-4,2025-10-05,608.28,CUST00846,India,0,1,-2433.12
503022,P10034,Sticky Notes Pack,Stationery & Office,1,2025-02-14,147.9,CUST00833,India,0,0,147.9
503001,P10028,Camping Torch,Sports & Outdoors,1,2026-05-04,2043.99,CUST00830,India,0,0,2043.99
501237,P10019,Face Serum,Beauty & Personal Care,2,2026-01-29,1312.41,CUST00337,Germany,0,0,2624.82
501329,P10013,Cotton T-Shirt,Apparel,1,2025-06-06,1190.46,CUST00357,India,0,0,1190.46
500069,P10021,Lip Balm Set,Beauty & Personal Care,4,2025-07-22,652.97,CUST00032,India,0,0,2611.88
501327,P10029,Badminton Racket,Sports & Outdoors,5,2025-09-24,274.87,CUST00357,India,0,0,1374.35
501599,P10036,Backpack,Stationery & Office,2,2026-03-24,218.62,CUST00448,United States,0,0,437.24
502045,P10005,Power Bank 10000mAh,Electronics,5,2026-02-04,1034.93,CUST00567,India,0,0,5174.65
501287,P10019,Face Serum,Beauty & Personal Care,4,2026-02-19,1312.41,CUST00346,United Kingdom,0,0,5249.64
501894,P10023,Hair Dryer,Beauty & Personal Care,5,2025-04-02,1018.4,CUST00534,United Kingdom,0,0,5092.0
501932,P10019,Face Serum,Beauty & Personal Care,2,2025-01-20,1312.41,CUST00539,India,0,0,2624.82
502029,P10003,Phone Case,Electronics,5,2026-02-12,1049.71,CUST00563,India,0,0,5248.55
500070,P10032,Gel Pen Pack,Stationery & Office,1,2025-04-27,687.3,CUST00032,India,0,0,687.3
501551,P10028,Camping Torch,Sports & Outdoors,3,2026-01-13,2043.99,CUST00439,United States,0,0,6131.97
500383,P10015,Running Shoes,Apparel,5,2026-06-26,980.3,CUST00133,India,0,0,4901.5
501452,P10035,Whiteboard Marker Set,Stationery & Office,2,2026-03-10,808.92,CUST00408,India,0,0,1617.84
500455,P10023,Hair Dryer,Beauty & Personal Care,4,2025-06-03,1018.4,,India,1,0,4073.6
502199,P10018,Yoga Pants,Apparel,4,2025-10-19,608.28,,India,1,0,2433.12
500213,P10020,Herbal Shampoo,Beauty & Personal Care,1,2025-10-31,1426.26,CUST00083,India,0,0,1426.26
500785,P10030,Cycling Gloves,Sports & Outdoors,4,2025-10-26,820.52,CUST00219,United Kingdom,0,0,3282.08
500243,P10016,Wool Sweater,Apparel,2,2025-08-12,1250.39,CUST00096,India,0,0,2500.78
500962,P10024,Beard Trimmer,Beauty & Personal Care,4,2025-12-12,700.79,CUST00268,United States,0,0,2803.16
502126,P10031,Notebook Set,Stationery & Office,3,2025-05-17,268.52,CUST00581,India,0,0,805.56
500960,P10031,Notebook Set,Stationery & Office,1,2026-02-09,268.52,CUST00267,United Kingdom,0,0,268.52
501758,P10020,Herbal Shampoo,Beauty & Personal Care,1,2026-05-26,1426.26,CUST00485,United Kingdom,0,0,1426.26
502455,P10031,Notebook Set,Stationery & Office,1,2025-01-27,268.52,CUST00699,India,0,0,268.52
500238,P10010,Insulated Water Bottle,Home & Kitchen,3,2025-07-22,396.84,CUST00093,United States,0,0,1190.52
501640,P10003,Phone Case,Electronics,2,2026-05-29,1049.71,CUST00454,Uae,0,0,2099.42
501528,P10001,Wireless Earbuds,Electronics,3,2026-03-23,606.94,CUST00437,India,0,0,1820.82
500104,P10002,Bluetooth Speaker,Electronics,2,2025-11-24,2723.88,CUST00044,Uae,0,0,5447.76
502138,P10012,Storage Organizer,Home & Kitchen,2,2025-04-26,1268.9,CUST00581,India,0,0,2537.8
502736,P10014,Denim Jacket,Apparel,5,2025-09-05,1048.3,CUST00770,Germany,0,0,5241.5
502459,P10022,Sunscreen SPF50,Beauty & Personal Care,4,2025-11-07,514.51,CUST00701,India,0,0,2058.04
502234,P10013,Cotton T-Shirt,Apparel,2,2025-10-22,1190.46,CUST00626,India,0,0,2380.92
501758,P10018,Yoga Pants,Apparel,4,2026-05-26,608.28,CUST00485,United Kingdom,0,0,2433.12
501763,P10031,Notebook Set,Stationery & Office,1,2025-10-27,268.52,CUST00485,United Kingdom,0,0,268.52
500553,P10016,Wool Sweater,Apparel,3,2025-12-06,1250.39,CUST00169,India,0,0,3751.17
501239,P10002,Bluetooth Speaker,Electronics,3,2025-09-14,2723.88,CUST00338,United States,0,0,8171.64
500811,P10023,Hair Dryer,Beauty & Personal Care,3,2025-05-16,1018.4,CUST00219,United Kingdom,0,0,3055.2
501865,P10026,Resistance Bands Set,Sports & Outdoors,1,2025-04-18,636.23,CUST00522,India,0,0,636.23
500811,P10031,Notebook Set,Stationery & Office,3,2025-05-16,268.52,CUST00219,United Kingdom,0,0,805.56
501493,P10026,Resistance Bands Set,Sports & Outdoors,1,2025-05-22,636.23,CUST00422,United States,0,0,636.23
503083,P10013,Cotton T-Shirt,Apparel,5,2026-05-26,1190.46,CUST00842,United Kingdom,0,0,5952.3
501312,P10015,Running Shoes,Apparel,4,2025-04-13,980.3,CUST00353,United Kingdom,0,0,3921.2
500409,P10030,Cycling Gloves,Sports & Outdoors,1,2025-03-25,820.52,CUST00138,United States,0,0,820.52
502897,P10018,Yoga Pants,Apparel,4,2026-03-07,608.28,CUST00804,United Kingdom,0,0,2433.12
500978,P10002,Bluetooth Speaker,Electronics,1,2026-06-06,2723.88,CUST00273,Germany,0,0,2723.88
502671,P10010,Insulated Water Bottle,Home & Kitchen,2,2026-04-01,396.84,,United Kingdom,1,0,793.68
501622,P10034,Sticky Notes Pack,Stationery & Office,3,2026-04-30,147.9,CUST00449,India,0,0,443.7
501735,P10015,Running Shoes,Apparel,2,2025-06-17,980.3,CUST00479,Singapore,0,0,1960.6
500485,P10002,Bluetooth Speaker,Electronics,2,2025-02-15,2723.88,CUST00163,United Kingdom,0,0,5447.76
501734,P10003,Phone Case,Electronics,5,2025-10-02,1049.71,CUST00479,Singapore,0,0,5248.55
501722,P10013,Cotton T-Shirt,Apparel,2,2026-01-31,1190.46,CUST00475,India,0,0,2380.92
502083,P10029,Badminton Racket,Sports & Outdoors,1,2026-01-19,274.87,CUST00579,India,0,0,274.87
501230,P10016,Wool Sweater,Apparel,2,2025-12-28,1250.39,CUST00335,India,0,0,2500.78
502402,P10023,Hair Dryer,Beauty & Personal Care,2,2026-05-24,1018.4,CUST00685,Uae,0,0,2036.8
502714,P10003,Phone Case,Electronics,2,2026-01-20,1049.71,CUST00760,United States,0,0,2099.42
500624,P10010,Insulated Water Bottle,Home & Kitchen,1,2026-06-09,396.84,CUST00189,India,0,0,396.84
500504,P10035,Whiteboard Marker Set,Stationery & Office,3,2026-02-09,808.92,CUST00167,India,0,0,2426.76
502547,P10005,Power Bank 10000mAh,Electronics,2,2025-11-19,1034.93,CUST00727,India,0,0,2069.86
500278,P10017,Formal Shirt,Apparel,2,2026-01-18,562.91,CUST00111,India,0,0,1125.82
502551,P10006,Smartwatch Band,Electronics,1,2026-03-26,990.13,CUST00730,India,0,0,990.13
502981,P10007,Non-Stick Pan,Home & Kitchen,2,2025-09-17,331.24,CUST00830,India,0,0,662.48
501127,P10034,Sticky Notes Pack,Stationery & Office,5,2026-03-06,147.9,CUST00312,India,0,0,739.5
500359,P10022,Sunscreen SPF50,Beauty & Personal Care,1,2025-04-04,514.51,CUST00127,United States,0,0,514.51
501404,P10032,Gel Pen Pack,Stationery & Office,2,2025-08-17,687.3,CUST00392,India,0,0,1374.6
500602,P10010,Insulated Water Bottle,Home & Kitchen,5,2025-09-04,396.84,CUST00179,Uae,0,0,1984.2
500490,P10017,Formal Shirt,Apparel,2,2025-08-06,562.91,CUST00164,India,0,0,1125.82
502513,P10001,Wireless Earbuds,Electronics,-3,2026-03-28,606.94,CUST00711,United States,0,1,-1820.82
502969,P10031,Notebook Set,Stationery & Office,3,2026-01-04,268.52,CUST00830,India,0,0,805.56
503023,P10022,Sunscreen SPF50,Beauty & Personal Care,3,2025-02-28,514.51,CUST00833,India,0,0,1543.53
501842,P10029,Badminton Racket,Sports & Outdoors,3,2025-12-27,274.87,CUST00511,United Kingdom,0,0,824.61
502428,P10033,Desk Organizer,Stationery & Office,1,2025-04-20,67.73,CUST00699,India,0,0,67.73
500729,P10027,Water Bottle Sipper,Sports & Outdoors,1,2026-02-15,2203.72,CUST00205,United Kingdom,0,0,2203.72
502773,P10028,Camping Torch,Sports & Outdoors,2,2025-06-18,2043.99,CUST00779,United States,0,0,4087.98
501766,P10002,Bluetooth Speaker,Electronics,5,2025-04-08,2723.88,CUST00486,Uae,0,0,13619.4
501164,P10018,Yoga Pants,Apparel,5,2025-09-02,608.28,CUST00324,India,0,0,3041.4
500318,P10011,Ceramic Mug Set,Home & Kitchen,2,2025-10-22,1993.94,CUST00122,Germany,0,0,3987.88
500663,P10032,Gel Pen Pack,Stationery & Office,1,2025-08-15,687.3,CUST00195,India,0,0,687.3
500184,P10022,Sunscreen SPF50,Beauty & Personal Care,2,2025-12-21,514.51,CUST00067,India,0,0,1029.02
502084,P10007,Non-Stick Pan,Home & Kitchen,3,2025-07-04,331.24,CUST00579,India,0,0,993.72
500540,P10028,Camping Torch,Sports & Outdoors,1,2026-06-08,2043.99,CUST00169,India,0,0,2043.99
502394,P10010,Insulated Water Bottle,Home & Kitchen,5,2025-02-01,396.84,CUST00680,Germany,0,0,1984.2
500380,P10016,Wool Sweater,Apparel,3,2025-12-03,1250.39,CUST00131,India,0,0,3751.17
502349,P10025,Yoga Mat,Sports & Outdoors,2,2025-02-07,270.08,CUST00665,India,0,0,540.16
501993,P10025,Yoga Mat,Sports & Outdoors,3,2026-02-24,270.08,CUST00555,Germany,0,0,810.24
502240,P10020,Herbal Shampoo,Beauty & Personal Care,1,2025-09-14,1426.26,CUST00627,India,0,0,1426.26
501502,P10035,Whiteboard Marker Set,Stationery & Office,4,2026-03-04,808.92,CUST00425,India,0,0,3235.68
501213,P10004,USB-C Cable,Electronics,2,2025-12-30,3182.97,CUST00329,India,0,0,6365.94
502215,P10032,Gel Pen Pack,Stationery & Office,4,2025-11-26,687.3,CUST00616,Uae,0,0,2749.2
501476,P10036,Backpack,Stationery & Office,1,2026-04-28,218.62,CUST00416,India,0,0,218.62
500392,P10011,Ceramic Mug Set,Home & Kitchen,3,2025-04-30,1993.94,CUST00135,Uae,0,0,5981.82
500272,P10002,Bluetooth Speaker,Electronics,2,2026-05-04,2723.88,CUST00109,India,0,0,5447.76
500955,P10026,Resistance Bands Set,Sports & Outdoors,3,2025-05-07,636.23,CUST00266,United States,0,0,1908.69
500188,P10018,Yoga Pants,Apparel,4,2026-03-08,608.28,CUST00068,United States,0,0,2433.12
502962,P10002,Bluetooth Speaker,Electronics,5,2026-03-18,2723.88,CUST00830,India,0,0,13619.4
503044,P10023,Hair Dryer,Beauty & Personal Care,4,2026-05-31,1018.4,CUST00842,United Kingdom,0,0,4073.6
502099,P10036,Backpack,Stationery & Office,1,2026-05-15,218.62,,India,1,0,218.62
500604,P10003,Phone Case,Electronics,3,2025-02-22,1049.71,CUST00180,India,0,0,3149.13
501286,P10017,Formal Shirt,Apparel,4,2025-12-12,562.91,CUST00345,India,0,0,2251.64
500313,P10007,Non-Stick Pan,Home & Kitchen,4,2025-02-24,331.24,CUST00120,India,0,0,1324.96
500014,P10002,Bluetooth Speaker,Electronics,4,2025-01-15,2723.88,CUST00007,India,0,0,10895.52
501749,P10011,Ceramic Mug Set,Home & Kitchen,3,2025-03-10,1993.94,CUST00485,United Kingdom,0,0,5981.82
500494,P10010,Insulated Water Bottle,Home & Kitchen,1,2026-04-12,396.84,CUST00165,India,0,0,396.84
502295,P10036,Backpack,Stationery & Office,1,2026-05-29,218.62,CUST00646,Germany,0,0,218.62
501739,P10021,Lip Balm Set,Beauty & Personal Care,5,2026-02-26,652.97,CUST00481,United Kingdom,0,0,3264.85
500545,P10035,Whiteboard Marker Set,Stationery & Office,1,2025-02-07,808.92,CUST00169,India,0,0,808.92
502532,P10021,Lip Balm Set,Beauty & Personal Care,1,2026-01-03,652.97,CUST00722,India,0,0,652.97
500477,P10018,Yoga Pants,Apparel,4,2025-08-18,608.28,CUST00159,India,0,0,2433.12
500881,P10014,Denim Jacket,Apparel,4,2025-07-31,1048.3,CUST00237,India,0,0,4193.2
501556,P10014,Denim Jacket,Apparel,2,2025-05-31,1048.3,CUST00442,Singapore,0,0,2096.6
502835,P10008,LED Desk Lamp,Home & Kitchen,3,2025-10-21,1311.15,CUST00787,United Kingdom,0,0,3933.45
500013,P10015,Running Shoes,Apparel,5,2026-02-01,980.3,CUST00006,India,0,0,4901.5
500638,P10024,Beard Trimmer,Beauty & Personal Care,5,2025-05-29,700.79,CUST00189,India,0,0,3503.95
502380,P10029,Badminton Racket,Sports & Outdoors,1,2025-03-20,274.87,CUST00674,India,0,0,274.87
502864,P10019,Face Serum,Beauty & Personal Care,4,2026-01-28,1312.41,CUST00796,Germany,0,0,5249.64
501584,P10020,Herbal Shampoo,Beauty & Personal Care,4,2026-04-10,1426.26,CUST00448,United States,0,0,5705.04
500169,P10001,Wireless Earbuds,Electronics,1,2025-06-10,606.94,CUST00062,India,0,0,606.94
500091,P10018,Yoga Pants,Apparel,4,2025-04-13,608.28,CUST00037,India,0,0,2433.12
501560,P10023,Hair Dryer,Beauty & Personal Care,1,2025-11-22,1018.4,CUST00443,India,0,0,1018.4
500740,P10025,Yoga Mat,Sports & Outdoors,3,2025-07-20,270.08,CUST00207,India,0,0,810.24
500732,P10018,Yoga Pants,Apparel,2,2026-06-24,608.28,CUST00205,United Kingdom,0,0,1216.56
501105,P10019,Face Serum,Beauty & Personal Care,5,2025-08-11,1312.41,CUST00310,India,0,0,6562.05
500448,P10009,Cotton Bedsheet Set,Home & Kitchen,3,2026-01-24,1519.89,CUST00144,India,0,0,4559.67
500326,P10001,Wireless Earbuds,Electronics,4,2026-05-20,606.94,CUST00126,India,0,0,2427.76
502016,P10027,Water Bottle Sipper,Sports & Outdoors,1,2026-05-06,2203.72,CUST00560,United Kingdom,0,0,2203.72
500585,P10029,Badminton Racket,Sports & Outdoors,1,2025-01-14,274.87,CUST00176,India,0,0,274.87
500028,P10008,LED Desk Lamp,Home & Kitchen,4,2026-03-21,1311.15,CUST00012,Singapore,0,0,5244.6
502996,P10027,Water Bottle Sipper,Sports & Outdoors,4,2025-02-26,2203.72,CUST00830,India,0,0,8814.88
502033,P10011,Ceramic Mug Set,Home & Kitchen,-4,2025-04-23,1993.94,CUST00563,India,0,1,-7975.76
501916,P10023,Hair Dryer,Beauty & Personal Care,5,2026-04-29,1018.4,CUST00539,India,0,0,5092.0
501321,P10026,Resistance Bands Set,Sports & Outdoors,4,2025-01-20,636.23,CUST00355,India,0,0,2544.92
502531,P10028,Camping Torch,Sports & Outdoors,3,2025-03-04,2043.99,CUST00722,India,0,0,6131.97
500931,P10027,Water Bottle Sipper,Sports & Outdoors,-1,2025-04-20,2203.72,CUST00260,India,0,1,-2203.72
501583,P10015,Running Shoes,Apparel,5,2025-06-29,980.3,CUST00448,United States,0,0,4901.5
500377,P10012,Storage Organizer,Home & Kitchen,3,2025-12-22,1268.9,CUST00130,India,0,0,3806.7
501173,P10033,Desk Organizer,Stationery & Office,1,2026-03-28,67.73,CUST00324,India,0,0,67.73
501530,P10008,LED Desk Lamp,Home & Kitchen,1,2025-04-12,1311.15,CUST00437,India,0,0,1311.15
502853,P10027,Water Bottle Sipper,Sports & Outdoors,4,2025-12-25,2203.72,CUST00796,Germany,0,0,8814.88
500676,P10021,Lip Balm Set,Beauty & Personal Care,3,2025-08-11,652.97,CUST00199,Germany,0,0,1958.91
502156,P10032,Gel Pen Pack,Stationery & Office,5,2025-05-03,687.3,CUST00586,India,0,0,3436.5
500508,P10028,Camping Torch,Sports & Outdoors,3,2025-07-18,2043.99,CUST00167,India,0,0,6131.97
502546,P10030,Cycling Gloves,Sports & Outdoors,2,2026-01-14,820.52,CUST00727,India,0,0,1641.04
501822,P10026,Resistance Bands Set,Sports & Outdoors,4,2025-07-16,636.23,CUST00503,India,0,0,2544.92
500061,P10035,Whiteboard Marker Set,Stationery & Office,2,2026-03-25,808.92,CUST00030,India,0,0,1617.84
500628,P10012,Storage Organizer,Home & Kitchen,5,2025-02-08,1268.9,,India,1,0,6344.5
501443,P10015,Running Shoes,Apparel,4,2025-01-09,980.3,CUST00400,United States,0,0,3921.2
501855,P10027,Water Bottle Sipper,Sports & Outdoors,5,2025-05-19,2203.72,CUST00519,Singapore,0,0,11018.6
501466,P10033,Desk Organizer,Stationery & Office,1,2025-11-05,67.73,CUST00414,United Kingdom,0,0,67.73
502218,P10032,Gel Pen Pack,Stationery & Office,3,2025-04-22,687.3,CUST00618,India,0,0,2061.9
501726,P10008,LED Desk Lamp,Home & Kitchen,4,2025-04-05,1311.15,CUST00475,India,0,0,5244.6
500635,P10036,Backpack,Stationery & Office,3,2025-07-09,218.62,CUST00189,India,0,0,655.86
501239,P10026,Resistance Bands Set,Sports & Outdoors,2,2025-09-14,636.23,CUST00338,United States,0,0,1272.46
502049,P10025,Yoga Mat,Sports & Outdoors,1,2025-06-11,270.08,CUST00568,India,0,0,270.08
502911,P10009,Cotton Bedsheet Set,Home & Kitchen,3,2025-06-08,1519.89,CUST00813,India,0,0,4559.67
502935,P10035,Whiteboard Marker Set,Stationery & Office,1,2026-03-06,808.92,CUST00815,Germany,0,0,808.92
501426,P10030,Cycling Gloves,Sports & Outdoors,5,2025-02-11,820.52,CUST00392,India,0,0,4102.6
500885,P10023,Hair Dryer,Beauty & Personal Care,5,2025-08-19,1018.4,CUST00238,India,0,0,5092.0
501471,P10034,Sticky Notes Pack,Stationery & Office,3,2025-01-18,147.9,CUST00416,India,0,0,443.7
500364,P10008,LED Desk Lamp,Home & Kitchen,3,2025-10-09,1311.15,CUST00127,United States,0,0,3933.45
500776,P10013,Cotton T-Shirt,Apparel,2,2025-04-02,1190.46,CUST00218,United States,0,0,2380.92
500190,P10012,Storage Organizer,Home & Kitchen,1,2025-10-24,1268.9,CUST00068,United States,0,0,1268.9
501358,P10005,Power Bank 10000mAh,Electronics,5,2026-05-12,1034.93,CUST00367,Singapore,0,0,5174.65
500015,P10028,Camping Torch,Sports & Outdoors,2,2026-06-20,2043.99,CUST00007,India,0,0,4087.98
502639,P10012,Storage Organizer,Home & Kitchen,3,2026-01-19,1268.9,CUST00748,India,0,0,3806.7
502545,P10001,Wireless Earbuds,Electronics,1,2025-01-11,606.94,CUST00726,Germany,0,0,606.94
501436,P10024,Beard Trimmer,Beauty & Personal Care,5,2025-12-26,700.79,CUST00396,Uae,0,0,3503.95
500347,P10036,Backpack,Stationery & Office,4,2025-11-25,218.62,CUST00126,India,0,0,874.48
500854,P10027,Water Bottle Sipper,Sports & Outdoors,2,2025-08-07,2203.72,CUST00232,India,0,0,4407.44
501402,P10001,Wireless Earbuds,Electronics,2,2026-06-09,606.94,CUST00392,India,0,0,1213.88
501913,P10016,Wool Sweater,Apparel,2,2025-09-07,1250.39,CUST00539,India,0,0,2500.78
501684,P10029,Badminton Racket,Sports & Outdoors,4,2025-02-19,274.87,CUST00463,United States,0,0,1099.48
500507,P10031,Notebook Set,Stationery & Office,2,2026-03-30,268.52,CUST00167,India,0,0,537.04
502875,P10034,Sticky Notes Pack,Stationery & Office,4,2026-02-13,147.9,CUST00798,United Kingdom,0,0,591.6
501759,P10003,Phone Case,Electronics,3,2025-11-23,1049.71,CUST00485,United Kingdom,0,0,3149.13
500942,P10001,Wireless Earbuds,Electronics,1,2026-03-04,606.94,CUST00263,India,0,0,606.94
501749,P10011,Ceramic Mug Set,Home & Kitchen,5,2025-03-10,1993.94,CUST00485,United Kingdom,0,0,9969.7
501280,P10014,Denim Jacket,Apparel,1,2025-05-24,1048.3,CUST00345,India,0,0,1048.3
501042,P10031,Notebook Set,Stationery & Office,3,2025-11-03,268.52,CUST00292,India,0,0,805.56
502684,P10029,Badminton Racket,Sports & Outdoors,-4,2025-08-11,274.87,CUST00753,United Kingdom,0,1,-1099.48
500013,P10006,Smartwatch Band,Electronics,4,2026-02-01,990.13,CUST00006,India,0,0,3960.52
502630,P10017,Formal Shirt,Apparel,4,2025-05-03,562.91,CUST00745,India,0,0,2251.64
501711,P10007,Non-Stick Pan,Home & Kitchen,2,2026-05-13,331.24,CUST00471,India,0,0,662.48
500584,P10025,Yoga Mat,Sports & Outdoors,4,2025-11-30,270.08,CUST00176,India,0,0,1080.32
501600,P10024,Beard Trimmer,Beauty & Personal Care,1,2026-04-24,700.79,CUST00448,United States,0,0,700.79
502173,P10028,Camping Torch,Sports & Outdoors,2,2025-07-31,2043.99,CUST00592,United Kingdom,0,0,4087.98
501061,P10019,Face Serum,Beauty & Personal Care,-3,2025-01-09,1312.41,,India,1,1,-3937.23
503031,P10004,USB-C Cable,Electronics,3,2025-05-20,3182.97,,India,1,0,9548.91
501707,P10030,Cycling Gloves,Sports & Outdoors,4,2025-08-30,820.52,CUST00470,Singapore,0,0,3282.08
500012,P10035,Whiteboard Marker Set,Stationery & Office,2,2026-01-19,808.92,,India,1,0,1617.84
500058,P10012,Storage Organizer,Home & Kitchen,3,2026-04-21,1268.9,CUST00028,India,0,0,3806.7
502426,P10033,Desk Organizer,Stationery & Office,3,2025-10-01,67.73,CUST00698,United Kingdom,0,0,203.19
500421,P10022,Sunscreen SPF50,Beauty & Personal Care,4,2025-11-02,514.51,CUST00138,United States,0,0,2058.04
500861,P10027,Water Bottle Sipper,Sports & Outdoors,4,2025-06-23,2203.72,CUST00235,India,0,0,8814.88
502524,P10034,Sticky Notes Pack,Stationery & Office,3,2025-12-09,147.9,CUST00716,Uae,0,0,443.7
500258,P10008,LED Desk Lamp,Home & Kitchen,3,2025-12-19,1311.15,CUST00104,India,0,0,3933.45
503057,P10035,Whiteboard Marker Set,Stationery & Office,4,2025-11-21,808.92,,United Kingdom,1,0,3235.68
500111,P10031,Notebook Set,Stationery & Office,3,2026-01-05,268.52,CUST00047,India,0,0,805.56
502482,P10006,Smartwatch Band,Electronics,2,2026-06-05,990.13,CUST00706,Singapore,0,0,1980.26
500473,P10027,Water Bottle Sipper,Sports & Outdoors,2,2025-02-10,2203.72,CUST00158,United States,0,0,4407.44
500601,P10023,Hair Dryer,Beauty & Personal Care,1,2025-06-23,1018.4,CUST00178,India,0,0,1018.4
502339,P10001,Wireless Earbuds,Electronics,5,2026-04-12,606.94,CUST00663,United Kingdom,0,0,3034.7
502833,P10027,Water Bottle Sipper,Sports & Outdoors,4,2025-06-06,2203.72,CUST00787,United Kingdom,0,0,8814.88
501493,P10019,Face Serum,Beauty & Personal Care,3,2025-05-22,1312.41,CUST00422,United States,0,0,3937.23
500037,P10015,Running Shoes,Apparel,4,2025-04-11,980.3,CUST00018,India,0,0,3921.2
501287,P10005,Power Bank 10000mAh,Electronics,5,2026-02-19,1034.93,CUST00346,United Kingdom,0,0,5174.65
501158,P10009,Cotton Bedsheet Set,Home & Kitchen,3,2025-07-27,1519.89,CUST00321,India,0,0,4559.67
501878,P10028,Camping Torch,Sports & Outdoors,4,2026-06-08,2043.99,CUST00528,India,0,0,8175.96
500380,P10011,Ceramic Mug Set,Home & Kitchen,5,2025-12-03,1993.94,CUST00131,India,0,0,9969.7
500997,P10006,Smartwatch Band,Electronics,1,2026-01-21,990.13,CUST00280,United States,0,0,990.13
500831,P10023,Hair Dryer,Beauty & Personal Care,1,2025-01-01,1018.4,CUST00222,United Kingdom,0,0,1018.4
502033,P10007,Non-Stick Pan,Home & Kitchen,4,2025-04-23,331.24,CUST00563,India,0,0,1324.96
500062,P10030,Cycling Gloves,Sports & Outdoors,4,2025-06-12,820.52,CUST00031,United Kingdom,0,0,3282.08
501095,P10030,Cycling Gloves,Sports & Outdoors,5,2025-03-12,820.52,CUST00306,Singapore,0,0,4102.6
502474,P10025,Yoga Mat,Sports & Outdoors,3,2025-07-07,270.08,CUST00706,Singapore,0,0,810.24
500818,P10014,Denim Jacket,Apparel,3,2025-08-29,1048.3,CUST00219,United Kingdom,0,0,3144.9
503097,P10017,Formal Shirt,Apparel,1,2026-06-10,562.91,CUST00846,India,0,0,562.91
501559,P10031,Notebook Set,Stationery & Office,2,2026-03-22,268.52,CUST00442,Singapore,0,0,537.04
501583,P10017,Formal Shirt,Apparel,4,2025-06-29,562.91,CUST00448,United States,0,0,2251.64
501930,P10022,Sunscreen SPF50,Beauty & Personal Care,3,2025-02-11,514.51,CUST00539,India,0,0,1543.53
502634,P10035,Whiteboard Marker Set,Stationery & Office,5,2026-02-14,808.92,CUST00747,India,0,0,4044.6
501916,P10023,Hair Dryer,Beauty & Personal Care,3,2026-04-29,1018.4,CUST00539,India,0,0,3055.2
502867,P10029,Badminton Racket,Sports & Outdoors,2,2026-05-10,274.87,CUST00796,Germany,0,0,549.74
501743,P10031,Notebook Set,Stationery & Office,4,2026-02-05,268.52,CUST00482,United Kingdom,0,0,1074.08
502795,P10019,Face Serum,Beauty & Personal Care,5,2025-09-01,1312.41,CUST00779,United States,0,0,6562.05
501878,P10028,Camping Torch,Sports & Outdoors,1,2026-06-08,2043.99,CUST00528,India,0,0,2043.99
501794,P10006,Smartwatch Band,Electronics,2,2026-02-15,990.13,CUST00497,United Kingdom,0,0,1980.26
501622,P10013,Cotton T-Shirt,Apparel,4,2026-04-30,1190.46,CUST00449,India,0,0,4761.84
501127,P10007,Non-Stick Pan,Home & Kitchen,5,2026-03-06,331.24,CUST00312,India,0,0,1656.2
501538,P10013,Cotton T-Shirt,Apparel,1,2025-08-19,1190.46,CUST00439,United States,0,0,1190.46
500195,P10013,Cotton T-Shirt,Apparel,5,2025-01-18,1190.46,CUST00071,United States,0,0,5952.3
502802,P10022,Sunscreen SPF50,Beauty & Personal Care,4,2026-05-07,514.51,CUST00779,United States,0,0,2058.04
501875,P10033,Desk Organizer,Stationery & Office,5,2025-03-11,67.73,CUST00525,Germany,0,0,338.65
500206,P10031,Notebook Set,Stationery & Office,4,2025-11-25,268.52,CUST00078,India,0,0,1074.08
501646,P10010,Insulated Water Bottle,Home & Kitchen,2,2025-04-19,396.84,CUST00457,India,0,0,793.68
500258,P10015,Running Shoes,Apparel,5,2025-12-19,980.3,CUST00104,India,0,0,4901.5
502514,P10022,Sunscreen SPF50,Beauty & Personal Care,1,2025-02-01,514.51,CUST00712,United Kingdom,0,0,514.51
501957,P10015,Running Shoes,Apparel,5,2025-06-11,980.3,CUST00542,United Kingdom,0,0,4901.5
502221,P10035,Whiteboard Marker Set,Stationery & Office,4,2026-01-21,808.92,CUST00621,India,0,0,3235.68
501796,P10034,Sticky Notes Pack,Stationery & Office,3,2025-09-18,147.9,CUST00497,United Kingdom,0,0,443.7
500034,P10034,Sticky Notes Pack,Stationery & Office,-5,2026-01-13,147.9,CUST00016,India,0,1,-739.5
500755,P10001,Wireless Earbuds,Electronics,4,2025-11-30,606.94,CUST00216,India,0,0,2427.76
501895,P10007,Non-Stick Pan,Home & Kitchen,2,2025-03-20,331.24,CUST00534,United Kingdom,0,0,662.48
500438,P10026,Resistance Bands Set,Sports & Outdoors,4,2026-01-29,636.23,CUST00141,Singapore,0,0,2544.92
500145,P10035,Whiteboard Marker Set,Stationery & Office,5,2026-04-14,808.92,CUST00052,United States,0,0,4044.6
502492,P10010,Insulated Water Bottle,Home & Kitchen,3,2026-01-08,396.84,CUST00706,Singapore,0,0,1190.52
502363,P10007,Non-Stick Pan,Home & Kitchen,3,2025-05-10,331.24,CUST00668,India,0,0,993.72
501414,P10014,Denim Jacket,Apparel,2,2026-03-07,1048.3,CUST00392,India,0,0,2096.6
502359,P10014,Denim Jacket,Apparel,5,2025-10-04,1048.3,CUST00667,India,0,0,5241.5
503003,P10029,Badminton Racket,Sports & Outdoors,2,2025-12-11,274.87,CUST00830,India,0,0,549.74
502347,P10007,Non-Stick Pan,Home & Kitchen,2,2025-01-09,331.24,CUST00665,India,0,0,662.48
500493,P10003,Phone Case,Electronics,1,2026-01-01,1049.71,CUST00165,India,0,0,1049.71
500084,P10029,Badminton Racket,Sports & Outdoors,1,2025-05-26,274.87,CUST00036,United States,0,0,274.87
502301,P10002,Bluetooth Speaker,Electronics,1,2025-12-16,2723.88,CUST00649,United States,0,0,2723.88
500577,P10012,Storage Organizer,Home & Kitchen,3,2026-04-01,1268.9,CUST00176,India,0,0,3806.7
502605,P10004,USB-C Cable,Electronics,3,2025-05-28,3182.97,CUST00736,Germany,0,0,9548.91
502395,P10026,Resistance Bands Set,Sports & Outdoors,1,2026-03-07,636.23,CUST00681,United States,0,0,636.23
500193,P10028,Camping Torch,Sports & Outdoors,5,2025-09-30,2043.99,,India,1,0,10219.95
502661,P10014,Denim Jacket,Apparel,1,2025-03-26,1048.3,CUST00753,United Kingdom,0,0,1048.3
501703,P10031,Notebook Set,Stationery & Office,2,2026-03-27,268.52,CUST00470,Singapore,0,0,537.04
502607,P10032,Gel Pen Pack,Stationery & Office,3,2025-09-25,687.3,CUST00737,India,0,0,2061.9
500443,P10006,Smartwatch Band,Electronics,2,2026-01-07,990.13,CUST00142,India,0,0,1980.26
502705,P10029,Badminton Racket,Sports & Outdoors,2,2026-06-06,274.87,CUST00756,United States,0,0,549.74
501364,P10015,Running Shoes,Apparel,2,2026-03-31,980.3,CUST00371,India,0,0,1960.6
501783,P10010,Insulated Water Bottle,Home & Kitchen,3,2026-04-02,396.84,CUST00492,United Kingdom,0,0,1190.52
501652,P10032,Gel Pen Pack,Stationery & Office,4,2025-07-19,687.3,CUST00459,India,0,0,2749.2
502905,P10023,Hair Dryer,Beauty & Personal Care,-5,2025-12-22,1018.4,CUST00811,Singapore,0,1,-5092.0
502628,P10017,Formal Shirt,Apparel,5,2025-11-24,562.91,CUST00743,United States,0,0,2814.55
500592,P10010,Insulated Water Bottle,Home & Kitchen,5,2026-04-26,396.84,CUST00176,India,0,0,1984.2
500692,P10013,Cotton T-Shirt,Apparel,1,2025-04-27,1190.46,CUST00203,India,0,0,1190.46
501407,P10029,Badminton Racket,Sports & Outdoors,5,2026-06-11,274.87,CUST00392,India,0,0,1374.35
500613,P10019,Face Serum,Beauty & Personal Care,1,2025-07-21,1312.41,CUST00188,United Kingdom,0,0,1312.41
501628,P10016,Wool Sweater,Apparel,4,2025-02-19,1250.39,CUST00449,India,0,0,5001.56
500678,P10033,Desk Organizer,Stationery & Office,2,2025-03-23,67.73,CUST00199,Germany,0,0,135.46
502520,P10026,Resistance Bands Set,Sports & Outdoors,5,2025-04-05,636.23,CUST00714,India,0,0,3181.15
502897,P10021,Lip Balm Set,Beauty & Personal Care,2,2026-03-07,652.97,CUST00804,United Kingdom,0,0,1305.94
502161,P10024,Beard Trimmer,Beauty & Personal Care,5,2025-03-09,700.79,CUST00587,India,0,0,3503.95
501277,P10036,Backpack,Stationery & Office,3,2026-04-17,218.62,CUST00343,India,0,0,655.86
500238,P10036,Backpack,Stationery & Office,4,2025-07-22,218.62,CUST00093,United States,0,0,874.48
502938,P10012,Storage Organizer,Home & Kitchen,1,2025-12-10,1268.9,CUST00816,India,0,0,1268.9
501507,P10025,Yoga Mat,Sports & Outdoors,3,2025-11-22,270.08,CUST00426,India,0,0,810.24
502774,P10033,Desk Organizer,Stationery & Office,1,2026-06-25,67.73,CUST00779,United States,0,0,67.73
500345,P10016,Wool Sweater,Apparel,5,2026-06-18,1250.39,CUST00126,India,0,0,6251.95
501020,P10034,Sticky Notes Pack,Stationery & Office,2,2025-06-06,147.9,CUST00286,India,0,0,295.8
502750,P10019,Face Serum,Beauty & Personal Care,3,2025-12-27,1312.41,CUST00775,United States,0,0,3937.23
502868,P10021,Lip Balm Set,Beauty & Personal Care,4,2025-01-21,652.97,CUST00796,Germany,0,0,2611.88
502750,P10015,Running Shoes,Apparel,2,2025-12-27,980.3,CUST00775,United States,0,0,1960.6
500610,P10036,Backpack,Stationery & Office,1,2026-05-29,218.62,CUST00185,India,0,0,218.62
500030,P10036,Backpack,Stationery & Office,2,2026-04-28,218.62,CUST00012,Singapore,0,0,437.24
502707,P10020,Herbal Shampoo,Beauty & Personal Care,2,2025-09-27,1426.26,CUST00756,United States,0,0,2852.52
502624,P10024,Beard Trimmer,Beauty & Personal Care,3,2026-05-10,700.79,CUST00740,India,0,0,2102.37
500988,P10035,Whiteboard Marker Set,Stationery & Office,3,2025-07-14,808.92,CUST00276,India,0,0,2426.76
500984,P10005,Power Bank 10000mAh,Electronics,2,2025-05-27,1034.93,CUST00275,India,0,0,2069.86
502989,P10020,Herbal Shampoo,Beauty & Personal Care,3,2025-01-21,1426.26,CUST00830,India,0,0,4278.78
501772,P10016,Wool Sweater,Apparel,4,2026-03-26,1250.39,CUST00488,India,0,0,5001.56
500045,P10022,Sunscreen SPF50,Beauty & Personal Care,4,2026-06-08,514.51,CUST00020,India,0,0,2058.04
503010,P10021,Lip Balm Set,Beauty & Personal Care,4,2025-03-09,652.97,CUST00833,India,0,0,2611.88
500481,P10021,Lip Balm Set,Beauty & Personal Care,3,2025-12-24,652.97,CUST00160,United States,0,0,1958.91
502373,P10036,Backpack,Stationery & Office,4,2025-05-02,218.62,CUST00673,India,0,0,874.48
503104,P10036,Backpack,Stationery & Office,5,2025-07-03,218.62,CUST00850,United Kingdom,0,0,1093.1
501411,P10015,Running Shoes,Apparel,4,2026-06-12,980.3,CUST00392,India,0,0,3921.2
502396,P10011,Ceramic Mug Set,Home & Kitchen,5,2025-06-19,1993.94,CUST00681,United States,0,0,9969.7
502447,P10014,Denim Jacket,Apparel,5,2025-09-20,1048.3,CUST00699,India,0,0,5241.5
502701,P10001,Wireless Earbuds,Electronics,4,2026-03-15,606.94,CUST00754,India,0,0,2427.76
502791,P10029,Badminton Racket,Sports & Outdoors,3,2026-01-30,274.87,CUST00779,United States,0,0,824.61
501671,P10013,Cotton T-Shirt,Apparel,2,2025-03-22,1190.46,CUST00463,United States,0,0,2380.92
500224,P10018,Yoga Pants,Apparel,1,2025-04-29,608.28,CUST00086,India,0,0,608.28
501515,P10015,Running Shoes,Apparel,4,2025-02-11,980.3,CUST00428,Germany,0,0,3921.2
502824,P10004,USB-C Cable,Electronics,3,2025-11-15,3182.97,CUST00786,Uae,0,0,9548.91
500528,P10003,Phone Case,Electronics,5,2026-02-08,1049.71,CUST00169,India,0,0,5248.55
502827,P10012,Storage Organizer,Home & Kitchen,5,2025-08-09,1268.9,CUST00786,Uae,0,0,6344.5
502068,P10026,Resistance Bands Set,Sports & Outdoors,4,2025-09-10,636.23,CUST00574,United Kingdom,0,0,2544.92
500809,P10012,Storage Organizer,Home & Kitchen,2,2025-08-03,1268.9,CUST00219,United Kingdom,0,0,2537.8
501920,P10027,Water Bottle Sipper,Sports & Outdoors,5,2025-02-03,2203.72,CUST00539,India,0,0,11018.6
501195,P10006,Smartwatch Band,Electronics,2,2025-12-13,990.13,CUST00324,India,0,0,1980.26
501303,P10009,Cotton Bedsheet Set,Home & Kitchen,5,2025-04-28,1519.89,CUST00353,United Kingdom,0,0,7599.45
502287,P10029,Badminton Racket,Sports & Outdoors,2,2026-05-13,274.87,CUST00642,India,0,0,549.74
502323,P10024,Beard Trimmer,Beauty & Personal Care,4,2025-08-12,700.79,CUST00659,United Kingdom,0,0,2803.16
500113,P10035,Whiteboard Marker Set,Stationery & Office,2,2025-11-25,808.92,CUST00047,India,0,0,1617.84
501386,P10012,Storage Organizer,Home & Kitchen,3,2026-03-25,1268.9,CUST00385,United States,0,0,3806.7
500164,P10003,Phone Case,Electronics,2,2025-10-12,1049.71,CUST00061,India,0,0,2099.42
500616,P10022,Sunscreen SPF50,Beauty & Personal Care,2,2026-04-19,514.51,CUST00189,India,0,0,1029.02
501499,P10027,Water Bottle Sipper,Sports & Outdoors,5,2026-04-25,2203.72,CUST00424,India,0,0,11018.6
503054,P10033,Desk Organizer,Stationery & Office,2,2025-01-03,67.73,CUST00842,United Kingdom,0,0,135.46
500123,P10014,Denim Jacket,Apparel,2,2025-05-23,1048.3,,India,1,0,2096.6
502819,P10030,Cycling Gloves,Sports & Outdoors,3,2026-04-15,820.52,CUST00784,India,0,0,2461.56
500368,P10023,Hair Dryer,Beauty & Personal Care,3,2025-08-16,1018.4,CUST00129,India,0,0,3055.2
501193,P10032,Gel Pen Pack,Stationery & Office,2,2025-10-16,687.3,CUST00324,India,0,0,1374.6
501586,P10025,Yoga Mat,Sports & Outdoors,1,2025-06-04,270.08,CUST00448,United States,0,0,270.08
501398,P10010,Insulated Water Bottle,Home & Kitchen,3,2025-01-02,396.84,CUST00389,United States,0,0,1190.52
500868,P10012,Storage Organizer,Home & Kitchen,4,2025-05-02,1268.9,CUST00236,United States,0,0,5075.6
502991,P10019,Face Serum,Beauty & Personal Care,1,2026-02-13,1312.41,CUST00830,India,0,0,1312.41
501637,P10016,Wool Sweater,Apparel,3,2025-10-24,1250.39,CUST00452,United Kingdom,0,0,3751.17
500491,P10024,Beard Trimmer,Beauty & Personal Care,5,2025-05-31,700.79,CUST00165,India,0,0,3503.95
502357,P10017,Formal Shirt,Apparel,2,2026-01-06,562.91,CUST00667,India,0,0,1125.82
500261,P10027,Water Bottle Sipper,Sports & Outdoors,5,2025-11-15,2203.72,,India,1,0,11018.6
500071,P10008,LED Desk Lamp,Home & Kitchen,3,2025-07-03,1311.15,,India,1,0,3933.45
502647,P10035,Whiteboard Marker Set,Stationery & Office,4,2025-05-16,808.92,CUST00749,Uae,0,0,3235.68
501005,P10031,Notebook Set,Stationery & Office,3,2025-09-08,268.52,CUST00283,India,0,0,805.56
500989,P10034,Sticky Notes Pack,Stationery & Office,1,2025-05-22,147.9,CUST00277,United States,0,0,147.9
502527,P10025,Yoga Mat,Sports & Outdoors,2,2025-01-11,270.08,CUST00719,India,0,0,540.16
502406,P10015,Running Shoes,Apparel,5,2026-01-06,980.3,CUST00687,United Kingdom,0,0,4901.5
501138,P10036,Backpack,Stationery & Office,2,2025-09-30,218.62,CUST00312,India,0,0,437.24
502016,P10003,Phone Case,Electronics,1,2026-05-06,1049.71,CUST00560,United Kingdom,0,0,1049.71
502822,P10002,Bluetooth Speaker,Electronics,5,2025-05-01,2723.88,CUST00784,India,0,0,13619.4
501785,P10004,USB-C Cable,Electronics,5,2026-05-13,3182.97,CUST00494,India,0,0,15914.85
502939,P10021,Lip Balm Set,Beauty & Personal Care,3,2025-01-02,652.97,CUST00817,United Kingdom,0,0,1958.91
502881,P10026,Resistance Bands Set,Sports & Outdoors,5,2025-12-01,636.23,CUST00800,Uae,0,0,3181.15
500445,P10009,Cotton Bedsheet Set,Home & Kitchen,4,2026-06-01,1519.89,CUST00144,India,0,0,6079.56
500494,P10036,Backpack,Stationery & Office,2,2026-04-12,218.62,CUST00165,India,0,0,437.24
501692,P10020,Herbal Shampoo,Beauty & Personal Care,5,2026-03-03,1426.26,CUST00465,Singapore,0,0,7131.3
500915,P10027,Water Bottle Sipper,Sports & Outdoors,2,2025-06-07,2203.72,,India,1,0,4407.44
500084,P10018,Yoga Pants,Apparel,1,2025-05-26,608.28,CUST00036,United States,0,0,608.28
500946,P10031,Notebook Set,Stationery & Office,2,2026-03-21,268.52,CUST00264,India,0,0,537.04
501046,P10008,LED Desk Lamp,Home & Kitchen,2,2026-01-15,1311.15,CUST00294,India,0,0,2622.3
500812,P10031,Notebook Set,Stationery & Office,-2,2026-06-14,268.52,CUST00219,United Kingdom,0,1,-537.04
501189,P10016,Wool Sweater,Apparel,5,2026-06-29,1250.39,CUST00324,India,0,0,6251.95
503000,P10014,Denim Jacket,Apparel,2,2025-04-29,1048.3,CUST00830,India,0,0,2096.6
500647,P10006,Smartwatch Band,Electronics,2,2025-07-17,990.13,CUST00192,Germany,0,0,1980.26
502547,P10036,Backpack,Stationery & Office,2,2025-11-19,218.62,CUST00727,India,0,0,437.24
502967,P10004,USB-C Cable,Electronics,5,2025-08-10,3182.97,CUST00830,India,0,0,15914.85
501168,P10014,Denim Jacket,Apparel,4,2026-01-05,1048.3,CUST00324,India,0,0,4193.2
500196,P10036,Backpack,Stationery & Office,5,2026-03-10,218.62,CUST00071,United States,0,0,1093.1
502238,P10021,Lip Balm Set,Beauty & Personal Care,4,2025-10-08,652.97,CUST00627,India,0,0,2611.88
500845,P10016,Wool Sweater,Apparel,2,2026-02-09,1250.39,CUST00228,India,0,0,2500.78
501530,P10033,Desk Organizer,Stationery & Office,4,2025-04-12,67.73,CUST00437,India,0,0,270.92
502859,P10009,Cotton Bedsheet Set,Home & Kitchen,3,2025-10-28,1519.89,CUST00796,Germany,0,0,4559.67
502163,P10009,Cotton Bedsheet Set,Home & Kitchen,1,2026-04-12,1519.89,CUST00587,India,0,0,1519.89
500027,P10025,Yoga Mat,Sports & Outdoors,4,2025-10-09,270.08,CUST00012,Singapore,0,0,1080.32
500704,P10019,Face Serum,Beauty & Personal Care,2,2025-07-24,1312.41,CUST00203,India,0,0,2624.82
500190,P10012,Storage Organizer,Home & Kitchen,3,2025-10-24,1268.9,CUST00068,United States,0,0,3806.7
502064,P10006,Smartwatch Band,Electronics,5,2026-06-26,990.13,CUST00572,United States,0,0,4950.65
501105,P10017,Formal Shirt,Apparel,5,2025-08-11,562.91,CUST00310,India,0,0,2814.55
502122,P10013,Cotton T-Shirt,Apparel,2,2025-12-23,1190.46,CUST00581,India,0,0,2380.92
500570,P10011,Ceramic Mug Set,Home & Kitchen,1,2026-05-17,1993.94,CUST00175,United Kingdom,0,0,1993.94
500998,P10032,Gel Pen Pack,Stationery & Office,5,2025-08-29,687.3,CUST00281,Germany,0,0,3436.5
502555,P10034,Sticky Notes Pack,Stationery & Office,3,2026-04-01,147.9,CUST00731,India,0,0,443.7
502372,P10014,Denim Jacket,Apparel,1,2026-05-07,1048.3,CUST00673,India,0,0,1048.3
501271,P10019,Face Serum,Beauty & Personal Care,2,2025-09-29,1312.41,CUST00343,India,0,0,2624.82
500125,P10014,Denim Jacket,Apparel,1,2025-08-17,1048.3,CUST00047,India,0,0,1048.3
501182,P10022,Sunscreen SPF50,Beauty & Personal Care,1,2026-04-02,514.51,,India,1,0,514.51
503076,P10028,Camping Torch,Sports & Outdoors,2,2026-01-15,2043.99,CUST00842,United Kingdom,0,0,4087.98
502386,P10005,Power Bank 10000mAh,Electronics,2,2026-02-27,1034.93,CUST00677,India,0,0,2069.86
502887,P10006,Smartwatch Band,Electronics,4,2025-01-25,990.13,CUST00801,United States,0,0,3960.52
500852,P10024,Beard Trimmer,Beauty & Personal Care,2,2026-06-29,700.79,CUST00232,India,0,0,1401.58
501400,P10033,Desk Organizer,Stationery & Office,5,2025-05-05,67.73,CUST00390,United States,0,0,338.65
500250,P10027,Water Bottle Sipper,Sports & Outdoors,4,2026-03-18,2203.72,CUST00099,India,0,0,8814.88
500352,P10002,Bluetooth Speaker,Electronics,1,2026-06-25,2723.88,CUST00126,India,0,0,2723.88
502281,P10029,Badminton Racket,Sports & Outdoors,3,2025-08-19,274.87,,India,1,0,824.61
501814,P10012,Storage Organizer,Home & Kitchen,1,2025-11-15,1268.9,CUST00503,India,0,0,1268.9
501270,P10014,Denim Jacket,Apparel,3,2025-01-26,1048.3,CUST00343,India,0,0,3144.9
501014,P10017,Formal Shirt,Apparel,-2,2026-01-17,562.91,CUST00286,India,0,1,-1125.82
501795,P10024,Beard Trimmer,Beauty & Personal Care,3,2025-12-24,700.79,CUST00497,United Kingdom,0,0,2102.37
501403,P10003,Phone Case,Electronics,-2,2025-01-06,1049.71,CUST00392,India,0,1,-2099.42
500173,P10024,Beard Trimmer,Beauty & Personal Care,2,2025-05-12,700.79,CUST00063,Germany,0,0,1401.58
500077,P10011,Ceramic Mug Set,Home & Kitchen,3,2025-05-07,1993.94,CUST00034,Uae,0,0,5981.82
500532,P10012,Storage Organizer,Home & Kitchen,1,2025-08-28,1268.9,CUST00169,India,0,0,1268.9
501785,P10034,Sticky Notes Pack,Stationery & Office,2,2026-05-13,147.9,CUST00494,India,0,0,295.8
502871,P10006,Smartwatch Band,Electronics,1,2025-11-28,990.13,CUST00797,Uae,0,0,990.13
500451,P10034,Sticky Notes Pack,Stationery & Office,3,2025-01-27,147.9,,India,1,0,443.7
502568,P10034,Sticky Notes Pack,Stationery & Office,2,2026-02-17,147.9,CUST00731,India,0,0,295.8
500629,P10029,Badminton Racket,Sports & Outdoors,3,2025-09-16,274.87,CUST00189,India,0,0,824.61
500396,P10024,Beard Trimmer,Beauty & Personal Care,5,2025-09-19,700.79,CUST00137,India,0,0,3503.95
501837,P10002,Bluetooth Speaker,Electronics,5,2025-02-04,2723.88,,United States,1,0,13619.4
500280,P10013,Cotton T-Shirt,Apparel,3,2025-02-12,1190.46,CUST00111,India,0,0,3571.38
502877,P10028,Camping Torch,Sports & Outdoors,3,2026-01-19,2043.99,CUST00799,United Kingdom,0,0,6131.97
500569,P10004,USB-C Cable,Electronics,1,2026-05-29,3182.97,CUST00175,United Kingdom,0,0,3182.97
500750,P10015,Running Shoes,Apparel,5,2025-01-22,980.3,CUST00213,United Kingdom,0,0,4901.5
502034,P10027,Water Bottle Sipper,Sports & Outdoors,5,2025-02-27,2203.72,CUST00563,India,0,0,11018.6
500485,P10029,Badminton Racket,Sports & Outdoors,-2,2025-02-15,274.87,CUST00163,United Kingdom,0,1,-549.74
500450,P10032,Gel Pen Pack,Stationery & Office,3,2026-03-07,687.3,CUST00145,India,0,0,2061.9
502800,P10005,Power Bank 10000mAh,Electronics,2,2026-03-29,1034.93,CUST00779,United States,0,0,2069.86
501181,P10009,Cotton Bedsheet Set,Home & Kitchen,2,2026-02-08,1519.89,CUST00324,India,0,0,3039.78
502495,P10024,Beard Trimmer,Beauty & Personal Care,4,2026-03-23,700.79,CUST00706,Singapore,0,0,2803.16
500586,P10033,Desk Organizer,Stationery & Office,4,2025-07-27,67.73,CUST00176,India,0,0,270.92
501395,P10008,LED Desk Lamp,Home & Kitchen,3,2025-11-22,1311.15,CUST00387,India,0,0,3933.45
502800,P10008,LED Desk Lamp,Home & Kitchen,4,2026-03-29,1311.15,CUST00779,United States,0,0,5244.6
502286,P10030,Cycling Gloves,Sports & Outdoors,1,2025-12-22,820.52,CUST00641,India,0,0,820.52
501083,P10019,Face Serum,Beauty & Personal Care,5,2025-08-13,1312.41,CUST00300,India,0,0,6562.05
500942,P10032,Gel Pen Pack,Stationery & Office,3,2026-03-04,687.3,,India,1,0,2061.9
501470,P10031,Notebook Set,Stationery & Office,2,2026-03-07,268.52,CUST00416,India,0,0,537.04
502887,P10022,Sunscreen SPF50,Beauty & Personal Care,1,2025-01-25,514.51,CUST00801,United States,0,0,514.51
501097,P10003,Phone Case,Electronics,1,2026-02-02,1049.71,CUST00308,India,0,0,1049.71
502401,P10007,Non-Stick Pan,Home & Kitchen,5,2026-04-27,331.24,CUST00685,Uae,0,0,1656.2
501929,P10016,Wool Sweater,Apparel,5,2025-03-09,1250.39,CUST00539,India,0,0,6251.95
502311,P10014,Denim Jacket,Apparel,1,2026-04-10,1048.3,CUST00655,India,0,0,1048.3
502681,P10004,USB-C Cable,Electronics,4,2026-02-22,3182.97,CUST00753,United Kingdom,0,0,12731.88
501549,P10003,Phone Case,Electronics,4,2025-09-12,1049.71,CUST00439,United States,0,0,4198.84
500593,P10021,Lip Balm Set,Beauty & Personal Care,4,2025-08-06,652.97,CUST00176,India,0,0,2611.88
502212,P10015,Running Shoes,Apparel,1,2025-02-04,980.3,CUST00614,India,0,0,980.3
500168,P10021,Lip Balm Set,Beauty & Personal Care,2,2025-07-21,652.97,CUST00062,India,0,0,1305.94
502788,P10004,USB-C Cable,Electronics,3,2026-04-24,3182.97,CUST00779,United States,0,0,9548.91
500016,P10005,Power Bank 10000mAh,Electronics,-3,2025-04-06,1034.93,CUST00007,India,0,1,-3104.79
500148,P10001,Wireless Earbuds,Electronics,1,2026-02-27,606.94,CUST00052,United States,0,0,606.94
502908,P10030,Cycling Gloves,Sports & Outdoors,1,2026-02-13,820.52,CUST00813,India,0,0,820.52
502028,P10022,Sunscreen SPF50,Beauty & Personal Care,4,2025-02-12,514.51,,India,1,0,2058.04
502732,P10034,Sticky Notes Pack,Stationery & Office,3,2025-09-26,147.9,CUST00768,Germany,0,0,443.7
502956,P10016,Wool Sweater,Apparel,3,2026-05-26,1250.39,CUST00827,India,0,0,3751.17
501819,P10020,Herbal Shampoo,Beauty & Personal Care,4,2026-01-30,1426.26,CUST00503,India,0,0,5705.04
501405,P10035,Whiteboard Marker Set,Stationery & Office,1,2026-04-08,808.92,CUST00392,India,0,0,808.92
500463,P10031,Notebook Set,Stationery & Office,3,2026-04-07,268.52,CUST00153,India,0,0,805.56
501642,P10007,Non-Stick Pan,Home & Kitchen,2,2025-06-05,331.24,CUST00456,India,0,0,662.48
502789,P10008,LED Desk Lamp,Home & Kitchen,5,2026-01-12,1311.15,CUST00779,United States,0,0,6555.75
501263,P10011,Ceramic Mug Set,Home & Kitchen,4,2025-05-14,1993.94,CUST00343,India,0,0,7975.76
500044,P10011,Ceramic Mug Set,Home & Kitchen,1,2026-01-27,1993.94,CUST00020,India,0,0,1993.94
501672,P10002,Bluetooth Speaker,Electronics,3,2025-01-15,2723.88,CUST00463,United States,0,0,8171.64
502152,P10016,Wool Sweater,Apparel,1,2026-05-25,1250.39,CUST00584,India,0,0,1250.39
501802,P10025,Yoga Mat,Sports & Outdoors,3,2026-04-14,270.08,CUST00497,United Kingdom,0,0,810.24
502460,P10017,Formal Shirt,Apparel,4,2025-07-03,562.91,CUST00701,India,0,0,2251.64
500514,P10027,Water Bottle Sipper,Sports & Outdoors,2,2025-06-06,2203.72,CUST00169,India,0,0,4407.44
502535,P10007,Non-Stick Pan,Home & Kitchen,-5,2025-01-27,331.24,CUST00723,India,0,1,-1656.2
501238,P10017,Formal Shirt,Apparel,4,2025-12-23,562.91,CUST00338,United States,0,0,2251.64
502712,P10036,Backpack,Stationery & Office,1,2025-07-11,218.62,CUST00758,India,0,0,218.62
501086,P10015,Running Shoes,Apparel,2,2025-03-03,980.3,CUST00301,India,0,0,1960.6
502360,P10003,Phone Case,Electronics,3,2025-11-28,1049.71,CUST00668,India,0,0,3149.13
500610,P10035,Whiteboard Marker Set,Stationery & Office,2,2026-05-29,808.92,CUST00185,India,0,0,1617.84
500330,P10008,LED Desk Lamp,Home & Kitchen,5,2025-03-13,1311.15,CUST00126,India,0,0,6555.75
501500,P10034,Sticky Notes Pack,Stationery & Office,-5,2025-03-15,147.9,CUST00424,India,0,1,-739.5
502456,P10007,Non-Stick Pan,Home & Kitchen,5,2026-05-30,331.24,CUST00699,India,0,0,1656.2
502205,P10007,Non-Stick Pan,Home & Kitchen,2,2025-12-02,331.24,CUST00611,India,0,0,662.48
501659,P10010,Insulated Water Bottle,Home & Kitchen,5,2025-08-24,396.84,CUST00463,United States,0,0,1984.2
501141,P10005,Power Bank 10000mAh,Electronics,1,2025-07-06,1034.93,CUST00313,India,0,0,1034.93
502725,P10006,Smartwatch Band,Electronics,-2,2026-05-02,990.13,CUST00763,India,0,1,-1980.26
500848,P10004,USB-C Cable,Electronics,4,2026-06-26,3182.97,CUST00230,United Kingdom,0,0,12731.88
501877,P10012,Storage Organizer,Home & Kitchen,5,2025-10-11,1268.9,CUST00527,India,0,0,6344.5
501995,P10011,Ceramic Mug Set,Home & Kitchen,4,2025-06-15,1993.94,CUST00555,Germany,0,0,7975.76
500379,P10009,Cotton Bedsheet Set,Home & Kitchen,4,2025-07-29,1519.89,CUST00130,India,0,0,6079.56
502567,P10028,Camping Torch,Sports & Outdoors,5,2025-07-20,2043.99,CUST00731,India,0,0,10219.95
500546,P10018,Yoga Pants,Apparel,5,2026-02-13,608.28,CUST00169,India,0,0,3041.4
500526,P10017,Formal Shirt,Apparel,2,2025-12-01,562.91,CUST00169,India,0,0,1125.82
501060,P10015,Running Shoes,Apparel,2,2025-06-12,980.3,CUST00295,India,0,0,1960.6
500727,P10005,Power Bank 10000mAh,Electronics,5,2026-04-27,1034.93,CUST00205,United Kingdom,0,0,5174.65
501140,P10031,Notebook Set,Stationery & Office,1,2025-07-27,268.52,CUST00313,India,0,0,268.52
502883,P10001,Wireless Earbuds,Electronics,5,2025-05-06,606.94,CUST00801,United States,0,0,3034.7
500537,P10036,Backpack,Stationery & Office,2,2026-01-31,218.62,CUST00169,India,0,0,437.24
501809,P10012,Storage Organizer,Home & Kitchen,3,2025-08-25,1268.9,CUST00501,United Kingdom,0,0,3806.7
501387,P10018,Yoga Pants,Apparel,2,2025-11-16,608.28,CUST00385,United States,0,0,1216.56
502104,P10025,Yoga Mat,Sports & Outdoors,4,2025-07-27,270.08,CUST00579,India,0,0,1080.32
500996,P10024,Beard Trimmer,Beauty & Personal Care,3,2025-04-01,700.79,CUST00280,United States,0,0,2102.37
501025,P10033,Desk Organizer,Stationery & Office,2,2025-11-26,67.73,CUST00286,India,0,0,135.46
501076,P10001,Wireless Earbuds,Electronics,2,2025-12-07,606.94,CUST00300,India,0,0,1213.88
500183,P10012,Storage Organizer,Home & Kitchen,1,2026-04-24,1268.9,CUST00066,India,0,0,1268.9
500378,P10031,Notebook Set,Stationery & Office,2,2025-07-25,268.52,CUST00130,India,0,0,537.04
502805,P10030,Cycling Gloves,Sports & Outdoors,3,2025-04-05,820.52,,United Kingdom,1,0,2461.56
502897,P10025,Yoga Mat,Sports & Outdoors,3,2026-03-07,270.08,CUST00804,United Kingdom,0,0,810.24
502814,P10006,Smartwatch Band,Electronics,4,2025-12-15,990.13,CUST00782,India,0,0,3960.52
501858,P10002,Bluetooth Speaker,Electronics,5,2025-06-23,2723.88,CUST00521,United Kingdom,0,0,13619.4
502194,P10007,Non-Stick Pan,Home & Kitchen,3,2026-05-23,331.24,CUST00603,India,0,0,993.72
501973,P10033,Desk Organizer,Stationery & Office,2,2025-08-30,67.73,CUST00546,India,0,0,135.46
500281,P10024,Beard Trimmer,Beauty & Personal Care,2,2026-01-19,700.79,CUST00111,India,0,0,1401.58
502321,P10036,Backpack,Stationery & Office,1,2026-02-22,218.62,CUST00659,United Kingdom,0,0,218.62
502641,P10027,Water Bottle Sipper,Sports & Outdoors,3,2026-04-22,2203.72,CUST00749,Uae,0,0,6611.16
501992,P10018,Yoga Pants,Apparel,2,2025-10-03,608.28,CUST00555,Germany,0,0,1216.56
501300,P10033,Desk Organizer,Stationery & Office,5,2026-01-22,67.73,CUST00353,United Kingdom,0,0,338.65
502197,P10003,Phone Case,Electronics,3,2025-10-13,1049.71,CUST00606,India,0,0,3149.13
500288,P10004,USB-C Cable,Electronics,1,2026-05-04,3182.97,CUST00113,Uae,0,0,3182.97
502002,P10016,Wool Sweater,Apparel,5,2025-10-21,1250.39,CUST00555,Germany,0,0,6251.95
501484,P10023,Hair Dryer,Beauty & Personal Care,1,2026-04-05,1018.4,CUST00420,United States,0,0,1018.4
502590,P10009,Cotton Bedsheet Set,Home & Kitchen,3,2025-04-01,1519.89,CUST00731,India,0,0,4559.67
502411,P10026,Resistance Bands Set,Sports & Outdoors,5,2025-06-08,636.23,CUST00688,India,0,0,3181.15
501412,P10029,Badminton Racket,Sports & Outdoors,1,2025-02-25,274.87,CUST00392,India,0,0,274.87
501704,P10017,Formal Shirt,Apparel,2,2025-06-03,562.91,CUST00470,Singapore,0,0,1125.82
501683,P10006,Smartwatch Band,Electronics,-1,2025-05-25,990.13,CUST00463,United States,0,1,-990.13
500356,P10036,Backpack,Stationery & Office,5,2025-01-21,218.62,CUST00127,United States,0,0,1093.1
501013,P10035,Whiteboard Marker Set,Stationery & Office,4,2025-10-08,808.92,CUST00286,India,0,0,3235.68
501295,P10035,Whiteboard Marker Set,Stationery & Office,4,2025-10-04,808.92,CUST00351,India,0,0,3235.68
501690,P10031,Notebook Set,Stationery & Office,4,2025-01-30,268.52,CUST00465,Singapore,0,0,1074.08
500526,P10012,Storage Organizer,Home & Kitchen,1,2025-12-01,1268.9,CUST00169,India,0,0,1268.9
500770,P10006,Smartwatch Band,Electronics,4,2025-10-14,990.13,CUST00217,India,0,0,3960.52
502087,P10020,Herbal Shampoo,Beauty & Personal Care,1,2026-01-07,1426.26,CUST00579,India,0,0,1426.26
502916,P10016,Wool Sweater,Apparel,3,2025-03-27,1250.39,CUST00813,India,0,0,3751.17
500091,P10003,Phone Case,Electronics,1,2025-04-13,1049.71,CUST00037,India,0,0,1049.71
501676,P10022,Sunscreen SPF50,Beauty & Personal Care,3,2026-01-15,514.51,CUST00463,United States,0,0,1543.53
500461,P10018,Yoga Pants,Apparel,5,2026-05-05,608.28,CUST00152,India,0,0,3041.4
502923,P10027,Water Bottle Sipper,Sports & Outdoors,2,2025-11-25,2203.72,CUST00815,Germany,0,0,4407.44
502759,P10006,Smartwatch Band,Electronics,3,2026-01-11,990.13,CUST00777,India,0,0,2970.39
500371,P10012,Storage Organizer,Home & Kitchen,1,2026-02-02,1268.9,,India,1,0,1268.9
502617,P10034,Sticky Notes Pack,Stationery & Office,5,2025-08-10,147.9,CUST00738,United States,0,0,739.5
502906,P10036,Backpack,Stationery & Office,2,2025-07-17,218.62,CUST00812,Germany,0,0,437.24
500852,P10005,Power Bank 10000mAh,Electronics,1,2026-06-29,1034.93,CUST00232,India,0,0,1034.93
502470,P10015,Running Shoes,Apparel,4,2026-03-02,980.3,CUST00706,Singapore,0,0,3921.2
500587,P10002,Bluetooth Speaker,Electronics,1,2025-06-14,2723.88,CUST00176,India,0,0,2723.88
502045,P10002,Bluetooth Speaker,Electronics,2,2026-02-04,2723.88,CUST00567,India,0,0,5447.76
500225,P10031,Notebook Set,Stationery & Office,1,2025-08-19,268.52,CUST00086,India,0,0,268.52
502394,P10022,Sunscreen SPF50,Beauty & Personal Care,2,2025-02-01,514.51,CUST00680,Germany,0,0,1029.02
500827,P10009,Cotton Bedsheet Set,Home & Kitchen,3,2025-05-11,1519.89,CUST00219,United Kingdom,0,0,4559.67
502827,P10012,Storage Organizer,Home & Kitchen,2,2025-08-09,1268.9,CUST00786,Uae,0,0,2537.8
502184,P10030,Cycling Gloves,Sports & Outdoors,5,2025-08-29,820.52,CUST00596,India,0,0,4102.6
501059,P10021,Lip Balm Set,Beauty & Personal Care,1,2026-02-13,652.97,CUST00295,India,0,0,652.97
500310,P10011,Ceramic Mug Set,Home & Kitchen,1,2025-09-17,1993.94,CUST00119,Germany,0,0,1993.94
500948,P10011,Ceramic Mug Set,Home & Kitchen,3,2025-09-23,1993.94,CUST00264,India,0,0,5981.82
500965,P10011,Ceramic Mug Set,Home & Kitchen,3,2025-03-11,1993.94,CUST00269,India,0,0,5981.82
500022,P10005,Power Bank 10000mAh,Electronics,1,2026-01-17,1034.93,CUST00010,United States,0,0,1034.93
502215,P10009,Cotton Bedsheet Set,Home & Kitchen,1,2025-11-26,1519.89,CUST00616,Uae,0,0,1519.89
501368,P10020,Herbal Shampoo,Beauty & Personal Care,2,2025-07-09,1426.26,CUST00374,United Kingdom,0,0,2852.52
501596,P10030,Cycling Gloves,Sports & Outdoors,5,2025-07-20,820.52,CUST00448,United States,0,0,4102.6
500928,P10021,Lip Balm Set,Beauty & Personal Care,4,2025-12-21,652.97,CUST00260,India,0,0,2611.88
501917,P10018,Yoga Pants,Apparel,5,2025-03-03,608.28,CUST00539,India,0,0,3041.4
500703,P10024,Beard Trimmer,Beauty & Personal Care,4,2025-08-28,700.79,CUST00203,India,0,0,2803.16
502338,P10012,Storage Organizer,Home & Kitchen,2,2025-01-14,1268.9,CUST00662,Singapore,0,0,2537.8
500899,P10027,Water Bottle Sipper,Sports & Outdoors,5,2025-09-28,2203.72,CUST00246,Uae,0,0,11018.6
502683,P10033,Desk Organizer,Stationery & Office,3,2025-06-09,67.73,CUST00753,United Kingdom,0,0,203.19
500527,P10006,Smartwatch Band,Electronics,5,2026-03-10,990.13,CUST00169,India,0,0,4950.65
500968,P10036,Backpack,Stationery & Office,-2,2025-10-01,218.62,CUST00270,India,0,1,-437.24
501865,P10010,Insulated Water Bottle,Home & Kitchen,4,2025-04-18,396.84,CUST00522,India,0,0,1587.36
501241,P10012,Storage Organizer,Home & Kitchen,5,2025-03-02,1268.9,CUST00338,United States,0,0,6344.5
501527,P10017,Formal Shirt,Apparel,4,2025-09-04,562.91,CUST00436,United States,0,0,2251.64
501857,P10013,Cotton T-Shirt,Apparel,4,2025-01-15,1190.46,CUST00520,India,0,0,4761.84
502453,P10009,Cotton Bedsheet Set,Home & Kitchen,3,2025-10-22,1519.89,CUST00699,India,0,0,4559.67
500437,P10021,Lip Balm Set,Beauty & Personal Care,3,2025-04-24,652.97,CUST00141,Singapore,0,0,1958.91
502937,P10036,Backpack,Stationery & Office,5,2025-09-06,218.62,CUST00815,Germany,0,0,1093.1
501760,P10003,Phone Case,Electronics,1,2025-11-29,1049.71,CUST00485,United Kingdom,0,0,1049.71
500620,P10029,Badminton Racket,Sports & Outdoors,1,2025-12-29,274.87,CUST00189,India,0,0,274.87
502903,P10020,Herbal Shampoo,Beauty & Personal Care,4,2025-06-07,1426.26,CUST00809,India,0,0,5705.04
501312,P10018,Yoga Pants,Apparel,5,2025-04-13,608.28,CUST00353,United Kingdom,0,0,3041.4
501736,P10007,Non-Stick Pan,Home & Kitchen,5,2025-05-07,331.24,CUST00480,India,0,0,1656.2
500074,P10025,Yoga Mat,Sports & Outdoors,5,2026-03-26,270.08,CUST00033,India,0,0,1350.4
502789,P10026,Resistance Bands Set,Sports & Outdoors,-4,2026-01-12,636.23,CUST00779,United States,0,1,-2544.92
500300,P10016,Wool Sweater,Apparel,5,2025-01-16,1250.39,CUST00117,United States,0,0,6251.95
500691,P10031,Notebook Set,Stationery & Office,5,2025-10-26,268.52,CUST00203,India,0,0,1342.6
500472,P10002,Bluetooth Speaker,Electronics,3,2026-05-20,2723.88,CUST00158,United States,0,0,8171.64
502647,P10028,Camping Torch,Sports & Outdoors,5,2025-05-16,2043.99,CUST00749,Uae,0,0,10219.95
502332,P10001,Wireless Earbuds,Electronics,4,2025-01-18,606.94,CUST00660,United Kingdom,0,0,2427.76
501562,P10024,Beard Trimmer,Beauty & Personal Care,4,2026-01-31,700.79,CUST00444,India,0,0,2803.16
502657,P10028,Camping Torch,Sports & Outdoors,3,2025-03-08,2043.99,CUST00753,United Kingdom,0,0,6131.97
502639,P10011,Ceramic Mug Set,Home & Kitchen,4,2026-01-19,1993.94,CUST00748,India,0,0,7975.76
501403,P10029,Badminton Racket,Sports & Outdoors,4,2025-01-06,274.87,CUST00392,India,0,0,1099.48
500366,P10006,Smartwatch Band,Electronics,3,2025-05-23,990.13,CUST00127,United States,0,0,2970.39
501437,P10030,Cycling Gloves,Sports & Outdoors,2,2025-11-22,820.52,CUST00396,Uae,0,0,1641.04
501347,P10013,Cotton T-Shirt,Apparel,1,2025-07-18,1190.46,CUST00363,India,0,0,1190.46
500197,P10011,Ceramic Mug Set,Home & Kitchen,1,2025-05-29,1993.94,CUST00072,India,0,0,1993.94
501301,P10015,Running Shoes,Apparel,2,2026-02-10,980.3,CUST00353,United Kingdom,0,0,1960.6
502612,P10012,Storage Organizer,Home & Kitchen,5,2025-06-15,1268.9,CUST00738,United States,0,0,6344.5
500261,P10011,Ceramic Mug Set,Home & Kitchen,2,2025-11-15,1993.94,CUST00104,India,0,0,3987.88
502237,P10034,Sticky Notes Pack,Stationery & Office,4,2025-06-03,147.9,CUST00627,India,0,0,591.6
502287,P10002,Bluetooth Speaker,Electronics,2,2026-05-13,2723.88,CUST00642,India,0,0,5447.76
502524,P10012,Storage Organizer,Home & Kitchen,2,2025-12-09,1268.9,CUST00716,Uae,0,0,2537.8
500564,P10025,Yoga Mat,Sports & Outdoors,4,2026-05-27,270.08,CUST00173,India,0,0,1080.32
500706,P10006,Smartwatch Band,Electronics,2,2025-10-27,990.13,CUST00203,India,0,0,1980.26
502738,P10005,Power Bank 10000mAh,Electronics,4,2026-01-14,1034.93,CUST00770,Germany,0,0,4139.72
503093,P10003,Phone Case,Electronics,2,2026-05-01,1049.71,CUST00844,Singapore,0,0,2099.42
502809,P10027,Water Bottle Sipper,Sports & Outdoors,1,2025-08-25,2203.72,CUST00782,India,0,0,2203.72
500650,P10020,Herbal Shampoo,Beauty & Personal Care,4,2025-07-04,1426.26,CUST00194,United Kingdom,0,0,5705.04
500739,P10004,USB-C Cable,Electronics,1,2026-05-06,3182.97,,India,1,0,3182.97
500342,P10002,Bluetooth Speaker,Electronics,1,2025-09-09,2723.88,CUST00126,India,0,0,2723.88
500338,P10017,Formal Shirt,Apparel,5,2026-04-13,562.91,CUST00126,India,0,0,2814.55
502826,P10028,Camping Torch,Sports & Outdoors,-4,2025-09-10,2043.99,CUST00786,Uae,0,1,-8175.96
502283,P10018,Yoga Pants,Apparel,4,2025-01-19,608.28,CUST00639,India,0,0,2433.12
501742,P10033,Desk Organizer,Stationery & Office,2,2025-12-02,67.73,CUST00482,United Kingdom,0,0,135.46
502828,P10027,Water Bottle Sipper,Sports & Outdoors,4,2025-03-05,2203.72,CUST00786,Uae,0,0,8814.88
500502,P10030,Cycling Gloves,Sports & Outdoors,5,2026-02-10,820.52,CUST00167,India,0,0,4102.6
502600,P10004,USB-C Cable,Electronics,-5,2025-08-04,3182.97,CUST00733,United Kingdom,0,1,-15914.85
500642,P10002,Bluetooth Speaker,Electronics,3,2025-12-10,2723.88,CUST00189,India,0,0,8171.64
502623,P10020,Herbal Shampoo,Beauty & Personal Care,4,2025-07-08,1426.26,CUST00740,India,0,0,5705.04
500001,P10006,Smartwatch Band,Electronics,5,2026-04-28,990.13,CUST00001,India,0,0,4950.65
502283,P10014,Denim Jacket,Apparel,4,2025-01-19,1048.3,CUST00639,India,0,0,4193.2
501456,P10006,Smartwatch Band,Electronics,1,2026-04-24,990.13,CUST00409,Uae,0,0,990.13
501738,P10028,Camping Torch,Sports & Outdoors,4,2025-06-01,2043.99,CUST00481,United Kingdom,0,0,8175.96
502662,P10009,Cotton Bedsheet Set,Home & Kitchen,5,2025-09-18,1519.89,CUST00753,United Kingdom,0,0,7599.45
502711,P10002,Bluetooth Speaker,Electronics,5,2025-01-07,2723.88,CUST00758,India,0,0,13619.4
502733,P10006,Smartwatch Band,Electronics,3,2025-05-09,990.13,CUST00769,India,0,0,2970.39
501538,P10013,Cotton T-Shirt,Apparel,4,2025-08-19,1190.46,CUST00439,United States,0,0,4761.84
500128,P10012,Storage Organizer,Home & Kitchen,2,2025-04-26,1268.9,CUST00047,India,0,0,2537.8
502111,P10019,Face Serum,Beauty & Personal Care,3,2025-03-29,1312.41,CUST00579,India,0,0,3937.23
500152,P10021,Lip Balm Set,Beauty & Personal Care,3,2025-03-27,652.97,CUST00055,United Kingdom,0,0,1958.91
502763,P10006,Smartwatch Band,Electronics,5,2025-05-24,990.13,CUST00779,United States,0,0,4950.65
501317,P10010,Insulated Water Bottle,Home & Kitchen,5,2025-12-13,396.84,CUST00355,India,0,0,1984.2
501618,P10013,Cotton T-Shirt,Apparel,3,2026-02-28,1190.46,CUST00449,India,0,0,3571.38
500481,P10005,Power Bank 10000mAh,Electronics,3,2025-12-24,1034.93,CUST00160,United States,0,0,3104.79
500338,P10012,Storage Organizer,Home & Kitchen,4,2026-04-13,1268.9,CUST00126,India,0,0,5075.6
501554,P10029,Badminton Racket,Sports & Outdoors,5,2026-03-16,274.87,CUST00440,India,0,0,1374.35
501610,P10025,Yoga Mat,Sports & Outdoors,4,2025-02-24,270.08,,United States,1,0,1080.32
502873,P10010,Insulated Water Bottle,Home & Kitchen,5,2026-02-26,396.84,CUST00798,United Kingdom,0,0,1984.2
500140,P10011,Ceramic Mug Set,Home & Kitchen,4,2025-04-12,1993.94,CUST00051,Singapore,0,0,7975.76
501786,P10008,LED Desk Lamp,Home & Kitchen,4,2025-06-15,1311.15,CUST00494,India,0,0,5244.6
501873,P10035,Whiteboard Marker Set,Stationery & Office,4,2025-12-19,808.92,CUST00524,Germany,0,0,3235.68
502666,P10018,Yoga Pants,Apparel,3,2025-07-05,608.28,CUST00753,United Kingdom,0,0,1824.84
503066,P10023,Hair Dryer,Beauty & Personal Care,1,2025-06-21,1018.4,CUST00842,United Kingdom,0,0,1018.4
502222,P10007,Non-Stick Pan,Home & Kitchen,5,2025-10-20,331.24,CUST00621,India,0,0,1656.2
502539,P10034,Sticky Notes Pack,Stationery & Office,1,2026-03-24,147.9,CUST00725,United Kingdom,0,0,147.9
502732,P10016,Wool Sweater,Apparel,5,2025-09-26,1250.39,CUST00768,Germany,0,0,6251.95
502992,P10011,Ceramic Mug Set,Home & Kitchen,2,2025-07-01,1993.94,CUST00830,India,0,0,3987.88
502794,P10015,Running Shoes,Apparel,2,2026-06-27,980.3,CUST00779,United States,0,0,1960.6
500264,P10014,Denim Jacket,Apparel,2,2026-03-07,1048.3,CUST00105,Uae,0,0,2096.6
502370,P10015,Running Shoes,Apparel,1,2025-08-07,980.3,CUST00672,Germany,0,0,980.3
501949,P10007,Non-Stick Pan,Home & Kitchen,1,2026-01-02,331.24,CUST00540,India,0,0,331.24
500563,P10018,Yoga Pants,Apparel,4,2025-04-18,608.28,CUST00173,India,0,0,2433.12
501920,P10024,Beard Trimmer,Beauty & Personal Care,5,2025-02-03,700.79,CUST00539,India,0,0,3503.95
503079,P10009,Cotton Bedsheet Set,Home & Kitchen,1,2025-02-12,1519.89,CUST00842,United Kingdom,0,0,1519.89
501709,P10028,Camping Torch,Sports & Outdoors,4,2025-03-09,2043.99,CUST00471,India,0,0,8175.96
500404,P10006,Smartwatch Band,Electronics,2,2025-05-16,990.13,,India,1,0,1980.26
501498,P10016,Wool Sweater,Apparel,2,2025-12-06,1250.39,,India,1,0,2500.78
502257,P10025,Yoga Mat,Sports & Outdoors,4,2025-12-10,270.08,CUST00632,Germany,0,0,1080.32
500657,P10010,Insulated Water Bottle,Home & Kitchen,3,2026-02-23,396.84,CUST00194,United Kingdom,0,0,1190.52
501489,P10036,Backpack,Stationery & Office,4,2026-02-07,218.62,CUST00420,United States,0,0,874.48
500644,P10026,Resistance Bands Set,Sports & Outdoors,3,2025-04-08,636.23,CUST00190,India,0,0,1908.69
500491,P10016,Wool Sweater,Apparel,2,2025-05-31,1250.39,CUST00165,India,0,0,2500.78
500938,P10036,Backpack,Stationery & Office,3,2025-04-23,218.62,CUST00262,Singapore,0,0,655.86
502495,P10024,Beard Trimmer,Beauty & Personal Care,4,2026-03-23,700.79,CUST00706,Singapore,0,0,2803.16
501207,P10028,Camping Torch,Sports & Outdoors,-5,2025-06-24,2043.99,CUST00326,United States,0,1,-10219.95
500940,P10005,Power Bank 10000mAh,Electronics,-2,2025-07-12,1034.93,CUST00263,India,0,1,-2069.86
500567,P10006,Smartwatch Band,Electronics,3,2025-04-09,990.13,CUST00175,United Kingdom,0,0,2970.39
501001,P10009,Cotton Bedsheet Set,Home & Kitchen,2,2025-12-03,1519.89,CUST00281,Germany,0,0,3039.78
501329,P10035,Whiteboard Marker Set,Stationery & Office,1,2025-06-06,808.92,CUST00357,India,0,0,808.92
501229,P10033,Desk Organizer,Stationery & Office,4,2025-06-29,67.73,CUST00335,India,0,0,270.92
502235,P10005,Power Bank 10000mAh,Electronics,5,2025-11-10,1034.93,CUST00626,India,0,0,5174.65
501362,P10003,Phone Case,Electronics,3,2025-01-10,1049.71,CUST00369,India,0,0,3149.13
502459,P10007,Non-Stick Pan,Home & Kitchen,3,2025-11-07,331.24,CUST00701,India,0,0,993.72
502130,P10018,Yoga Pants,Apparel,1,2025-04-01,608.28,CUST00581,India,0,0,608.28
500764,P10022,Sunscreen SPF50,Beauty & Personal Care,-2,2025-03-25,514.51,CUST00216,India,0,1,-1029.02
501953,P10014,Denim Jacket,Apparel,2,2025-08-17,1048.3,CUST00542,United Kingdom,0,0,2096.6
503010,P10036,Backpack,Stationery & Office,1,2025-03-09,218.62,CUST00833,India,0,0,218.62
502820,P10019,Face Serum,Beauty & Personal Care,2,2025-02-01,1312.41,CUST00784,India,0,0,2624.82
500821,P10034,Sticky Notes Pack,Stationery & Office,5,2025-05-11,147.9,CUST00219,United Kingdom,0,0,739.5
501478,P10016,Wool Sweater,Apparel,1,2025-11-23,1250.39,CUST00417,India,0,0,1250.39
501807,P10032,Gel Pen Pack,Stationery & Office,2,2026-04-25,687.3,CUST00499,Singapore,0,0,1374.6
500105,P10017,Formal Shirt,Apparel,4,2026-01-26,562.91,CUST00045,India,0,0,2251.64
502921,P10005,Power Bank 10000mAh,Electronics,4,2025-01-11,1034.93,,Uae,1,0,4139.72
500014,P10022,Sunscreen SPF50,Beauty & Personal Care,2,2025-01-15,514.51,CUST00007,India,0,0,1029.02
500605,P10013,Cotton T-Shirt,Apparel,4,2026-01-12,1190.46,CUST00180,India,0,0,4761.84
500874,P10034,Sticky Notes Pack,Stationery & Office,5,2026-05-01,147.9,CUST00236,United States,0,0,739.5
500939,P10012,Storage Organizer,Home & Kitchen,2,2025-03-08,1268.9,,Singapore,1,0,2537.8
502683,P10027,Water Bottle Sipper,Sports & Outdoors,1,2025-06-09,2203.72,CUST00753,United Kingdom,0,0,2203.72
500423,P10006,Smartwatch Band,Electronics,4,2026-01-24,990.13,CUST00139,India,0,0,3960.52
500058,P10033,Desk Organizer,Stationery & Office,1,2026-04-21,67.73,CUST00028,India,0,0,67.73
502732,P10011,Ceramic Mug Set,Home & Kitchen,1,2025-09-26,1993.94,CUST00768,Germany,0,0,1993.94
501250,P10030,Cycling Gloves,Sports & Outdoors,3,2026-03-11,820.52,CUST00340,India,0,0,2461.56
502691,P10014,Denim Jacket,Apparel,4,2025-08-03,1048.3,CUST00753,United Kingdom,0,0,4193.2
502863,P10018,Yoga Pants,Apparel,5,2025-12-26,608.28,CUST00796,Germany,0,0,3041.4
502075,P10022,Sunscreen SPF50,Beauty & Personal Care,3,2025-12-30,514.51,CUST00578,Uae,0,0,1543.53
503069,P10005,Power Bank 10000mAh,Electronics,2,2025-07-22,1034.93,CUST00842,United Kingdom,0,0,2069.86
501162,P10035,Whiteboard Marker Set,Stationery & Office,5,2026-03-07,808.92,CUST00324,India,0,0,4044.6
502497,P10033,Desk Organizer,Stationery & Office,2,2025-10-31,67.73,CUST00706,Singapore,0,0,135.46
502138,P10024,Beard Trimmer,Beauty & Personal Care,4,2025-04-26,700.79,CUST00581,India,0,0,2803.16
501939,P10012,Storage Organizer,Home & Kitchen,2,2025-08-12,1268.9,CUST00540,India,0,0,2537.8
501686,P10029,Badminton Racket,Sports & Outdoors,2,2025-04-18,274.87,,United States,1,0,549.74
502476,P10011,Ceramic Mug Set,Home & Kitchen,5,2026-03-03,1993.94,CUST00706,Singapore,0,0,9969.7
502873,P10002,Bluetooth Speaker,Electronics,5,2026-02-26,2723.88,CUST00798,United Kingdom,0,0,13619.4
500436,P10021,Lip Balm Set,Beauty & Personal Care,1,2025-08-23,652.97,CUST00141,Singapore,0,0,652.97
501099,P10013,Cotton T-Shirt,Apparel,5,2025-10-19,1190.46,CUST00309,United States,0,0,5952.3
502942,P10021,Lip Balm Set,Beauty & Personal Care,3,2026-04-16,652.97,CUST00819,India,0,0,1958.91
502750,P10013,Cotton T-Shirt,Apparel,-1,2025-12-27,1190.46,CUST00775,United States,0,1,-1190.46
501583,P10029,Badminton Racket,Sports & Outdoors,2,2025-06-29,274.87,CUST00448,United States,0,0,549.74
500799,P10035,Whiteboard Marker Set,Stationery & Office,1,2025-02-01,808.92,CUST00219,United Kingdom,0,0,808.92
500921,P10030,Cycling Gloves,Sports & Outdoors,1,2026-06-29,820.52,CUST00256,United Kingdom,0,0,820.52
500158,P10029,Badminton Racket,Sports & Outdoors,5,2025-03-02,274.87,CUST00058,India,0,0,1374.35
500096,P10020,Herbal Shampoo,Beauty & Personal Care,2,2025-03-12,1426.26,CUST00038,India,0,0,2852.52
502064,P10029,Badminton Racket,Sports & Outdoors,1,2026-06-26,274.87,CUST00572,United States,0,0,274.87
502177,P10014,Denim Jacket,Apparel,4,2025-06-02,1048.3,CUST00593,India,0,0,4193.2
501509,P10017,Formal Shirt,Apparel,1,2025-07-28,562.91,CUST00426,India,0,0,562.91
501837,P10004,USB-C Cable,Electronics,2,2025-02-04,3182.97,CUST00510,United States,0,0,6365.94
502511,P10024,Beard Trimmer,Beauty & Personal Care,3,2025-08-29,700.79,CUST00710,United Kingdom,0,0,2102.37
502890,P10023,Hair Dryer,Beauty & Personal Care,3,2025-02-08,1018.4,CUST00801,United States,0,0,3055.2
502782,P10035,Whiteboard Marker Set,Stationery & Office,5,2025-12-30,808.92,CUST00779,United States,0,0,4044.6
500048,P10011,Ceramic Mug Set,Home & Kitchen,3,2025-11-07,1993.94,CUST00021,United Kingdom,0,0,5981.82
501221,P10028,Camping Torch,Sports & Outdoors,4,2025-06-09,2043.99,CUST00333,India,0,0,8175.96
501847,P10032,Gel Pen Pack,Stationery & Office,3,2025-12-30,687.3,CUST00514,Germany,0,0,2061.9
501809,P10015,Running Shoes,Apparel,2,2025-08-25,980.3,CUST00501,United Kingdom,0,0,1960.6
500717,P10002,Bluetooth Speaker,Electronics,5,2025-08-03,2723.88,CUST00203,India,0,0,13619.4
501879,P10025,Yoga Mat,Sports & Outdoors,2,2026-06-18,270.08,CUST00529,India,0,0,540.16
502686,P10026,Resistance Bands Set,Sports & Outdoors,2,2025-11-22,636.23,CUST00753,United Kingdom,0,0,1272.46
500077,P10005,Power Bank 10000mAh,Electronics,4,2025-05-07,1034.93,CUST00034,Uae,0,0,4139.72
501984,P10010,Insulated Water Bottle,Home & Kitchen,2,2025-01-19,396.84,CUST00552,Germany,0,0,793.68
501276,P10033,Desk Organizer,Stationery & Office,3,2025-02-28,67.73,CUST00343,India,0,0,203.19
503043,P10011,Ceramic Mug Set,Home & Kitchen,3,2025-03-04,1993.94,CUST00841,India,0,0,5981.82
500913,P10034,Sticky Notes Pack,Stationery & Office,1,2025-05-17,147.9,CUST00253,Germany,0,0,147.9
502536,P10014,Denim Jacket,Apparel,-3,2026-03-03,1048.3,CUST00724,United States,0,1,-3144.9
502018,P10017,Formal Shirt,Apparel,5,2025-01-03,562.91,CUST00561,United States,0,0,2814.55
500559,P10002,Bluetooth Speaker,Electronics,-3,2025-12-16,2723.88,CUST00171,United Kingdom,0,1,-8171.64
502780,P10019,Face Serum,Beauty & Personal Care,5,2025-10-23,1312.41,CUST00779,United States,0,0,6562.05
500432,P10019,Face Serum,Beauty & Personal Care,3,2025-09-07,1312.41,CUST00139,India,0,0,3937.23
501292,P10020,Herbal Shampoo,Beauty & Personal Care,5,2025-09-21,1426.26,CUST00350,United Kingdom,0,0,7131.3
502593,P10009,Cotton Bedsheet Set,Home & Kitchen,3,2026-06-04,1519.89,CUST00731,India,0,0,4559.67
500158,P10010,Insulated Water Bottle,Home & Kitchen,5,2025-03-02,396.84,CUST00058,India,0,0,1984.2
500489,P10012,Storage Organizer,Home & Kitchen,1,2025-06-10,1268.9,CUST00163,United Kingdom,0,0,1268.9
500031,P10036,Backpack,Stationery & Office,4,2025-03-14,218.62,CUST00013,Germany,0,0,874.48
503083,P10015,Running Shoes,Apparel,3,2026-05-26,980.3,CUST00842,United Kingdom,0,0,2940.9
500484,P10007,Non-Stick Pan,Home & Kitchen,3,2025-12-07,331.24,CUST00163,United Kingdom,0,0,993.72
501153,P10005,Power Bank 10000mAh,Electronics,2,2025-04-26,1034.93,CUST00320,India,0,0,2069.86
500725,P10007,Non-Stick Pan,Home & Kitchen,2,2026-06-04,331.24,CUST00203,India,0,0,662.48
501891,P10019,Face Serum,Beauty & Personal Care,3,2025-06-23,1312.41,CUST00531,United States,0,0,3937.23
500551,P10003,Phone Case,Electronics,3,2025-09-14,1049.71,CUST00169,India,0,0,3149.13
500221,P10006,Smartwatch Band,Electronics,3,2026-02-25,990.13,CUST00086,India,0,0,2970.39
502183,P10033,Desk Organizer,Stationery & Office,4,2025-06-22,67.73,CUST00595,Germany,0,0,270.92
501294,P10021,Lip Balm Set,Beauty & Personal Care,2,2026-01-12,652.97,CUST00351,India,0,0,1305.94
501258,P10005,Power Bank 10000mAh,Electronics,2,2026-02-08,1034.93,CUST00343,India,0,0,2069.86
502934,P10018,Yoga Pants,Apparel,2,2025-07-29,608.28,CUST00815,Germany,0,0,1216.56
502657,P10012,Storage Organizer,Home & Kitchen,5,2025-03-08,1268.9,CUST00753,United Kingdom,0,0,6344.5
501655,P10016,Wool Sweater,Apparel,4,2026-05-02,1250.39,CUST00460,India,0,0,5001.56
500827,P10031,Notebook Set,Stationery & Office,5,2025-05-11,268.52,CUST00219,United Kingdom,0,0,1342.6
502817,P10002,Bluetooth Speaker,Electronics,4,2025-03-10,2723.88,CUST00782,India,0,0,10895.52
503019,P10001,Wireless Earbuds,Electronics,3,2025-06-20,606.94,CUST00833,India,0,0,1820.82
501624,P10013,Cotton T-Shirt,Apparel,2,2026-02-07,1190.46,CUST00449,India,0,0,2380.92
500382,P10022,Sunscreen SPF50,Beauty & Personal Care,4,2026-04-20,514.51,CUST00132,India,0,0,2058.04
502853,P10016,Wool Sweater,Apparel,1,2025-12-25,1250.39,CUST00796,Germany,0,0,1250.39
502102,P10002,Bluetooth Speaker,Electronics,3,2025-03-06,2723.88,CUST00579,India,0,0,8171.64
502361,P10005,Power Bank 10000mAh,Electronics,5,2026-04-30,1034.93,CUST00668,India,0,0,5174.65
500620,P10005,Power Bank 10000mAh,Electronics,2,2025-12-29,1034.93,CUST00189,India,0,0,2069.86
501229,P10017,Formal Shirt,Apparel,1,2025-06-29,562.91,CUST00335,India,0,0,562.91
500670,P10016,Wool Sweater,Apparel,4,2025-06-01,1250.39,CUST00198,Germany,0,0,5001.56
500316,P10015,Running Shoes,Apparel,3,2026-03-12,980.3,CUST00121,United States,0,0,2940.9
502291,P10031,Notebook Set,Stationery & Office,1,2025-09-15,268.52,CUST00643,India,0,0,268.52
502031,P10033,Desk Organizer,Stationery & Office,5,2025-12-25,67.73,,India,1,0,338.65
501989,P10016,Wool Sweater,Apparel,3,2025-10-03,1250.39,CUST00555,Germany,0,0,3751.17
502300,P10009,Cotton Bedsheet Set,Home & Kitchen,1,2025-12-29,1519.89,CUST00648,United Kingdom,0,0,1519.89
502566,P10023,Hair Dryer,Beauty & Personal Care,1,2026-02-05,1018.4,CUST00731,India,0,0,1018.4
502123,P10036,Backpack,Stationery & Office,2,2026-05-07,218.62,CUST00581,India,0,0,437.24
502526,P10002,Bluetooth Speaker,Electronics,3,2025-09-14,2723.88,CUST00718,Singapore,0,0,8171.64
501357,P10026,Resistance Bands Set,Sports & Outdoors,3,2026-04-18,636.23,CUST00366,India,0,0,1908.69
502408,P10009,Cotton Bedsheet Set,Home & Kitchen,2,2026-01-24,1519.89,CUST00688,India,0,0,3039.78
501247,P10034,Sticky Notes Pack,Stationery & Office,2,2026-03-26,147.9,CUST00338,United States,0,0,295.8
501044,P10018,Yoga Pants,Apparel,1,2025-06-25,608.28,CUST00293,Germany,0,0,608.28
500343,P10034,Sticky Notes Pack,Stationery & Office,-2,2025-02-27,147.9,CUST00126,India,0,1,-295.8
501791,P10034,Sticky Notes Pack,Stationery & Office,1,2025-01-18,147.9,CUST00497,United Kingdom,0,0,147.9
500633,P10009,Cotton Bedsheet Set,Home & Kitchen,3,2025-03-06,1519.89,CUST00189,India,0,0,4559.67
501366,P10025,Yoga Mat,Sports & Outdoors,1,2025-09-06,270.08,CUST00372,India,0,0,270.08
502017,P10015,Running Shoes,Apparel,1,2025-08-08,980.3,CUST00561,United States,0,0,980.3
501265,P10001,Wireless Earbuds,Electronics,2,2025-07-06,606.94,CUST00343,India,0,0,1213.88
501866,P10006,Smartwatch Band,Electronics,2,2025-01-01,990.13,CUST00522,India,0,0,1980.26
500093,P10025,Yoga Mat,Sports & Outdoors,1,2025-02-26,270.08,CUST00038,India,0,0,270.08
501807,P10017,Formal Shirt,Apparel,3,2026-04-25,562.91,CUST00499,Singapore,0,0,1688.73
502376,P10003,Phone Case,Electronics,4,2025-04-10,1049.71,CUST00674,India,0,0,4198.84
500773,P10011,Ceramic Mug Set,Home & Kitchen,3,2025-08-09,1993.94,CUST00217,India,0,0,5981.82
500525,P10022,Sunscreen SPF50,Beauty & Personal Care,2,2026-02-10,514.51,CUST00169,India,0,0,1029.02
502221,P10006,Smartwatch Band,Electronics,1,2026-01-21,990.13,CUST00621,India,0,0,990.13
501398,P10014,Denim Jacket,Apparel,5,2025-01-02,1048.3,CUST00389,United States,0,0,5241.5
500397,P10035,Whiteboard Marker Set,Stationery & Office,5,2026-01-01,808.92,CUST00137,India,0,0,4044.6
502488,P10032,Gel Pen Pack,Stationery & Office,2,2025-02-01,687.3,CUST00706,Singapore,0,0,1374.6
501746,P10033,Desk Organizer,Stationery & Office,4,2025-09-14,67.73,CUST00482,United Kingdom,0,0,270.92
501231,P10025,Yoga Mat,Sports & Outdoors,5,2026-06-17,270.08,CUST00335,India,0,0,1350.4
502389,P10023,Hair Dryer,Beauty & Personal Care,5,2025-01-31,1018.4,CUST00678,India,0,0,5092.0
501524,P10014,Denim Jacket,Apparel,4,2025-02-15,1048.3,CUST00433,United Kingdom,0,0,4193.2
500289,P10028,Camping Torch,Sports & Outdoors,4,2026-05-24,2043.99,CUST00113,Uae,0,0,8175.96
502808,P10032,Gel Pen Pack,Stationery & Office,2,2025-07-04,687.3,CUST00781,United Kingdom,0,0,1374.6
501561,P10013,Cotton T-Shirt,Apparel,5,2026-06-21,1190.46,CUST00443,India,0,0,5952.3
500813,P10006,Smartwatch Band,Electronics,4,2026-06-02,990.13,CUST00219,United Kingdom,0,0,3960.52
500827,P10002,Bluetooth Speaker,Electronics,1,2025-05-11,2723.88,CUST00219,United Kingdom,0,0,2723.88
500347,P10017,Formal Shirt,Apparel,3,2025-11-25,562.91,CUST00126,India,0,0,1688.73
500656,P10003,Phone Case,Electronics,2,2026-05-09,1049.71,CUST00194,United Kingdom,0,0,2099.42
501118,P10006,Smartwatch Band,Electronics,1,2025-07-22,990.13,CUST00311,India,0,0,990.13
502038,P10001,Wireless Earbuds,Electronics,5,2025-12-17,606.94,CUST00564,India,0,0,3034.7
502564,P10035,Whiteboard Marker Set,Stationery & Office,5,2025-05-04,808.92,CUST00731,India,0,0,4044.6
502487,P10021,Lip Balm Set,Beauty & Personal Care,5,2025-07-27,652.97,CUST00706,Singapore,0,0,3264.85
500567,P10032,Gel Pen Pack,Stationery & Office,3,2025-04-09,687.3,CUST00175,United Kingdom,0,0,2061.9
503058,P10015,Running Shoes,Apparel,1,2025-11-10,980.3,CUST00842,United Kingdom,0,0,980.3
500884,P10025,Yoga Mat,Sports & Outdoors,2,2025-10-05,270.08,CUST00238,India,0,0,540.16
500271,P10013,Cotton T-Shirt,Apparel,4,2025-11-08,1190.46,CUST00108,United States,0,0,4761.84
502647,P10010,Insulated Water Bottle,Home & Kitchen,3,2025-05-16,396.84,CUST00749,Uae,0,0,1190.52
500937,P10022,Sunscreen SPF50,Beauty & Personal Care,5,2026-02-28,514.51,CUST00261,United Kingdom,0,0,2572.55
500181,P10015,Running Shoes,Apparel,5,2025-01-05,980.3,CUST00065,India,0,0,4901.5
502502,P10016,Wool Sweater,Apparel,3,2026-01-13,1250.39,CUST00706,Singapore,0,0,3751.17
500317,P10035,Whiteboard Marker Set,Stationery & Office,5,2025-09-16,808.92,CUST00122,Germany,0,0,4044.6
501561,P10007,Non-Stick Pan,Home & Kitchen,2,2026-06-21,331.24,CUST00443,India,0,0,662.48
501658,P10030,Cycling Gloves,Sports & Outdoors,2,2025-03-01,820.52,CUST00463,United States,0,0,1641.04
500677,P10013,Cotton T-Shirt,Apparel,5,2025-06-21,1190.46,CUST00199,Germany,0,0,5952.3
501989,P10036,Backpack,Stationery & Office,3,2025-10-03,218.62,CUST00555,Germany,0,0,655.86
501847,P10020,Herbal Shampoo,Beauty & Personal Care,4,2025-12-30,1426.26,CUST00514,Germany,0,0,5705.04
500064,P10006,Smartwatch Band,Electronics,4,2026-01-31,990.13,CUST00032,India,0,0,3960.52
501545,P10022,Sunscreen SPF50,Beauty & Personal Care,3,2025-02-25,514.51,CUST00439,United States,0,0,1543.53
500311,P10035,Whiteboard Marker Set,Stationery & Office,1,2026-02-26,808.92,CUST00119,Germany,0,0,808.92
500543,P10017,Formal Shirt,Apparel,3,2025-04-07,562.91,CUST00169,India,0,0,1688.73
500310,P10025,Yoga Mat,Sports & Outdoors,4,2025-09-17,270.08,CUST00119,Germany,0,0,1080.32
501132,P10005,Power Bank 10000mAh,Electronics,4,2025-08-16,1034.93,CUST00312,India,0,0,4139.72
500930,P10016,Wool Sweater,Apparel,1,2026-05-20,1250.39,CUST00260,India,0,0,1250.39
501922,P10007,Non-Stick Pan,Home & Kitchen,1,2025-08-24,331.24,CUST00539,India,0,0,331.24
500724,P10014,Denim Jacket,Apparel,5,2026-05-23,1048.3,CUST00203,India,0,0,5241.5
502777,P10020,Herbal Shampoo,Beauty & Personal Care,4,2025-05-22,1426.26,CUST00779,United States,0,0,5705.04
503033,P10035,Whiteboard Marker Set,Stationery & Office,1,2025-08-30,808.92,CUST00834,India,0,0,808.92
500517,P10014,Denim Jacket,Apparel,5,2026-01-24,1048.3,CUST00169,India,0,0,5241.5
501888,P10025,Yoga Mat,Sports & Outdoors,2,2025-11-19,270.08,CUST00530,Germany,0,0,540.16
501167,P10022,Sunscreen SPF50,Beauty & Personal Care,2,2026-05-22,514.51,CUST00324,India,0,0,1029.02
500286,P10035,Whiteboard Marker Set,Stationery & Office,2,2025-02-09,808.92,CUST00113,Uae,0,0,1617.84
501245,P10025,Yoga Mat,Sports & Outdoors,3,2025-07-20,270.08,CUST00338,United States,0,0,810.24
500081,P10009,Cotton Bedsheet Set,Home & Kitchen,1,2025-01-08,1519.89,CUST00035,Singapore,0,0,1519.89
502389,P10017,Formal Shirt,Apparel,4,2025-01-31,562.91,CUST00678,India,0,0,2251.64
500811,P10001,Wireless Earbuds,Electronics,2,2025-05-16,606.94,CUST00219,United Kingdom,0,0,1213.88
502643,P10003,Phone Case,Electronics,5,2026-04-19,1049.71,CUST00749,Uae,0,0,5248.55
501259,P10003,Phone Case,Electronics,3,2025-01-31,1049.71,CUST00343,India,0,0,3149.13
502556,P10003,Phone Case,Electronics,4,2025-06-26,1049.71,CUST00731,India,0,0,4198.84
500693,P10012,Storage Organizer,Home & Kitchen,1,2026-06-19,1268.9,CUST00203,India,0,0,1268.9
500434,P10030,Cycling Gloves,Sports & Outdoors,3,2025-04-26,820.52,CUST00141,Singapore,0,0,2461.56
500946,P10014,Denim Jacket,Apparel,1,2026-03-21,1048.3,CUST00264,India,0,0,1048.3
501739,P10035,Whiteboard Marker Set,Stationery & Office,5,2026-02-26,808.92,CUST00481,United Kingdom,0,0,4044.6
500737,P10019,Face Serum,Beauty & Personal Care,2,2025-01-19,1312.41,CUST00206,India,0,0,2624.82
502639,P10001,Wireless Earbuds,Electronics,4,2026-01-19,606.94,CUST00748,India,0,0,2427.76
501409,P10033,Desk Organizer,Stationery & Office,4,2025-08-17,67.73,CUST00392,India,0,0,270.92
500523,P10033,Desk Organizer,Stationery & Office,1,2025-06-30,67.73,CUST00169,India,0,0,67.73
500454,P10018,Yoga Pants,Apparel,2,2025-10-16,608.28,CUST00148,India,0,0,1216.56
502566,P10022,Sunscreen SPF50,Beauty & Personal Care,3,2026-02-05,514.51,CUST00731,India,0,0,1543.53
500164,P10018,Yoga Pants,Apparel,4,2025-10-12,608.28,CUST00061,India,0,0,2433.12
502751,P10006,Smartwatch Band,Electronics,1,2025-06-24,990.13,CUST00776,India,0,0,990.13
501637,P10028,Camping Torch,Sports & Outdoors,5,2025-10-24,2043.99,CUST00452,United Kingdom,0,0,10219.95
500925,P10029,Badminton Racket,Sports & Outdoors,1,2026-05-15,274.87,CUST00258,United Kingdom,0,0,274.87
500440,P10018,Yoga Pants,Apparel,3,2026-02-20,608.28,CUST00142,India,0,0,1824.84
500193,P10004,USB-C Cable,Electronics,1,2025-09-30,3182.97,,India,1,0,3182.97
501865,P10010,Insulated Water Bottle,Home & Kitchen,4,2025-04-18,396.84,CUST00522,India,0,0,1587.36
502719,P10013,Cotton T-Shirt,Apparel,5,2026-05-17,1190.46,CUST00762,India,0,0,5952.3
500605,P10019,Face Serum,Beauty & Personal Care,3,2026-01-12,1312.41,CUST00180,India,0,0,3937.23
500410,P10025,Yoga Mat,Sports & Outdoors,4,2025-07-09,270.08,CUST00138,United States,0,0,1080.32
500818,P10017,Formal Shirt,Apparel,2,2025-08-29,562.91,CUST00219,United Kingdom,0,0,1125.82
501710,P10036,Backpack,Stationery & Office,1,2025-12-18,218.62,CUST00471,India,0,0,218.62
500376,P10022,Sunscreen SPF50,Beauty & Personal Care,-5,2025-07-22,514.51,CUST00130,India,0,1,-2572.55
503005,P10007,Non-Stick Pan,Home & Kitchen,1,2026-05-03,331.24,,India,1,0,331.24
501845,P10003,Phone Case,Electronics,3,2025-05-06,1049.71,CUST00513,Uae,0,0,3149.13
502420,P10002,Bluetooth Speaker,Electronics,4,2025-10-23,2723.88,CUST00694,India,0,0,10895.52
501605,P10033,Desk Organizer,Stationery & Office,1,2025-07-08,67.73,CUST00448,United States,0,0,67.73
500326,P10022,Sunscreen SPF50,Beauty & Personal Care,2,2026-05-20,514.51,CUST00126,India,0,0,1029.02
500275,P10028,Camping Torch,Sports & Outdoors,5,2025-03-09,2043.99,CUST00111,India,0,0,10219.95
501893,P10024,Beard Trimmer,Beauty & Personal Care,5,2026-04-28,700.79,,Singapore,1,0,3503.95
503063,P10028,Camping Torch,Sports & Outdoors,2,2025-02-26,2043.99,CUST00842,United Kingdom,0,0,4087.98
502324,P10005,Power Bank 10000mAh,Electronics,3,2026-01-12,1034.93,CUST00659,United Kingdom,0,0,3104.79
500096,P10002,Bluetooth Speaker,Electronics,5,2025-03-12,2723.88,CUST00038,India,0,0,13619.4
501022,P10002,Bluetooth Speaker,Electronics,1,2026-02-12,2723.88,CUST00286,India,0,0,2723.88
501603,P10026,Resistance Bands Set,Sports & Outdoors,5,2026-01-14,636.23,CUST00448,United States,0,0,3181.15
500110,P10035,Whiteboard Marker Set,Stationery & Office,3,2025-12-12,808.92,CUST00046,United Kingdom,0,0,2426.76
500956,P10028,Camping Torch,Sports & Outdoors,4,2026-05-29,2043.99,CUST00266,United States,0,0,8175.96
500414,P10029,Badminton Racket,Sports & Outdoors,4,2026-01-24,274.87,CUST00138,United States,0,0,1099.48
500379,P10009,Cotton Bedsheet Set,Home & Kitchen,3,2025-07-29,1519.89,CUST00130,India,0,0,4559.67
500516,P10019,Face Serum,Beauty & Personal Care,5,2025-05-09,1312.41,CUST00169,India,0,0,6562.05
502652,P10021,Lip Balm Set,Beauty & Personal Care,1,2025-03-26,652.97,,United Kingdom,1,0,652.97
502189,P10007,Non-Stick Pan,Home & Kitchen,5,2025-05-18,331.24,CUST00600,India,0,0,1656.2
501271,P10033,Desk Organizer,Stationery & Office,4,2025-09-29,67.73,CUST00343,India,0,0,270.92
500465,P10003,Phone Case,Electronics,3,2025-07-09,1049.71,CUST00155,Singapore,0,0,3149.13
502129,P10033,Desk Organizer,Stationery & Office,2,2025-03-20,67.73,CUST00581,India,0,0,135.46
501463,P10008,LED Desk Lamp,Home & Kitchen,5,2025-03-26,1311.15,CUST00413,Uae,0,0,6555.75
501078,P10030,Cycling Gloves,Sports & Outdoors,4,2026-02-02,820.52,CUST00300,India,0,0,3282.08
502053,P10013,Cotton T-Shirt,Apparel,2,2026-05-15,1190.46,CUST00570,India,0,0,2380.92
502006,P10007,Non-Stick Pan,Home & Kitchen,2,2025-06-26,331.24,CUST00557,India,0,0,662.48
500232,P10023,Hair Dryer,Beauty & Personal Care,5,2025-11-11,1018.4,CUST00089,Germany,0,0,5092.0
502622,P10016,Wool Sweater,Apparel,3,2025-04-20,1250.39,CUST00740,India,0,0,3751.17
502770,P10030,Cycling Gloves,Sports & Outdoors,3,2025-08-23,820.52,CUST00779,United States,0,0,2461.56
500116,P10011,Ceramic Mug Set,Home & Kitchen,5,2026-04-26,1993.94,CUST00047,India,0,0,9969.7
501844,P10032,Gel Pen Pack,Stationery & Office,3,2025-12-29,687.3,CUST00513,Uae,0,0,2061.9
502915,P10025,Yoga Mat,Sports & Outdoors,1,2025-04-01,270.08,CUST00813,India,0,0,270.08
500218,P10019,Face Serum,Beauty & Personal Care,1,2026-05-20,1312.41,CUST00086,India,0,0,1312.41
502928,P10026,Resistance Bands Set,Sports & Outdoors,-2,2026-06-09,636.23,CUST00815,Germany,0,1,-1272.46
503045,P10009,Cotton Bedsheet Set,Home & Kitchen,5,2025-07-30,1519.89,CUST00842,United Kingdom,0,0,7599.45
501133,P10010,Insulated Water Bottle,Home & Kitchen,3,2025-09-18,396.84,CUST00312,India,0,0,1190.52
502048,P10035,Whiteboard Marker Set,Stationery & Office,1,2025-02-04,808.92,CUST00567,India,0,0,808.92
503070,P10017,Formal Shirt,Apparel,4,2025-05-12,562.91,CUST00842,United Kingdom,0,0,2251.64
502069,P10014,Denim Jacket,Apparel,5,2025-07-08,1048.3,CUST00574,United Kingdom,0,0,5241.5
502555,P10013,Cotton T-Shirt,Apparel,4,2026-04-01,1190.46,CUST00731,India,0,0,4761.84
500559,P10028,Camping Torch,Sports & Outdoors,3,2025-12-16,2043.99,CUST00171,United Kingdom,0,0,6131.97
502756,P10012,Storage Organizer,Home & Kitchen,4,2026-06-03,1268.9,CUST00777,India,0,0,5075.6
501049,P10034,Sticky Notes Pack,Stationery & Office,5,2025-01-23,147.9,CUST00295,India,0,0,739.5
502425,P10035,Whiteboard Marker Set,Stationery & Office,3,2025-07-24,808.92,CUST00698,United Kingdom,0,0,2426.76
501304,P10013,Cotton T-Shirt,Apparel,4,2025-08-22,1190.46,CUST00353,United Kingdom,0,0,4761.84
501685,P10012,Storage Organizer,Home & Kitchen,4,2025-07-24,1268.9,CUST00463,United States,0,0,5075.6
501597,P10025,Yoga Mat,Sports & Outdoors,1,2025-11-22,270.08,CUST00448,United States,0,0,270.08
501110,P10017,Formal Shirt,Apparel,1,2025-02-07,562.91,CUST00311,India,0,0,562.91
502183,P10011,Ceramic Mug Set,Home & Kitchen,4,2025-06-22,1993.94,CUST00595,Germany,0,0,7975.76
502767,P10005,Power Bank 10000mAh,Electronics,2,2025-10-01,1034.93,CUST00779,United States,0,0,2069.86
502312,P10003,Phone Case,Electronics,2,2026-04-29,1049.71,CUST00655,India,0,0,2099.42
500504,P10001,Wireless Earbuds,Electronics,1,2026-02-09,606.94,,India,1,0,606.94
501122,P10005,Power Bank 10000mAh,Electronics,3,2025-01-24,1034.93,CUST00311,India,0,0,3104.79
502248,P10008,LED Desk Lamp,Home & Kitchen,5,2025-08-17,1311.15,CUST00627,India,0,0,6555.75
500182,P10036,Backpack,Stationery & Office,5,2026-03-22,218.62,CUST00066,India,0,0,1093.1
501454,P10001,Wireless Earbuds,Electronics,3,2026-04-20,606.94,CUST00408,India,0,0,1820.82
501617,P10030,Cycling Gloves,Sports & Outdoors,3,2025-05-11,820.52,CUST00449,India,0,0,2461.56
500618,P10025,Yoga Mat,Sports & Outdoors,3,2026-05-16,270.08,CUST00189,India,0,0,810.24
501326,P10030,Cycling Gloves,Sports & Outdoors,1,2025-05-13,820.52,CUST00357,India,0,0,820.52
502720,P10025,Yoga Mat,Sports & Outdoors,4,2025-01-12,270.08,CUST00762,India,0,0,1080.32
502778,P10019,Face Serum,Beauty & Personal Care,5,2026-02-09,1312.41,CUST00779,United States,0,0,6562.05
500479,P10036,Backpack,Stationery & Office,3,2025-09-17,218.62,CUST00159,India,0,0,655.86
500035,P10026,Resistance Bands Set,Sports & Outdoors,5,2025-11-19,636.23,CUST00017,India,0,0,3181.15
502039,P10014,Denim Jacket,Apparel,1,2026-03-06,1048.3,CUST00565,India,0,0,1048.3
501843,P10018,Yoga Pants,Apparel,-2,2025-02-18,608.28,CUST00512,India,0,1,-1216.56
501649,P10036,Backpack,Stationery & Office,5,2025-10-05,218.62,CUST00458,India,0,0,1093.1
503091,P10022,Sunscreen SPF50,Beauty & Personal Care,2,2025-07-13,514.51,CUST00843,India,0,0,1029.02
501815,P10030,Cycling Gloves,Sports & Outdoors,1,2026-05-26,820.52,CUST00503,India,0,0,820.52
500910,P10004,USB-C Cable,Electronics,2,2025-12-12,3182.97,CUST00251,India,0,0,6365.94
500946,P10006,Smartwatch Band,Electronics,3,2026-03-21,990.13,CUST00264,India,0,0,2970.39
500946,P10035,Whiteboard Marker Set,Stationery & Office,2,2026-03-21,808.92,,India,1,0,1617.84
502342,P10033,Desk Organizer,Stationery & Office,1,2025-12-16,67.73,CUST00665,India,0,0,67.73
503019,P10034,Sticky Notes Pack,Stationery & Office,4,2025-06-20,147.9,CUST00833,India,0,0,591.6
503090,P10030,Cycling Gloves,Sports & Outdoors,5,2025-01-09,820.52,CUST00843,India,0,0,4102.6
501874,P10030,Cycling Gloves,Sports & Outdoors,2,2026-03-15,820.52,CUST00524,Germany,0,0,1641.04
501919,P10028,Camping Torch,Sports & Outdoors,2,2026-06-05,2043.99,CUST00539,India,0,0,4087.98
502961,P10032,Gel Pen Pack,Stationery & Office,5,2025-03-16,687.3,CUST00830,India,0,0,3436.5
501799,P10015,Running Shoes,Apparel,2,2025-07-13,980.3,CUST00497,United Kingdom,0,0,1960.6
502596,P10014,Denim Jacket,Apparel,5,2025-01-03,1048.3,CUST00731,India,0,0,5241.5
502807,P10004,USB-C Cable,Electronics,4,2026-03-29,3182.97,CUST00780,United Kingdom,0,0,12731.88
502562,P10002,Bluetooth Speaker,Electronics,-2,2025-03-06,2723.88,,India,1,1,-5447.76
502676,P10029,Badminton Racket,Sports & Outdoors,1,2025-04-08,274.87,CUST00753,United Kingdom,0,0,274.87
500450,P10015,Running Shoes,Apparel,2,2026-03-07,980.3,CUST00145,India,0,0,1960.6
501429,P10015,Running Shoes,Apparel,5,2025-05-19,980.3,CUST00392,India,0,0,4901.5
501612,P10010,Insulated Water Bottle,Home & Kitchen,2,2025-08-30,396.84,CUST00448,United States,0,0,793.68
502061,P10032,Gel Pen Pack,Stationery & Office,2,2026-02-15,687.3,CUST00571,India,0,0,1374.6
501279,P10036,Backpack,Stationery & Office,4,2025-12-08,218.62,CUST00344,India,0,0,874.48
502316,P10036,Backpack,Stationery & Office,3,2025-09-07,218.62,,India,1,0,655.86
502559,P10035,Whiteboard Marker Set,Stationery & Office,1,2025-08-24,808.92,CUST00731,India,0,0,808.92
500987,P10031,Notebook Set,Stationery & Office,2,2026-01-15,268.52,CUST00275,India,0,0,537.04
502462,P10024,Beard Trimmer,Beauty & Personal Care,4,2026-05-23,700.79,CUST00703,India,0,0,2803.16
502127,P10033,Desk Organizer,Stationery & Office,3,2025-01-30,67.73,CUST00581,India,0,0,203.19
501975,P10017,Formal Shirt,Apparel,3,2025-05-13,562.91,CUST00547,India,0,0,1688.73
501270,P10018,Yoga Pants,Apparel,4,2025-01-26,608.28,CUST00343,India,0,0,2433.12
501760,P10027,Water Bottle Sipper,Sports & Outdoors,4,2025-11-29,2203.72,CUST00485,United Kingdom,0,0,8814.88
501265,P10009,Cotton Bedsheet Set,Home & Kitchen,4,2025-07-06,1519.89,CUST00343,India,0,0,6079.56
500284,P10021,Lip Balm Set,Beauty & Personal Care,1,2025-06-23,652.97,CUST00113,Uae,0,0,652.97
501420,P10036,Backpack,Stationery & Office,2,2025-06-01,218.62,CUST00392,India,0,0,437.24
502708,P10017,Formal Shirt,Apparel,5,2026-05-18,562.91,CUST00756,United States,0,0,2814.55
500998,P10025,Yoga Mat,Sports & Outdoors,3,2025-08-29,270.08,CUST00281,Germany,0,0,810.24
500066,P10033,Desk Organizer,Stationery & Office,1,2025-03-30,67.73,CUST00032,India,0,0,67.73
502108,P10024,Beard Trimmer,Beauty & Personal Care,3,2025-02-11,700.79,CUST00579,India,0,0,2102.37
500356,P10034,Sticky Notes Pack,Stationery & Office,-4,2025-01-21,147.9,CUST00127,United States,0,1,-591.6
501080,P10026,Resistance Bands Set,Sports & Outdoors,5,2026-06-14,636.23,CUST00300,India,0,0,3181.15
502239,P10024,Beard Trimmer,Beauty & Personal Care,5,2025-04-26,700.79,CUST00627,India,0,0,3503.95
503007,P10012,Storage Organizer,Home & Kitchen,3,2026-02-15,1268.9,CUST00832,India,0,0,3806.7
501097,P10006,Smartwatch Band,Electronics,4,2026-02-02,990.13,CUST00308,India,0,0,3960.52
501834,P10004,USB-C Cable,Electronics,4,2025-02-22,3182.97,CUST00508,Germany,0,0,12731.88
501897,P10017,Formal Shirt,Apparel,2,2025-04-16,562.91,CUST00534,United Kingdom,0,0,1125.82
501925,P10021,Lip Balm Set,Beauty & Personal Care,1,2026-06-08,652.97,CUST00539,India,0,0,652.97
502722,P10018,Yoga Pants,Apparel,5,2025-09-29,608.28,CUST00763,India,0,0,3041.4
500801,P10010,Insulated Water Bottle,Home & Kitchen,4,2025-08-21,396.84,CUST00219,United Kingdom,0,0,1587.36
502422,P10007,Non-Stick Pan,Home & Kitchen,-2,2025-12-01,331.24,CUST00696,United Kingdom,0,1,-662.48
501466,P10033,Desk Organizer,Stationery & Office,5,2025-11-05,67.73,CUST00414,United Kingdom,0,0,338.65
500255,P10012,Storage Organizer,Home & Kitchen,4,2025-03-18,1268.9,CUST00101,India,0,0,5075.6
502422,P10016,Wool Sweater,Apparel,5,2025-12-01,1250.39,CUST00696,United Kingdom,0,0,6251.95
501755,P10031,Notebook Set,Stationery & Office,5,2025-06-30,268.52,CUST00485,United Kingdom,0,0,1342.6
500967,P10017,Formal Shirt,Apparel,5,2025-11-01,562.91,CUST00270,India,0,0,2814.55
500856,P10020,Herbal Shampoo,Beauty & Personal Care,-1,2025-08-13,1426.26,CUST00232,India,0,1,-1426.26
502732,P10035,Whiteboard Marker Set,Stationery & Office,4,2025-09-26,808.92,CUST00768,Germany,0,0,3235.68
502665,P10023,Hair Dryer,Beauty & Personal Care,2,2025-08-04,1018.4,CUST00753,United Kingdom,0,0,2036.8
500857,P10017,Formal Shirt,Apparel,4,2025-01-28,562.91,CUST00233,United Kingdom,0,0,2251.64
501004,P10002,Bluetooth Speaker,Electronics,4,2026-05-15,2723.88,CUST00282,India,0,0,10895.52
500713,P10013,Cotton T-Shirt,Apparel,4,2026-01-08,1190.46,CUST00203,India,0,0,4761.84
500026,P10034,Sticky Notes Pack,Stationery & Office,2,2026-05-12,147.9,CUST00012,Singapore,0,0,295.8
502758,P10006,Smartwatch Band,Electronics,5,2025-07-05,990.13,CUST00777,India,0,0,4950.65
502465,P10006,Smartwatch Band,Electronics,3,2026-06-28,990.13,CUST00704,India,0,0,2970.39
500155,P10018,Yoga Pants,Apparel,2,2026-01-25,608.28,CUST00057,India,0,0,1216.56
500073,P10017,Formal Shirt,Apparel,5,2025-12-11,562.91,CUST00032,India,0,0,2814.55
501162,P10019,Face Serum,Beauty & Personal Care,4,2026-03-07,1312.41,CUST00324,India,0,0,5249.64
502695,P10015,Running Shoes,Apparel,5,2025-06-15,980.3,CUST00754,India,0,0,4901.5
502325,P10035,Whiteboard Marker Set,Stationery & Office,5,2025-10-25,808.92,CUST00659,United Kingdom,0,0,4044.6
502686,P10010,Insulated Water Bottle,Home & Kitchen,3,2025-11-22,396.84,CUST00753,United Kingdom,0,0,1190.52
501877,P10003,Phone Case,Electronics,3,2025-10-11,1049.71,CUST00527,India,0,0,3149.13
501984,P10024,Beard Trimmer,Beauty & Personal Care,1,2025-01-19,700.79,CUST00552,Germany,0,0,700.79
502490,P10026,Resistance Bands Set,Sports & Outdoors,3,2026-04-22,636.23,CUST00706,Singapore,0,0,1908.69
503035,P10028,Camping Torch,Sports & Outdoors,4,2026-04-16,2043.99,CUST00836,India,0,0,8175.96
502620,P10034,Sticky Notes Pack,Stationery & Office,5,2025-09-22,147.9,CUST00738,United States,0,0,739.5
501967,P10027,Water Bottle Sipper,Sports & Outdoors,1,2025-02-06,2203.72,CUST00544,United Kingdom,0,0,2203.72
500933,P10004,USB-C Cable,Electronics,5,2025-09-20,3182.97,CUST00260,India,0,0,15914.85
500672,P10022,Sunscreen SPF50,Beauty & Personal Care,5,2025-03-13,514.51,CUST00198,Germany,0,0,2572.55
501205,P10028,Camping Torch,Sports & Outdoors,3,2025-06-16,2043.99,CUST00324,India,0,0,6131.97
501913,P10014,Denim Jacket,Apparel,2,2025-09-07,1048.3,CUST00539,India,0,0,2096.6
502385,P10030,Cycling Gloves,Sports & Outdoors,1,2025-08-30,820.52,CUST00677,India,0,0,820.52
503082,P10015,Running Shoes,Apparel,2,2026-05-11,980.3,CUST00842,United Kingdom,0,0,1960.6
500039,P10022,Sunscreen SPF50,Beauty & Personal Care,3,2025-09-04,514.51,CUST00020,India,0,0,1543.53
500901,P10017,Formal Shirt,Apparel,4,2025-10-01,562.91,CUST00248,Singapore,0,0,2251.64
502896,P10035,Whiteboard Marker Set,Stationery & Office,2,2025-10-22,808.92,CUST00804,United Kingdom,0,0,1617.84
501956,P10031,Notebook Set,Stationery & Office,2,2025-04-04,268.52,CUST00542,United Kingdom,0,0,537.04
501477,P10026,Resistance Bands Set,Sports & Outdoors,3,2025-12-24,636.23,CUST00416,India,0,0,1908.69
501115,P10030,Cycling Gloves,Sports & Outdoors,2,2026-02-08,820.52,CUST00311,India,0,0,1641.04
500376,P10011,Ceramic Mug Set,Home & Kitchen,2,2025-07-22,1993.94,CUST00130,India,0,0,3987.88
501751,P10007,Non-Stick Pan,Home & Kitchen,1,2026-04-27,331.24,CUST00485,United Kingdom,0,0,331.24
500352,P10021,Lip Balm Set,Beauty & Personal Care,3,2026-06-25,652.97,CUST00126,India,0,0,1958.91
502179,P10028,Camping Torch,Sports & Outdoors,3,2025-01-27,2043.99,CUST00594,India,0,0,6131.97
502494,P10008,LED Desk Lamp,Home & Kitchen,5,2025-11-25,1311.15,CUST00706,Singapore,0,0,6555.75
502626,P10003,Phone Case,Electronics,4,2026-02-27,1049.71,CUST00742,India,0,0,4198.84
502842,P10033,Desk Organizer,Stationery & Office,2,2025-06-21,67.73,CUST00789,India,0,0,135.46
500919,P10006,Smartwatch Band,Electronics,3,2025-07-03,990.13,CUST00255,India,0,0,2970.39
500629,P10003,Phone Case,Electronics,2,2025-09-16,1049.71,CUST00189,India,0,0,2099.42
500422,P10025,Yoga Mat,Sports & Outdoors,4,2026-02-16,270.08,CUST00139,India,0,0,1080.32
502006,P10033,Desk Organizer,Stationery & Office,4,2025-06-26,67.73,CUST00557,India,0,0,270.92
500190,P10006,Smartwatch Band,Electronics,1,2025-10-24,990.13,CUST00068,United States,0,0,990.13
500289,P10034,Sticky Notes Pack,Stationery & Office,3,2026-05-24,147.9,CUST00113,Uae,0,0,443.7
500280,P10013,Cotton T-Shirt,Apparel,-4,2025-02-12,1190.46,CUST00111,India,0,1,-4761.84
500567,P10027,Water Bottle Sipper,Sports & Outdoors,5,2025-04-09,2203.72,CUST00175,United Kingdom,0,0,11018.6
502045,P10026,Resistance Bands Set,Sports & Outdoors,3,2026-02-04,636.23,CUST00567,India,0,0,1908.69
502577,P10017,Formal Shirt,Apparel,2,2026-01-07,562.91,CUST00731,India,0,0,1125.82
500679,P10019,Face Serum,Beauty & Personal Care,1,2026-03-09,1312.41,CUST00199,Germany,0,0,1312.41
500319,P10017,Formal Shirt,Apparel,3,2025-11-17,562.91,CUST00122,Germany,0,0,1688.73
502802,P10034,Sticky Notes Pack,Stationery & Office,1,2026-05-07,147.9,CUST00779,United States,0,0,147.9
501729,P10013,Cotton T-Shirt,Apparel,3,2025-04-22,1190.46,CUST00477,India,0,0,3571.38
500146,P10035,Whiteboard Marker Set,Stationery & Office,2,2025-08-27,808.92,CUST00052,United States,0,0,1617.84
500127,P10013,Cotton T-Shirt,Apparel,3,2026-04-26,1190.46,CUST00047,India,0,0,3571.38
502235,P10018,Yoga Pants,Apparel,5,2025-11-10,608.28,CUST00626,India,0,0,3041.4
500116,P10030,Cycling Gloves,Sports & Outdoors,3,2026-04-26,820.52,CUST00047,India,0,0,2461.56
500098,P10015,Running Shoes,Apparel,5,2025-09-29,980.3,CUST00040,India,0,0,4901.5
501157,P10013,Cotton T-Shirt,Apparel,2,2025-06-29,1190.46,,India,1,0,2380.92
501339,P10012,Storage Organizer,Home & Kitchen,1,2025-09-02,1268.9,CUST00360,United Kingdom,0,0,1268.9
501421,P10003,Phone Case,Electronics,2,2025-03-09,1049.71,CUST00392,India,0,0,2099.42
502751,P10036,Backpack,Stationery & Office,3,2025-06-24,218.62,CUST00776,India,0,0,655.86
503050,P10002,Bluetooth Speaker,Electronics,1,2025-05-10,2723.88,CUST00842,United Kingdom,0,0,2723.88
502048,P10017,Formal Shirt,Apparel,1,2025-02-04,562.91,CUST00567,India,0,0,562.91
502478,P10007,Non-Stick Pan,Home & Kitchen,2,2025-04-09,331.24,CUST00706,Singapore,0,0,662.48
500826,P10016,Wool Sweater,Apparel,-1,2025-05-26,1250.39,CUST00219,United Kingdom,0,1,-1250.39
501420,P10006,Smartwatch Band,Electronics,4,2025-06-01,990.13,CUST00392,India,0,0,3960.52
502344,P10026,Resistance Bands Set,Sports & Outdoors,2,2025-04-23,636.23,CUST00665,India,0,0,1272.46
501883,P10012,Storage Organizer,Home & Kitchen,3,2026-04-06,1268.9,CUST00530,Germany,0,0,3806.7
500604,P10010,Insulated Water Bottle,Home & Kitchen,1,2025-02-22,396.84,CUST00180,India,0,0,396.84
501081,P10013,Cotton T-Shirt,Apparel,2,2026-06-29,1190.46,CUST00300,India,0,0,2380.92
500045,P10006,Smartwatch Band,Electronics,2,2026-06-08,990.13,CUST00020,India,0,0,1980.26
502035,P10006,Smartwatch Band,Electronics,1,2025-07-29,990.13,CUST00563,India,0,0,990.13
502155,P10030,Cycling Gloves,Sports & Outdoors,3,2026-06-15,820.52,CUST00586,India,0,0,2461.56
502701,P10022,Sunscreen SPF50,Beauty & Personal Care,4,2026-03-15,514.51,CUST00754,India,0,0,2058.04
502913,P10024,Beard Trimmer,Beauty & Personal Care,4,2025-04-12,700.79,CUST00813,India,0,0,2803.16
502417,P10001,Wireless Earbuds,Electronics,1,2025-01-13,606.94,,India,1,0,606.94
503025,P10015,Running Shoes,Apparel,4,2026-01-01,980.3,CUST00833,India,0,0,3921.2
501110,P10009,Cotton Bedsheet Set,Home & Kitchen,2,2025-02-07,1519.89,CUST00311,India,0,0,3039.78
501911,P10008,LED Desk Lamp,Home & Kitchen,3,2025-06-27,1311.15,CUST00539,India,0,0,3933.45
501006,P10004,USB-C Cable,Electronics,4,2025-06-19,3182.97,CUST00284,India,0,0,12731.88
501982,P10017,Formal Shirt,Apparel,3,2026-04-25,562.91,CUST00552,Germany,0,0,1688.73
500694,P10013,Cotton T-Shirt,Apparel,1,2025-02-07,1190.46,CUST00203,India,0,0,1190.46
501912,P10028,Camping Torch,Sports & Outdoors,2,2026-01-26,2043.99,CUST00539,India,0,0,4087.98
500531,P10019,Face Serum,Beauty & Personal Care,3,2025-09-15,1312.41,CUST00169,India,0,0,3937.23
501578,P10009,Cotton Bedsheet Set,Home & Kitchen,2,2025-01-13,1519.89,CUST00448,United States,0,0,3039.78
501659,P10010,Insulated Water Bottle,Home & Kitchen,1,2025-08-24,396.84,CUST00463,United States,0,0,396.84
501011,P10032,Gel Pen Pack,Stationery & Office,2,2025-03-15,687.3,CUST00286,India,0,0,1374.6
500286,P10011,Ceramic Mug Set,Home & Kitchen,3,2025-02-09,1993.94,CUST00113,Uae,0,0,5981.82
500674,P10036,Backpack,Stationery & Office,4,2025-05-17,218.62,CUST00199,Germany,0,0,874.48
503072,P10017,Formal Shirt,Apparel,-1,2025-02-27,562.91,CUST00842,United Kingdom,0,1,-562.91
500073,P10009,Cotton Bedsheet Set,Home & Kitchen,3,2025-12-11,1519.89,CUST00032,India,0,0,4559.67
502416,P10032,Gel Pen Pack,Stationery & Office,5,2025-01-18,687.3,CUST00692,India,0,0,3436.5
500211,P10008,LED Desk Lamp,Home & Kitchen,4,2025-06-06,1311.15,CUST00081,Germany,0,0,5244.6
502962,P10001,Wireless Earbuds,Electronics,1,2026-03-18,606.94,CUST00830,India,0,0,606.94
500973,P10012,Storage Organizer,Home & Kitchen,1,2026-02-19,1268.9,CUST00272,United States,0,0,1268.9
502023,P10007,Non-Stick Pan,Home & Kitchen,1,2025-04-20,331.24,CUST00562,India,0,0,331.24
500877,P10008,LED Desk Lamp,Home & Kitchen,2,2025-12-01,1311.15,CUST00236,United States,0,0,2622.3
501230,P10034,Sticky Notes Pack,Stationery & Office,4,2025-12-28,147.9,CUST00335,India,0,0,591.6
502063,P10017,Formal Shirt,Apparel,5,2025-09-04,562.91,CUST00571,India,0,0,2814.55
502148,P10030,Cycling Gloves,Sports & Outdoors,5,2026-02-14,820.52,CUST00583,India,0,0,4102.6
502021,P10035,Whiteboard Marker Set,Stationery & Office,2,2026-01-15,808.92,CUST00562,India,0,0,1617.84
500516,P10031,Notebook Set,Stationery & Office,4,2025-05-09,268.52,CUST00169,India,0,0,1074.08
501381,P10033,Desk Organizer,Stationery & Office,-4,2025-01-29,67.73,CUST00382,United Kingdom,0,1,-270.92
501507,P10026,Resistance Bands Set,Sports & Outdoors,2,2025-11-22,636.23,,India,1,0,1272.46
500258,P10027,Water Bottle Sipper,Sports & Outdoors,4,2025-12-19,2203.72,CUST00104,India,0,0,8814.88
502416,P10028,Camping Torch,Sports & Outdoors,1,2025-01-18,2043.99,CUST00692,India,0,0,2043.99
500607,P10035,Whiteboard Marker Set,Stationery & Office,1,2025-10-21,808.92,CUST00182,India,0,0,808.92
502719,P10036,Backpack,Stationery & Office,3,2026-05-17,218.62,CUST00762,India,0,0,655.86
500514,P10022,Sunscreen SPF50,Beauty & Personal Care,3,2025-06-06,514.51,CUST00169,India,0,0,1543.53
502624,P10003,Phone Case,Electronics,3,2026-05-10,1049.71,,India,1,0,3149.13
503035,P10028,Camping Torch,Sports & Outdoors,2,2026-04-16,2043.99,CUST00836,India,0,0,4087.98
502939,P10021,Lip Balm Set,Beauty & Personal Care,2,2025-01-02,652.97,CUST00817,United Kingdom,0,0,1305.94
501826,P10029,Badminton Racket,Sports & Outdoors,1,2025-03-05,274.87,CUST00503,India,0,0,274.87
501490,P10012,Storage Organizer,Home & Kitchen,4,2025-10-19,1268.9,CUST00421,United States,0,0,5075.6
501827,P10003,Phone Case,Electronics,3,2026-04-25,1049.71,CUST00503,India,0,0,3149.13
502046,P10005,Power Bank 10000mAh,Electronics,5,2025-05-26,1034.93,CUST00567,India,0,0,5174.65
501425,P10007,Non-Stick Pan,Home & Kitchen,4,2025-05-14,331.24,CUST00392,India,0,0,1324.96
502734,P10023,Hair Dryer,Beauty & Personal Care,1,2025-06-14,1018.4,CUST00770,Germany,0,0,1018.4
500556,P10032,Gel Pen Pack,Stationery & Office,5,2025-03-12,687.3,CUST00169,India,0,0,3436.5
502735,P10002,Bluetooth Speaker,Electronics,4,2025-06-26,2723.88,CUST00770,Germany,0,0,10895.52
500775,P10008,LED Desk Lamp,Home & Kitchen,3,2025-07-11,1311.15,CUST00218,United States,0,0,3933.45
501231,P10025,Yoga Mat,Sports & Outdoors,1,2026-06-17,270.08,CUST00335,India,0,0,270.08
500812,P10034,Sticky Notes Pack,Stationery & Office,4,2026-06-14,147.9,CUST00219,United Kingdom,0,0,591.6
502242,P10010,Insulated Water Bottle,Home & Kitchen,5,2026-03-22,396.84,CUST00627,India,0,0,1984.2
501035,P10022,Sunscreen SPF50,Beauty & Personal Care,2,2026-03-06,514.51,CUST00289,India,0,0,1029.02
500673,P10008,LED Desk Lamp,Home & Kitchen,1,2025-01-24,1311.15,CUST00198,Germany,0,0,1311.15
500421,P10014,Denim Jacket,Apparel,1,2025-11-02,1048.3,CUST00138,United States,0,0,1048.3
501861,P10008,LED Desk Lamp,Home & Kitchen,5,2025-04-04,1311.15,CUST00521,United Kingdom,0,0,6555.75
502452,P10024,Beard Trimmer,Beauty & Personal Care,-4,2025-04-17,700.79,CUST00699,India,0,1,-2803.16
501303,P10035,Whiteboard Marker Set,Stationery & Office,2,2025-04-28,808.92,CUST00353,United Kingdom,0,0,1617.84
501709,P10035,Whiteboard Marker Set,Stationery & Office,4,2025-03-09,808.92,CUST00471,India,0,0,3235.68
502175,P10006,Smartwatch Band,Electronics,5,2025-06-23,990.13,CUST00593,India,0,0,4950.65
501008,P10021,Lip Balm Set,Beauty & Personal Care,2,2025-12-22,652.97,CUST00285,United Kingdom,0,0,1305.94
500797,P10022,Sunscreen SPF50,Beauty & Personal Care,3,2025-03-06,514.51,CUST00219,United Kingdom,0,0,1543.53
500227,P10011,Ceramic Mug Set,Home & Kitchen,3,2025-11-18,1993.94,CUST00086,India,0,0,5981.82
500725,P10019,Face Serum,Beauty & Personal Care,1,2026-06-04,1312.41,CUST00203,India,0,0,1312.41
501808,P10016,Wool Sweater,Apparel,2,2025-05-15,1250.39,CUST00500,Singapore,0,0,2500.78
500861,P10026,Resistance Bands Set,Sports & Outdoors,2,2025-06-23,636.23,CUST00235,India,0,0,1272.46
501086,P10006,Smartwatch Band,Electronics,5,2025-03-03,990.13,CUST00301,India,0,0,4950.65
500754,P10003,Phone Case,Electronics,1,2026-05-10,1049.71,CUST00216,India,0,0,1049.71
500535,P10004,USB-C Cable,Electronics,4,2026-01-21,3182.97,CUST00169,India,0,0,12731.88
502503,P10016,Wool Sweater,Apparel,2,2025-06-25,1250.39,CUST00706,Singapore,0,0,2500.78
501666,P10013,Cotton T-Shirt,Apparel,5,2025-01-07,1190.46,CUST00463,United States,0,0,5952.3
501933,P10034,Sticky Notes Pack,Stationery & Office,4,2025-12-18,147.9,CUST00539,India,0,0,591.6
501942,P10022,Sunscreen SPF50,Beauty & Personal Care,1,2025-12-06,514.51,CUST00540,India,0,0,514.51
502043,P10014,Denim Jacket,Apparel,5,2025-03-10,1048.3,CUST00567,India,0,0,5241.5
502968,P10034,Sticky Notes Pack,Stationery & Office,-2,2025-10-11,147.9,CUST00830,India,0,1,-295.8
502135,P10007,Non-Stick Pan,Home & Kitchen,2,2026-02-05,331.24,CUST00581,India,0,0,662.48
502444,P10015,Running Shoes,Apparel,-5,2025-03-31,980.3,CUST00699,India,0,1,-4901.5
501523,P10014,Denim Jacket,Apparel,1,2025-12-12,1048.3,CUST00432,United States,0,0,1048.3
501419,P10024,Beard Trimmer,Beauty & Personal Care,5,2025-10-31,700.79,CUST00392,India,0,0,3503.95
501783,P10009,Cotton Bedsheet Set,Home & Kitchen,2,2026-04-02,1519.89,CUST00492,United Kingdom,0,0,3039.78
500118,P10032,Gel Pen Pack,Stationery & Office,3,2025-06-25,687.3,CUST00047,India,0,0,2061.9
501380,P10028,Camping Torch,Sports & Outdoors,3,2026-01-02,2043.99,CUST00382,United Kingdom,0,0,6131.97
501328,P10022,Sunscreen SPF50,Beauty & Personal Care,1,2025-09-30,514.51,CUST00357,India,0,0,514.51
502203,P10017,Formal Shirt,Apparel,5,2025-10-04,562.91,CUST00610,United Kingdom,0,0,2814.55
502473,P10021,Lip Balm Set,Beauty & Personal Care,2,2025-05-02,652.97,CUST00706,Singapore,0,0,1305.94
501003,P10029,Badminton Racket,Sports & Outdoors,2,2025-07-13,274.87,CUST00282,India,0,0,549.74
500964,P10034,Sticky Notes Pack,Stationery & Office,2,2025-12-14,147.9,CUST00268,United States,0,0,295.8
502596,P10032,Gel Pen Pack,Stationery & Office,5,2025-01-03,687.3,CUST00731,India,0,0,3436.5
502849,P10009,Cotton Bedsheet Set,Home & Kitchen,5,2025-11-14,1519.89,CUST00794,United Kingdom,0,0,7599.45
501919,P10004,USB-C Cable,Electronics,2,2026-06-05,3182.97,CUST00539,India,0,0,6365.94
501295,P10025,Yoga Mat,Sports & Outdoors,2,2025-10-04,270.08,CUST00351,India,0,0,540.16
502407,P10035,Whiteboard Marker Set,Stationery & Office,4,2026-04-17,808.92,CUST00688,India,0,0,3235.68
502700,P10025,Yoga Mat,Sports & Outdoors,2,2025-09-12,270.08,CUST00754,India,0,0,540.16
502858,P10017,Formal Shirt,Apparel,5,2026-05-20,562.91,CUST00796,Germany,0,0,2814.55
501624,P10001,Wireless Earbuds,Electronics,4,2026-02-07,606.94,CUST00449,India,0,0,2427.76
502820,P10027,Water Bottle Sipper,Sports & Outdoors,4,2025-02-01,2203.72,CUST00784,India,0,0,8814.88
502900,P10014,Denim Jacket,Apparel,5,2025-05-04,1048.3,CUST00806,United States,0,0,5241.5
501246,P10013,Cotton T-Shirt,Apparel,3,2025-08-09,1190.46,CUST00338,United States,0,0,3571.38
501545,P10030,Cycling Gloves,Sports & Outdoors,3,2025-02-25,820.52,CUST00439,United States,0,0,2461.56
501316,P10002,Bluetooth Speaker,Electronics,2,2026-05-08,2723.88,CUST00355,India,0,0,5447.76
501821,P10019,Face Serum,Beauty & Personal Care,3,2025-04-07,1312.41,CUST00503,India,0,0,3937.23
501472,P10026,Resistance Bands Set,Sports & Outdoors,5,2026-05-05,636.23,CUST00416,India,0,0,3181.15
502590,P10030,Cycling Gloves,Sports & Outdoors,4,2025-04-01,820.52,CUST00731,India,0,0,3282.08
501280,P10013,Cotton T-Shirt,Apparel,-3,2025-05-24,1190.46,,India,1,1,-3571.38
502808,P10019,Face Serum,Beauty & Personal Care,5,2025-07-04,1312.41,CUST00781,United Kingdom,0,0,6562.05
502848,P10028,Camping Torch,Sports & Outdoors,1,2025-12-18,2043.99,CUST00794,United Kingdom,0,0,2043.99
501416,P10030,Cycling Gloves,Sports & Outdoors,5,2026-03-17,820.52,CUST00392,India,0,0,4102.6
500231,P10034,Sticky Notes Pack,Stationery & Office,3,2025-03-16,147.9,CUST00088,United Kingdom,0,0,443.7
502535,P10027,Water Bottle Sipper,Sports & Outdoors,4,2025-01-27,2203.72,CUST00723,India,0,0,8814.88
501336,P10030,Cycling Gloves,Sports & Outdoors,2,2025-07-26,820.52,,Uae,1,0,1641.04
501913,P10014,Denim Jacket,Apparel,5,2025-09-07,1048.3,CUST00539,India,0,0,5241.5
502536,P10003,Phone Case,Electronics,2,2026-03-03,1049.71,CUST00724,United States,0,0,2099.42
500069,P10034,Sticky Notes Pack,Stationery & Office,4,2025-07-22,147.9,CUST00032,India,0,0,591.6
501485,P10025,Yoga Mat,Sports & Outdoors,4,2026-05-27,270.08,,United States,1,0,1080.32
501953,P10034,Sticky Notes Pack,Stationery & Office,2,2025-08-17,147.9,CUST00542,United Kingdom,0,0,295.8
501778,P10011,Ceramic Mug Set,Home & Kitchen,3,2026-02-21,1993.94,CUST00490,Germany,0,0,5981.82
502984,P10019,Face Serum,Beauty & Personal Care,5,2026-04-24,1312.41,CUST00830,India,0,0,6562.05
503054,P10033,Desk Organizer,Stationery & Office,3,2025-01-03,67.73,CUST00842,United Kingdom,0,0,203.19
501308,P10018,Yoga Pants,Apparel,-2,2025-08-23,608.28,CUST00353,United Kingdom,0,1,-1216.56
500659,P10021,Lip Balm Set,Beauty & Personal Care,4,2026-06-12,652.97,CUST00194,United Kingdom,0,0,2611.88
502667,P10031,Notebook Set,Stationery & Office,1,2025-08-06,268.52,CUST00753,United Kingdom,0,0,268.52
502526,P10025,Yoga Mat,Sports & Outdoors,3,2025-09-14,270.08,CUST00718,Singapore,0,0,810.24
502807,P10033,Desk Organizer,Stationery & Office,1,2026-03-29,67.73,CUST00780,United Kingdom,0,0,67.73
501512,P10022,Sunscreen SPF50,Beauty & Personal Care,5,2026-03-03,514.51,CUST00428,Germany,0,0,2572.55
502155,P10006,Smartwatch Band,Electronics,5,2026-06-15,990.13,CUST00586,India,0,0,4950.65
500660,P10017,Formal Shirt,Apparel,2,2025-12-04,562.91,CUST00194,United Kingdom,0,0,1125.82
500557,P10007,Non-Stick Pan,Home & Kitchen,4,2025-01-13,331.24,CUST00169,India,0,0,1324.96
500434,P10034,Sticky Notes Pack,Stationery & Office,4,2025-04-26,147.9,CUST00141,Singapore,0,0,591.6
500092,P10029,Badminton Racket,Sports & Outdoors,2,2025-11-17,274.87,,India,1,0,549.74
500047,P10034,Sticky Notes Pack,Stationery & Office,4,2026-01-03,147.9,CUST00021,United Kingdom,0,0,591.6
503087,P10018,Yoga Pants,Apparel,4,2026-01-12,608.28,CUST00842,United Kingdom,0,0,2433.12
501473,P10030,Cycling Gloves,Sports & Outdoors,3,2026-06-09,820.52,CUST00416,India,0,0,2461.56
500789,P10020,Herbal Shampoo,Beauty & Personal Care,2,2025-09-03,1426.26,CUST00219,United Kingdom,0,0,2852.52
500104,P10032,Gel Pen Pack,Stationery & Office,4,2025-11-24,687.3,CUST00044,Uae,0,0,2749.2
502363,P10005,Power Bank 10000mAh,Electronics,-5,2025-05-10,1034.93,CUST00668,India,0,1,-5174.65
500203,P10021,Lip Balm Set,Beauty & Personal Care,2,2025-01-22,652.97,,United States,1,0,1305.94
500076,P10019,Face Serum,Beauty & Personal Care,1,2025-05-01,1312.41,,India,1,0,1312.41
500006,P10015,Running Shoes,Apparel,1,2025-09-08,980.3,CUST00005,India,0,0,980.3
502171,P10036,Backpack,Stationery & Office,5,2025-08-13,218.62,CUST00591,India,0,0,1093.1
502870,P10030,Cycling Gloves,Sports & Outdoors,3,2025-01-17,820.52,CUST00796,Germany,0,0,2461.56
502160,P10009,Cotton Bedsheet Set,Home & Kitchen,1,2026-02-14,1519.89,CUST00587,India,0,0,1519.89
500712,P10022,Sunscreen SPF50,Beauty & Personal Care,3,2025-12-11,514.51,CUST00203,India,0,0,1543.53
500173,P10025,Yoga Mat,Sports & Outdoors,2,2025-05-12,270.08,CUST00063,Germany,0,0,540.16
500382,P10033,Desk Organizer,Stationery & Office,3,2026-04-20,67.73,CUST00132,India,0,0,203.19
502586,P10036,Backpack,Stationery & Office,2,2025-05-31,218.62,CUST00731,India,0,0,437.24
500153,P10008,LED Desk Lamp,Home & Kitchen,-5,2025-07-14,1311.15,CUST00056,Uae,0,1,-6555.75
501226,P10019,Face Serum,Beauty & Personal Care,2,2025-02-13,1312.41,CUST00335,India,0,0,2624.82
501724,P10020,Herbal Shampoo,Beauty & Personal Care,1,2025-10-12,1426.26,CUST00475,India,0,0,1426.26
501933,P10021,Lip Balm Set,Beauty & Personal Care,2,2025-12-18,652.97,CUST00539,India,0,0,1305.94
500651,P10028,Camping Torch,Sports & Outdoors,2,2025-12-24,2043.99,CUST00194,United Kingdom,0,0,4087.98
500648,P10015,Running Shoes,Apparel,4,2025-05-12,980.3,CUST00192,Germany,0,0,3921.2
502807,P10022,Sunscreen SPF50,Beauty & Personal Care,1,2026-03-29,514.51,CUST00780,United Kingdom,0,0,514.51
501713,P10009,Cotton Bedsheet Set,Home & Kitchen,3,2026-01-05,1519.89,CUST00471,India,0,0,4559.67
502291,P10012,Storage Organizer,Home & Kitchen,5,2025-09-15,1268.9,CUST00643,India,0,0,6344.5
501536,P10016,Wool Sweater,Apparel,3,2026-03-11,1250.39,CUST00439,United States,0,0,3751.17
502240,P10001,Wireless Earbuds,Electronics,5,2025-09-14,606.94,CUST00627,India,0,0,3034.7
501002,P10035,Whiteboard Marker Set,Stationery & Office,1,2025-07-22,808.92,CUST00281,Germany,0,0,808.92
501068,P10025,Yoga Mat,Sports & Outdoors,3,2025-03-23,270.08,CUST00298,India,0,0,810.24
502199,P10023,Hair Dryer,Beauty & Personal Care,4,2025-10-19,1018.4,CUST00608,India,0,0,4073.6
502923,P10026,Resistance Bands Set,Sports & Outdoors,5,2025-11-25,636.23,CUST00815,Germany,0,0,3181.15
500451,P10015,Running Shoes,Apparel,5,2025-01-27,980.3,CUST00146,India,0,0,4901.5
501113,P10026,Resistance Bands Set,Sports & Outdoors,3,2025-05-20,636.23,CUST00311,India,0,0,1908.69
501041,P10033,Desk Organizer,Stationery & Office,2,2025-10-13,67.73,CUST00291,India,0,0,135.46
500173,P10033,Desk Organizer,Stationery & Office,5,2025-05-12,67.73,CUST00063,Germany,0,0,338.65
501978,P10018,Yoga Pants,Apparel,2,2025-08-13,608.28,CUST00548,United Kingdom,0,0,1216.56
502836,P10012,Storage Organizer,Home & Kitchen,4,2025-12-08,1268.9,CUST00788,India,0,0,5075.6
500562,P10036,Backpack,Stationery & Office,2,2025-05-29,218.62,CUST00172,India,0,0,437.24
501248,P10023,Hair Dryer,Beauty & Personal Care,2,2025-07-13,1018.4,CUST00338,United States,0,0,2036.8
503030,P10010,Insulated Water Bottle,Home & Kitchen,3,2025-06-04,396.84,,India,1,0,1190.52
502187,P10021,Lip Balm Set,Beauty & Personal Care,5,2025-05-08,652.97,CUST00598,India,0,0,3264.85
500657,P10025,Yoga Mat,Sports & Outdoors,4,2026-02-23,270.08,CUST00194,United Kingdom,0,0,1080.32
500441,P10033,Desk Organizer,Stationery & Office,1,2025-10-17,67.73,CUST00142,India,0,0,67.73
501666,P10025,Yoga Mat,Sports & Outdoors,2,2025-01-07,270.08,CUST00463,United States,0,0,540.16
502655,P10025,Yoga Mat,Sports & Outdoors,5,2025-06-19,270.08,CUST00753,United Kingdom,0,0,1350.4
501631,P10008,LED Desk Lamp,Home & Kitchen,1,2026-02-22,1311.15,CUST00449,India,0,0,1311.15
502951,P10012,Storage Organizer,Home & Kitchen,2,2025-08-13,1268.9,CUST00825,India,0,0,2537.8
500755,P10028,Camping Torch,Sports & Outdoors,3,2025-11-30,2043.99,CUST00216,India,0,0,6131.97
502834,P10034,Sticky Notes Pack,Stationery & Office,5,2025-02-26,147.9,CUST00787,United Kingdom,0,0,739.5
500369,P10036,Backpack,Stationery & Office,3,2026-01-08,218.62,CUST00129,India,0,0,655.86
503039,P10031,Notebook Set,Stationery & Office,4,2025-12-01,268.52,CUST00839,United Kingdom,0,0,1074.08
501470,P10003,Phone Case,Electronics,4,2026-03-07,1049.71,CUST00416,India,0,0,4198.84
501947,P10023,Hair Dryer,Beauty & Personal Care,2,2026-01-16,1018.4,CUST00540,India,0,0,2036.8
502149,P10010,Insulated Water Bottle,Home & Kitchen,4,2025-08-02,396.84,CUST00584,India,0,0,1587.36
501900,P10033,Desk Organizer,Stationery & Office,2,2025-12-03,67.73,CUST00534,United Kingdom,0,0,135.46
500854,P10024,Beard Trimmer,Beauty & Personal Care,5,2025-08-07,700.79,CUST00232,India,0,0,3503.95
501987,P10018,Yoga Pants,Apparel,3,2025-01-11,608.28,CUST00554,United Kingdom,0,0,1824.84
500424,P10027,Water Bottle Sipper,Sports & Outdoors,4,2026-03-25,2203.72,CUST00139,India,0,0,8814.88
502590,P10023,Hair Dryer,Beauty & Personal Care,2,2025-04-01,1018.4,CUST00731,India,0,0,2036.8
501506,P10009,Cotton Bedsheet Set,Home & Kitchen,5,2025-08-18,1519.89,CUST00426,India,0,0,7599.45
501761,P10026,Resistance Bands Set,Sports & Outdoors,3,2025-01-14,636.23,CUST00485,United Kingdom,0,0,1908.69
500849,P10028,Camping Torch,Sports & Outdoors,1,2025-12-30,2043.99,CUST00230,United Kingdom,0,0,2043.99
501441,P10014,Denim Jacket,Apparel,1,2026-04-19,1048.3,CUST00399,United States,0,0,1048.3
500181,P10019,Face Serum,Beauty & Personal Care,3,2025-01-05,1312.41,CUST00065,India,0,0,3937.23
502892,P10031,Notebook Set,Stationery & Office,1,2026-01-13,268.52,CUST00802,India,0,0,268.52
501352,P10007,Non-Stick Pan,Home & Kitchen,1,2026-02-27,331.24,CUST00365,Uae,0,0,331.24
501492,P10009,Cotton Bedsheet Set,Home & Kitchen,4,2025-10-15,1519.89,CUST00421,United States,0,0,6079.56
502049,P10004,USB-C Cable,Electronics,5,2025-06-11,3182.97,CUST00568,India,0,0,15914.85
501751,P10015,Running Shoes,Apparel,2,2026-04-27,980.3,CUST00485,United Kingdom,0,0,1960.6
500149,P10031,Notebook Set,Stationery & Office,4,2025-01-28,268.52,CUST00053,Uae,0,0,1074.08
500161,P10032,Gel Pen Pack,Stationery & Office,5,2025-03-24,687.3,CUST00058,India,0,0,3436.5
502116,P10031,Notebook Set,Stationery & Office,1,2026-04-10,268.52,CUST00579,India,0,0,268.52
500406,P10009,Cotton Bedsheet Set,Home & Kitchen,4,2025-08-27,1519.89,CUST00138,United States,0,0,6079.56
502137,P10031,Notebook Set,Stationery & Office,3,2025-01-10,268.52,CUST00581,India,0,0,805.56
502227,P10005,Power Bank 10000mAh,Electronics,1,2025-09-06,1034.93,CUST00624,India,0,0,1034.93
501193,P10026,Resistance Bands Set,Sports & Outdoors,3,2025-10-16,636.23,CUST00324,India,0,0,1908.69
502780,P10004,USB-C Cable,Electronics,1,2025-10-23,3182.97,CUST00779,United States,0,0,3182.97
500871,P10034,Sticky Notes Pack,Stationery & Office,1,2025-08-04,147.9,CUST00236,United States,0,0,147.9
503061,P10029,Badminton Racket,Sports & Outdoors,2,2026-01-19,274.87,CUST00842,United Kingdom,0,0,549.74
502792,P10012,Storage Organizer,Home & Kitchen,4,2025-02-10,1268.9,CUST00779,United States,0,0,5075.6
502804,P10018,Yoga Pants,Apparel,3,2025-06-07,608.28,CUST00780,United Kingdom,0,0,1824.84
502565,P10013,Cotton T-Shirt,Apparel,5,2025-11-21,1190.46,CUST00731,India,0,0,5952.3
501617,P10028,Camping Torch,Sports & Outdoors,4,2025-05-11,2043.99,CUST00449,India,0,0,8175.96
501899,P10020,Herbal Shampoo,Beauty & Personal Care,1,2025-09-18,1426.26,CUST00534,United Kingdom,0,0,1426.26
502247,P10024,Beard Trimmer,Beauty & Personal Care,2,2025-08-01,700.79,CUST00627,India,0,0,1401.58
500961,P10027,Water Bottle Sipper,Sports & Outdoors,1,2025-07-20,2203.72,CUST00267,United Kingdom,0,0,2203.72
500803,P10005,Power Bank 10000mAh,Electronics,2,2026-03-08,1034.93,CUST00219,United Kingdom,0,0,2069.86
502583,P10031,Notebook Set,Stationery & Office,4,2026-03-22,268.52,CUST00731,India,0,0,1074.08
501875,P10023,Hair Dryer,Beauty & Personal Care,2,2025-03-11,1018.4,CUST00525,Germany,0,0,2036.8
501154,P10034,Sticky Notes Pack,Stationery & Office,5,2025-02-17,147.9,CUST00320,India,0,0,739.5
500632,P10029,Badminton Racket,Sports & Outdoors,5,2025-10-05,274.87,CUST00189,India,0,0,1374.35
501565,P10032,Gel Pen Pack,Stationery & Office,4,2026-01-13,687.3,CUST00445,United States,0,0,2749.2
501988,P10027,Water Bottle Sipper,Sports & Outdoors,2,2025-10-15,2203.72,CUST00554,United Kingdom,0,0,4407.44
500079,P10028,Camping Torch,Sports & Outdoors,2,2025-06-16,2043.99,CUST00035,Singapore,0,0,4087.98
500549,P10024,Beard Trimmer,Beauty & Personal Care,5,2026-01-24,700.79,CUST00169,India,0,0,3503.95
500618,P10002,Bluetooth Speaker,Electronics,1,2026-05-16,2723.88,CUST00189,India,0,0,2723.88
501598,P10034,Sticky Notes Pack,Stationery & Office,1,2026-03-01,147.9,,United States,1,0,147.9
501645,P10019,Face Serum,Beauty & Personal Care,4,2026-06-27,1312.41,CUST00457,India,0,0,5249.64
502599,P10022,Sunscreen SPF50,Beauty & Personal Care,4,2026-06-09,514.51,,United Kingdom,1,0,2058.04
501787,P10033,Desk Organizer,Stationery & Office,3,2026-06-09,67.73,,India,1,0,203.19
502559,P10004,USB-C Cable,Electronics,1,2025-08-24,3182.97,CUST00731,India,0,0,3182.97
500843,P10029,Badminton Racket,Sports & Outdoors,5,2026-01-21,274.87,CUST00227,Singapore,0,0,1374.35
502443,P10033,Desk Organizer,Stationery & Office,5,2025-02-17,67.73,CUST00699,India,0,0,338.65
502974,P10006,Smartwatch Band,Electronics,4,2025-05-21,990.13,,India,1,0,3960.52
501049,P10034,Sticky Notes Pack,Stationery & Office,4,2025-01-23,147.9,CUST00295,India,0,0,591.6
501668,P10002,Bluetooth Speaker,Electronics,1,2025-08-09,2723.88,CUST00463,United States,0,0,2723.88
502572,P10016,Wool Sweater,Apparel,2,2025-11-15,1250.39,CUST00731,India,0,0,2500.78
501046,P10011,Ceramic Mug Set,Home & Kitchen,3,2026-01-15,1993.94,CUST00294,India,0,0,5981.82
500697,P10012,Storage Organizer,Home & Kitchen,1,2025-06-27,1268.9,CUST00203,India,0,0,1268.9
500533,P10010,Insulated Water Bottle,Home & Kitchen,1,2025-05-25,396.84,CUST00169,India,0,0,396.84
500979,P10035,Whiteboard Marker Set,Stationery & Office,-4,2025-02-09,808.92,CUST00273,Germany,0,1,-3235.68
501339,P10022,Sunscreen SPF50,Beauty & Personal Care,4,2025-09-02,514.51,CUST00360,United Kingdom,0,0,2058.04
502933,P10012,Storage Organizer,Home & Kitchen,4,2025-12-08,1268.9,CUST00815,Germany,0,0,5075.6
502852,P10009,Cotton Bedsheet Set,Home & Kitchen,1,2026-04-10,1519.89,CUST00796,Germany,0,0,1519.89
501465,P10031,Notebook Set,Stationery & Office,3,2025-03-21,268.52,CUST00414,United Kingdom,0,0,805.56
502949,P10020,Herbal Shampoo,Beauty & Personal Care,3,2025-11-01,1426.26,CUST00824,India,0,0,4278.78
500267,P10010,Insulated Water Bottle,Home & Kitchen,5,2025-10-27,396.84,CUST00106,India,0,0,1984.2
500323,P10005,Power Bank 10000mAh,Electronics,5,2025-07-20,1034.93,CUST00124,India,0,0,5174.65
502043,P10021,Lip Balm Set,Beauty & Personal Care,2,2025-03-10,652.97,CUST00567,India,0,0,1305.94
501310,P10024,Beard Trimmer,Beauty & Personal Care,3,2025-05-26,700.79,CUST00353,United Kingdom,0,0,2102.37
501308,P10027,Water Bottle Sipper,Sports & Outdoors,3,2025-08-23,2203.72,CUST00353,United Kingdom,0,0,6611.16
501532,P10013,Cotton T-Shirt,Apparel,5,2025-03-31,1190.46,CUST00437,India,0,0,5952.3
501401,P10018,Yoga Pants,Apparel,4,2026-02-02,608.28,CUST00391,Singapore,0,0,2433.12
502474,P10013,Cotton T-Shirt,Apparel,2,2025-07-07,1190.46,CUST00706,Singapore,0,0,2380.92
502573,P10009,Cotton Bedsheet Set,Home & Kitchen,3,2026-03-14,1519.89,CUST00731,India,0,0,4559.67
502480,P10024,Beard Trimmer,Beauty & Personal Care,2,2025-08-06,700.79,CUST00706,Singapore,0,0,1401.58
501079,P10001,Wireless Earbuds,Electronics,-4,2025-02-19,606.94,CUST00300,India,0,1,-2427.76
502506,P10015,Running Shoes,Apparel,3,2025-12-07,980.3,CUST00707,India,0,0,2940.9
502637,P10020,Herbal Shampoo,Beauty & Personal Care,-5,2026-05-24,1426.26,CUST00748,India,0,1,-7131.3
502595,P10015,Running Shoes,Apparel,1,2025-05-22,980.3,CUST00731,India,0,0,980.3
500655,P10016,Wool Sweater,Apparel,4,2025-06-02,1250.39,CUST00194,United Kingdom,0,0,5001.56
502097,P10015,Running Shoes,Apparel,3,2025-04-25,980.3,CUST00579,India,0,0,2940.9
502394,P10010,Insulated Water Bottle,Home & Kitchen,3,2025-02-01,396.84,CUST00680,Germany,0,0,1190.52
501886,P10021,Lip Balm Set,Beauty & Personal Care,3,2025-06-04,652.97,CUST00530,Germany,0,0,1958.91
501968,P10034,Sticky Notes Pack,Stationery & Office,1,2025-06-15,147.9,CUST00544,United Kingdom,0,0,147.9
501609,P10025,Yoga Mat,Sports & Outdoors,1,2025-06-25,270.08,CUST00448,United States,0,0,270.08
500355,P10036,Backpack,Stationery & Office,-4,2026-03-14,218.62,CUST00126,India,0,1,-874.48
500757,P10018,Yoga Pants,Apparel,1,2025-07-06,608.28,CUST00216,India,0,0,608.28
502740,P10026,Resistance Bands Set,Sports & Outdoors,3,2026-01-10,636.23,CUST00770,Germany,0,0,1908.69
500672,P10020,Herbal Shampoo,Beauty & Personal Care,2,2025-03-13,1426.26,CUST00198,Germany,0,0,2852.52
502152,P10027,Water Bottle Sipper,Sports & Outdoors,4,2026-05-25,2203.72,CUST00584,India,0,0,8814.88
500106,P10002,Bluetooth Speaker,Electronics,2,2025-07-12,2723.88,CUST00046,United Kingdom,0,0,5447.76
502529,P10015,Running Shoes,Apparel,5,2026-01-20,980.3,CUST00720,United States,0,0,4901.5
501285,P10030,Cycling Gloves,Sports & Outdoors,2,2026-05-26,820.52,CUST00345,India,0,0,1641.04
502285,P10022,Sunscreen SPF50,Beauty & Personal Care,3,2026-02-26,514.51,CUST00640,India,0,0,1543.53
501749,P10010,Insulated Water Bottle,Home & Kitchen,3,2025-03-10,396.84,CUST00485,United Kingdom,0,0,1190.52
500819,P10002,Bluetooth Speaker,Electronics,2,2026-02-09,2723.88,CUST00219,United Kingdom,0,0,5447.76
502696,P10035,Whiteboard Marker Set,Stationery & Office,4,2025-09-15,808.92,CUST00754,India,0,0,3235.68
502835,P10024,Beard Trimmer,Beauty & Personal Care,3,2025-10-21,700.79,CUST00787,United Kingdom,0,0,2102.37
501881,P10003,Phone Case,Electronics,3,2025-04-13,1049.71,CUST00530,Germany,0,0,3149.13
500849,P10036,Backpack,Stationery & Office,2,2025-12-30,218.62,CUST00230,United Kingdom,0,0,437.24
501219,P10010,Insulated Water Bottle,Home & Kitchen,4,2026-05-12,396.84,CUST00332,United States,0,0,1587.36
500612,P10019,Face Serum,Beauty & Personal Care,3,2026-01-06,1312.41,CUST00187,United States,0,0,3937.23
502935,P10008,LED Desk Lamp,Home & Kitchen,3,2026-03-06,1311.15,CUST00815,Germany,0,0,3933.45
501750,P10024,Beard Trimmer,Beauty & Personal Care,5,2025-09-20,700.79,CUST00485,United Kingdom,0,0,3503.95
502066,P10023,Hair Dryer,Beauty & Personal Care,5,2025-04-27,1018.4,CUST00572,United States,0,0,5092.0
501217,P10003,Phone Case,Electronics,1,2026-03-01,1049.71,CUST00331,India,0,0,1049.71
502234,P10013,Cotton T-Shirt,Apparel,5,2025-10-22,1190.46,CUST00626,India,0,0,5952.3
502707,P10002,Bluetooth Speaker,Electronics,1,2025-09-27,2723.88,,United States,1,0,2723.88
500878,P10006,Smartwatch Band,Electronics,2,2026-01-18,990.13,CUST00237,India,0,0,1980.26
502844,P10018,Yoga Pants,Apparel,5,2025-08-10,608.28,CUST00790,Uae,0,0,3041.4
500669,P10005,Power Bank 10000mAh,Electronics,5,2025-03-26,1034.93,CUST00198,Germany,0,0,5174.65
502384,P10029,Badminton Racket,Sports & Outdoors,4,2025-04-14,274.87,CUST00676,Singapore,0,0,1099.48
502406,P10004,USB-C Cable,Electronics,3,2026-01-06,3182.97,CUST00687,United Kingdom,0,0,9548.91
501138,P10032,Gel Pen Pack,Stationery & Office,-2,2025-09-30,687.3,CUST00312,India,0,1,-1374.6
502439,P10019,Face Serum,Beauty & Personal Care,4,2026-01-19,1312.41,CUST00699,India,0,0,5249.64
500036,P10020,Herbal Shampoo,Beauty & Personal Care,1,2025-03-26,1426.26,CUST00018,India,0,0,1426.26
500677,P10029,Badminton Racket,Sports & Outdoors,1,2025-06-21,274.87,CUST00199,Germany,0,0,274.87
501836,P10022,Sunscreen SPF50,Beauty & Personal Care,2,2025-07-13,514.51,CUST00509,Uae,0,0,1029.02
500384,P10004,USB-C Cable,Electronics,2,2025-12-16,3182.97,CUST00133,India,0,0,6365.94
502821,P10035,Whiteboard Marker Set,Stationery & Office,3,2025-12-08,808.92,CUST00784,India,0,0,2426.76
500011,P10032,Gel Pen Pack,Stationery & Office,2,2026-05-14,687.3,CUST00006,India,0,0,1374.6
500752,P10017,Formal Shirt,Apparel,5,2026-02-16,562.91,CUST00215,United States,0,0,2814.55
502677,P10008,LED Desk Lamp,Home & Kitchen,2,2025-06-09,1311.15,CUST00753,United Kingdom,0,0,2622.3
500665,P10013,Cotton T-Shirt,Apparel,1,2026-01-22,1190.46,CUST00195,India,0,0,1190.46
503046,P10020,Herbal Shampoo,Beauty & Personal Care,1,2025-03-25,1426.26,CUST00842,United Kingdom,0,0,1426.26
501034,P10028,Camping Torch,Sports & Outdoors,3,2025-02-25,2043.99,CUST00289,India,0,0,6131.97
500834,P10026,Resistance Bands Set,Sports & Outdoors,2,2025-06-03,636.23,CUST00223,India,0,0,1272.46
501301,P10034,Sticky Notes Pack,Stationery & Office,3,2026-02-10,147.9,,United Kingdom,1,0,443.7
502117,P10030,Cycling Gloves,Sports & Outdoors,2,2025-02-05,820.52,CUST00579,India,0,0,1641.04
502477,P10029,Badminton Racket,Sports & Outdoors,1,2026-06-21,274.87,CUST00706,Singapore,0,0,274.87
500825,P10005,Power Bank 10000mAh,Electronics,3,2025-12-17,1034.93,,United Kingdom,1,0,3104.79
503027,P10018,Yoga Pants,Apparel,2,2025-03-30,608.28,CUST00833,India,0,0,1216.56
502122,P10010,Insulated Water Bottle,Home & Kitchen,3,2025-12-23,396.84,CUST00581,India,0,0,1190.52
501215,P10026,Resistance Bands Set,Sports & Outdoors,1,2025-04-06,636.23,CUST00329,India,0,0,636.23
500879,P10035,Whiteboard Marker Set,Stationery & Office,5,2026-04-01,808.92,CUST00237,India,0,0,4044.6
500066,P10004,USB-C Cable,Electronics,-1,2025-03-30,3182.97,CUST00032,India,0,1,-3182.97
500247,P10002,Bluetooth Speaker,Electronics,5,2025-10-08,2723.88,CUST00098,India,0,0,13619.4
501532,P10031,Notebook Set,Stationery & Office,4,2025-03-31,268.52,CUST00437,India,0,0,1074.08
500579,P10024,Beard Trimmer,Beauty & Personal Care,1,2025-08-21,700.79,CUST00176,India,0,0,700.79
502589,P10017,Formal Shirt,Apparel,3,2026-06-20,562.91,CUST00731,India,0,0,1688.73
501279,P10019,Face Serum,Beauty & Personal Care,5,2025-12-08,1312.41,CUST00344,India,0,0,6562.05
500083,P10006,Smartwatch Band,Electronics,5,2025-11-05,990.13,CUST00035,Singapore,0,0,4950.65
500275,P10004,USB-C Cable,Electronics,3,2025-03-09,3182.97,CUST00111,India,0,0,9548.91
501526,P10015,Running Shoes,Apparel,5,2026-06-18,980.3,CUST00435,India,0,0,4901.5
501890,P10034,Sticky Notes Pack,Stationery & Office,2,2026-03-22,147.9,CUST00530,Germany,0,0,295.8
502621,P10019,Face Serum,Beauty & Personal Care,5,2025-10-27,1312.41,CUST00739,India,0,0,6562.05
502282,P10008,LED Desk Lamp,Home & Kitchen,2,2025-01-31,1311.15,CUST00638,India,0,0,2622.3
500665,P10023,Hair Dryer,Beauty & Personal Care,2,2026-01-22,1018.4,CUST00195,India,0,0,2036.8
500945,P10008,LED Desk Lamp,Home & Kitchen,4,2026-01-12,1311.15,CUST00264,India,0,0,5244.6
503074,P10008,LED Desk Lamp,Home & Kitchen,2,2025-07-26,1311.15,CUST00842,United Kingdom,0,0,2622.3
500374,P10017,Formal Shirt,Apparel,2,2026-01-28,562.91,CUST00130,India,0,0,1125.82
500630,P10002,Bluetooth Speaker,Electronics,5,2025-05-23,2723.88,CUST00189,India,0,0,13619.4
501282,P10006,Smartwatch Band,Electronics,2,2026-03-31,990.13,CUST00345,India,0,0,1980.26
501747,P10007,Non-Stick Pan,Home & Kitchen,4,2026-05-07,331.24,CUST00483,India,0,0,1324.96
502280,P10002,Bluetooth Speaker,Electronics,5,2025-11-10,2723.88,CUST00636,India,0,0,13619.4
502005,P10007,Non-Stick Pan,Home & Kitchen,3,2026-03-20,331.24,CUST00556,India,0,0,993.72
502433,P10030,Cycling Gloves,Sports & Outdoors,5,2026-04-16,820.52,CUST00699,India,0,0,4102.6
502289,P10018,Yoga Pants,Apparel,2,2026-04-18,608.28,CUST00643,India,0,0,1216.56
502163,P10019,Face Serum,Beauty & Personal Care,3,2026-04-12,1312.41,CUST00587,India,0,0,3937.23
501802,P10031,Notebook Set,Stationery & Office,4,2026-04-14,268.52,CUST00497,United Kingdom,0,0,1074.08
501757,P10006,Smartwatch Band,Electronics,2,2025-05-23,990.13,CUST00485,United Kingdom,0,0,1980.26
501888,P10004,USB-C Cable,Electronics,1,2025-11-19,3182.97,CUST00530,Germany,0,0,3182.97
500875,P10009,Cotton Bedsheet Set,Home & Kitchen,2,2026-02-09,1519.89,CUST00236,United States,0,0,3039.78
502145,P10025,Yoga Mat,Sports & Outdoors,3,2026-06-06,270.08,CUST00583,India,0,0,810.24
502086,P10023,Hair Dryer,Beauty & Personal Care,1,2025-06-27,1018.4,CUST00579,India,0,0,1018.4
502510,P10022,Sunscreen SPF50,Beauty & Personal Care,2,2025-08-03,514.51,CUST00709,India,0,0,1029.02
501182,P10018,Yoga Pants,Apparel,4,2026-04-02,608.28,CUST00324,India,0,0,2433.12
502547,P10023,Hair Dryer,Beauty & Personal Care,4,2025-11-19,1018.4,CUST00727,India,0,0,4073.6
502182,P10023,Hair Dryer,Beauty & Personal Care,3,2025-11-03,1018.4,CUST00595,Germany,0,0,3055.2
500850,P10005,Power Bank 10000mAh,Electronics,5,2026-02-23,1034.93,CUST00231,United States,0,0,5174.65
500125,P10031,Notebook Set,Stationery & Office,5,2025-08-17,268.52,CUST00047,India,0,0,1342.6
501739,P10027,Water Bottle Sipper,Sports & Outdoors,2,2026-02-26,2203.72,CUST00481,United Kingdom,0,0,4407.44
502684,P10025,Yoga Mat,Sports & Outdoors,2,2025-08-11,270.08,CUST00753,United Kingdom,0,0,540.16
501578,P10034,Sticky Notes Pack,Stationery & Office,4,2025-01-13,147.9,CUST00448,United States,0,0,591.6
501658,P10006,Smartwatch Band,Electronics,1,2025-03-01,990.13,CUST00463,United States,0,0,990.13
502688,P10031,Notebook Set,Stationery & Office,3,2026-03-14,268.52,CUST00753,United Kingdom,0,0,805.56
501871,P10013,Cotton T-Shirt,Apparel,1,2025-02-20,1190.46,CUST00524,Germany,0,0,1190.46
500636,P10002,Bluetooth Speaker,Electronics,3,2026-05-25,2723.88,CUST00189,India,0,0,8171.64
502957,P10001,Wireless Earbuds,Electronics,2,2025-05-22,606.94,CUST00828,India,0,0,1213.88
500091,P10014,Denim Jacket,Apparel,3,2025-04-13,1048.3,CUST00037,India,0,0,3144.9
501789,P10009,Cotton Bedsheet Set,Home & Kitchen,1,2025-09-10,1519.89,CUST00497,United Kingdom,0,0,1519.89
501341,P10012,Storage Organizer,Home & Kitchen,3,2025-11-05,1268.9,CUST00362,United Kingdom,0,0,3806.7
502438,P10022,Sunscreen SPF50,Beauty & Personal Care,4,2026-04-14,514.51,CUST00699,India,0,0,2058.04
500045,P10015,Running Shoes,Apparel,1,2026-06-08,980.3,CUST00020,India,0,0,980.3
500595,P10033,Desk Organizer,Stationery & Office,4,2026-02-27,67.73,CUST00176,India,0,0,270.92
502545,P10036,Backpack,Stationery & Office,4,2025-01-11,218.62,CUST00726,Germany,0,0,874.48
502049,P10009,Cotton Bedsheet Set,Home & Kitchen,2,2025-06-11,1519.89,CUST00568,India,0,0,3039.78
502895,P10021,Lip Balm Set,Beauty & Personal Care,3,2025-01-23,652.97,CUST00804,United Kingdom,0,0,1958.91
502579,P10010,Insulated Water Bottle,Home & Kitchen,4,2025-09-28,396.84,CUST00731,India,0,0,1587.36
500677,P10030,Cycling Gloves,Sports & Outdoors,2,2025-06-21,820.52,CUST00199,Germany,0,0,1641.04
500011,P10027,Water Bottle Sipper,Sports & Outdoors,1,2026-05-14,2203.72,CUST00006,India,0,0,2203.72
502998,P10025,Yoga Mat,Sports & Outdoors,1,2025-11-03,270.08,CUST00830,India,0,0,270.08
501404,P10017,Formal Shirt,Apparel,1,2025-08-17,562.91,CUST00392,India,0,0,562.91
500804,P10034,Sticky Notes Pack,Stationery & Office,4,2025-09-19,147.9,CUST00219,United Kingdom,0,0,591.6
501935,P10004,USB-C Cable,Electronics,1,2025-05-03,3182.97,CUST00539,India,0,0,3182.97
503050,P10009,Cotton Bedsheet Set,Home & Kitchen,5,2025-05-10,1519.89,CUST00842,United Kingdom,0,0,7599.45
502981,P10024,Beard Trimmer,Beauty & Personal Care,1,2025-09-17,700.79,CUST00830,India,0,0,700.79
502822,P10017,Formal Shirt,Apparel,5,2025-05-01,562.91,CUST00784,India,0,0,2814.55
502439,P10005,Power Bank 10000mAh,Electronics,5,2026-01-19,1034.93,CUST00699,India,0,0,5174.65
502026,P10020,Herbal Shampoo,Beauty & Personal Care,3,2025-05-10,1426.26,CUST00563,India,0,0,4278.78
500307,P10002,Bluetooth Speaker,Electronics,4,2026-05-06,2723.88,CUST00118,India,0,0,10895.52
500838,P10014,Denim Jacket,Apparel,2,2026-03-23,1048.3,CUST00225,India,0,0,2096.6
502404,P10017,Formal Shirt,Apparel,-2,2025-06-05,562.91,CUST00687,United Kingdom,0,1,-1125.82
500572,P10013,Cotton T-Shirt,Apparel,-4,2025-03-13,1190.46,CUST00175,United Kingdom,0,1,-4761.84
500631,P10028,Camping Torch,Sports & Outdoors,4,2025-05-18,2043.99,CUST00189,India,0,0,8175.96
502377,P10012,Storage Organizer,Home & Kitchen,4,2025-08-23,1268.9,CUST00674,India,0,0,5075.6
500907,P10020,Herbal Shampoo,Beauty & Personal Care,2,2026-04-11,1426.26,CUST00251,India,0,0,2852.52
500283,P10027,Water Bottle Sipper,Sports & Outdoors,4,2025-11-07,2203.72,CUST00113,Uae,0,0,8814.88
500488,P10017,Formal Shirt,Apparel,5,2026-03-31,562.91,CUST00163,United Kingdom,0,0,2814.55
502715,P10031,Notebook Set,Stationery & Office,5,2025-07-11,268.52,CUST00760,United States,0,0,1342.6
503031,P10006,Smartwatch Band,Electronics,2,2025-05-20,990.13,CUST00833,India,0,0,1980.26
502900,P10008,LED Desk Lamp,Home & Kitchen,1,2025-05-04,1311.15,CUST00806,United States,0,0,1311.15
501626,P10002,Bluetooth Speaker,Electronics,3,2025-10-12,2723.88,CUST00449,India,0,0,8171.64
502527,P10024,Beard Trimmer,Beauty & Personal Care,5,2025-01-11,700.79,CUST00719,India,0,0,3503.95
500227,P10002,Bluetooth Speaker,Electronics,3,2025-11-18,2723.88,CUST00086,India,0,0,8171.64
502747,P10003,Phone Case,Electronics,4,2025-12-07,1049.71,CUST00773,India,0,0,4198.84
500928,P10016,Wool Sweater,Apparel,1,2025-12-21,1250.39,CUST00260,India,0,0,1250.39
502437,P10008,LED Desk Lamp,Home & Kitchen,2,2025-04-29,1311.15,CUST00699,India,0,0,2622.3
502452,P10007,Non-Stick Pan,Home & Kitchen,3,2025-04-17,331.24,CUST00699,India,0,0,993.72
502713,P10011,Ceramic Mug Set,Home & Kitchen,5,2026-01-31,1993.94,CUST00759,Germany,0,0,9969.7
501793,P10013,Cotton T-Shirt,Apparel,1,2025-09-05,1190.46,CUST00497,United Kingdom,0,0,1190.46
500038,P10024,Beard Trimmer,Beauty & Personal Care,3,2025-06-04,700.79,CUST00019,India,0,0,2102.37
501296,P10027,Water Bottle Sipper,Sports & Outdoors,5,2025-12-07,2203.72,CUST00351,India,0,0,11018.6
500641,P10008,LED Desk Lamp,Home & Kitchen,4,2025-07-26,1311.15,CUST00189,India,0,0,5244.6
501723,P10005,Power Bank 10000mAh,Electronics,1,2025-03-18,1034.93,CUST00475,India,0,0,1034.93
503010,P10016,Wool Sweater,Apparel,4,2025-03-09,1250.39,CUST00833,India,0,0,5001.56
502973,P10002,Bluetooth Speaker,Electronics,5,2025-09-10,2723.88,CUST00830,India,0,0,13619.4
500559,P10001,Wireless Earbuds,Electronics,3,2025-12-16,606.94,CUST00171,United Kingdom,0,0,1820.82
500644,P10008,LED Desk Lamp,Home & Kitchen,1,2025-04-08,1311.15,CUST00190,India,0,0,1311.15
500880,P10029,Badminton Racket,Sports & Outdoors,4,2026-04-14,274.87,CUST00237,India,0,0,1099.48
501713,P10031,Notebook Set,Stationery & Office,2,2026-01-05,268.52,CUST00471,India,0,0,537.04
500985,P10035,Whiteboard Marker Set,Stationery & Office,5,2026-05-03,808.92,CUST00275,India,0,0,4044.6
500334,P10009,Cotton Bedsheet Set,Home & Kitchen,1,2026-05-03,1519.89,CUST00126,India,0,0,1519.89
502916,P10004,USB-C Cable,Electronics,-4,2025-03-27,3182.97,,India,1,1,-12731.88
501259,P10002,Bluetooth Speaker,Electronics,5,2025-01-31,2723.88,CUST00343,India,0,0,13619.4
500710,P10018,Yoga Pants,Apparel,1,2025-12-01,608.28,CUST00203,India,0,0,608.28
501115,P10009,Cotton Bedsheet Set,Home & Kitchen,5,2026-02-08,1519.89,CUST00311,India,0,0,7599.45
501527,P10018,Yoga Pants,Apparel,-3,2025-09-04,608.28,CUST00436,United States,0,1,-1824.84
501952,P10011,Ceramic Mug Set,Home & Kitchen,5,2025-09-06,1993.94,CUST00542,United Kingdom,0,0,9969.7
501633,P10005,Power Bank 10000mAh,Electronics,4,2026-01-04,1034.93,CUST00450,India,0,0,4139.72
501608,P10011,Ceramic Mug Set,Home & Kitchen,2,2026-01-13,1993.94,CUST00448,United States,0,0,3987.88
501374,P10020,Herbal Shampoo,Beauty & Personal Care,3,2026-02-03,1426.26,,India,1,0,4278.78
502531,P10018,Yoga Pants,Apparel,5,2025-03-04,608.28,,India,1,0,3041.4
502256,P10011,Ceramic Mug Set,Home & Kitchen,4,2025-07-15,1993.94,CUST00632,Germany,0,0,7975.76
502326,P10020,Herbal Shampoo,Beauty & Personal Care,4,2026-03-21,1426.26,CUST00659,United Kingdom,0,0,5705.04
503047,P10013,Cotton T-Shirt,Apparel,3,2026-01-09,1190.46,CUST00842,United Kingdom,0,0,3571.38
502965,P10032,Gel Pen Pack,Stationery & Office,4,2026-01-11,687.3,CUST00830,India,0,0,2749.2
501422,P10018,Yoga Pants,Apparel,1,2026-01-28,608.28,CUST00392,India,0,0,608.28
501099,P10003,Phone Case,Electronics,5,2025-10-19,1049.71,CUST00309,United States,0,0,5248.55
501081,P10002,Bluetooth Speaker,Electronics,5,2026-06-29,2723.88,CUST00300,India,0,0,13619.4
502287,P10030,Cycling Gloves,Sports & Outdoors,2,2026-05-13,820.52,CUST00642,India,0,0,1641.04
500796,P10012,Storage Organizer,Home & Kitchen,2,2025-12-18,1268.9,CUST00219,United Kingdom,0,0,2537.8
503084,P10017,Formal Shirt,Apparel,2,2025-11-13,562.91,CUST00842,United Kingdom,0,0,1125.82
502133,P10001,Wireless Earbuds,Electronics,2,2025-03-29,606.94,CUST00581,India,0,0,1213.88
500003,P10030,Cycling Gloves,Sports & Outdoors,2,2026-06-25,820.52,CUST00002,Uae,0,0,1641.04
500372,P10001,Wireless Earbuds,Electronics,1,2025-09-02,606.94,CUST00130,India,0,0,606.94
502938,P10003,Phone Case,Electronics,5,2025-12-10,1049.71,CUST00816,India,0,0,5248.55
501637,P10016,Wool Sweater,Apparel,5,2025-10-24,1250.39,CUST00452,United Kingdom,0,0,6251.95
502024,P10011,Ceramic Mug Set,Home & Kitchen,1,2026-04-09,1993.94,CUST00562,India,0,0,1993.94
500913,P10019,Face Serum,Beauty & Personal Care,4,2025-05-17,1312.41,CUST00253,Germany,0,0,5249.64
500945,P10016,Wool Sweater,Apparel,1,2026-01-12,1250.39,CUST00264,India,0,0,1250.39
502806,P10011,Ceramic Mug Set,Home & Kitchen,1,2025-07-08,1993.94,CUST00780,United Kingdom,0,0,1993.94
501776,P10017,Formal Shirt,Apparel,1,2026-05-23,562.91,CUST00490,Germany,0,0,562.91
500768,P10014,Denim Jacket,Apparel,3,2025-10-23,1048.3,CUST00216,India,0,0,3144.9
500640,P10015,Running Shoes,Apparel,2,2025-05-28,980.3,CUST00189,India,0,0,1960.6
501737,P10014,Denim Jacket,Apparel,3,2025-07-29,1048.3,CUST00481,United Kingdom,0,0,3144.9
502431,P10009,Cotton Bedsheet Set,Home & Kitchen,3,2026-05-15,1519.89,CUST00699,India,0,0,4559.67
500356,P10004,USB-C Cable,Electronics,1,2025-01-21,3182.97,CUST00127,United States,0,0,3182.97
501084,P10013,Cotton T-Shirt,Apparel,4,2026-06-12,1190.46,CUST00300,India,0,0,4761.84
500736,P10015,Running Shoes,Apparel,1,2025-07-23,980.3,CUST00205,United Kingdom,0,0,980.3
500949,P10018,Yoga Pants,Apparel,1,2025-12-10,608.28,CUST00264,India,0,0,608.28
502950,P10034,Sticky Notes Pack,Stationery & Office,1,2025-12-03,147.9,CUST00824,India,0,0,147.9
501900,P10020,Herbal Shampoo,Beauty & Personal Care,3,2025-12-03,1426.26,CUST00534,United Kingdom,0,0,4278.78
501381,P10033,Desk Organizer,Stationery & Office,1,2025-01-29,67.73,CUST00382,United Kingdom,0,0,67.73
502799,P10030,Cycling Gloves,Sports & Outdoors,4,2026-01-29,820.52,CUST00779,United States,0,0,3282.08
501699,P10030,Cycling Gloves,Sports & Outdoors,1,2026-03-15,820.52,CUST00468,Germany,0,0,820.52
502615,P10023,Hair Dryer,Beauty & Personal Care,4,2026-01-05,1018.4,CUST00738,United States,0,0,4073.6
500766,P10019,Face Serum,Beauty & Personal Care,4,2026-05-22,1312.41,CUST00216,India,0,0,5249.64
501060,P10014,Denim Jacket,Apparel,2,2025-06-12,1048.3,CUST00295,India,0,0,2096.6
501903,P10034,Sticky Notes Pack,Stationery & Office,1,2025-12-05,147.9,CUST00535,United States,0,0,147.9
501398,P10001,Wireless Earbuds,Electronics,2,2025-01-02,606.94,CUST00389,United States,0,0,1213.88
502369,P10025,Yoga Mat,Sports & Outdoors,5,2025-05-03,270.08,CUST00671,India,0,0,1350.4
500418,P10020,Herbal Shampoo,Beauty & Personal Care,4,2026-05-26,1426.26,CUST00138,United States,0,0,5705.04
502685,P10009,Cotton Bedsheet Set,Home & Kitchen,5,2026-02-09,1519.89,CUST00753,United Kingdom,0,0,7599.45
500435,P10031,Notebook Set,Stationery & Office,3,2025-07-06,268.52,CUST00141,Singapore,0,0,805.56
501789,P10009,Cotton Bedsheet Set,Home & Kitchen,4,2025-09-10,1519.89,CUST00497,United Kingdom,0,0,6079.56
500240,P10021,Lip Balm Set,Beauty & Personal Care,-4,2026-06-09,652.97,CUST00094,United Kingdom,0,1,-2611.88
501281,P10014,Denim Jacket,Apparel,1,2025-06-11,1048.3,CUST00345,India,0,0,1048.3
501860,P10018,Yoga Pants,Apparel,4,2026-03-18,608.28,CUST00521,United Kingdom,0,0,2433.12
501256,P10009,Cotton Bedsheet Set,Home & Kitchen,5,2026-03-29,1519.89,CUST00343,India,0,0,7599.45
500212,P10022,Sunscreen SPF50,Beauty & Personal Care,2,2025-10-21,514.51,CUST00082,United Kingdom,0,0,1029.02
500674,P10009,Cotton Bedsheet Set,Home & Kitchen,1,2025-05-17,1519.89,CUST00199,Germany,0,0,1519.89
500895,P10020,Herbal Shampoo,Beauty & Personal Care,2,2025-04-05,1426.26,CUST00245,India,0,0,2852.52
501001,P10027,Water Bottle Sipper,Sports & Outdoors,5,2025-12-03,2203.72,CUST00281,Germany,0,0,11018.6
501028,P10032,Gel Pen Pack,Stationery & Office,4,2026-05-20,687.3,,India,1,0,2749.2
500286,P10017,Formal Shirt,Apparel,3,2025-02-09,562.91,CUST00113,Uae,0,0,1688.73
502093,P10023,Hair Dryer,Beauty & Personal Care,2,2025-10-30,1018.4,CUST00579,India,0,0,2036.8
500402,P10002,Bluetooth Speaker,Electronics,3,2026-01-14,2723.88,CUST00137,India,0,0,8171.64
500670,P10033,Desk Organizer,Stationery & Office,3,2025-06-01,67.73,CUST00198,Germany,0,0,203.19
502208,P10034,Sticky Notes Pack,Stationery & Office,5,2025-03-10,147.9,CUST00614,India,0,0,739.5
501134,P10028,Camping Torch,Sports & Outdoors,5,2026-06-18,2043.99,CUST00312,India,0,0,10219.95
503014,P10031,Notebook Set,Stationery & Office,4,2025-02-20,268.52,CUST00833,India,0,0,1074.08
502376,P10008,LED Desk Lamp,Home & Kitchen,2,2025-04-10,1311.15,CUST00674,India,0,0,2622.3
502089,P10010,Insulated Water Bottle,Home & Kitchen,2,2025-09-14,396.84,CUST00579,India,0,0,793.68
502890,P10015,Running Shoes,Apparel,1,2025-02-08,980.3,CUST00801,United States,0,0,980.3
502451,P10013,Cotton T-Shirt,Apparel,2,2025-01-25,1190.46,,India,1,0,2380.92
501331,P10024,Beard Trimmer,Beauty & Personal Care,3,2026-06-22,700.79,CUST00358,United Kingdom,0,0,2102.37
502145,P10028,Camping Torch,Sports & Outdoors,-4,2026-06-06,2043.99,CUST00583,India,0,1,-8175.96
502429,P10016,Wool Sweater,Apparel,4,2025-02-13,1250.39,CUST00699,India,0,0,5001.56
500528,P10020,Herbal Shampoo,Beauty & Personal Care,5,2026-02-08,1426.26,CUST00169,India,0,0,7131.3
501868,P10035,Whiteboard Marker Set,Stationery & Office,3,2025-06-22,808.92,CUST00523,Singapore,0,0,2426.76
502898,P10014,Denim Jacket,Apparel,4,2025-08-13,1048.3,CUST00805,India,0,0,4193.2
501931,P10006,Smartwatch Band,Electronics,-2,2025-12-17,990.13,CUST00539,India,0,1,-1980.26
500173,P10001,Wireless Earbuds,Electronics,1,2025-05-12,606.94,CUST00063,Germany,0,0,606.94
500332,P10006,Smartwatch Band,Electronics,2,2025-11-06,990.13,,India,1,0,1980.26
500936,P10016,Wool Sweater,Apparel,1,2025-04-04,1250.39,CUST00261,United Kingdom,0,0,1250.39
502576,P10014,Denim Jacket,Apparel,5,2025-06-15,1048.3,CUST00731,India,0,0,5241.5
501684,P10013,Cotton T-Shirt,Apparel,5,2025-02-19,1190.46,CUST00463,United States,0,0,5952.3
500913,P10035,Whiteboard Marker Set,Stationery & Office,2,2025-05-17,808.92,CUST00253,Germany,0,0,1617.84
502138,P10032,Gel Pen Pack,Stationery & Office,5,2025-04-26,687.3,CUST00581,India,0,0,3436.5
500890,P10029,Badminton Racket,Sports & Outdoors,5,2026-06-29,274.87,CUST00240,India,0,0,1374.35
502181,P10009,Cotton Bedsheet Set,Home & Kitchen,-1,2025-08-10,1519.89,CUST00595,Germany,0,1,-1519.89
502508,P10034,Sticky Notes Pack,Stationery & Office,1,2026-04-10,147.9,CUST00709,India,0,0,147.9
501866,P10023,Hair Dryer,Beauty & Personal Care,1,2025-01-01,1018.4,CUST00522,India,0,0,1018.4
500705,P10036,Backpack,Stationery & Office,2,2026-03-05,218.62,CUST00203,India,0,0,437.24
500323,P10009,Cotton Bedsheet Set,Home & Kitchen,2,2025-07-20,1519.89,CUST00124,India,0,0,3039.78
501849,P10031,Notebook Set,Stationery & Office,4,2025-07-05,268.52,CUST00515,India,0,0,1074.08
501654,P10008,LED Desk Lamp,Home & Kitchen,-2,2026-01-23,1311.15,CUST00459,India,0,1,-2622.3
502295,P10019,Face Serum,Beauty & Personal Care,4,2026-05-29,1312.41,CUST00646,Germany,0,0,5249.64
500130,P10016,Wool Sweater,Apparel,3,2025-03-22,1250.39,CUST00047,India,0,0,3751.17
502209,P10033,Desk Organizer,Stationery & Office,2,2026-05-23,67.73,CUST00614,India,0,0,135.46
502510,P10020,Herbal Shampoo,Beauty & Personal Care,1,2025-08-03,1426.26,CUST00709,India,0,0,1426.26
500025,P10010,Insulated Water Bottle,Home & Kitchen,3,2025-10-23,396.84,CUST00012,Singapore,0,0,1190.52
501613,P10032,Gel Pen Pack,Stationery & Office,3,2026-04-29,687.3,CUST00448,United States,0,0,2061.9
501568,P10027,Water Bottle Sipper,Sports & Outdoors,4,2025-08-17,2203.72,CUST00446,Uae,0,0,8814.88
502769,P10008,LED Desk Lamp,Home & Kitchen,1,2025-06-27,1311.15,CUST00779,United States,0,0,1311.15
500172,P10007,Non-Stick Pan,Home & Kitchen,3,2025-03-30,331.24,CUST00063,Germany,0,0,993.72
500898,P10019,Face Serum,Beauty & Personal Care,1,2026-02-10,1312.41,CUST00246,Uae,0,0,1312.41
501241,P10006,Smartwatch Band,Electronics,5,2025-03-02,990.13,CUST00338,United States,0,0,4950.65
503035,P10025,Yoga Mat,Sports & Outdoors,3,2026-04-16,270.08,CUST00836,India,0,0,810.24
500364,P10013,Cotton T-Shirt,Apparel,1,2025-10-09,1190.46,CUST00127,United States,0,0,1190.46
502745,P10029,Badminton Racket,Sports & Outdoors,5,2025-07-12,274.87,CUST00771,India,0,0,1374.35
502463,P10001,Wireless Earbuds,Electronics,2,2025-03-02,606.94,CUST00704,India,0,0,1213.88
502953,P10005,Power Bank 10000mAh,Electronics,3,2025-11-24,1034.93,CUST00827,India,0,0,3104.79
501206,P10017,Formal Shirt,Apparel,2,2026-06-27,562.91,CUST00325,Uae,0,0,1125.82
500244,P10019,Face Serum,Beauty & Personal Care,3,2025-09-24,1312.41,CUST00096,India,0,0,3937.23
501043,P10016,Wool Sweater,Apparel,5,2026-02-05,1250.39,CUST00293,Germany,0,0,6251.95
502803,P10011,Ceramic Mug Set,Home & Kitchen,2,2026-01-30,1993.94,CUST00780,United Kingdom,0,0,3987.88
502082,P10010,Insulated Water Bottle,Home & Kitchen,1,2025-08-21,396.84,CUST00579,India,0,0,396.84
502048,P10032,Gel Pen Pack,Stationery & Office,2,2025-02-04,687.3,CUST00567,India,0,0,1374.6
501546,P10022,Sunscreen SPF50,Beauty & Personal Care,1,2025-11-17,514.51,CUST00439,United States,0,0,514.51
500846,P10033,Desk Organizer,Stationery & Office,1,2026-01-29,67.73,CUST00229,Germany,0,0,67.73
501897,P10015,Running Shoes,Apparel,4,2025-04-16,980.3,CUST00534,United Kingdom,0,0,3921.2
501746,P10015,Running Shoes,Apparel,3,2025-09-14,980.3,CUST00482,United Kingdom,0,0,2940.9
501099,P10017,Formal Shirt,Apparel,2,2025-10-19,562.91,CUST00309,United States,0,0,1125.82
500681,P10017,Formal Shirt,Apparel,1,2026-03-26,562.91,CUST00199,Germany,0,0,562.91
500866,P10009,Cotton Bedsheet Set,Home & Kitchen,1,2025-08-08,1519.89,CUST00236,United States,0,0,1519.89
501829,P10026,Resistance Bands Set,Sports & Outdoors,2,2026-05-07,636.23,CUST00503,India,0,0,1272.46
501862,P10012,Storage Organizer,Home & Kitchen,1,2025-08-15,1268.9,CUST00521,United Kingdom,0,0,1268.9
501283,P10012,Storage Organizer,Home & Kitchen,2,2025-01-08,1268.9,CUST00345,India,0,0,2537.8
501752,P10022,Sunscreen SPF50,Beauty & Personal Care,4,2025-07-05,514.51,CUST00485,United Kingdom,0,0,2058.04
502340,P10022,Sunscreen SPF50,Beauty & Personal Care,2,2026-05-04,514.51,CUST00664,India,0,0,1029.02
501147,P10031,Notebook Set,Stationery & Office,1,2025-08-16,268.52,CUST00316,United Kingdom,0,0,268.52
501100,P10007,Non-Stick Pan,Home & Kitchen,3,2025-03-17,331.24,CUST00310,India,0,0,993.72
500449,P10012,Storage Organizer,Home & Kitchen,4,2025-08-24,1268.9,CUST00144,India,0,0,5075.6
501932,P10019,Face Serum,Beauty & Personal Care,4,2025-01-20,1312.41,CUST00539,India,0,0,5249.64
502313,P10036,Backpack,Stationery & Office,3,2025-05-31,218.62,CUST00656,India,0,0,655.86
501991,P10006,Smartwatch Band,Electronics,3,2025-07-05,990.13,CUST00555,Germany,0,0,2970.39
500303,P10018,Yoga Pants,Apparel,4,2025-02-17,608.28,CUST00117,United States,0,0,2433.12
501516,P10005,Power Bank 10000mAh,Electronics,4,2025-09-22,1034.93,CUST00429,India,0,0,4139.72
501472,P10034,Sticky Notes Pack,Stationery & Office,5,2026-05-05,147.9,CUST00416,India,0,0,739.5
501232,P10023,Hair Dryer,Beauty & Personal Care,3,2026-01-29,1018.4,CUST00335,India,0,0,3055.2
502837,P10006,Smartwatch Band,Electronics,3,2025-01-12,990.13,CUST00788,India,0,0,2970.39
502729,P10021,Lip Balm Set,Beauty & Personal Care,3,2025-08-03,652.97,CUST00765,India,0,0,1958.91
501778,P10020,Herbal Shampoo,Beauty & Personal Care,1,2026-02-21,1426.26,CUST00490,Germany,0,0,1426.26
500969,P10017,Formal Shirt,Apparel,5,2025-08-13,562.91,CUST00270,India,0,0,2814.55
500108,P10026,Resistance Bands Set,Sports & Outdoors,1,2026-01-02,636.23,CUST00046,United Kingdom,0,0,636.23
503064,P10014,Denim Jacket,Apparel,3,2025-01-15,1048.3,CUST00842,United Kingdom,0,0,3144.9
502710,P10024,Beard Trimmer,Beauty & Personal Care,5,2026-01-07,700.79,,United Kingdom,1,0,3503.95
502017,P10022,Sunscreen SPF50,Beauty & Personal Care,2,2025-08-08,514.51,CUST00561,United States,0,0,1029.02
501476,P10029,Badminton Racket,Sports & Outdoors,2,2026-04-28,274.87,CUST00416,India,0,0,549.74
500692,P10026,Resistance Bands Set,Sports & Outdoors,3,2025-04-27,636.23,,India,1,0,1908.69
502515,P10008,LED Desk Lamp,Home & Kitchen,-4,2025-08-20,1311.15,CUST00713,India,0,1,-5244.6
503013,P10026,Resistance Bands Set,Sports & Outdoors,2,2025-11-30,636.23,CUST00833,India,0,0,1272.46
502776,P10035,Whiteboard Marker Set,Stationery & Office,4,2026-05-06,808.92,CUST00779,United States,0,0,3235.68
502570,P10030,Cycling Gloves,Sports & Outdoors,2,2025-03-19,820.52,CUST00731,India,0,0,1641.04
500022,P10008,LED Desk Lamp,Home & Kitchen,2,2026-01-17,1311.15,CUST00010,United States,0,0,2622.3
502088,P10030,Cycling Gloves,Sports & Outdoors,5,2025-08-05,820.52,CUST00579,India,0,0,4102.6
500863,P10015,Running Shoes,Apparel,3,2025-03-02,980.3,CUST00235,India,0,0,2940.9
500626,P10019,Face Serum,Beauty & Personal Care,4,2026-04-16,1312.41,CUST00189,India,0,0,5249.64
502024,P10009,Cotton Bedsheet Set,Home & Kitchen,4,2026-04-09,1519.89,CUST00562,India,0,0,6079.56
501093,P10015,Running Shoes,Apparel,1,2025-02-04,980.3,CUST00305,United States,0,0,980.3
502653,P10020,Herbal Shampoo,Beauty & Personal Care,4,2025-07-28,1426.26,CUST00753,United Kingdom,0,0,5705.04
501268,P10011,Ceramic Mug Set,Home & Kitchen,1,2025-08-31,1993.94,CUST00343,India,0,0,1993.94
501303,P10035,Whiteboard Marker Set,Stationery & Office,4,2025-04-28,808.92,CUST00353,United Kingdom,0,0,3235.68
503090,P10024,Beard Trimmer,Beauty & Personal Care,4,2025-01-09,700.79,CUST00843,India,0,0,2803.16
502763,P10006,Smartwatch Band,Electronics,5,2025-05-24,990.13,CUST00779,United States,0,0,4950.65
500077,P10018,Yoga Pants,Apparel,5,2025-05-07,608.28,CUST00034,Uae,0,0,3041.4
500641,P10017,Formal Shirt,Apparel,2,2025-07-26,562.91,CUST00189,India,0,0,1125.82
500720,P10027,Water Bottle Sipper,Sports & Outdoors,5,2026-01-17,2203.72,CUST00203,India,0,0,11018.6
501724,P10015,Running Shoes,Apparel,5,2025-10-12,980.3,CUST00475,India,0,0,4901.5
501578,P10011,Ceramic Mug Set,Home & Kitchen,4,2025-01-13,1993.94,CUST00448,United States,0,0,7975.76
502393,P10033,Desk Organizer,Stationery & Office,5,2025-10-28,67.73,CUST00679,Singapore,0,0,338.65
502400,P10008,LED Desk Lamp,Home & Kitchen,3,2025-11-08,1311.15,CUST00684,United Kingdom,0,0,3933.45
500048,P10017,Formal Shirt,Apparel,1,2025-11-07,562.91,CUST00021,United Kingdom,0,0,562.91
501292,P10009,Cotton Bedsheet Set,Home & Kitchen,1,2025-09-21,1519.89,CUST00350,United Kingdom,0,0,1519.89
500875,P10003,Phone Case,Electronics,4,2026-02-09,1049.71,CUST00236,United States,0,0,4198.84
500600,P10007,Non-Stick Pan,Home & Kitchen,5,2025-02-26,331.24,CUST00177,United Kingdom,0,0,1656.2
502276,P10007,Non-Stick Pan,Home & Kitchen,5,2025-09-14,331.24,CUST00636,India,0,0,1656.2
500893,P10022,Sunscreen SPF50,Beauty & Personal Care,1,2025-06-20,514.51,CUST00243,Uae,0,0,514.51
501815,P10002,Bluetooth Speaker,Electronics,2,2026-05-26,2723.88,CUST00503,India,0,0,5447.76
501376,P10024,Beard Trimmer,Beauty & Personal Care,2,2025-04-17,700.79,CUST00378,India,0,0,1401.58
502900,P10032,Gel Pen Pack,Stationery & Office,-1,2025-05-04,687.3,,United States,1,1,-687.3
500575,P10014,Denim Jacket,Apparel,5,2025-04-10,1048.3,CUST00176,India,0,0,5241.5
502776,P10018,Yoga Pants,Apparel,5,2026-05-06,608.28,CUST00779,United States,0,0,3041.4
503053,P10001,Wireless Earbuds,Electronics,4,2026-02-05,606.94,CUST00842,United Kingdom,0,0,2427.76
502644,P10031,Notebook Set,Stationery & Office,5,2025-06-19,268.52,CUST00749,Uae,0,0,1342.6
501469,P10013,Cotton T-Shirt,Apparel,1,2025-12-29,1190.46,CUST00416,India,0,0,1190.46
500366,P10005,Power Bank 10000mAh,Electronics,4,2025-05-23,1034.93,CUST00127,United States,0,0,4139.72
501015,P10012,Storage Organizer,Home & Kitchen,4,2025-12-19,1268.9,CUST00286,India,0,0,5075.6
500802,P10016,Wool Sweater,Apparel,2,2025-01-17,1250.39,CUST00219,United Kingdom,0,0,2500.78
500633,P10032,Gel Pen Pack,Stationery & Office,3,2025-03-06,687.3,CUST00189,India,0,0,2061.9
501379,P10010,Insulated Water Bottle,Home & Kitchen,1,2025-02-19,396.84,CUST00381,India,0,0,396.84
502607,P10009,Cotton Bedsheet Set,Home & Kitchen,4,2025-09-25,1519.89,CUST00737,India,0,0,6079.56
502576,P10029,Badminton Racket,Sports & Outdoors,1,2025-06-15,274.87,CUST00731,India,0,0,274.87
500008,P10027,Water Bottle Sipper,Sports & Outdoors,3,2025-11-14,2203.72,CUST00005,India,0,0,6611.16
502135,P10027,Water Bottle Sipper,Sports & Outdoors,1,2026-02-05,2203.72,CUST00581,India,0,0,2203.72
500668,P10004,USB-C Cable,Electronics,1,2026-03-14,3182.97,CUST00198,Germany,0,0,3182.97
502406,P10016,Wool Sweater,Apparel,5,2026-01-06,1250.39,CUST00687,United Kingdom,0,0,6251.95
501784,P10007,Non-Stick Pan,Home & Kitchen,5,2026-03-20,331.24,CUST00493,India,0,0,1656.2
500879,P10019,Face Serum,Beauty & Personal Care,5,2026-04-01,1312.41,CUST00237,India,0,0,6562.05
501936,P10029,Badminton Racket,Sports & Outdoors,5,2025-03-18,274.87,CUST00540,India,0,0,1374.35
502209,P10017,Formal Shirt,Apparel,3,2026-05-23,562.91,CUST00614,India,0,0,1688.73
500054,P10003,Phone Case,Electronics,2,2026-02-17,1049.71,CUST00025,India,0,0,2099.42
501926,P10022,Sunscreen SPF50,Beauty & Personal Care,2,2026-01-28,514.51,CUST00539,India,0,0,1029.02
501822,P10005,Power Bank 10000mAh,Electronics,3,2025-07-16,1034.93,CUST00503,India,0,0,3104.79
502450,P10005,Power Bank 10000mAh,Electronics,2,2025-10-20,1034.93,CUST00699,India,0,0,2069.86
500092,P10021,Lip Balm Set,Beauty & Personal Care,4,2025-11-17,652.97,CUST00037,India,0,0,2611.88
500609,P10004,USB-C Cable,Electronics,1,2025-11-14,3182.97,CUST00184,Germany,0,0,3182.97
501332,P10034,Sticky Notes Pack,Stationery & Office,2,2025-02-28,147.9,CUST00358,United Kingdom,0,0,295.8
502328,P10027,Water Bottle Sipper,Sports & Outdoors,1,2025-02-04,2203.72,CUST00659,United Kingdom,0,0,2203.72
500991,P10001,Wireless Earbuds,Electronics,1,2026-02-22,606.94,CUST00278,United Kingdom,0,0,606.94
500395,P10024,Beard Trimmer,Beauty & Personal Care,2,2026-01-21,700.79,CUST00136,India,0,0,1401.58
500795,P10028,Camping Torch,Sports & Outdoors,1,2025-05-25,2043.99,CUST00219,United Kingdom,0,0,2043.99
500265,P10034,Sticky Notes Pack,Stationery & Office,4,2026-06-06,147.9,CUST00105,Uae,0,0,591.6
502936,P10002,Bluetooth Speaker,Electronics,2,2026-06-17,2723.88,CUST00815,Germany,0,0,5447.76
500206,P10036,Backpack,Stationery & Office,3,2025-11-25,218.62,CUST00078,India,0,0,655.86
502643,P10009,Cotton Bedsheet Set,Home & Kitchen,2,2026-04-19,1519.89,CUST00749,Uae,0,0,3039.78
502861,P10016,Wool Sweater,Apparel,2,2025-11-11,1250.39,CUST00796,Germany,0,0,2500.78
500235,P10024,Beard Trimmer,Beauty & Personal Care,3,2025-07-15,700.79,CUST00091,India,0,0,2102.37
501294,P10022,Sunscreen SPF50,Beauty & Personal Care,5,2026-01-12,514.51,CUST00351,India,0,0,2572.55
502111,P10012,Storage Organizer,Home & Kitchen,-4,2025-03-29,1268.9,CUST00579,India,0,1,-5075.6
501960,P10001,Wireless Earbuds,Electronics,5,2026-06-22,606.94,CUST00542,United Kingdom,0,0,3034.7
501251,P10026,Resistance Bands Set,Sports & Outdoors,-5,2026-06-20,636.23,CUST00340,India,0,1,-3181.15
501439,P10030,Cycling Gloves,Sports & Outdoors,5,2025-05-09,820.52,CUST00397,Germany,0,0,4102.6
500025,P10036,Backpack,Stationery & Office,4,2025-10-23,218.62,CUST00012,Singapore,0,0,874.48
501025,P10012,Storage Organizer,Home & Kitchen,4,2025-11-26,1268.9,CUST00286,India,0,0,5075.6
502449,P10030,Cycling Gloves,Sports & Outdoors,3,2025-08-03,820.52,CUST00699,India,0,0,2461.56
502509,P10009,Cotton Bedsheet Set,Home & Kitchen,3,2025-05-27,1519.89,CUST00709,India,0,0,4559.67
501251,P10013,Cotton T-Shirt,Apparel,2,2026-06-20,1190.46,CUST00340,India,0,0,2380.92
500535,P10005,Power Bank 10000mAh,Electronics,5,2026-01-21,1034.93,CUST00169,India,0,0,5174.65
502628,P10005,Power Bank 10000mAh,Electronics,5,2025-11-24,1034.93,CUST00743,United States,0,0,5174.65
501642,P10026,Resistance Bands Set,Sports & Outdoors,5,2025-06-05,636.23,CUST00456,India,0,0,3181.15
501625,P10010,Insulated Water Bottle,Home & Kitchen,1,2026-01-14,396.84,CUST00449,India,0,0,396.84
502154,P10031,Notebook Set,Stationery & Office,1,2025-04-25,268.52,,United Kingdom,1,0,268.52
500139,P10024,Beard Trimmer,Beauty & Personal Care,2,2025-03-08,700.79,CUST00050,India,0,0,1401.58
500400,P10027,Water Bottle Sipper,Sports & Outdoors,1,2026-05-28,2203.72,CUST00137,India,0,0,2203.72
502818,P10033,Desk Organizer,Stationery & Office,3,2026-01-27,67.73,CUST00783,India,0,0,203.19
501628,P10003,Phone Case,Electronics,2,2025-02-19,1049.71,CUST00449,India,0,0,2099.42
502935,P10004,USB-C Cable,Electronics,3,2026-03-06,3182.97,CUST00815,Germany,0,0,9548.91
502587,P10023,Hair Dryer,Beauty & Personal Care,4,2025-07-13,1018.4,CUST00731,India,0,0,4073.6
502169,P10031,Notebook Set,Stationery & Office,4,2025-11-03,268.52,CUST00591,India,0,0,1074.08
500387,P10021,Lip Balm Set,Beauty & Personal Care,2,2025-02-15,652.97,CUST00133,India,0,0,1305.94
502496,P10001,Wireless Earbuds,Electronics,2,2025-02-01,606.94,CUST00706,Singapore,0,0,1213.88
500696,P10013,Cotton T-Shirt,Apparel,1,2025-10-09,1190.46,CUST00203,India,0,0,1190.46
500761,P10010,Insulated Water Bottle,Home & Kitchen,1,2026-03-22,396.84,CUST00216,India,0,0,396.84
501426,P10004,USB-C Cable,Electronics,2,2025-02-11,3182.97,CUST00392,India,0,0,6365.94
502667,P10013,Cotton T-Shirt,Apparel,2,2025-08-06,1190.46,CUST00753,United Kingdom,0,0,2380.92
501840,P10032,Gel Pen Pack,Stationery & Office,4,2026-02-06,687.3,CUST00510,United States,0,0,2749.2
501988,P10029,Badminton Racket,Sports & Outdoors,2,2025-10-15,274.87,CUST00554,United Kingdom,0,0,549.74
500344,P10002,Bluetooth Speaker,Electronics,1,2026-03-24,2723.88,CUST00126,India,0,0,2723.88
503020,P10001,Wireless Earbuds,Electronics,2,2025-09-10,606.94,CUST00833,India,0,0,1213.88
500090,P10012,Storage Organizer,Home & Kitchen,1,2025-11-21,1268.9,CUST00037,India,0,0,1268.9
500973,P10021,Lip Balm Set,Beauty & Personal Care,1,2026-02-19,652.97,CUST00272,United States,0,0,652.97
501344,P10027,Water Bottle Sipper,Sports & Outdoors,1,2025-06-07,2203.72,CUST00363,India,0,0,2203.72
501739,P10009,Cotton Bedsheet Set,Home & Kitchen,3,2026-02-26,1519.89,CUST00481,United Kingdom,0,0,4559.67
500263,P10016,Wool Sweater,Apparel,1,2025-06-20,1250.39,CUST00105,Uae,0,0,1250.39
502269,P10028,Camping Torch,Sports & Outdoors,3,2025-12-03,2043.99,CUST00634,India,0,0,6131.97
501452,P10035,Whiteboard Marker Set,Stationery & Office,2,2026-03-10,808.92,CUST00408,India,0,0,1617.84
500839,P10030,Cycling Gloves,Sports & Outdoors,5,2025-04-17,820.52,CUST00225,India,0,0,4102.6
502864,P10006,Smartwatch Band,Electronics,2,2026-01-28,990.13,CUST00796,Germany,0,0,1980.26
500354,P10034,Sticky Notes Pack,Stationery & Office,2,2026-02-03,147.9,CUST00126,India,0,0,295.8
500782,P10020,Herbal Shampoo,Beauty & Personal Care,5,2025-09-28,1426.26,CUST00218,United States,0,0,7131.3
500183,P10013,Cotton T-Shirt,Apparel,-2,2026-04-24,1190.46,CUST00066,India,0,1,-2380.92
500859,P10016,Wool Sweater,Apparel,3,2025-01-30,1250.39,CUST00235,India,0,0,3751.17
503103,P10031,Notebook Set,Stationery & Office,3,2025-10-31,268.52,CUST00850,United Kingdom,0,0,805.56
501693,P10036,Backpack,Stationery & Office,2,2025-11-29,218.62,CUST00465,Singapore,0,0,437.24
500218,P10011,Ceramic Mug Set,Home & Kitchen,1,2026-05-20,1993.94,CUST00086,India,0,0,1993.94
502885,P10025,Yoga Mat,Sports & Outdoors,4,2025-08-18,270.08,CUST00801,United States,0,0,1080.32
502153,P10009,Cotton Bedsheet Set,Home & Kitchen,2,2025-02-09,1519.89,CUST00585,United Kingdom,0,0,3039.78
501218,P10022,Sunscreen SPF50,Beauty & Personal Care,4,2025-07-08,514.51,CUST00332,United States,0,0,2058.04
503065,P10020,Herbal Shampoo,Beauty & Personal Care,4,2025-09-24,1426.26,CUST00842,United Kingdom,0,0,5705.04
503017,P10032,Gel Pen Pack,Stationery & Office,1,2026-03-15,687.3,CUST00833,India,0,0,687.3
501239,P10030,Cycling Gloves,Sports & Outdoors,5,2025-09-14,820.52,CUST00338,United States,0,0,4102.6
502891,P10007,Non-Stick Pan,Home & Kitchen,2,2026-05-06,331.24,CUST00802,India,0,0,662.48
501340,P10009,Cotton Bedsheet Set,Home & Kitchen,5,2025-02-03,1519.89,CUST00361,India,0,0,7599.45
500375,P10031,Notebook Set,Stationery & Office,3,2025-02-21,268.52,CUST00130,India,0,0,805.56
502690,P10016,Wool Sweater,Apparel,5,2025-10-03,1250.39,CUST00753,United Kingdom,0,0,6251.95
501079,P10017,Formal Shirt,Apparel,1,2025-02-19,562.91,CUST00300,India,0,0,562.91
501202,P10004,USB-C Cable,Electronics,5,2026-02-21,3182.97,CUST00324,India,0,0,15914.85
500159,P10014,Denim Jacket,Apparel,5,2025-05-11,1048.3,CUST00058,India,0,0,5241.5
500771,P10017,Formal Shirt,Apparel,1,2025-08-18,562.91,CUST00217,India,0,0,562.91
502509,P10031,Notebook Set,Stationery & Office,3,2025-05-27,268.52,CUST00709,India,0,0,805.56
501962,P10026,Resistance Bands Set,Sports & Outdoors,4,2026-02-28,636.23,CUST00542,United Kingdom,0,0,2544.92
500974,P10031,Notebook Set,Stationery & Office,3,2025-06-20,268.52,CUST00272,United States,0,0,805.56
501194,P10035,Whiteboard Marker Set,Stationery & Office,4,2025-11-22,808.92,CUST00324,India,0,0,3235.68
501727,P10005,Power Bank 10000mAh,Electronics,3,2025-08-05,1034.93,CUST00475,India,0,0,3104.79
501500,P10008,LED Desk Lamp,Home & Kitchen,3,2025-03-15,1311.15,CUST00424,India,0,0,3933.45
502511,P10026,Resistance Bands Set,Sports & Outdoors,5,2025-08-29,636.23,CUST00710,United Kingdom,0,0,3181.15
502133,P10018,Yoga Pants,Apparel,3,2025-03-29,608.28,CUST00581,India,0,0,1824.84
501067,P10021,Lip Balm Set,Beauty & Personal Care,2,2025-06-19,652.97,CUST00298,India,0,0,1305.94
501914,P10006,Smartwatch Band,Electronics,5,2025-08-12,990.13,CUST00539,India,0,0,4950.65
502699,P10015,Running Shoes,Apparel,5,2025-10-29,980.3,CUST00754,India,0,0,4901.5
502181,P10023,Hair Dryer,Beauty & Personal Care,5,2025-08-10,1018.4,CUST00595,Germany,0,0,5092.0
501668,P10002,Bluetooth Speaker,Electronics,3,2025-08-09,2723.88,CUST00463,United States,0,0,8171.64
500914,P10018,Yoga Pants,Apparel,5,2026-05-19,608.28,CUST00253,Germany,0,0,3041.4
502391,P10028,Camping Torch,Sports & Outdoors,4,2025-05-04,2043.99,CUST00679,Singapore,0,0,8175.96
501144,P10012,Storage Organizer,Home & Kitchen,4,2025-10-12,1268.9,CUST00315,Germany,0,0,5075.6
502705,P10011,Ceramic Mug Set,Home & Kitchen,3,2026-06-06,1993.94,CUST00756,United States,0,0,5981.82
500905,P10035,Whiteboard Marker Set,Stationery & Office,3,2025-03-19,808.92,CUST00250,Germany,0,0,2426.76
500333,P10028,Camping Torch,Sports & Outdoors,3,2026-06-27,2043.99,CUST00126,India,0,0,6131.97
502954,P10007,Non-Stick Pan,Home & Kitchen,1,2025-12-10,331.24,CUST00827,India,0,0,331.24
502082,P10023,Hair Dryer,Beauty & Personal Care,2,2025-08-21,1018.4,CUST00579,India,0,0,2036.8
500668,P10010,Insulated Water Bottle,Home & Kitchen,4,2026-03-14,396.84,CUST00198,Germany,0,0,1587.36
501735,P10011,Ceramic Mug Set,Home & Kitchen,1,2025-06-17,1993.94,CUST00479,Singapore,0,0,1993.94
502108,P10021,Lip Balm Set,Beauty & Personal Care,5,2025-02-11,652.97,CUST00579,India,0,0,3264.85
501811,P10025,Yoga Mat,Sports & Outdoors,1,2026-01-13,270.08,CUST00501,United Kingdom,0,0,270.08
500763,P10022,Sunscreen SPF50,Beauty & Personal Care,3,2025-02-01,514.51,CUST00216,India,0,0,1543.53
500627,P10020,Herbal Shampoo,Beauty & Personal Care,2,2026-02-17,1426.26,CUST00189,India,0,0,2852.52
501178,P10031,Notebook Set,Stationery & Office,1,2026-04-26,268.52,CUST00324,India,0,0,268.52
502917,P10010,Insulated Water Bottle,Home & Kitchen,2,2025-01-26,396.84,CUST00813,India,0,0,793.68
501347,P10029,Badminton Racket,Sports & Outdoors,3,2025-07-18,274.87,CUST00363,India,0,0,824.61
500049,P10024,Beard Trimmer,Beauty & Personal Care,1,2025-11-22,700.79,CUST00021,United Kingdom,0,0,700.79
501044,P10018,Yoga Pants,Apparel,4,2025-06-25,608.28,CUST00293,Germany,0,0,2433.12
500466,P10011,Ceramic Mug Set,Home & Kitchen,4,2025-11-12,1993.94,CUST00155,Singapore,0,0,7975.76
500064,P10007,Non-Stick Pan,Home & Kitchen,3,2026-01-31,331.24,CUST00032,India,0,0,993.72
500482,P10014,Denim Jacket,Apparel,1,2025-08-10,1048.3,CUST00161,India,0,0,1048.3
502324,P10031,Notebook Set,Stationery & Office,4,2026-01-12,268.52,CUST00659,United Kingdom,0,0,1074.08
501893,P10009,Cotton Bedsheet Set,Home & Kitchen,4,2026-04-28,1519.89,CUST00533,Singapore,0,0,6079.56
501633,P10017,Formal Shirt,Apparel,5,2026-01-04,562.91,CUST00450,India,0,0,2814.55
500725,P10006,Smartwatch Band,Electronics,5,2026-06-04,990.13,CUST00203,India,0,0,4950.65
502397,P10028,Camping Torch,Sports & Outdoors,1,2026-03-15,2043.99,CUST00682,India,0,0,2043.99
500310,P10027,Water Bottle Sipper,Sports & Outdoors,5,2025-09-17,2203.72,CUST00119,Germany,0,0,11018.6
502583,P10008,LED Desk Lamp,Home & Kitchen,2,2026-03-22,1311.15,CUST00731,India,0,0,2622.3
501390,P10028,Camping Torch,Sports & Outdoors,3,2025-04-26,2043.99,CUST00386,United States,0,0,6131.97
501726,P10034,Sticky Notes Pack,Stationery & Office,4,2025-04-05,147.9,CUST00475,India,0,0,591.6
501293,P10002,Bluetooth Speaker,Electronics,4,2026-02-27,2723.88,CUST00351,India,0,0,10895.52
502758,P10036,Backpack,Stationery & Office,1,2025-07-05,218.62,CUST00777,India,0,0,218.62
502284,P10004,USB-C Cable,Electronics,2,2026-03-04,3182.97,CUST00639,India,0,0,6365.94
502188,P10033,Desk Organizer,Stationery & Office,-2,2025-05-01,67.73,,India,1,1,-135.46
503078,P10026,Resistance Bands Set,Sports & Outdoors,4,2025-04-03,636.23,CUST00842,United Kingdom,0,0,2544.92
500982,P10015,Running Shoes,Apparel,1,2025-08-28,980.3,CUST00273,Germany,0,0,980.3
501332,P10027,Water Bottle Sipper,Sports & Outdoors,4,2025-02-28,2203.72,CUST00358,United Kingdom,0,0,8814.88
500342,P10008,LED Desk Lamp,Home & Kitchen,1,2025-09-09,1311.15,CUST00126,India,0,0,1311.15
500890,P10034,Sticky Notes Pack,Stationery & Office,5,2026-06-29,147.9,CUST00240,India,0,0,739.5
501335,P10031,Notebook Set,Stationery & Office,1,2025-02-11,268.52,CUST00359,Uae,0,0,268.52
500351,P10008,LED Desk Lamp,Home & Kitchen,1,2025-06-01,1311.15,CUST00126,India,0,0,1311.15
501100,P10032,Gel Pen Pack,Stationery & Office,4,2025-03-17,687.3,CUST00310,India,0,0,2749.2
502618,P10004,USB-C Cable,Electronics,1,2025-12-19,3182.97,CUST00738,United States,0,0,3182.97
502981,P10010,Insulated Water Bottle,Home & Kitchen,4,2025-09-17,396.84,CUST00830,India,0,0,1587.36
500260,P10019,Face Serum,Beauty & Personal Care,4,2025-10-19,1312.41,CUST00104,India,0,0,5249.64
502159,P10006,Smartwatch Band,Electronics,1,2026-05-04,990.13,CUST00587,India,0,0,990.13
500581,P10003,Phone Case,Electronics,1,2025-08-04,1049.71,CUST00176,India,0,0,1049.71
502259,P10031,Notebook Set,Stationery & Office,1,2025-02-23,268.52,CUST00632,Germany,0,0,268.52
500134,P10013,Cotton T-Shirt,Apparel,1,2025-03-23,1190.46,CUST00047,India,0,0,1190.46
503075,P10036,Backpack,Stationery & Office,1,2025-03-15,218.62,CUST00842,United Kingdom,0,0,218.62
501232,P10017,Formal Shirt,Apparel,3,2026-01-29,562.91,CUST00335,India,0,0,1688.73
500280,P10001,Wireless Earbuds,Electronics,1,2025-02-12,606.94,CUST00111,India,0,0,606.94
500454,P10006,Smartwatch Band,Electronics,4,2025-10-16,990.13,CUST00148,India,0,0,3960.52
500947,P10026,Resistance Bands Set,Sports & Outdoors,3,2026-01-22,636.23,CUST00264,India,0,0,1908.69
502514,P10001,Wireless Earbuds,Electronics,1,2025-02-01,606.94,CUST00712,United Kingdom,0,0,606.94
502041,P10006,Smartwatch Band,Electronics,1,2025-12-25,990.13,CUST00566,United Kingdom,0,0,990.13
500774,P10006,Smartwatch Band,Electronics,3,2025-04-26,990.13,,India,1,0,2970.39
502168,P10029,Badminton Racket,Sports & Outdoors,3,2025-12-05,274.87,CUST00591,India,0,0,824.61
502978,P10022,Sunscreen SPF50,Beauty & Personal Care,5,2025-03-08,514.51,CUST00830,India,0,0,2572.55
500289,P10021,Lip Balm Set,Beauty & Personal Care,2,2026-05-24,652.97,CUST00113,Uae,0,0,1305.94
502374,P10024,Beard Trimmer,Beauty & Personal Care,3,2026-03-17,700.79,CUST00673,India,0,0,2102.37
501262,P10012,Storage Organizer,Home & Kitchen,3,2025-08-09,1268.9,CUST00343,India,0,0,3806.7
501824,P10029,Badminton Racket,Sports & Outdoors,4,2026-03-09,274.87,,India,1,0,1099.48
501673,P10020,Herbal Shampoo,Beauty & Personal Care,1,2025-11-18,1426.26,CUST00463,United States,0,0,1426.26
502577,P10016,Wool Sweater,Apparel,5,2026-01-07,1250.39,CUST00731,India,0,0,6251.95
501247,P10031,Notebook Set,Stationery & Office,4,2026-03-26,268.52,CUST00338,United States,0,0,1074.08
501627,P10012,Storage Organizer,Home & Kitchen,3,2026-03-07,1268.9,CUST00449,India,0,0,3806.7
500696,P10021,Lip Balm Set,Beauty & Personal Care,1,2025-10-09,652.97,CUST00203,India,0,0,652.97
501173,P10033,Desk Organizer,Stationery & Office,5,2026-03-28,67.73,CUST00324,India,0,0,338.65
501688,P10032,Gel Pen Pack,Stationery & Office,3,2026-06-10,687.3,CUST00464,United Kingdom,0,0,2061.9
502229,P10027,Water Bottle Sipper,Sports & Outdoors,5,2025-05-23,2203.72,CUST00624,India,0,0,11018.6
500859,P10030,Cycling Gloves,Sports & Outdoors,4,2025-01-30,820.52,CUST00235,India,0,0,3282.08
501119,P10019,Face Serum,Beauty & Personal Care,4,2026-06-24,1312.41,CUST00311,India,0,0,5249.64
502559,P10035,Whiteboard Marker Set,Stationery & Office,1,2025-08-24,808.92,CUST00731,India,0,0,808.92
501580,P10035,Whiteboard Marker Set,Stationery & Office,1,2025-11-29,808.92,CUST00448,United States,0,0,808.92
500426,P10016,Wool Sweater,Apparel,2,2026-01-22,1250.39,CUST00139,India,0,0,2500.78
501685,P10024,Beard Trimmer,Beauty & Personal Care,1,2025-07-24,700.79,CUST00463,United States,0,0,700.79
500915,P10015,Running Shoes,Apparel,5,2025-06-07,980.3,CUST00254,India,0,0,4901.5
501616,P10011,Ceramic Mug Set,Home & Kitchen,4,2026-03-27,1993.94,CUST00449,India,0,0,7975.76
500494,P10006,Smartwatch Band,Electronics,3,2026-04-12,990.13,CUST00165,India,0,0,2970.39
500416,P10027,Water Bottle Sipper,Sports & Outdoors,2,2025-09-15,2203.72,CUST00138,United States,0,0,4407.44
500887,P10020,Herbal Shampoo,Beauty & Personal Care,3,2025-06-27,1426.26,CUST00239,United Kingdom,0,0,4278.78
502309,P10026,Resistance Bands Set,Sports & Outdoors,4,2025-11-01,636.23,CUST00654,United States,0,0,2544.92
501172,P10002,Bluetooth Speaker,Electronics,2,2026-06-22,2723.88,CUST00324,India,0,0,5447.76
502049,P10027,Water Bottle Sipper,Sports & Outdoors,2,2025-06-11,2203.72,CUST00568,India,0,0,4407.44
501535,P10018,Yoga Pants,Apparel,5,2025-12-15,608.28,CUST00439,United States,0,0,3041.4
501752,P10006,Smartwatch Band,Electronics,5,2025-07-05,990.13,CUST00485,United Kingdom,0,0,4950.65
502015,P10008,LED Desk Lamp,Home & Kitchen,2,2025-12-04,1311.15,CUST00559,United States,0,0,2622.3
500913,P10028,Camping Torch,Sports & Outdoors,4,2025-05-17,2043.99,CUST00253,Germany,0,0,8175.96
502207,P10024,Beard Trimmer,Beauty & Personal Care,5,2025-12-23,700.79,CUST00613,United Kingdom,0,0,3503.95
500574,P10011,Ceramic Mug Set,Home & Kitchen,2,2025-10-29,1993.94,CUST00176,India,0,0,3987.88
501813,P10028,Camping Torch,Sports & Outdoors,5,2025-03-31,2043.99,CUST00502,India,0,0,10219.95
500483,P10012,Storage Organizer,Home & Kitchen,3,2025-11-05,1268.9,CUST00162,United Kingdom,0,0,3806.7
502945,P10003,Phone Case,Electronics,4,2026-02-12,1049.71,CUST00821,United States,0,0,4198.84
501783,P10018,Yoga Pants,Apparel,3,2026-04-02,608.28,CUST00492,United Kingdom,0,0,1824.84
501311,P10003,Phone Case,Electronics,3,2025-01-20,1049.71,CUST00353,United Kingdom,0,0,3149.13
502021,P10027,Water Bottle Sipper,Sports & Outdoors,4,2026-01-15,2203.72,CUST00562,India,0,0,8814.88
500060,P10006,Smartwatch Band,Electronics,5,2025-09-24,990.13,CUST00029,United Kingdom,0,0,4950.65
501300,P10015,Running Shoes,Apparel,5,2026-01-22,980.3,CUST00353,United Kingdom,0,0,4901.5
500316,P10031,Notebook Set,Stationery & Office,5,2026-03-12,268.52,CUST00121,United States,0,0,1342.6
500073,P10036,Backpack,Stationery & Office,5,2025-12-11,218.62,CUST00032,India,0,0,1093.1
501732,P10017,Formal Shirt,Apparel,5,2025-09-29,562.91,CUST00478,United Kingdom,0,0,2814.55
501493,P10025,Yoga Mat,Sports & Outdoors,4,2025-05-22,270.08,CUST00422,United States,0,0,1080.32
501889,P10027,Water Bottle Sipper,Sports & Outdoors,2,2025-09-09,2203.72,CUST00530,Germany,0,0,4407.44
500525,P10019,Face Serum,Beauty & Personal Care,1,2026-02-10,1312.41,CUST00169,India,0,0,1312.41
501388,P10004,USB-C Cable,Electronics,5,2026-05-31,3182.97,CUST00386,United States,0,0,15914.85
501118,P10032,Gel Pen Pack,Stationery & Office,2,2025-07-22,687.3,CUST00311,India,0,0,1374.6
502121,P10027,Water Bottle Sipper,Sports & Outdoors,5,2025-11-14,2203.72,CUST00580,India,0,0,11018.6
500164,P10017,Formal Shirt,Apparel,4,2025-10-12,562.91,CUST00061,India,0,0,2251.64
501095,P10012,Storage Organizer,Home & Kitchen,1,2025-03-12,1268.9,CUST00306,Singapore,0,0,1268.9
501603,P10025,Yoga Mat,Sports & Outdoors,4,2026-01-14,270.08,CUST00448,United States,0,0,1080.32
502564,P10004,USB-C Cable,Electronics,1,2025-05-04,3182.97,CUST00731,India,0,0,3182.97
501906,P10034,Sticky Notes Pack,Stationery & Office,1,2025-07-08,147.9,CUST00537,Germany,0,0,147.9
500202,P10009,Cotton Bedsheet Set,Home & Kitchen,4,2025-09-26,1519.89,CUST00075,United States,0,0,6079.56
500669,P10025,Yoga Mat,Sports & Outdoors,4,2025-03-26,270.08,CUST00198,Germany,0,0,1080.32
502831,P10019,Face Serum,Beauty & Personal Care,3,2025-09-23,1312.41,CUST00787,United Kingdom,0,0,3937.23
502464,P10018,Yoga Pants,Apparel,5,2025-10-09,608.28,CUST00704,India,0,0,3041.4
501558,P10010,Insulated Water Bottle,Home & Kitchen,2,2025-12-24,396.84,CUST00442,Singapore,0,0,793.68
502203,P10006,Smartwatch Band,Electronics,3,2025-10-04,990.13,CUST00610,United Kingdom,0,0,2970.39
502474,P10027,Water Bottle Sipper,Sports & Outdoors,4,2025-07-07,2203.72,CUST00706,Singapore,0,0,8814.88
500277,P10003,Phone Case,Electronics,2,2025-11-07,1049.71,CUST00111,India,0,0,2099.42
500258,P10032,Gel Pen Pack,Stationery & Office,5,2025-12-19,687.3,CUST00104,India,0,0,3436.5
500224,P10020,Herbal Shampoo,Beauty & Personal Care,3,2025-04-29,1426.26,CUST00086,India,0,0,4278.78
500420,P10009,Cotton Bedsheet Set,Home & Kitchen,5,2026-03-27,1519.89,CUST00138,United States,0,0,7599.45
501665,P10010,Insulated Water Bottle,Home & Kitchen,-1,2025-04-25,396.84,CUST00463,United States,0,1,-396.84
501673,P10008,LED Desk Lamp,Home & Kitchen,4,2025-11-18,1311.15,CUST00463,United States,0,0,5244.6
501957,P10036,Backpack,Stationery & Office,5,2025-06-11,218.62,CUST00542,United Kingdom,0,0,1093.1
500131,P10023,Hair Dryer,Beauty & Personal Care,3,2025-08-14,1018.4,CUST00047,India,0,0,3055.2
502100,P10018,Yoga Pants,Apparel,2,2025-03-01,608.28,CUST00579,India,0,0,1216.56
501627,P10020,Herbal Shampoo,Beauty & Personal Care,5,2026-03-07,1426.26,CUST00449,India,0,0,7131.3
500531,P10005,Power Bank 10000mAh,Electronics,1,2025-09-15,1034.93,CUST00169,India,0,0,1034.93
501337,P10033,Desk Organizer,Stationery & Office,2,2025-03-18,67.73,,Uae,1,0,135.46
501154,P10011,Ceramic Mug Set,Home & Kitchen,-4,2025-02-17,1993.94,CUST00320,India,0,1,-7975.76
500414,P10030,Cycling Gloves,Sports & Outdoors,3,2026-01-24,820.52,CUST00138,United States,0,0,2461.56
502012,P10023,Hair Dryer,Beauty & Personal Care,-3,2026-02-04,1018.4,CUST00559,United States,0,1,-3055.2
501038,P10010,Insulated Water Bottle,Home & Kitchen,3,2026-01-28,396.84,CUST00291,India,0,0,1190.52
503048,P10002,Bluetooth Speaker,Electronics,2,2026-04-11,2723.88,CUST00842,United Kingdom,0,0,5447.76
500302,P10033,Desk Organizer,Stationery & Office,5,2025-01-24,67.73,CUST00117,United States,0,0,338.65
500253,P10022,Sunscreen SPF50,Beauty & Personal Care,2,2025-10-02,514.51,CUST00101,India,0,0,1029.02
502363,P10001,Wireless Earbuds,Electronics,1,2025-05-10,606.94,CUST00668,India,0,0,606.94
501731,P10010,Insulated Water Bottle,Home & Kitchen,5,2025-02-14,396.84,CUST00478,United Kingdom,0,0,1984.2
500185,P10033,Desk Organizer,Stationery & Office,3,2025-11-03,67.73,CUST00068,United States,0,0,203.19
503029,P10002,Bluetooth Speaker,Electronics,3,2025-11-13,2723.88,CUST00833,India,0,0,8171.64
502229,P10031,Notebook Set,Stationery & Office,5,2025-05-23,268.52,CUST00624,India,0,0,1342.6
502044,P10024,Beard Trimmer,Beauty & Personal Care,3,2025-05-19,700.79,CUST00567,India,0,0,2102.37
502520,P10004,USB-C Cable,Electronics,5,2025-04-05,3182.97,CUST00714,India,0,0,15914.85
500128,P10005,Power Bank 10000mAh,Electronics,5,2025-04-26,1034.93,CUST00047,India,0,0,5174.65
502360,P10030,Cycling Gloves,Sports & Outdoors,2,2025-11-28,820.52,CUST00668,India,0,0,1641.04
502269,P10029,Badminton Racket,Sports & Outdoors,3,2025-12-03,274.87,CUST00634,India,0,0,824.61
502403,P10013,Cotton T-Shirt,Apparel,5,2026-04-06,1190.46,CUST00686,United Kingdom,0,0,5952.3
501346,P10018,Yoga Pants,Apparel,2,2026-04-28,608.28,CUST00363,India,0,0,1216.56
500717,P10034,Sticky Notes Pack,Stationery & Office,5,2025-08-03,147.9,CUST00203,India,0,0,739.5
501572,P10020,Herbal Shampoo,Beauty & Personal Care,3,2025-02-27,1426.26,CUST00448,United States,0,0,4278.78
500984,P10036,Backpack,Stationery & Office,2,2025-05-27,218.62,CUST00275,India,0,0,437.24
502665,P10012,Storage Organizer,Home & Kitchen,-3,2025-08-04,1268.9,CUST00753,United Kingdom,0,1,-3806.7
500441,P10007,Non-Stick Pan,Home & Kitchen,2,2025-10-17,331.24,CUST00142,India,0,0,662.48
501699,P10012,Storage Organizer,Home & Kitchen,5,2026-03-15,1268.9,CUST00468,Germany,0,0,6344.5
500939,P10028,Camping Torch,Sports & Outdoors,2,2025-03-08,2043.99,CUST00262,Singapore,0,0,4087.98
500830,P10014,Denim Jacket,Apparel,-1,2025-10-26,1048.3,CUST00221,United Kingdom,0,1,-1048.3
501799,P10019,Face Serum,Beauty & Personal Care,2,2025-07-13,1312.41,CUST00497,United Kingdom,0,0,2624.82
500664,P10012,Storage Organizer,Home & Kitchen,5,2025-05-15,1268.9,CUST00195,India,0,0,6344.5
500696,P10018,Yoga Pants,Apparel,3,2025-10-09,608.28,CUST00203,India,0,0,1824.84
501353,P10012,Storage Organizer,Home & Kitchen,1,2026-05-24,1268.9,CUST00365,Uae,0,0,1268.9
501111,P10006,Smartwatch Band,Electronics,4,2025-09-07,990.13,CUST00311,India,0,0,3960.52
503056,P10030,Cycling Gloves,Sports & Outdoors,2,2025-03-30,820.52,CUST00842,United Kingdom,0,0,1641.04
501879,P10009,Cotton Bedsheet Set,Home & Kitchen,5,2026-06-18,1519.89,CUST00529,India,0,0,7599.45
502048,P10003,Phone Case,Electronics,1,2025-02-04,1049.71,CUST00567,India,0,0,1049.71
501769,P10021,Lip Balm Set,Beauty & Personal Care,5,2026-05-13,652.97,CUST00487,India,0,0,3264.85
500565,P10029,Badminton Racket,Sports & Outdoors,2,2025-11-01,274.87,CUST00174,India,0,0,549.74
500495,P10012,Storage Organizer,Home & Kitchen,4,2025-06-06,1268.9,CUST00165,India,0,0,5075.6
501953,P10010,Insulated Water Bottle,Home & Kitchen,5,2025-08-17,396.84,CUST00542,United Kingdom,0,0,1984.2
502142,P10032,Gel Pen Pack,Stationery & Office,4,2025-05-03,687.3,CUST00582,Singapore,0,0,2749.2
500372,P10026,Resistance Bands Set,Sports & Outdoors,2,2025-09-02,636.23,CUST00130,India,0,0,1272.46
500814,P10007,Non-Stick Pan,Home & Kitchen,1,2025-02-04,331.24,CUST00219,United Kingdom,0,0,331.24
500016,P10026,Resistance Bands Set,Sports & Outdoors,5,2025-04-06,636.23,CUST00007,India,0,0,3181.15
500639,P10031,Notebook Set,Stationery & Office,1,2025-11-14,268.52,CUST00189,India,0,0,268.52
502864,P10026,Resistance Bands Set,Sports & Outdoors,3,2026-01-28,636.23,CUST00796,Germany,0,0,1908.69
502459,P10005,Power Bank 10000mAh,Electronics,3,2025-11-07,1034.93,CUST00701,India,0,0,3104.79
501538,P10029,Badminton Racket,Sports & Outdoors,5,2025-08-19,274.87,CUST00439,United States,0,0,1374.35
502110,P10028,Camping Torch,Sports & Outdoors,4,2025-03-15,2043.99,CUST00579,India,0,0,8175.96
502254,P10004,USB-C Cable,Electronics,3,2025-12-27,3182.97,CUST00632,Germany,0,0,9548.91
502335,P10007,Non-Stick Pan,Home & Kitchen,2,2025-12-29,331.24,CUST00661,India,0,0,662.48
500518,P10011,Ceramic Mug Set,Home & Kitchen,3,2025-07-06,1993.94,CUST00169,India,0,0,5981.82
501656,P10022,Sunscreen SPF50,Beauty & Personal Care,2,2025-01-30,514.51,CUST00461,India,0,0,1029.02
501805,P10001,Wireless Earbuds,Electronics,4,2025-09-14,606.94,CUST00498,India,0,0,2427.76
500500,P10010,Insulated Water Bottle,Home & Kitchen,2,2025-06-14,396.84,CUST00167,India,0,0,793.68
501582,P10010,Insulated Water Bottle,Home & Kitchen,4,2025-06-18,396.84,CUST00448,United States,0,0,1587.36
501133,P10005,Power Bank 10000mAh,Electronics,2,2025-09-18,1034.93,CUST00312,India,0,0,2069.86
500060,P10002,Bluetooth Speaker,Electronics,2,2025-09-24,2723.88,CUST00029,United Kingdom,0,0,5447.76
501810,P10018,Yoga Pants,Apparel,2,2025-07-05,608.28,CUST00501,United Kingdom,0,0,1216.56
502604,P10026,Resistance Bands Set,Sports & Outdoors,4,2026-05-27,636.23,CUST00735,India,0,0,2544.92
500952,P10026,Resistance Bands Set,Sports & Outdoors,5,2026-01-11,636.23,CUST00265,Germany,0,0,3181.15
502863,P10017,Formal Shirt,Apparel,3,2025-12-26,562.91,CUST00796,Germany,0,0,1688.73
500540,P10001,Wireless Earbuds,Electronics,2,2026-06-08,606.94,CUST00169,India,0,0,1213.88
500970,P10015,Running Shoes,Apparel,2,2025-11-25,980.3,,United States,1,0,1960.6
502461,P10019,Face Serum,Beauty & Personal Care,2,2026-03-08,1312.41,CUST00702,India,0,0,2624.82
502522,P10007,Non-Stick Pan,Home & Kitchen,5,2026-04-06,331.24,CUST00714,India,0,0,1656.2
500047,P10036,Backpack,Stationery & Office,-3,2026-01-03,218.62,,United Kingdom,1,1,-655.86
501312,P10010,Insulated Water Bottle,Home & Kitchen,1,2025-04-13,396.84,CUST00353,United Kingdom,0,0,396.84
502828,P10013,Cotton T-Shirt,Apparel,4,2025-03-05,1190.46,CUST00786,Uae,0,0,4761.84
501652,P10012,Storage Organizer,Home & Kitchen,2,2025-07-19,1268.9,CUST00459,India,0,0,2537.8
500313,P10008,LED Desk Lamp,Home & Kitchen,1,2025-02-24,1311.15,CUST00120,India,0,0,1311.15
500508,P10016,Wool Sweater,Apparel,1,2025-07-18,1250.39,CUST00167,India,0,0,1250.39
501206,P10018,Yoga Pants,Apparel,3,2026-06-27,608.28,CUST00325,Uae,0,0,1824.84
501023,P10018,Yoga Pants,Apparel,1,2025-09-11,608.28,CUST00286,India,0,0,608.28
501645,P10003,Phone Case,Electronics,1,2026-06-27,1049.71,CUST00457,India,0,0,1049.71
502816,P10024,Beard Trimmer,Beauty & Personal Care,3,2025-08-24,700.79,CUST00782,India,0,0,2102.37
502162,P10027,Water Bottle Sipper,Sports & Outdoors,2,2025-04-19,2203.72,CUST00587,India,0,0,4407.44
502693,P10014,Denim Jacket,Apparel,5,2025-02-20,1048.3,CUST00754,India,0,0,5241.5
500408,P10036,Backpack,Stationery & Office,1,2025-07-16,218.62,CUST00138,United States,0,0,218.62
500436,P10023,Hair Dryer,Beauty & Personal Care,5,2025-08-23,1018.4,CUST00141,Singapore,0,0,5092.0
501557,P10001,Wireless Earbuds,Electronics,4,2026-04-10,606.94,CUST00442,Singapore,0,0,2427.76
502024,P10034,Sticky Notes Pack,Stationery & Office,1,2026-04-09,147.9,CUST00562,India,0,0,147.9
500361,P10016,Wool Sweater,Apparel,1,2025-06-19,1250.39,CUST00127,United States,0,0,1250.39
500890,P10031,Notebook Set,Stationery & Office,2,2026-06-29,268.52,CUST00240,India,0,0,537.04
500464,P10002,Bluetooth Speaker,Electronics,2,2026-01-20,2723.88,,India,1,0,5447.76
500314,P10031,Notebook Set,Stationery & Office,5,2025-06-30,268.52,CUST00121,United States,0,0,1342.6
502016,P10006,Smartwatch Band,Electronics,2,2026-05-06,990.13,,United Kingdom,1,0,1980.26
500501,P10017,Formal Shirt,Apparel,3,2026-06-18,562.91,CUST00167,India,0,0,1688.73
502553,P10019,Face Serum,Beauty & Personal Care,2,2025-04-12,1312.41,CUST00731,India,0,0,2624.82
500442,P10029,Badminton Racket,Sports & Outdoors,4,2025-10-07,274.87,CUST00142,India,0,0,1099.48
502246,P10016,Wool Sweater,Apparel,4,2025-05-29,1250.39,CUST00627,India,0,0,5001.56
501725,P10020,Herbal Shampoo,Beauty & Personal Care,5,2026-06-02,1426.26,CUST00475,India,0,0,7131.3
503026,P10018,Yoga Pants,Apparel,2,2025-01-29,608.28,CUST00833,India,0,0,1216.56
502080,P10001,Wireless Earbuds,Electronics,1,2025-09-06,606.94,CUST00579,India,0,0,606.94
501616,P10006,Smartwatch Band,Electronics,1,2026-03-27,990.13,CUST00449,India,0,0,990.13
502724,P10002,Bluetooth Speaker,Electronics,2,2026-05-12,2723.88,CUST00763,India,0,0,5447.76
503095,P10001,Wireless Earbuds,Electronics,1,2026-05-21,606.94,CUST00845,India,0,0,606.94
500214,P10018,Yoga Pants,Apparel,2,2025-06-14,608.28,CUST00083,India,0,0,1216.56
502879,P10028,Camping Torch,Sports & Outdoors,1,2025-01-21,2043.99,CUST00800,Uae,0,0,2043.99
502070,P10036,Backpack,Stationery & Office,5,2025-09-19,218.62,CUST00575,Germany,0,0,1093.1
501762,P10030,Cycling Gloves,Sports & Outdoors,1,2026-06-11,820.52,CUST00485,United Kingdom,0,0,820.52
502909,P10010,Insulated Water Bottle,Home & Kitchen,1,2026-04-11,396.84,CUST00813,India,0,0,396.84
501124,P10014,Denim Jacket,Apparel,3,2026-06-07,1048.3,CUST00312,India,0,0,3144.9
502180,P10036,Backpack,Stationery & Office,3,2026-03-16,218.62,CUST00595,Germany,0,0,655.86
502139,P10004,USB-C Cable,Electronics,3,2025-04-25,3182.97,CUST00581,India,0,0,9548.91
501900,P10018,Yoga Pants,Apparel,3,2025-12-03,608.28,CUST00534,United Kingdom,0,0,1824.84
502993,P10003,Phone Case,Electronics,4,2026-06-18,1049.71,CUST00830,India,0,0,4198.84
501099,P10017,Formal Shirt,Apparel,2,2025-10-19,562.91,CUST00309,United States,0,0,1125.82
502786,P10036,Backpack,Stationery & Office,1,2025-04-13,218.62,CUST00779,United States,0,0,218.62
500490,P10023,Hair Dryer,Beauty & Personal Care,5,2025-08-06,1018.4,CUST00164,India,0,0,5092.0
501104,P10015,Running Shoes,Apparel,2,2025-05-29,980.3,CUST00310,India,0,0,1960.6
501585,P10033,Desk Organizer,Stationery & Office,2,2026-01-03,67.73,CUST00448,United States,0,0,135.46
501903,P10019,Face Serum,Beauty & Personal Care,-5,2025-12-05,1312.41,CUST00535,United States,0,1,-6562.05
502446,P10005,Power Bank 10000mAh,Electronics,3,2026-06-04,1034.93,CUST00699,India,0,0,3104.79
502380,P10025,Yoga Mat,Sports & Outdoors,4,2025-03-20,270.08,,India,1,0,1080.32
503089,P10026,Resistance Bands Set,Sports & Outdoors,3,2025-03-22,636.23,CUST00843,India,0,0,1908.69
500761,P10005,Power Bank 10000mAh,Electronics,5,2026-03-22,1034.93,CUST00216,India,0,0,5174.65
500191,P10020,Herbal Shampoo,Beauty & Personal Care,2,2025-12-18,1426.26,CUST00068,United States,0,0,2852.52
500517,P10022,Sunscreen SPF50,Beauty & Personal Care,5,2026-01-24,514.51,CUST00169,India,0,0,2572.55
502537,P10030,Cycling Gloves,Sports & Outdoors,4,2026-02-21,820.52,CUST00724,United States,0,0,3282.08
503003,P10005,Power Bank 10000mAh,Electronics,5,2025-12-11,1034.93,CUST00830,India,0,0,5174.65
500401,P10015,Running Shoes,Apparel,2,2026-04-24,980.3,CUST00137,India,0,0,1960.6
502706,P10009,Cotton Bedsheet Set,Home & Kitchen,1,2025-07-27,1519.89,CUST00756,United States,0,0,1519.89
501853,P10031,Notebook Set,Stationery & Office,4,2025-12-01,268.52,CUST00518,United States,0,0,1074.08
500099,P10006,Smartwatch Band,Electronics,5,2025-09-16,990.13,CUST00041,India,0,0,4950.65
500220,P10026,Resistance Bands Set,Sports & Outdoors,3,2025-09-26,636.23,CUST00086,India,0,0,1908.69
501025,P10016,Wool Sweater,Apparel,5,2025-11-26,1250.39,CUST00286,India,0,0,6251.95
502379,P10026,Resistance Bands Set,Sports & Outdoors,1,2026-03-03,636.23,CUST00674,India,0,0,636.23
501666,P10003,Phone Case,Electronics,3,2025-01-07,1049.71,CUST00463,United States,0,0,3149.13
501243,P10019,Face Serum,Beauty & Personal Care,4,2026-03-06,1312.41,CUST00338,United States,0,0,5249.64
500469,P10004,USB-C Cable,Electronics,4,2025-11-22,3182.97,CUST00156,India,0,0,12731.88
500470,P10027,Water Bottle Sipper,Sports & Outdoors,2,2025-08-31,2203.72,CUST00156,India,0,0,4407.44
501319,P10034,Sticky Notes Pack,Stationery & Office,4,2025-12-30,147.9,CUST00355,India,0,0,591.6
500142,P10008,LED Desk Lamp,Home & Kitchen,5,2025-03-18,1311.15,CUST00052,United States,0,0,6555.75
503049,P10011,Ceramic Mug Set,Home & Kitchen,4,2026-01-01,1993.94,CUST00842,United Kingdom,0,0,7975.76
501929,P10018,Yoga Pants,Apparel,1,2025-03-09,608.28,CUST00539,India,0,0,608.28
502427,P10012,Storage Organizer,Home & Kitchen,3,2025-03-19,1268.9,CUST00699,India,0,0,3806.7
500288,P10029,Badminton Racket,Sports & Outdoors,2,2026-05-04,274.87,CUST00113,Uae,0,0,549.74
502498,P10012,Storage Organizer,Home & Kitchen,1,2025-10-20,1268.9,,Singapore,1,0,1268.9
502480,P10012,Storage Organizer,Home & Kitchen,2,2025-08-06,1268.9,CUST00706,Singapore,0,0,2537.8
502079,P10008,LED Desk Lamp,Home & Kitchen,4,2026-01-07,1311.15,CUST00579,India,0,0,5244.6
502013,P10035,Whiteboard Marker Set,Stationery & Office,1,2025-07-23,808.92,CUST00559,United States,0,0,808.92
502906,P10025,Yoga Mat,Sports & Outdoors,2,2025-07-17,270.08,CUST00812,Germany,0,0,540.16
500143,P10011,Ceramic Mug Set,Home & Kitchen,2,2025-06-24,1993.94,CUST00052,United States,0,0,3987.88
501955,P10009,Cotton Bedsheet Set,Home & Kitchen,5,2025-10-11,1519.89,CUST00542,United Kingdom,0,0,7599.45
500230,P10016,Wool Sweater,Apparel,3,2026-05-18,1250.39,CUST00087,United States,0,0,3751.17
500228,P10027,Water Bottle Sipper,Sports & Outdoors,4,2025-07-08,2203.72,CUST00087,United States,0,0,8814.88
500943,P10003,Phone Case,Electronics,1,2026-04-19,1049.71,CUST00263,India,0,0,1049.71
501323,P10034,Sticky Notes Pack,Stationery & Office,1,2026-03-28,147.9,CUST00356,United Kingdom,0,0,147.9
500998,P10001,Wireless Earbuds,Electronics,2,2025-08-29,606.94,CUST00281,Germany,0,0,1213.88
502014,P10023,Hair Dryer,Beauty & Personal Care,-1,2026-05-27,1018.4,CUST00559,United States,0,1,-1018.4
501945,P10003,Phone Case,Electronics,4,2025-10-02,1049.71,CUST00540,India,0,0,4198.84
501263,P10010,Insulated Water Bottle,Home & Kitchen,3,2025-05-14,396.84,CUST00343,India,0,0,1190.52
501383,P10018,Yoga Pants,Apparel,5,2025-06-11,608.28,CUST00383,United Kingdom,0,0,3041.4
502557,P10010,Insulated Water Bottle,Home & Kitchen,2,2025-12-15,396.84,CUST00731,India,0,0,793.68
501983,P10034,Sticky Notes Pack,Stationery & Office,2,2025-10-17,147.9,,Germany,1,0,295.8
500365,P10026,Resistance Bands Set,Sports & Outdoors,2,2025-09-30,636.23,CUST00127,United States,0,0,1272.46
500437,P10001,Wireless Earbuds,Electronics,5,2025-04-24,606.94,CUST00141,Singapore,0,0,3034.7
501106,P10024,Beard Trimmer,Beauty & Personal Care,3,2026-01-17,700.79,CUST00311,India,0,0,2102.37
500978,P10015,Running Shoes,Apparel,4,2026-06-06,980.3,CUST00273,Germany,0,0,3921.2
500718,P10015,Running Shoes,Apparel,3,2025-10-02,980.3,CUST00203,India,0,0,2940.9
502288,P10034,Sticky Notes Pack,Stationery & Office,4,2026-03-10,147.9,CUST00643,India,0,0,591.6
501130,P10001,Wireless Earbuds,Electronics,3,2025-07-14,606.94,CUST00312,India,0,0,1820.82
501060,P10018,Yoga Pants,Apparel,1,2025-06-12,608.28,CUST00295,India,0,0,608.28
502683,P10005,Power Bank 10000mAh,Electronics,2,2025-06-09,1034.93,CUST00753,United Kingdom,0,0,2069.86
502522,P10001,Wireless Earbuds,Electronics,1,2026-04-06,606.94,CUST00714,India,0,0,606.94
500357,P10003,Phone Case,Electronics,1,2025-10-20,1049.71,CUST00127,United States,0,0,1049.71
501801,P10018,Yoga Pants,Apparel,1,2025-07-16,608.28,CUST00497,United Kingdom,0,0,608.28
501777,P10032,Gel Pen Pack,Stationery & Office,1,2025-07-19,687.3,CUST00490,Germany,0,0,687.3
501045,P10021,Lip Balm Set,Beauty & Personal Care,4,2025-08-08,652.97,CUST00293,Germany,0,0,2611.88
500130,P10016,Wool Sweater,Apparel,1,2025-03-22,1250.39,CUST00047,India,0,0,1250.39
502143,P10028,Camping Torch,Sports & Outdoors,2,2026-04-13,2043.99,CUST00583,India,0,0,4087.98
503007,P10025,Yoga Mat,Sports & Outdoors,1,2026-02-15,270.08,CUST00832,India,0,0,270.08
500177,P10024,Beard Trimmer,Beauty & Personal Care,3,2026-02-24,700.79,CUST00063,Germany,0,0,2102.37
501770,P10010,Insulated Water Bottle,Home & Kitchen,4,2025-07-26,396.84,CUST00487,India,0,0,1587.36
501795,P10016,Wool Sweater,Apparel,5,2025-12-24,1250.39,CUST00497,United Kingdom,0,0,6251.95
500749,P10007,Non-Stick Pan,Home & Kitchen,4,2025-10-04,331.24,CUST00213,United Kingdom,0,0,1324.96
500077,P10014,Denim Jacket,Apparel,3,2025-05-07,1048.3,CUST00034,Uae,0,0,3144.9
502193,P10028,Camping Torch,Sports & Outdoors,2,2026-02-10,2043.99,CUST00602,India,0,0,4087.98
501101,P10024,Beard Trimmer,Beauty & Personal Care,5,2026-01-09,700.79,CUST00310,India,0,0,3503.95
502923,P10008,LED Desk Lamp,Home & Kitchen,1,2025-11-25,1311.15,CUST00815,Germany,0,0,1311.15
501038,P10025,Yoga Mat,Sports & Outdoors,4,2026-01-28,270.08,CUST00291,India,0,0,1080.32
500901,P10004,USB-C Cable,Electronics,3,2025-10-01,3182.97,CUST00248,Singapore,0,0,9548.91
501983,P10015,Running Shoes,Apparel,4,2025-10-17,980.3,CUST00552,Germany,0,0,3921.2
503013,P10028,Camping Torch,Sports & Outdoors,5,2025-11-30,2043.99,CUST00833,India,0,0,10219.95
500805,P10004,USB-C Cable,Electronics,1,2025-04-04,3182.97,CUST00219,United Kingdom,0,0,3182.97
502641,P10013,Cotton T-Shirt,Apparel,2,2026-04-22,1190.46,CUST00749,Uae,0,0,2380.92
501120,P10002,Bluetooth Speaker,Electronics,1,2025-03-29,2723.88,CUST00311,India,0,0,2723.88
500677,P10002,Bluetooth Speaker,Electronics,-1,2025-06-21,2723.88,CUST00199,Germany,0,1,-2723.88
501408,P10028,Camping Torch,Sports & Outdoors,1,2026-01-20,2043.99,CUST00392,India,0,0,2043.99
501433,P10028,Camping Torch,Sports & Outdoors,5,2026-01-31,2043.99,CUST00395,India,0,0,10219.95
502253,P10008,LED Desk Lamp,Home & Kitchen,4,2025-09-14,1311.15,CUST00631,United States,0,0,5244.6
500979,P10010,Insulated Water Bottle,Home & Kitchen,4,2025-02-09,396.84,CUST00273,Germany,0,0,1587.36
500698,P10003,Phone Case,Electronics,5,2026-03-07,1049.71,CUST00203,India,0,0,5248.55
501820,P10002,Bluetooth Speaker,Electronics,4,2026-02-12,2723.88,CUST00503,India,0,0,10895.52
501894,P10031,Notebook Set,Stationery & Office,2,2025-04-02,268.52,CUST00534,United Kingdom,0,0,537.04
502962,P10003,Phone Case,Electronics,5,2026-03-18,1049.71,CUST00830,India,0,0,5248.55
501010,P10017,Formal Shirt,Apparel,3,2026-01-24,562.91,CUST00286,India,0,0,1688.73
500049,P10026,Resistance Bands Set,Sports & Outdoors,5,2025-11-22,636.23,CUST00021,United Kingdom,0,0,3181.15
502494,P10007,Non-Stick Pan,Home & Kitchen,4,2025-11-25,331.24,CUST00706,Singapore,0,0,1324.96
502464,P10035,Whiteboard Marker Set,Stationery & Office,5,2025-10-09,808.92,CUST00704,India,0,0,4044.6
500800,P10018,Yoga Pants,Apparel,5,2025-11-18,608.28,CUST00219,United Kingdom,0,0,3041.4
500817,P10033,Desk Organizer,Stationery & Office,5,2025-11-26,67.73,CUST00219,United Kingdom,0,0,338.65
502819,P10027,Water Bottle Sipper,Sports & Outdoors,5,2026-04-15,2203.72,CUST00784,India,0,0,11018.6
502960,P10024,Beard Trimmer,Beauty & Personal Care,5,2026-03-11,700.79,CUST00830,India,0,0,3503.95
501964,P10015,Running Shoes,Apparel,5,2025-10-07,980.3,CUST00543,India,0,0,4901.5
502277,P10035,Whiteboard Marker Set,Stationery & Office,4,2025-10-12,808.92,CUST00636,India,0,0,3235.68
502914,P10004,USB-C Cable,Electronics,3,2025-10-30,3182.97,CUST00813,India,0,0,9548.91
500094,P10008,LED Desk Lamp,Home & Kitchen,1,2025-01-03,1311.15,CUST00038,India,0,0,1311.15
501253,P10035,Whiteboard Marker Set,Stationery & Office,2,2026-02-04,808.92,CUST00342,India,0,0,1617.84
500400,P10025,Yoga Mat,Sports & Outdoors,5,2026-05-28,270.08,CUST00137,India,0,0,1350.4
500398,P10018,Yoga Pants,Apparel,1,2026-05-23,608.28,CUST00137,India,0,0,608.28
501339,P10025,Yoga Mat,Sports & Outdoors,5,2025-09-02,270.08,CUST00360,United Kingdom,0,0,1350.4
501208,P10010,Insulated Water Bottle,Home & Kitchen,5,2025-10-10,396.84,CUST00327,United Kingdom,0,0,1984.2
501820,P10021,Lip Balm Set,Beauty & Personal Care,4,2026-02-12,652.97,CUST00503,India,0,0,2611.88
502921,P10031,Notebook Set,Stationery & Office,3,2025-01-11,268.52,CUST00814,Uae,0,0,805.56
502305,P10012,Storage Organizer,Home & Kitchen,1,2025-01-04,1268.9,CUST00652,India,0,0,1268.9
502661,P10005,Power Bank 10000mAh,Electronics,4,2025-03-26,1034.93,CUST00753,United Kingdom,0,0,4139.72
502315,P10025,Yoga Mat,Sports & Outdoors,2,2025-06-25,270.08,,India,1,0,540.16
500434,P10002,Bluetooth Speaker,Electronics,5,2025-04-26,2723.88,CUST00141,Singapore,0,0,13619.4
500223,P10030,Cycling Gloves,Sports & Outdoors,2,2025-03-04,820.52,CUST00086,India,0,0,1641.04
502523,P10014,Denim Jacket,Apparel,1,2025-08-12,1048.3,CUST00715,India,0,0,1048.3
502152,P10036,Backpack,Stationery & Office,2,2026-05-25,218.62,CUST00584,India,0,0,437.24
502019,P10031,Notebook Set,Stationery & Office,3,2025-10-20,268.52,CUST00561,United States,0,0,805.56
501550,P10028,Camping Torch,Sports & Outdoors,1,2025-09-20,2043.99,CUST00439,United States,0,0,2043.99
500687,P10023,Hair Dryer,Beauty & Personal Care,4,2025-10-08,1018.4,CUST00201,United Kingdom,0,0,4073.6
500492,P10003,Phone Case,Electronics,5,2025-02-09,1049.71,CUST00165,India,0,0,5248.55
502197,P10020,Herbal Shampoo,Beauty & Personal Care,4,2025-10-13,1426.26,CUST00606,India,0,0,5705.04
501123,P10007,Non-Stick Pan,Home & Kitchen,1,2025-11-03,331.24,CUST00311,India,0,0,331.24
500657,P10006,Smartwatch Band,Electronics,4,2026-02-23,990.13,CUST00194,United Kingdom,0,0,3960.52
501495,P10004,USB-C Cable,Electronics,4,2026-04-30,3182.97,,United States,1,0,12731.88
500040,P10027,Water Bottle Sipper,Sports & Outdoors,5,2025-03-12,2203.72,CUST00020,India,0,0,11018.6
500520,P10015,Running Shoes,Apparel,5,2026-02-14,980.3,CUST00169,India,0,0,4901.5
501084,P10008,LED Desk Lamp,Home & Kitchen,4,2026-06-12,1311.15,CUST00300,India,0,0,5244.6
502986,P10006,Smartwatch Band,Electronics,2,2025-01-07,990.13,CUST00830,India,0,0,1980.26
500751,P10006,Smartwatch Band,Electronics,5,2026-04-16,990.13,CUST00214,India,0,0,4950.65
501848,P10036,Backpack,Stationery & Office,3,2026-02-24,218.62,CUST00514,Germany,0,0,655.86
501967,P10031,Notebook Set,Stationery & Office,4,2025-02-06,268.52,CUST00544,United Kingdom,0,0,1074.08
502531,P10020,Herbal Shampoo,Beauty & Personal Care,3,2025-03-04,1426.26,CUST00722,India,0,0,4278.78
502303,P10028,Camping Torch,Sports & Outdoors,5,2025-04-09,2043.99,CUST00651,India,0,0,10219.95
501620,P10009,Cotton Bedsheet Set,Home & Kitchen,1,2025-02-10,1519.89,CUST00449,India,0,0,1519.89
501205,P10030,Cycling Gloves,Sports & Outdoors,5,2025-06-16,820.52,CUST00324,India,0,0,4102.6
501442,P10025,Yoga Mat,Sports & Outdoors,2,2025-05-02,270.08,CUST00400,United States,0,0,540.16
502036,P10009,Cotton Bedsheet Set,Home & Kitchen,3,2025-01-24,1519.89,CUST00564,India,0,0,4559.67
501249,P10033,Desk Organizer,Stationery & Office,2,2025-06-23,67.73,CUST00339,India,0,0,135.46
501249,P10036,Backpack,Stationery & Office,1,2025-06-23,218.62,CUST00339,India,0,0,218.62
502570,P10012,Storage Organizer,Home & Kitchen,1,2025-03-19,1268.9,CUST00731,India,0,0,1268.9
501272,P10018,Yoga Pants,Apparel,-3,2025-05-16,608.28,CUST00343,India,0,1,-1824.84
501343,P10019,Face Serum,Beauty & Personal Care,5,2026-03-02,1312.41,CUST00363,India,0,0,6562.05
502498,P10011,Ceramic Mug Set,Home & Kitchen,4,2025-10-20,1993.94,CUST00706,Singapore,0,0,7975.76
501881,P10033,Desk Organizer,Stationery & Office,-3,2025-04-13,67.73,CUST00530,Germany,0,1,-203.19
501427,P10017,Formal Shirt,Apparel,2,2025-01-11,562.91,CUST00392,India,0,0,1125.82
502768,P10006,Smartwatch Band,Electronics,1,2025-05-23,990.13,CUST00779,United States,0,0,990.13
501926,P10010,Insulated Water Bottle,Home & Kitchen,3,2026-01-28,396.84,CUST00539,India,0,0,1190.52
500160,P10030,Cycling Gloves,Sports & Outdoors,2,2025-03-08,820.52,CUST00058,India,0,0,1641.04
501009,P10032,Gel Pen Pack,Stationery & Office,4,2025-11-18,687.3,CUST00286,India,0,0,2749.2
501886,P10031,Notebook Set,Stationery & Office,3,2025-06-04,268.52,CUST00530,Germany,0,0,805.56
502973,P10028,Camping Torch,Sports & Outdoors,1,2025-09-10,2043.99,CUST00830,India,0,0,2043.99
500755,P10032,Gel Pen Pack,Stationery & Office,4,2025-11-30,687.3,CUST00216,India,0,0,2749.2
502642,P10024,Beard Trimmer,Beauty & Personal Care,4,2025-01-29,700.79,CUST00749,Uae,0,0,2803.16
500163,P10006,Smartwatch Band,Electronics,1,2025-11-11,990.13,CUST00060,India,0,0,990.13
502720,P10015,Running Shoes,Apparel,4,2025-01-12,980.3,CUST00762,India,0,0,3921.2
501242,P10031,Notebook Set,Stationery & Office,3,2026-05-25,268.52,CUST00338,United States,0,0,805.56
501697,P10026,Resistance Bands Set,Sports & Outdoors,4,2026-02-22,636.23,CUST00467,India,0,0,2544.92
500776,P10020,Herbal Shampoo,Beauty & Personal Care,5,2025-04-02,1426.26,CUST00218,United States,0,0,7131.3
502104,P10006,Smartwatch Band,Electronics,-2,2025-07-27,990.13,CUST00579,India,0,1,-1980.26
502589,P10011,Ceramic Mug Set,Home & Kitchen,5,2026-06-20,1993.94,CUST00731,India,0,0,9969.7
503088,P10027,Water Bottle Sipper,Sports & Outdoors,1,2025-09-25,2203.72,CUST00842,United Kingdom,0,0,2203.72
502766,P10030,Cycling Gloves,Sports & Outdoors,1,2025-12-06,820.52,,United States,1,0,820.52
500042,P10006,Smartwatch Band,Electronics,1,2025-01-01,990.13,CUST00020,India,0,0,990.13
500047,P10012,Storage Organizer,Home & Kitchen,4,2026-01-03,1268.9,CUST00021,United Kingdom,0,0,5075.6
502656,P10029,Badminton Racket,Sports & Outdoors,3,2025-02-18,274.87,CUST00753,United Kingdom,0,0,824.61
501063,P10005,Power Bank 10000mAh,Electronics,5,2026-05-18,1034.93,CUST00297,United States,0,0,5174.65
501565,P10023,Hair Dryer,Beauty & Personal Care,1,2026-01-13,1018.4,,United States,1,0,1018.4
502416,P10014,Denim Jacket,Apparel,4,2025-01-18,1048.3,CUST00692,India,0,0,4193.2
502971,P10020,Herbal Shampoo,Beauty & Personal Care,4,2025-12-30,1426.26,CUST00830,India,0,0,5705.04
502260,P10028,Camping Torch,Sports & Outdoors,2,2026-04-26,2043.99,CUST00632,Germany,0,0,4087.98
501631,P10002,Bluetooth Speaker,Electronics,5,2026-02-22,2723.88,,India,1,0,13619.4
502534,P10014,Denim Jacket,Apparel,2,2025-06-28,1048.3,CUST00722,India,0,0,2096.6
502453,P10004,USB-C Cable,Electronics,5,2025-10-22,3182.97,CUST00699,India,0,0,15914.85
501986,P10030,Cycling Gloves,Sports & Outdoors,4,2025-11-02,820.52,CUST00554,United Kingdom,0,0,3282.08
501902,P10001,Wireless Earbuds,Electronics,4,2026-06-11,606.94,CUST00534,United Kingdom,0,0,2427.76
501694,P10011,Ceramic Mug Set,Home & Kitchen,2,2025-08-22,1993.94,CUST00465,Singapore,0,0,3987.88
502475,P10028,Camping Torch,Sports & Outdoors,1,2025-05-11,2043.99,CUST00706,Singapore,0,0,2043.99
502845,P10010,Insulated Water Bottle,Home & Kitchen,2,2026-05-14,396.84,CUST00791,India,0,0,793.68
501244,P10005,Power Bank 10000mAh,Electronics,4,2025-06-12,1034.93,CUST00338,United States,0,0,4139.72
500121,P10019,Face Serum,Beauty & Personal Care,5,2025-02-06,1312.41,CUST00047,India,0,0,6562.05
500860,P10014,Denim Jacket,Apparel,3,2025-10-11,1048.3,CUST00235,India,0,0,3144.9
500719,P10017,Formal Shirt,Apparel,3,2025-01-10,562.91,CUST00203,India,0,0,1688.73
502918,P10023,Hair Dryer,Beauty & Personal Care,3,2025-03-01,1018.4,CUST00813,India,0,0,3055.2
500388,P10033,Desk Organizer,Stationery & Office,5,2025-09-29,67.73,CUST00133,India,0,0,338.65
501048,P10013,Cotton T-Shirt,Apparel,5,2026-04-21,1190.46,CUST00295,India,0,0,5952.3
500153,P10022,Sunscreen SPF50,Beauty & Personal Care,2,2025-07-14,514.51,CUST00056,Uae,0,0,1029.02
500396,P10014,Denim Jacket,Apparel,-4,2025-09-19,1048.3,CUST00137,India,0,1,-4193.2
501167,P10004,USB-C Cable,Electronics,1,2026-05-22,3182.97,CUST00324,India,0,0,3182.97
500669,P10002,Bluetooth Speaker,Electronics,1,2025-03-26,2723.88,CUST00198,Germany,0,0,2723.88
502536,P10031,Notebook Set,Stationery & Office,3,2026-03-03,268.52,CUST00724,United States,0,0,805.56
502094,P10002,Bluetooth Speaker,Electronics,2,2025-10-31,2723.88,CUST00579,India,0,0,5447.76
501173,P10013,Cotton T-Shirt,Apparel,2,2026-03-28,1190.46,CUST00324,India,0,0,2380.92
501676,P10012,Storage Organizer,Home & Kitchen,4,2026-01-15,1268.9,CUST00463,United States,0,0,5075.6
502548,P10014,Denim Jacket,Apparel,2,2026-06-21,1048.3,CUST00728,United States,0,0,2096.6
501810,P10026,Resistance Bands Set,Sports & Outdoors,4,2025-07-05,636.23,CUST00501,United Kingdom,0,0,2544.92
502076,P10003,Phone Case,Electronics,5,2026-02-28,1049.71,CUST00579,India,0,0,5248.55
500639,P10033,Desk Organizer,Stationery & Office,4,2025-11-14,67.73,CUST00189,India,0,0,270.92
502424,P10024,Beard Trimmer,Beauty & Personal Care,1,2025-05-13,700.79,CUST00697,India,0,0,700.79
501551,P10030,Cycling Gloves,Sports & Outdoors,1,2026-01-13,820.52,CUST00439,United States,0,0,820.52
502470,P10012,Storage Organizer,Home & Kitchen,2,2026-03-02,1268.9,CUST00706,Singapore,0,0,2537.8
501825,P10025,Yoga Mat,Sports & Outdoors,3,2025-08-25,270.08,CUST00503,India,0,0,810.24
502092,P10036,Backpack,Stationery & Office,4,2025-10-30,218.62,CUST00579,India,0,0,874.48
501947,P10009,Cotton Bedsheet Set,Home & Kitchen,4,2026-01-16,1519.89,CUST00540,India,0,0,6079.56
502963,P10029,Badminton Racket,Sports & Outdoors,3,2026-03-13,274.87,CUST00830,India,0,0,824.61
501219,P10035,Whiteboard Marker Set,Stationery & Office,2,2026-05-12,808.92,CUST00332,United States,0,0,1617.84
500881,P10025,Yoga Mat,Sports & Outdoors,2,2025-07-31,270.08,CUST00237,India,0,0,540.16
501516,P10012,Storage Organizer,Home & Kitchen,1,2025-09-22,1268.9,CUST00429,India,0,0,1268.9
500342,P10026,Resistance Bands Set,Sports & Outdoors,4,2025-09-09,636.23,CUST00126,India,0,0,2544.92
501110,P10017,Formal Shirt,Apparel,4,2025-02-07,562.91,CUST00311,India,0,0,2251.64
500254,P10007,Non-Stick Pan,Home & Kitchen,5,2025-01-05,331.24,CUST00101,India,0,0,1656.2
501497,P10026,Resistance Bands Set,Sports & Outdoors,2,2026-01-26,636.23,CUST00423,India,0,0,1272.46
501290,P10001,Wireless Earbuds,Electronics,5,2025-12-11,606.94,CUST00349,India,0,0,3034.7
501904,P10012,Storage Organizer,Home & Kitchen,-5,2025-05-05,1268.9,CUST00536,Uae,0,1,-6344.5
502154,P10026,Resistance Bands Set,Sports & Outdoors,3,2025-04-25,636.23,CUST00585,United Kingdom,0,0,1908.69
503004,P10017,Formal Shirt,Apparel,3,2025-07-28,562.91,CUST00831,India,0,0,1688.73
502328,P10014,Denim Jacket,Apparel,4,2025-02-04,1048.3,CUST00659,United Kingdom,0,0,4193.2
502744,P10025,Yoga Mat,Sports & Outdoors,1,2025-10-13,270.08,CUST00771,India,0,0,270.08
502669,P10036,Backpack,Stationery & Office,1,2025-04-06,218.62,CUST00753,United Kingdom,0,0,218.62
500981,P10004,USB-C Cable,Electronics,3,2026-05-25,3182.97,CUST00273,Germany,0,0,9548.91
500810,P10008,LED Desk Lamp,Home & Kitchen,4,2026-06-22,1311.15,CUST00219,United Kingdom,0,0,5244.6
500839,P10007,Non-Stick Pan,Home & Kitchen,2,2025-04-17,331.24,CUST00225,India,0,0,662.48
501812,P10010,Insulated Water Bottle,Home & Kitchen,3,2025-10-21,396.84,CUST00501,United Kingdom,0,0,1190.52
502146,P10027,Water Bottle Sipper,Sports & Outdoors,3,2025-08-27,2203.72,CUST00583,India,0,0,6611.16
502960,P10014,Denim Jacket,Apparel,-4,2026-03-11,1048.3,CUST00830,India,0,1,-4193.2
500618,P10031,Notebook Set,Stationery & Office,1,2026-05-16,268.52,CUST00189,India,0,0,268.52
502160,P10019,Face Serum,Beauty & Personal Care,2,2026-02-14,1312.41,CUST00587,India,0,0,2624.82
502760,P10007,Non-Stick Pan,Home & Kitchen,1,2025-10-02,331.24,CUST00777,India,0,0,331.24
500579,P10007,Non-Stick Pan,Home & Kitchen,5,2025-08-21,331.24,CUST00176,India,0,0,1656.2
500427,P10019,Face Serum,Beauty & Personal Care,5,2025-09-02,1312.41,CUST00139,India,0,0,6562.05
503098,P10014,Denim Jacket,Apparel,1,2025-04-06,1048.3,CUST00847,India,0,0,1048.3
501411,P10022,Sunscreen SPF50,Beauty & Personal Care,5,2026-06-12,514.51,CUST00392,India,0,0,2572.55
502838,P10013,Cotton T-Shirt,Apparel,5,2025-06-06,1190.46,CUST00788,India,0,0,5952.3
500266,P10003,Phone Case,Electronics,4,2026-04-08,1049.71,CUST00106,India,0,0,4198.84
503016,P10009,Cotton Bedsheet Set,Home & Kitchen,1,2025-04-20,1519.89,CUST00833,India,0,0,1519.89
500682,P10031,Notebook Set,Stationery & Office,2,2026-02-08,268.52,CUST00199,Germany,0,0,537.04
501144,P10024,Beard Trimmer,Beauty & Personal Care,2,2025-10-12,700.79,CUST00315,Germany,0,0,1401.58
502544,P10028,Camping Torch,Sports & Outdoors,2,2026-06-04,2043.99,CUST00726,Germany,0,0,4087.98
503100,P10026,Resistance Bands Set,Sports & Outdoors,4,2025-11-21,636.23,CUST00848,Singapore,0,0,2544.92
502237,P10030,Cycling Gloves,Sports & Outdoors,5,2025-06-03,820.52,CUST00627,India,0,0,4102.6
500806,P10025,Yoga Mat,Sports & Outdoors,3,2025-07-04,270.08,CUST00219,United Kingdom,0,0,810.24
501833,P10013,Cotton T-Shirt,Apparel,4,2026-02-27,1190.46,CUST00507,Uae,0,0,4761.84
502368,P10020,Herbal Shampoo,Beauty & Personal Care,2,2025-05-30,1426.26,CUST00671,India,0,0,2852.52
501325,P10004,USB-C Cable,Electronics,4,2025-05-21,3182.97,CUST00356,United Kingdom,0,0,12731.88
503067,P10020,Herbal Shampoo,Beauty & Personal Care,-5,2025-11-22,1426.26,CUST00842,United Kingdom,0,1,-7131.3
500422,P10004,USB-C Cable,Electronics,1,2026-02-16,3182.97,CUST00139,India,0,0,3182.97
500101,P10014,Denim Jacket,Apparel,5,2025-06-23,1048.3,CUST00042,India,0,0,5241.5
501591,P10035,Whiteboard Marker Set,Stationery & Office,3,2025-05-31,808.92,CUST00448,United States,0,0,2426.76
500051,P10007,Non-Stick Pan,Home & Kitchen,5,2026-03-17,331.24,CUST00023,India,0,0,1656.2
501369,P10013,Cotton T-Shirt,Apparel,4,2025-10-03,1190.46,CUST00374,United Kingdom,0,0,4761.84
502457,P10015,Running Shoes,Apparel,1,2026-02-17,980.3,CUST00700,India,0,0,980.3
500932,P10007,Non-Stick Pan,Home & Kitchen,5,2026-01-16,331.24,CUST00260,India,0,0,1656.2
502426,P10019,Face Serum,Beauty & Personal Care,2,2025-10-01,1312.41,CUST00698,United Kingdom,0,0,2624.82
501438,P10011,Ceramic Mug Set,Home & Kitchen,2,2025-08-20,1993.94,CUST00397,Germany,0,0,3987.88
500376,P10013,Cotton T-Shirt,Apparel,4,2025-07-22,1190.46,CUST00130,India,0,0,4761.84
502382,P10019,Face Serum,Beauty & Personal Care,5,2025-06-13,1312.41,CUST00674,India,0,0,6562.05
500372,P10025,Yoga Mat,Sports & Outdoors,3,2025-09-02,270.08,CUST00130,India,0,0,810.24
502614,P10007,Non-Stick Pan,Home & Kitchen,5,2025-10-23,331.24,CUST00738,United States,0,0,1656.2
501003,P10005,Power Bank 10000mAh,Electronics,4,2025-07-13,1034.93,CUST00282,India,0,0,4139.72
501679,P10012,Storage Organizer,Home & Kitchen,2,2025-03-24,1268.9,CUST00463,United States,0,0,2537.8
500434,P10021,Lip Balm Set,Beauty & Personal Care,2,2025-04-26,652.97,CUST00141,Singapore,0,0,1305.94
500135,P10009,Cotton Bedsheet Set,Home & Kitchen,1,2025-08-15,1519.89,CUST00047,India,0,0,1519.89
502469,P10007,Non-Stick Pan,Home & Kitchen,5,2025-10-17,331.24,CUST00706,Singapore,0,0,1656.2
502498,P10005,Power Bank 10000mAh,Electronics,-2,2025-10-20,1034.93,CUST00706,Singapore,0,1,-2069.86
502302,P10026,Resistance Bands Set,Sports & Outdoors,1,2025-12-03,636.23,CUST00650,India,0,0,636.23
502440,P10026,Resistance Bands Set,Sports & Outdoors,1,2025-11-27,636.23,CUST00699,India,0,0,636.23
503057,P10027,Water Bottle Sipper,Sports & Outdoors,5,2025-11-21,2203.72,CUST00842,United Kingdom,0,0,11018.6
500451,P10029,Badminton Racket,Sports & Outdoors,3,2025-01-27,274.87,CUST00146,India,0,0,824.61
501170,P10031,Notebook Set,Stationery & Office,3,2025-03-10,268.52,CUST00324,India,0,0,805.56
503061,P10029,Badminton Racket,Sports & Outdoors,2,2026-01-19,274.87,CUST00842,United Kingdom,0,0,549.74
501670,P10036,Backpack,Stationery & Office,5,2025-01-18,218.62,CUST00463,United States,0,0,1093.1
500867,P10008,LED Desk Lamp,Home & Kitchen,4,2025-08-28,1311.15,CUST00236,United States,0,0,5244.6
500987,P10005,Power Bank 10000mAh,Electronics,4,2026-01-15,1034.93,CUST00275,India,0,0,4139.72
500991,P10028,Camping Torch,Sports & Outdoors,3,2026-02-22,2043.99,CUST00278,United Kingdom,0,0,6131.97
501759,P10023,Hair Dryer,Beauty & Personal Care,1,2025-11-23,1018.4,CUST00485,United Kingdom,0,0,1018.4
501771,P10025,Yoga Mat,Sports & Outdoors,1,2026-06-15,270.08,CUST00487,India,0,0,270.08
502753,P10017,Formal Shirt,Apparel,3,2025-12-15,562.91,CUST00777,India,0,0,1688.73
500280,P10015,Running Shoes,Apparel,2,2025-02-12,980.3,CUST00111,India,0,0,1960.6
501632,P10013,Cotton T-Shirt,Apparel,4,2025-03-19,1190.46,CUST00449,India,0,0,4761.84
502062,P10035,Whiteboard Marker Set,Stationery & Office,-3,2025-09-02,808.92,CUST00571,India,0,1,-2426.76
500986,P10003,Phone Case,Electronics,2,2025-07-15,1049.71,CUST00275,India,0,0,2099.42
502663,P10001,Wireless Earbuds,Electronics,5,2026-03-31,606.94,CUST00753,United Kingdom,0,0,3034.7
500780,P10004,USB-C Cable,Electronics,5,2025-01-13,3182.97,CUST00218,United States,0,0,15914.85
501310,P10014,Denim Jacket,Apparel,3,2025-05-26,1048.3,CUST00353,United Kingdom,0,0,3144.9
500831,P10011,Ceramic Mug Set,Home & Kitchen,2,2025-01-01,1993.94,CUST00222,United Kingdom,0,0,3987.88
500371,P10022,Sunscreen SPF50,Beauty & Personal Care,3,2026-02-02,514.51,CUST00130,India,0,0,1543.53
500304,P10005,Power Bank 10000mAh,Electronics,5,2025-10-19,1034.93,CUST00117,United States,0,0,5174.65
500100,P10027,Water Bottle Sipper,Sports & Outdoors,4,2025-07-20,2203.72,CUST00042,India,0,0,8814.88
500565,P10023,Hair Dryer,Beauty & Personal Care,1,2025-11-01,1018.4,CUST00174,India,0,0,1018.4
502463,P10014,Denim Jacket,Apparel,4,2025-03-02,1048.3,CUST00704,India,0,0,4193.2
500838,P10028,Camping Torch,Sports & Outdoors,4,2026-03-23,2043.99,CUST00225,India,0,0,8175.96
502266,P10015,Running Shoes,Apparel,2,2025-03-19,980.3,CUST00634,India,0,0,1960.6
502569,P10029,Badminton Racket,Sports & Outdoors,3,2026-05-16,274.87,CUST00731,India,0,0,824.61
500241,P10008,LED Desk Lamp,Home & Kitchen,4,2025-11-27,1311.15,CUST00095,United States,0,0,5244.6
502430,P10009,Cotton Bedsheet Set,Home & Kitchen,2,2026-06-04,1519.89,CUST00699,India,0,0,3039.78
501083,P10025,Yoga Mat,Sports & Outdoors,1,2025-08-13,270.08,CUST00300,India,0,0,270.08
500819,P10014,Denim Jacket,Apparel,1,2026-02-09,1048.3,CUST00219,United Kingdom,0,0,1048.3
502824,P10033,Desk Organizer,Stationery & Office,3,2025-11-15,67.73,CUST00786,Uae,0,0,203.19
501507,P10011,Ceramic Mug Set,Home & Kitchen,1,2025-11-22,1993.94,CUST00426,India,0,0,1993.94
500270,P10028,Camping Torch,Sports & Outdoors,4,2026-03-06,2043.99,CUST00108,United States,0,0,8175.96
502876,P10010,Insulated Water Bottle,Home & Kitchen,4,2025-01-05,396.84,CUST00798,United Kingdom,0,0,1587.36
502237,P10020,Herbal Shampoo,Beauty & Personal Care,1,2025-06-03,1426.26,CUST00627,India,0,0,1426.26
501183,P10035,Whiteboard Marker Set,Stationery & Office,1,2025-02-19,808.92,CUST00324,India,0,0,808.92
501281,P10015,Running Shoes,Apparel,5,2025-06-11,980.3,CUST00345,India,0,0,4901.5
502943,P10032,Gel Pen Pack,Stationery & Office,3,2026-02-13,687.3,CUST00820,India,0,0,2061.9
502156,P10002,Bluetooth Speaker,Electronics,1,2025-05-03,2723.88,CUST00586,India,0,0,2723.88
500018,P10008,LED Desk Lamp,Home & Kitchen,1,2025-12-11,1311.15,CUST00007,India,0,0,1311.15
501488,P10022,Sunscreen SPF50,Beauty & Personal Care,2,2026-03-31,514.51,CUST00420,United States,0,0,1029.02
501141,P10009,Cotton Bedsheet Set,Home & Kitchen,1,2025-07-06,1519.89,CUST00313,India,0,0,1519.89
501892,P10020,Herbal Shampoo,Beauty & Personal Care,2,2026-06-22,1426.26,CUST00532,Singapore,0,0,2852.52
502502,P10026,Resistance Bands Set,Sports & Outdoors,5,2026-01-13,636.23,CUST00706,Singapore,0,0,3181.15
500634,P10032,Gel Pen Pack,Stationery & Office,1,2026-02-04,687.3,CUST00189,India,0,0,687.3
500417,P10011,Ceramic Mug Set,Home & Kitchen,5,2025-10-03,1993.94,CUST00138,United States,0,0,9969.7
502205,P10023,Hair Dryer,Beauty & Personal Care,1,2025-12-02,1018.4,CUST00611,India,0,0,1018.4
500973,P10033,Desk Organizer,Stationery & Office,3,2026-02-19,67.73,CUST00272,United States,0,0,203.19
501867,P10002,Bluetooth Speaker,Electronics,3,2025-12-19,2723.88,CUST00523,Singapore,0,0,8171.64
502358,P10013,Cotton T-Shirt,Apparel,3,2025-04-20,1190.46,CUST00667,India,0,0,3571.38
502236,P10003,Phone Case,Electronics,5,2025-04-14,1049.71,CUST00626,India,0,0,5248.55
500002,P10024,Beard Trimmer,Beauty & Personal Care,1,2025-12-18,700.79,CUST00001,India,0,0,700.79
500064,P10021,Lip Balm Set,Beauty & Personal Care,1,2026-01-31,652.97,CUST00032,India,0,0,652.97
501278,P10005,Power Bank 10000mAh,Electronics,5,2025-01-31,1034.93,CUST00343,India,0,0,5174.65
500738,P10020,Herbal Shampoo,Beauty & Personal Care,4,2025-08-24,1426.26,CUST00206,India,0,0,5705.04
500400,P10033,Desk Organizer,Stationery & Office,5,2026-05-28,67.73,CUST00137,India,0,0,338.65
501844,P10029,Badminton Racket,Sports & Outdoors,3,2025-12-29,274.87,CUST00513,Uae,0,0,824.61
500945,P10016,Wool Sweater,Apparel,1,2026-01-12,1250.39,,India,1,0,1250.39
502941,P10012,Storage Organizer,Home & Kitchen,1,2026-03-18,1268.9,CUST00818,India,0,0,1268.9
500424,P10014,Denim Jacket,Apparel,2,2026-03-25,1048.3,CUST00139,India,0,0,2096.6
502178,P10009,Cotton Bedsheet Set,Home & Kitchen,3,2026-02-17,1519.89,,India,1,0,4559.67
502014,P10023,Hair Dryer,Beauty & Personal Care,4,2026-05-27,1018.4,CUST00559,United States,0,0,4073.6
502858,P10020,Herbal Shampoo,Beauty & Personal Care,2,2026-05-20,1426.26,CUST00796,Germany,0,0,2852.52
501818,P10017,Formal Shirt,Apparel,1,2026-06-14,562.91,CUST00503,India,0,0,562.91
501032,P10018,Yoga Pants,Apparel,3,2025-07-20,608.28,CUST00287,India,0,0,1824.84
501425,P10009,Cotton Bedsheet Set,Home & Kitchen,5,2025-05-14,1519.89,CUST00392,India,0,0,7599.45
500386,P10017,Formal Shirt,Apparel,3,2025-05-14,562.91,CUST00133,India,0,0,1688.73
501247,P10032,Gel Pen Pack,Stationery & Office,4,2026-03-26,687.3,CUST00338,United States,0,0,2749.2
501134,P10019,Face Serum,Beauty & Personal Care,3,2026-06-18,1312.41,CUST00312,India,0,0,3937.23
501514,P10018,Yoga Pants,Apparel,2,2025-08-22,608.28,CUST00428,Germany,0,0,1216.56
501423,P10013,Cotton T-Shirt,Apparel,3,2026-06-04,1190.46,CUST00392,India,0,0,3571.38
502913,P10001,Wireless Earbuds,Electronics,4,2025-04-12,606.94,CUST00813,India,0,0,2427.76
501219,P10028,Camping Torch,Sports & Outdoors,4,2026-05-12,2043.99,CUST00332,United States,0,0,8175.96
502326,P10024,Beard Trimmer,Beauty & Personal Care,-3,2026-03-21,700.79,CUST00659,United Kingdom,0,1,-2102.37
502699,P10012,Storage Organizer,Home & Kitchen,5,2025-10-29,1268.9,CUST00754,India,0,0,6344.5
501119,P10002,Bluetooth Speaker,Electronics,3,2026-06-24,2723.88,CUST00311,India,0,0,8171.64
501240,P10033,Desk Organizer,Stationery & Office,1,2025-11-28,67.73,CUST00338,United States,0,0,67.73
502097,P10025,Yoga Mat,Sports & Outdoors,4,2025-04-25,270.08,CUST00579,India,0,0,1080.32
500096,P10015,Running Shoes,Apparel,4,2025-03-12,980.3,CUST00038,India,0,0,3921.2
500199,P10014,Denim Jacket,Apparel,5,2025-11-04,1048.3,CUST00074,United States,0,0,5241.5
501324,P10021,Lip Balm Set,Beauty & Personal Care,1,2026-01-27,652.97,CUST00356,United Kingdom,0,0,652.97
502880,P10011,Ceramic Mug Set,Home & Kitchen,1,2025-03-08,1993.94,CUST00800,Uae,0,0,1993.94
502410,P10025,Yoga Mat,Sports & Outdoors,3,2025-05-01,270.08,CUST00688,India,0,0,810.24
501836,P10023,Hair Dryer,Beauty & Personal Care,4,2025-07-13,1018.4,CUST00509,Uae,0,0,4073.6
500064,P10018,Yoga Pants,Apparel,5,2026-01-31,608.28,CUST00032,India,0,0,3041.4
500240,P10023,Hair Dryer,Beauty & Personal Care,2,2026-06-09,1018.4,CUST00094,United Kingdom,0,0,2036.8
500187,P10026,Resistance Bands Set,Sports & Outdoors,2,2026-03-10,636.23,CUST00068,United States,0,0,1272.46
500993,P10004,USB-C Cable,Electronics,4,2025-08-12,3182.97,CUST00279,United States,0,0,12731.88
501488,P10029,Badminton Racket,Sports & Outdoors,1,2026-03-31,274.87,CUST00420,United States,0,0,274.87
502651,P10001,Wireless Earbuds,Electronics,4,2025-03-19,606.94,CUST00752,Uae,0,0,2427.76
501384,P10025,Yoga Mat,Sports & Outdoors,5,2025-01-11,270.08,CUST00384,Germany,0,0,1350.4
501153,P10008,LED Desk Lamp,Home & Kitchen,5,2025-04-26,1311.15,CUST00320,India,0,0,6555.75
500018,P10027,Water Bottle Sipper,Sports & Outdoors,2,2025-12-11,2203.72,CUST00007,India,0,0,4407.44
500238,P10001,Wireless Earbuds,Electronics,1,2025-07-22,606.94,CUST00093,United States,0,0,606.94
500476,P10035,Whiteboard Marker Set,Stationery & Office,4,2025-05-13,808.92,CUST00159,India,0,0,3235.68
501478,P10005,Power Bank 10000mAh,Electronics,4,2025-11-23,1034.93,CUST00417,India,0,0,4139.72
501476,P10003,Phone Case,Electronics,2,2026-04-28,1049.71,CUST00416,India,0,0,2099.42
501474,P10020,Herbal Shampoo,Beauty & Personal Care,5,2026-01-23,1426.26,CUST00416,India,0,0,7131.3
502719,P10017,Formal Shirt,Apparel,5,2026-05-17,562.91,CUST00762,India,0,0,2814.55
502037,P10025,Yoga Mat,Sports & Outdoors,4,2026-04-28,270.08,CUST00564,India,0,0,1080.32
502502,P10027,Water Bottle Sipper,Sports & Outdoors,2,2026-01-13,2203.72,CUST00706,Singapore,0,0,4407.44
500160,P10026,Resistance Bands Set,Sports & Outdoors,3,2025-03-08,636.23,CUST00058,India,0,0,1908.69
501605,P10027,Water Bottle Sipper,Sports & Outdoors,3,2025-07-08,2203.72,CUST00448,United States,0,0,6611.16
502692,P10013,Cotton T-Shirt,Apparel,2,2025-08-29,1190.46,CUST00753,United Kingdom,0,0,2380.92
501415,P10025,Yoga Mat,Sports & Outdoors,2,2026-01-03,270.08,CUST00392,India,0,0,540.16
500864,P10035,Whiteboard Marker Set,Stationery & Office,1,2025-01-02,808.92,CUST00235,India,0,0,808.92
501344,P10033,Desk Organizer,Stationery & Office,5,2025-06-07,67.73,CUST00363,India,0,0,338.65
502382,P10027,Water Bottle Sipper,Sports & Outdoors,3,2025-06-13,2203.72,CUST00674,India,0,0,6611.16
502377,P10015,Running Shoes,Apparel,3,2025-08-23,980.3,CUST00674,India,0,0,2940.9
502452,P10027,Water Bottle Sipper,Sports & Outdoors,3,2025-04-17,2203.72,CUST00699,India,0,0,6611.16
501027,P10025,Yoga Mat,Sports & Outdoors,5,2025-01-20,270.08,CUST00286,India,0,0,1350.4
501054,P10014,Denim Jacket,Apparel,2,2025-06-10,1048.3,CUST00295,India,0,0,2096.6
500108,P10008,LED Desk Lamp,Home & Kitchen,3,2026-01-02,1311.15,CUST00046,United Kingdom,0,0,3933.45
500372,P10023,Hair Dryer,Beauty & Personal Care,1,2025-09-02,1018.4,CUST00130,India,0,0,1018.4
501264,P10016,Wool Sweater,Apparel,2,2026-01-30,1250.39,CUST00343,India,0,0,2500.78
502110,P10032,Gel Pen Pack,Stationery & Office,4,2025-03-15,687.3,CUST00579,India,0,0,2749.2
501441,P10010,Insulated Water Bottle,Home & Kitchen,2,2026-04-19,396.84,CUST00399,United States,0,0,793.68
502402,P10010,Insulated Water Bottle,Home & Kitchen,2,2026-05-24,396.84,CUST00685,Uae,0,0,793.68
502768,P10011,Ceramic Mug Set,Home & Kitchen,1,2025-05-23,1993.94,CUST00779,United States,0,0,1993.94
501563,P10036,Backpack,Stationery & Office,3,2026-06-07,218.62,CUST00444,India,0,0,655.86
501466,P10028,Camping Torch,Sports & Outdoors,4,2025-11-05,2043.99,CUST00414,United Kingdom,0,0,8175.96
500546,P10036,Backpack,Stationery & Office,2,2026-02-13,218.62,CUST00169,India,0,0,437.24
501407,P10007,Non-Stick Pan,Home & Kitchen,2,2026-06-11,331.24,CUST00392,India,0,0,662.48
502193,P10030,Cycling Gloves,Sports & Outdoors,3,2026-02-10,820.52,CUST00602,India,0,0,2461.56
501145,P10034,Sticky Notes Pack,Stationery & Office,1,2026-01-20,147.9,CUST00315,Germany,0,0,147.9
501035,P10017,Formal Shirt,Apparel,3,2026-03-06,562.91,CUST00289,India,0,0,1688.73
501666,P10029,Badminton Racket,Sports & Outdoors,4,2025-01-07,274.87,CUST00463,United States,0,0,1099.48
500796,P10015,Running Shoes,Apparel,5,2025-12-18,980.3,CUST00219,United Kingdom,0,0,4901.5
502031,P10030,Cycling Gloves,Sports & Outdoors,4,2025-12-25,820.52,CUST00563,India,0,0,3282.08
502749,P10016,Wool Sweater,Apparel,2,2026-04-07,1250.39,CUST00775,United States,0,0,2500.78
502740,P10026,Resistance Bands Set,Sports & Outdoors,1,2026-01-10,636.23,CUST00770,Germany,0,0,636.23
502822,P10017,Formal Shirt,Apparel,4,2025-05-01,562.91,CUST00784,India,0,0,2251.64
502986,P10026,Resistance Bands Set,Sports & Outdoors,3,2025-01-07,636.23,CUST00830,India,0,0,1908.69
501608,P10011,Ceramic Mug Set,Home & Kitchen,2,2026-01-13,1993.94,CUST00448,United States,0,0,3987.88
502892,P10003,Phone Case,Electronics,2,2026-01-13,1049.71,CUST00802,India,0,0,2099.42
501338,P10026,Resistance Bands Set,Sports & Outdoors,2,2025-02-24,636.23,CUST00360,United Kingdom,0,0,1272.46
502199,P10020,Herbal Shampoo,Beauty & Personal Care,3,2025-10-19,1426.26,CUST00608,India,0,0,4278.78
500743,P10007,Non-Stick Pan,Home & Kitchen,3,2025-11-09,331.24,CUST00209,India,0,0,993.72
502930,P10031,Notebook Set,Stationery & Office,2,2026-05-04,268.52,,Germany,1,0,537.04
500670,P10007,Non-Stick Pan,Home & Kitchen,1,2025-06-01,331.24,CUST00198,Germany,0,0,331.24
501512,P10024,Beard Trimmer,Beauty & Personal Care,5,2026-03-03,700.79,CUST00428,Germany,0,0,3503.95
502939,P10022,Sunscreen SPF50,Beauty & Personal Care,1,2025-01-02,514.51,CUST00817,United Kingdom,0,0,514.51
501415,P10024,Beard Trimmer,Beauty & Personal Care,4,2026-01-03,700.79,CUST00392,India,0,0,2803.16
501074,P10018,Yoga Pants,Apparel,2,2025-01-11,608.28,CUST00299,United Kingdom,0,0,1216.56
501823,P10036,Backpack,Stationery & Office,1,2026-03-26,218.62,CUST00503,India,0,0,218.62
502174,P10001,Wireless Earbuds,Electronics,2,2025-02-26,606.94,CUST00592,United Kingdom,0,0,1213.88
501291,P10001,Wireless Earbuds,Electronics,4,2025-09-23,606.94,CUST00349,India,0,0,2427.76
501197,P10010,Insulated Water Bottle,Home & Kitchen,2,2025-07-15,396.84,CUST00324,India,0,0,793.68
500897,P10021,Lip Balm Set,Beauty & Personal Care,5,2025-06-30,652.97,CUST00245,India,0,0,3264.85
502540,P10023,Hair Dryer,Beauty & Personal Care,2,2025-05-31,1018.4,CUST00725,United Kingdom,0,0,2036.8
500189,P10024,Beard Trimmer,Beauty & Personal Care,1,2025-09-27,700.79,CUST00068,United States,0,0,700.79
501465,P10006,Smartwatch Band,Electronics,2,2025-03-21,990.13,CUST00414,United Kingdom,0,0,1980.26
500681,P10011,Ceramic Mug Set,Home & Kitchen,4,2026-03-26,1993.94,CUST00199,Germany,0,0,7975.76
500300,P10021,Lip Balm Set,Beauty & Personal Care,5,2025-01-16,652.97,CUST00117,United States,0,0,3264.85
500595,P10036,Backpack,Stationery & Office,4,2026-02-27,218.62,CUST00176,India,0,0,874.48
500653,P10016,Wool Sweater,Apparel,1,2026-05-11,1250.39,CUST00194,United Kingdom,0,0,1250.39
502503,P10033,Desk Organizer,Stationery & Office,2,2025-06-25,67.73,CUST00706,Singapore,0,0,135.46
501442,P10035,Whiteboard Marker Set,Stationery & Office,3,2025-05-02,808.92,CUST00400,United States,0,0,2426.76
500679,P10014,Denim Jacket,Apparel,2,2026-03-09,1048.3,CUST00199,Germany,0,0,2096.6
501750,P10022,Sunscreen SPF50,Beauty & Personal Care,1,2025-09-20,514.51,CUST00485,United Kingdom,0,0,514.51
502987,P10023,Hair Dryer,Beauty & Personal Care,2,2025-06-01,1018.4,CUST00830,India,0,0,2036.8
501467,P10029,Badminton Racket,Sports & Outdoors,4,2025-09-30,274.87,CUST00415,United Kingdom,0,0,1099.48
503067,P10022,Sunscreen SPF50,Beauty & Personal Care,5,2025-11-22,514.51,CUST00842,United Kingdom,0,0,2572.55
502118,P10007,Non-Stick Pan,Home & Kitchen,1,2025-09-11,331.24,CUST00579,India,0,0,331.24
501666,P10022,Sunscreen SPF50,Beauty & Personal Care,1,2025-01-07,514.51,CUST00463,United States,0,0,514.51
502685,P10005,Power Bank 10000mAh,Electronics,3,2026-02-09,1034.93,CUST00753,United Kingdom,0,0,3104.79
501663,P10036,Backpack,Stationery & Office,1,2025-10-15,218.62,CUST00463,United States,0,0,218.62
500929,P10006,Smartwatch Band,Electronics,4,2025-05-22,990.13,CUST00260,India,0,0,3960.52
500610,P10001,Wireless Earbuds,Electronics,4,2026-05-29,606.94,CUST00185,India,0,0,2427.76
500503,P10004,USB-C Cable,Electronics,-2,2026-05-12,3182.97,CUST00167,India,0,1,-6365.94
501401,P10030,Cycling Gloves,Sports & Outdoors,2,2026-02-02,820.52,CUST00391,Singapore,0,0,1641.04
500834,P10027,Water Bottle Sipper,Sports & Outdoors,3,2025-06-03,2203.72,CUST00223,India,0,0,6611.16
501151,P10005,Power Bank 10000mAh,Electronics,3,2026-02-03,1034.93,CUST00319,India,0,0,3104.79
501934,P10013,Cotton T-Shirt,Apparel,2,2026-06-06,1190.46,CUST00539,India,0,0,2380.92
502511,P10035,Whiteboard Marker Set,Stationery & Office,3,2025-08-29,808.92,CUST00710,United Kingdom,0,0,2426.76
502680,P10017,Formal Shirt,Apparel,2,2025-11-10,562.91,CUST00753,United Kingdom,0,0,1125.82
500279,P10036,Backpack,Stationery & Office,1,2026-01-13,218.62,CUST00111,India,0,0,218.62
501144,P10015,Running Shoes,Apparel,4,2025-10-12,980.3,CUST00315,Germany,0,0,3921.2
501134,P10029,Badminton Racket,Sports & Outdoors,2,2026-06-18,274.87,CUST00312,India,0,0,549.74
502317,P10031,Notebook Set,Stationery & Office,5,2026-03-03,268.52,CUST00659,United Kingdom,0,0,1342.6
500574,P10020,Herbal Shampoo,Beauty & Personal Care,3,2025-10-29,1426.26,CUST00176,India,0,0,4278.78
501236,P10001,Wireless Earbuds,Electronics,1,2025-09-07,606.94,CUST00336,India,0,0,606.94
501379,P10020,Herbal Shampoo,Beauty & Personal Care,3,2025-02-19,1426.26,CUST00381,India,0,0,4278.78
502469,P10014,Denim Jacket,Apparel,4,2025-10-17,1048.3,CUST00706,Singapore,0,0,4193.2
502869,P10009,Cotton Bedsheet Set,Home & Kitchen,5,2026-01-18,1519.89,CUST00796,Germany,0,0,7599.45
502191,P10007,Non-Stick Pan,Home & Kitchen,1,2025-10-31,331.24,CUST00602,India,0,0,331.24
502612,P10019,Face Serum,Beauty & Personal Care,2,2025-06-15,1312.41,CUST00738,United States,0,0,2624.82
501208,P10004,USB-C Cable,Electronics,2,2025-10-10,3182.97,CUST00327,United Kingdom,0,0,6365.94
500519,P10012,Storage Organizer,Home & Kitchen,2,2025-11-24,1268.9,CUST00169,India,0,0,2537.8
500212,P10032,Gel Pen Pack,Stationery & Office,3,2025-10-21,687.3,CUST00082,United Kingdom,0,0,2061.9
500190,P10025,Yoga Mat,Sports & Outdoors,1,2025-10-24,270.08,CUST00068,United States,0,0,270.08
500726,P10030,Cycling Gloves,Sports & Outdoors,1,2025-12-15,820.52,CUST00204,Germany,0,0,820.52
502868,P10006,Smartwatch Band,Electronics,1,2025-01-21,990.13,CUST00796,Germany,0,0,990.13
502981,P10008,LED Desk Lamp,Home & Kitchen,2,2025-09-17,1311.15,,India,1,0,2622.3
502818,P10033,Desk Organizer,Stationery & Office,5,2026-01-27,67.73,CUST00783,India,0,0,338.65
501463,P10011,Ceramic Mug Set,Home & Kitchen,3,2025-03-26,1993.94,CUST00413,Uae,0,0,5981.82
501823,P10032,Gel Pen Pack,Stationery & Office,3,2026-03-26,687.3,CUST00503,India,0,0,2061.9
501744,P10005,Power Bank 10000mAh,Electronics,1,2026-04-05,1034.93,CUST00482,United Kingdom,0,0,1034.93
502994,P10003,Phone Case,Electronics,1,2025-05-04,1049.71,CUST00830,India,0,0,1049.71
503035,P10034,Sticky Notes Pack,Stationery & Office,5,2026-04-16,147.9,CUST00836,India,0,0,739.5
500676,P10001,Wireless Earbuds,Electronics,5,2025-08-11,606.94,CUST00199,Germany,0,0,3034.7
502264,P10019,Face Serum,Beauty & Personal Care,4,2026-06-08,1312.41,CUST00634,India,0,0,5249.64
502467,P10006,Smartwatch Band,Electronics,2,2025-10-25,990.13,CUST00705,India,0,0,1980.26
502036,P10004,USB-C Cable,Electronics,1,2025-01-24,3182.97,CUST00564,India,0,0,3182.97
502397,P10027,Water Bottle Sipper,Sports & Outdoors,1,2026-03-15,2203.72,CUST00682,India,0,0,2203.72
500712,P10010,Insulated Water Bottle,Home & Kitchen,1,2025-12-11,396.84,CUST00203,India,0,0,396.84
501029,P10025,Yoga Mat,Sports & Outdoors,5,2025-10-22,270.08,CUST00286,India,0,0,1350.4
501399,P10010,Insulated Water Bottle,Home & Kitchen,1,2025-08-22,396.84,CUST00389,United States,0,0,396.84
501852,P10001,Wireless Earbuds,Electronics,5,2026-02-12,606.94,CUST00518,United States,0,0,3034.7
500365,P10001,Wireless Earbuds,Electronics,4,2025-09-30,606.94,CUST00127,United States,0,0,2427.76
502252,P10002,Bluetooth Speaker,Electronics,4,2026-03-03,2723.88,CUST00631,United States,0,0,10895.52
501746,P10025,Yoga Mat,Sports & Outdoors,3,2025-09-14,270.08,CUST00482,United Kingdom,0,0,810.24
500865,P10028,Camping Torch,Sports & Outdoors,4,2025-05-30,2043.99,CUST00236,United States,0,0,8175.96
501031,P10030,Cycling Gloves,Sports & Outdoors,3,2026-02-15,820.52,CUST00287,India,0,0,2461.56
502785,P10026,Resistance Bands Set,Sports & Outdoors,4,2025-07-29,636.23,CUST00779,United States,0,0,2544.92
502770,P10014,Denim Jacket,Apparel,1,2025-08-23,1048.3,CUST00779,United States,0,0,1048.3
502619,P10005,Power Bank 10000mAh,Electronics,1,2025-04-19,1034.93,CUST00738,United States,0,0,1034.93
501197,P10008,LED Desk Lamp,Home & Kitchen,-3,2025-07-15,1311.15,CUST00324,India,0,1,-3933.45
502445,P10001,Wireless Earbuds,Electronics,5,2026-02-25,606.94,CUST00699,India,0,0,3034.7
500853,P10027,Water Bottle Sipper,Sports & Outdoors,4,2026-04-17,2203.72,CUST00232,India,0,0,8814.88
502882,P10034,Sticky Notes Pack,Stationery & Office,4,2026-06-04,147.9,CUST00800,Uae,0,0,591.6
502524,P10016,Wool Sweater,Apparel,3,2025-12-09,1250.39,CUST00716,Uae,0,0,3751.17
502318,P10017,Formal Shirt,Apparel,1,2025-05-30,562.91,CUST00659,United Kingdom,0,0,562.91
501817,P10013,Cotton T-Shirt,Apparel,2,2025-10-20,1190.46,CUST00503,India,0,0,2380.92
500099,P10009,Cotton Bedsheet Set,Home & Kitchen,1,2025-09-16,1519.89,CUST00041,India,0,0,1519.89
501830,P10001,Wireless Earbuds,Electronics,5,2025-07-02,606.94,CUST00504,United States,0,0,3034.7
500717,P10011,Ceramic Mug Set,Home & Kitchen,2,2025-08-03,1993.94,CUST00203,India,0,0,3987.88
501207,P10002,Bluetooth Speaker,Electronics,2,2025-06-24,2723.88,CUST00326,United States,0,0,5447.76
500720,P10033,Desk Organizer,Stationery & Office,2,2026-01-17,67.73,CUST00203,India,0,0,135.46
503091,P10005,Power Bank 10000mAh,Electronics,3,2025-07-13,1034.93,CUST00843,India,0,0,3104.79
500744,P10005,Power Bank 10000mAh,Electronics,3,2026-02-23,1034.93,CUST00210,India,0,0,3104.79
501177,P10011,Ceramic Mug Set,Home & Kitchen,1,2025-04-16,1993.94,CUST00324,India,0,0,1993.94
500778,P10027,Water Bottle Sipper,Sports & Outdoors,3,2026-06-03,2203.72,CUST00218,United States,0,0,6611.16
502250,P10032,Gel Pen Pack,Stationery & Office,3,2026-04-16,687.3,CUST00629,India,0,0,2061.9
503060,P10027,Water Bottle Sipper,Sports & Outdoors,2,2025-12-27,2203.72,CUST00842,United Kingdom,0,0,4407.44
500515,P10014,Denim Jacket,Apparel,2,2025-07-10,1048.3,CUST00169,India,0,0,2096.6
500097,P10008,LED Desk Lamp,Home & Kitchen,3,2026-01-21,1311.15,CUST00039,United Kingdom,0,0,3933.45
502479,P10019,Face Serum,Beauty & Personal Care,1,2025-09-11,1312.41,CUST00706,Singapore,0,0,1312.41
502861,P10024,Beard Trimmer,Beauty & Personal Care,2,2025-11-11,700.79,CUST00796,Germany,0,0,1401.58
500767,P10026,Resistance Bands Set,Sports & Outdoors,2,2025-03-31,636.23,CUST00216,India,0,0,1272.46
501557,P10032,Gel Pen Pack,Stationery & Office,4,2026-04-10,687.3,CUST00442,Singapore,0,0,2749.2
501049,P10021,Lip Balm Set,Beauty & Personal Care,5,2025-01-23,652.97,CUST00295,India,0,0,3264.85
501136,P10019,Face Serum,Beauty & Personal Care,5,2026-03-28,1312.41,CUST00312,India,0,0,6562.05
501701,P10017,Formal Shirt,Apparel,1,2026-03-21,562.91,CUST00469,India,0,0,562.91
502598,P10036,Backpack,Stationery & Office,1,2025-04-22,218.62,CUST00732,United States,0,0,218.62
501009,P10013,Cotton T-Shirt,Apparel,5,2025-11-18,1190.46,CUST00286,India,0,0,5952.3
502632,P10005,Power Bank 10000mAh,Electronics,1,2025-04-17,1034.93,CUST00745,India,0,0,1034.93
500210,P10024,Beard Trimmer,Beauty & Personal Care,3,2025-05-24,700.79,CUST00081,Germany,0,0,2102.37
502266,P10001,Wireless Earbuds,Electronics,-4,2025-03-19,606.94,CUST00634,India,0,1,-2427.76
503106,P10031,Notebook Set,Stationery & Office,1,2026-02-18,268.52,CUST00850,United Kingdom,0,0,268.52
502725,P10001,Wireless Earbuds,Electronics,3,2026-05-02,606.94,CUST00763,India,0,0,1820.82
502239,P10026,Resistance Bands Set,Sports & Outdoors,3,2025-04-26,636.23,CUST00627,India,0,0,1908.69
500988,P10019,Face Serum,Beauty & Personal Care,3,2025-07-14,1312.41,CUST00276,India,0,0,3937.23
500406,P10026,Resistance Bands Set,Sports & Outdoors,2,2025-08-27,636.23,CUST00138,United States,0,0,1272.46
503100,P10007,Non-Stick Pan,Home & Kitchen,4,2025-11-21,331.24,CUST00848,Singapore,0,0,1324.96
501436,P10025,Yoga Mat,Sports & Outdoors,2,2025-12-26,270.08,CUST00396,Uae,0,0,540.16
502358,P10035,Whiteboard Marker Set,Stationery & Office,4,2025-04-20,808.92,CUST00667,India,0,0,3235.68
501423,P10028,Camping Torch,Sports & Outdoors,2,2026-06-04,2043.99,CUST00392,India,0,0,4087.98
500921,P10013,Cotton T-Shirt,Apparel,1,2026-06-29,1190.46,CUST00256,United Kingdom,0,0,1190.46
500394,P10022,Sunscreen SPF50,Beauty & Personal Care,5,2025-08-07,514.51,CUST00135,Uae,0,0,2572.55
501220,P10024,Beard Trimmer,Beauty & Personal Care,3,2025-10-28,700.79,CUST00332,United States,0,0,2102.37
500608,P10019,Face Serum,Beauty & Personal Care,5,2025-05-12,1312.41,CUST00183,Uae,0,0,6562.05
502402,P10004,USB-C Cable,Electronics,3,2026-05-24,3182.97,CUST00685,Uae,0,0,9548.91
502320,P10008,LED Desk Lamp,Home & Kitchen,4,2025-12-22,1311.15,CUST00659,United Kingdom,0,0,5244.6
502000,P10010,Insulated Water Bottle,Home & Kitchen,1,2025-09-06,396.84,CUST00555,Germany,0,0,396.84
500880,P10009,Cotton Bedsheet Set,Home & Kitchen,4,2026-04-14,1519.89,CUST00237,India,0,0,6079.56
501417,P10011,Ceramic Mug Set,Home & Kitchen,2,2026-02-11,1993.94,CUST00392,India,0,0,3987.88
502505,P10007,Non-Stick Pan,Home & Kitchen,1,2026-04-30,331.24,CUST00706,Singapore,0,0,331.24
500175,P10011,Ceramic Mug Set,Home & Kitchen,3,2025-02-18,1993.94,CUST00063,Germany,0,0,5981.82
500518,P10011,Ceramic Mug Set,Home & Kitchen,2,2025-07-06,1993.94,CUST00169,India,0,0,3987.88
500926,P10013,Cotton T-Shirt,Apparel,1,2025-08-21,1190.46,CUST00258,United Kingdom,0,0,1190.46
500567,P10033,Desk Organizer,Stationery & Office,2,2025-04-09,67.73,CUST00175,United Kingdom,0,0,135.46
502227,P10016,Wool Sweater,Apparel,2,2025-09-06,1250.39,CUST00624,India,0,0,2500.78
502917,P10032,Gel Pen Pack,Stationery & Office,2,2025-01-26,687.3,,India,1,0,1374.6
500632,P10013,Cotton T-Shirt,Apparel,5,2025-10-05,1190.46,CUST00189,India,0,0,5952.3
501337,P10031,Notebook Set,Stationery & Office,2,2025-03-18,268.52,CUST00359,Uae,0,0,537.04
501450,P10015,Running Shoes,Apparel,3,2025-08-26,980.3,CUST00407,India,0,0,2940.9
501053,P10002,Bluetooth Speaker,Electronics,3,2025-05-01,2723.88,CUST00295,India,0,0,8171.64
500486,P10021,Lip Balm Set,Beauty & Personal Care,2,2025-06-24,652.97,CUST00163,United Kingdom,0,0,1305.94
502397,P10026,Resistance Bands Set,Sports & Outdoors,3,2026-03-15,636.23,CUST00682,India,0,0,1908.69
501703,P10025,Yoga Mat,Sports & Outdoors,4,2026-03-27,270.08,CUST00470,Singapore,0,0,1080.32
500147,P10030,Cycling Gloves,Sports & Outdoors,4,2025-07-12,820.52,CUST00052,United States,0,0,3282.08
500662,P10035,Whiteboard Marker Set,Stationery & Office,5,2025-08-30,808.92,CUST00195,India,0,0,4044.6
501273,P10017,Formal Shirt,Apparel,4,2025-08-26,562.91,CUST00343,India,0,0,2251.64
501840,P10009,Cotton Bedsheet Set,Home & Kitchen,3,2026-02-06,1519.89,CUST00510,United States,0,0,4559.67
500050,P10031,Notebook Set,Stationery & Office,4,2025-08-08,268.52,CUST00022,India,0,0,1074.08
501539,P10026,Resistance Bands Set,Sports & Outdoors,1,2026-06-16,636.23,CUST00439,United States,0,0,636.23
500364,P10012,Storage Organizer,Home & Kitchen,2,2025-10-09,1268.9,CUST00127,United States,0,0,2537.8
501026,P10010,Insulated Water Bottle,Home & Kitchen,2,2025-10-18,396.84,CUST00286,India,0,0,793.68
500928,P10001,Wireless Earbuds,Electronics,5,2025-12-21,606.94,CUST00260,India,0,0,3034.7
502789,P10032,Gel Pen Pack,Stationery & Office,3,2026-01-12,687.3,CUST00779,United States,0,0,2061.9
501554,P10021,Lip Balm Set,Beauty & Personal Care,2,2026-03-16,652.97,CUST00440,India,0,0,1305.94
503096,P10033,Desk Organizer,Stationery & Office,1,2025-10-05,67.73,,India,1,0,67.73
503027,P10002,Bluetooth Speaker,Electronics,3,2025-03-30,2723.88,,India,1,0,8171.64
501642,P10012,Storage Organizer,Home & Kitchen,1,2025-06-05,1268.9,CUST00456,India,0,0,1268.9
502820,P10026,Resistance Bands Set,Sports & Outdoors,3,2025-02-01,636.23,CUST00784,India,0,0,1908.69
501582,P10005,Power Bank 10000mAh,Electronics,5,2025-06-18,1034.93,CUST00448,United States,0,0,5174.65
500003,P10011,Ceramic Mug Set,Home & Kitchen,1,2026-06-25,1993.94,CUST00002,Uae,0,0,1993.94
501159,P10024,Beard Trimmer,Beauty & Personal Care,3,2025-11-16,700.79,CUST00322,United States,0,0,2102.37
500122,P10024,Beard Trimmer,Beauty & Personal Care,2,2026-01-15,700.79,CUST00047,India,0,0,1401.58
501193,P10033,Desk Organizer,Stationery & Office,4,2025-10-16,67.73,CUST00324,India,0,0,270.92
502568,P10023,Hair Dryer,Beauty & Personal Care,4,2026-02-17,1018.4,CUST00731,India,0,0,4073.6
502306,P10035,Whiteboard Marker Set,Stationery & Office,5,2025-08-23,808.92,CUST00652,India,0,0,4044.6
503098,P10008,LED Desk Lamp,Home & Kitchen,3,2025-04-06,1311.15,CUST00847,India,0,0,3933.45
500161,P10030,Cycling Gloves,Sports & Outdoors,3,2025-03-24,820.52,CUST00058,India,0,0,2461.56
501558,P10003,Phone Case,Electronics,2,2025-12-24,1049.71,CUST00442,Singapore,0,0,2099.42
502999,P10032,Gel Pen Pack,Stationery & Office,5,2025-10-05,687.3,CUST00830,India,0,0,3436.5
501463,P10033,Desk Organizer,Stationery & Office,5,2025-03-26,67.73,CUST00413,Uae,0,0,338.65
501083,P10003,Phone Case,Electronics,2,2025-08-13,1049.71,CUST00300,India,0,0,2099.42
502974,P10022,Sunscreen SPF50,Beauty & Personal Care,2,2025-05-21,514.51,CUST00830,India,0,0,1029.02
502985,P10001,Wireless Earbuds,Electronics,3,2025-06-13,606.94,CUST00830,India,0,0,1820.82
501041,P10006,Smartwatch Band,Electronics,4,2025-10-13,990.13,CUST00291,India,0,0,3960.52
500097,P10029,Badminton Racket,Sports & Outdoors,2,2026-01-21,274.87,CUST00039,United Kingdom,0,0,549.74
500433,P10006,Smartwatch Band,Electronics,4,2026-06-25,990.13,CUST00140,Singapore,0,0,3960.52
502739,P10010,Insulated Water Bottle,Home & Kitchen,4,2026-03-12,396.84,CUST00770,Germany,0,0,1587.36
501355,P10026,Resistance Bands Set,Sports & Outdoors,4,2025-01-21,636.23,CUST00365,Uae,0,0,2544.92
501093,P10023,Hair Dryer,Beauty & Personal Care,2,2025-02-04,1018.4,CUST00305,United States,0,0,2036.8
502135,P10002,Bluetooth Speaker,Electronics,3,2026-02-05,2723.88,CUST00581,India,0,0,8171.64
500760,P10031,Notebook Set,Stationery & Office,3,2025-08-27,268.52,CUST00216,India,0,0,805.56
500722,P10020,Herbal Shampoo,Beauty & Personal Care,3,2025-10-28,1426.26,CUST00203,India,0,0,4278.78
501480,P10029,Badminton Racket,Sports & Outdoors,4,2025-04-08,274.87,CUST00418,India,0,0,1099.48
500445,P10006,Smartwatch Band,Electronics,4,2026-06-01,990.13,CUST00144,India,0,0,3960.52
501482,P10004,USB-C Cable,Electronics,5,2025-01-18,3182.97,CUST00419,United Kingdom,0,0,15914.85
501051,P10022,Sunscreen SPF50,Beauty & Personal Care,3,2025-03-17,514.51,CUST00295,India,0,0,1543.53
502102,P10014,Denim Jacket,Apparel,4,2025-03-06,1048.3,CUST00579,India,0,0,4193.2
500045,P10021,Lip Balm Set,Beauty & Personal Care,4,2026-06-08,652.97,,India,1,0,2611.88
502543,P10016,Wool Sweater,Apparel,3,2026-04-08,1250.39,CUST00725,United Kingdom,0,0,3751.17
500699,P10003,Phone Case,Electronics,4,2026-01-22,1049.71,CUST00203,India,0,0,4198.84
502819,P10029,Badminton Racket,Sports & Outdoors,2,2026-04-15,274.87,CUST00784,India,0,0,549.74
500704,P10006,Smartwatch Band,Electronics,1,2025-07-24,990.13,CUST00203,India,0,0,990.13
502586,P10011,Ceramic Mug Set,Home & Kitchen,1,2025-05-31,1993.94,CUST00731,India,0,0,1993.94
501785,P10006,Smartwatch Band,Electronics,3,2026-05-13,990.13,CUST00494,India,0,0,2970.39
500369,P10006,Smartwatch Band,Electronics,3,2026-01-08,990.13,CUST00129,India,0,0,2970.39
500010,P10012,Storage Organizer,Home & Kitchen,1,2025-12-10,1268.9,CUST00006,India,0,0,1268.9
501790,P10018,Yoga Pants,Apparel,3,2025-12-18,608.28,CUST00497,United Kingdom,0,0,1824.84
502733,P10004,USB-C Cable,Electronics,5,2025-05-09,3182.97,CUST00769,India,0,0,15914.85
501865,P10021,Lip Balm Set,Beauty & Personal Care,1,2025-04-18,652.97,CUST00522,India,0,0,652.97
500560,P10003,Phone Case,Electronics,5,2026-03-10,1049.71,CUST00171,United Kingdom,0,0,5248.55
501242,P10031,Notebook Set,Stationery & Office,5,2026-05-25,268.52,CUST00338,United States,0,0,1342.6
500423,P10001,Wireless Earbuds,Electronics,4,2026-01-24,606.94,CUST00139,India,0,0,2427.76
502050,P10007,Non-Stick Pan,Home & Kitchen,4,2025-01-12,331.24,CUST00568,India,0,0,1324.96
500392,P10032,Gel Pen Pack,Stationery & Office,1,2025-04-30,687.3,CUST00135,Uae,0,0,687.3
501024,P10030,Cycling Gloves,Sports & Outdoors,4,2025-08-28,820.52,CUST00286,India,0,0,3282.08
502252,P10013,Cotton T-Shirt,Apparel,4,2026-03-03,1190.46,,United States,1,0,4761.84
502274,P10033,Desk Organizer,Stationery & Office,2,2026-02-04,67.73,CUST00636,India,0,0,135.46
502778,P10026,Resistance Bands Set,Sports & Outdoors,4,2026-02-09,636.23,CUST00779,United States,0,0,2544.92
502967,P10031,Notebook Set,Stationery & Office,2,2025-08-10,268.52,CUST00830,India,0,0,537.04
501157,P10032,Gel Pen Pack,Stationery & Office,2,2025-06-29,687.3,CUST00321,India,0,0,1374.6
500904,P10021,Lip Balm Set,Beauty & Personal Care,3,2026-02-14,652.97,CUST00249,Singapore,0,0,1958.91
502971,P10026,Resistance Bands Set,Sports & Outdoors,3,2025-12-30,636.23,CUST00830,India,0,0,1908.69
500517,P10023,Hair Dryer,Beauty & Personal Care,4,2026-01-24,1018.4,CUST00169,India,0,0,4073.6
501851,P10019,Face Serum,Beauty & Personal Care,4,2026-05-04,1312.41,CUST00517,India,0,0,5249.64
500962,P10023,Hair Dryer,Beauty & Personal Care,4,2025-12-12,1018.4,CUST00268,United States,0,0,4073.6
501769,P10026,Resistance Bands Set,Sports & Outdoors,1,2026-05-13,636.23,CUST00487,India,0,0,636.23
501895,P10032,Gel Pen Pack,Stationery & Office,4,2025-03-20,687.3,CUST00534,United Kingdom,0,0,2749.2
502126,P10032,Gel Pen Pack,Stationery & Office,3,2025-05-17,687.3,CUST00581,India,0,0,2061.9
502824,P10035,Whiteboard Marker Set,Stationery & Office,5,2025-11-15,808.92,CUST00786,Uae,0,0,4044.6
501117,P10012,Storage Organizer,Home & Kitchen,5,2026-05-01,1268.9,CUST00311,India,0,0,6344.5
501616,P10010,Insulated Water Bottle,Home & Kitchen,5,2026-03-27,396.84,CUST00449,India,0,0,1984.2
502915,P10011,Ceramic Mug Set,Home & Kitchen,4,2025-04-01,1993.94,CUST00813,India,0,0,7975.76
501807,P10030,Cycling Gloves,Sports & Outdoors,5,2026-04-25,820.52,CUST00499,Singapore,0,0,4102.6
501895,P10019,Face Serum,Beauty & Personal Care,1,2025-03-20,1312.41,CUST00534,United Kingdom,0,0,1312.41
501886,P10006,Smartwatch Band,Electronics,2,2025-06-04,990.13,CUST00530,Germany,0,0,1980.26
502753,P10024,Beard Trimmer,Beauty & Personal Care,1,2025-12-15,700.79,CUST00777,India,0,0,700.79
500872,P10016,Wool Sweater,Apparel,1,2025-07-06,1250.39,CUST00236,United States,0,0,1250.39
500446,P10033,Desk Organizer,Stationery & Office,3,2025-04-15,67.73,CUST00144,India,0,0,203.19
501895,P10021,Lip Balm Set,Beauty & Personal Care,4,2025-03-20,652.97,,United Kingdom,1,0,2611.88
501011,P10027,Water Bottle Sipper,Sports & Outdoors,4,2025-03-15,2203.72,,India,1,0,8814.88
500336,P10013,Cotton T-Shirt,Apparel,4,2026-01-15,1190.46,CUST00126,India,0,0,4761.84
502792,P10029,Badminton Racket,Sports & Outdoors,3,2025-02-10,274.87,CUST00779,United States,0,0,824.61
500284,P10033,Desk Organizer,Stationery & Office,4,2025-06-23,67.73,CUST00113,Uae,0,0,270.92
501910,P10019,Face Serum,Beauty & Personal Care,5,2026-05-23,1312.41,CUST00539,India,0,0,6562.05
502917,P10024,Beard Trimmer,Beauty & Personal Care,4,2025-01-26,700.79,CUST00813,India,0,0,2803.16
502828,P10023,Hair Dryer,Beauty & Personal Care,3,2025-03-05,1018.4,CUST00786,Uae,0,0,3055.2
501142,P10021,Lip Balm Set,Beauty & Personal Care,1,2026-01-28,652.97,CUST00313,India,0,0,652.97
500214,P10005,Power Bank 10000mAh,Electronics,3,2025-06-14,1034.93,CUST00083,India,0,0,3104.79
500934,P10015,Running Shoes,Apparel,4,2026-05-22,980.3,CUST00261,United Kingdom,0,0,3921.2
502799,P10023,Hair Dryer,Beauty & Personal Care,2,2026-01-29,1018.4,CUST00779,United States,0,0,2036.8
502173,P10011,Ceramic Mug Set,Home & Kitchen,3,2025-07-31,1993.94,CUST00592,United Kingdom,0,0,5981.82
501328,P10020,Herbal Shampoo,Beauty & Personal Care,3,2025-09-30,1426.26,CUST00357,India,0,0,4278.78
502396,P10026,Resistance Bands Set,Sports & Outdoors,5,2025-06-19,636.23,CUST00681,United States,0,0,3181.15
501176,P10008,LED Desk Lamp,Home & Kitchen,1,2025-07-28,1311.15,CUST00324,India,0,0,1311.15
500895,P10015,Running Shoes,Apparel,2,2025-04-05,980.3,CUST00245,India,0,0,1960.6
501644,P10008,LED Desk Lamp,Home & Kitchen,3,2025-11-23,1311.15,CUST00457,India,0,0,3933.45
503000,P10035,Whiteboard Marker Set,Stationery & Office,4,2025-04-29,808.92,CUST00830,India,0,0,3235.68
501046,P10034,Sticky Notes Pack,Stationery & Office,2,2026-01-15,147.9,CUST00294,India,0,0,295.8
501381,P10021,Lip Balm Set,Beauty & Personal Care,5,2025-01-29,652.97,,United Kingdom,1,0,3264.85
502490,P10021,Lip Balm Set,Beauty & Personal Care,1,2026-04-22,652.97,CUST00706,Singapore,0,0,652.97
502766,P10036,Backpack,Stationery & Office,1,2025-12-06,218.62,,United States,1,0,218.62
500212,P10006,Smartwatch Band,Electronics,1,2025-10-21,990.13,CUST00082,United Kingdom,0,0,990.13
501280,P10034,Sticky Notes Pack,Stationery & Office,3,2025-05-24,147.9,CUST00345,India,0,0,443.7
501056,P10002,Bluetooth Speaker,Electronics,4,2025-10-14,2723.88,CUST00295,India,0,0,10895.52
501287,P10032,Gel Pen Pack,Stationery & Office,5,2026-02-19,687.3,CUST00346,United Kingdom,0,0,3436.5
501306,P10036,Backpack,Stationery & Office,4,2025-05-23,218.62,CUST00353,United Kingdom,0,0,874.48
500932,P10028,Camping Torch,Sports & Outdoors,3,2026-01-16,2043.99,CUST00260,India,0,0,6131.97
501394,P10025,Yoga Mat,Sports & Outdoors,2,2025-11-28,270.08,CUST00387,India,0,0,540.16
500854,P10030,Cycling Gloves,Sports & Outdoors,3,2025-08-07,820.52,CUST00232,India,0,0,2461.56
501454,P10033,Desk Organizer,Stationery & Office,4,2026-04-20,67.73,CUST00408,India,0,0,270.92
500058,P10032,Gel Pen Pack,Stationery & Office,4,2026-04-21,687.3,CUST00028,India,0,0,2749.2
502882,P10025,Yoga Mat,Sports & Outdoors,4,2026-06-04,270.08,CUST00800,Uae,0,0,1080.32
502413,P10028,Camping Torch,Sports & Outdoors,2,2026-03-22,2043.99,CUST00690,India,0,0,4087.98
503069,P10016,Wool Sweater,Apparel,-3,2025-07-22,1250.39,CUST00842,United Kingdom,0,1,-3751.17
503022,P10014,Denim Jacket,Apparel,1,2025-02-14,1048.3,CUST00833,India,0,0,1048.3
501676,P10004,USB-C Cable,Electronics,1,2026-01-15,3182.97,CUST00463,United States,0,0,3182.97
501013,P10004,USB-C Cable,Electronics,4,2025-10-08,3182.97,CUST00286,India,0,0,12731.88
502452,P10022,Sunscreen SPF50,Beauty & Personal Care,2,2025-04-17,514.51,CUST00699,India,0,0,1029.02
501678,P10027,Water Bottle Sipper,Sports & Outdoors,1,2026-06-25,2203.72,CUST00463,United States,0,0,2203.72
500175,P10016,Wool Sweater,Apparel,4,2025-02-18,1250.39,CUST00063,Germany,0,0,5001.56
500251,P10004,USB-C Cable,Electronics,4,2026-06-18,3182.97,CUST00100,India,0,0,12731.88
500115,P10008,LED Desk Lamp,Home & Kitchen,1,2026-06-18,1311.15,CUST00047,India,0,0,1311.15
502874,P10008,LED Desk Lamp,Home & Kitchen,1,2025-09-19,1311.15,CUST00798,United Kingdom,0,0,1311.15
500861,P10012,Storage Organizer,Home & Kitchen,5,2025-06-23,1268.9,CUST00235,India,0,0,6344.5
501447,P10015,Running Shoes,Apparel,4,2025-03-01,980.3,,Germany,1,0,3921.2
502296,P10005,Power Bank 10000mAh,Electronics,4,2026-04-14,1034.93,CUST00646,Germany,0,0,4139.72
501668,P10002,Bluetooth Speaker,Electronics,1,2025-08-09,2723.88,CUST00463,United States,0,0,2723.88
502394,P10032,Gel Pen Pack,Stationery & Office,1,2025-02-01,687.3,CUST00680,Germany,0,0,687.3
501774,P10030,Cycling Gloves,Sports & Outdoors,2,2025-10-28,820.52,CUST00489,Uae,0,0,1641.04
502804,P10031,Notebook Set,Stationery & Office,-3,2025-06-07,268.52,CUST00780,United Kingdom,0,1,-805.56
501838,P10005,Power Bank 10000mAh,Electronics,3,2026-05-11,1034.93,CUST00510,United States,0,0,3104.79
501479,P10028,Camping Torch,Sports & Outdoors,4,2025-12-26,2043.99,CUST00418,India,0,0,8175.96
501174,P10010,Insulated Water Bottle,Home & Kitchen,3,2025-09-01,396.84,CUST00324,India,0,0,1190.52
501745,P10016,Wool Sweater,Apparel,4,2025-08-05,1250.39,CUST00482,United Kingdom,0,0,5001.56
500032,P10030,Cycling Gloves,Sports & Outdoors,1,2025-01-26,820.52,CUST00014,India,0,0,820.52
502508,P10007,Non-Stick Pan,Home & Kitchen,4,2026-04-10,331.24,CUST00709,India,0,0,1324.96
503012,P10030,Cycling Gloves,Sports & Outdoors,5,2025-12-06,820.52,CUST00833,India,0,0,4102.6
501357,P10017,Formal Shirt,Apparel,3,2026-04-18,562.91,CUST00366,India,0,0,1688.73
500024,P10036,Backpack,Stationery & Office,3,2026-06-18,218.62,CUST00012,Singapore,0,0,655.86
500457,P10028,Camping Torch,Sports & Outdoors,5,2025-06-29,2043.99,CUST00150,India,0,0,10219.95
501757,P10008,LED Desk Lamp,Home & Kitchen,3,2025-05-23,1311.15,CUST00485,United Kingdom,0,0,3933.45
500765,P10015,Running Shoes,Apparel,2,2025-02-22,980.3,CUST00216,India,0,0,1960.6
500758,P10027,Water Bottle Sipper,Sports & Outdoors,1,2025-06-11,2203.72,CUST00216,India,0,0,2203.72
502010,P10013,Cotton T-Shirt,Apparel,3,2026-01-21,1190.46,CUST00559,United States,0,0,3571.38
500413,P10024,Beard Trimmer,Beauty & Personal Care,2,2025-05-07,700.79,CUST00138,United States,0,0,1401.58
501776,P10030,Cycling Gloves,Sports & Outdoors,3,2026-05-23,820.52,CUST00490,Germany,0,0,2461.56
502574,P10018,Yoga Pants,Apparel,1,2026-06-20,608.28,CUST00731,India,0,0,608.28
501114,P10030,Cycling Gloves,Sports & Outdoors,4,2025-09-21,820.52,CUST00311,India,0,0,3282.08
502528,P10015,Running Shoes,Apparel,-2,2025-09-30,980.3,CUST00720,United States,0,1,-1960.6
500991,P10027,Water Bottle Sipper,Sports & Outdoors,5,2026-02-22,2203.72,,United Kingdom,1,0,11018.6
502567,P10025,Yoga Mat,Sports & Outdoors,2,2025-07-20,270.08,CUST00731,India,0,0,540.16
500023,P10032,Gel Pen Pack,Stationery & Office,1,2026-01-30,687.3,CUST00011,India,0,0,687.3
501165,P10021,Lip Balm Set,Beauty & Personal Care,1,2025-08-22,652.97,CUST00324,India,0,0,652.97
502730,P10022,Sunscreen SPF50,Beauty & Personal Care,5,2026-06-23,514.51,CUST00766,United Kingdom,0,0,2572.55
501340,P10023,Hair Dryer,Beauty & Personal Care,1,2025-02-03,1018.4,CUST00361,India,0,0,1018.4
503037,P10001,Wireless Earbuds,Electronics,1,2025-01-15,606.94,CUST00838,India,0,0,606.94
502812,P10008,LED Desk Lamp,Home & Kitchen,5,2025-10-24,1311.15,CUST00782,India,0,0,6555.75
502583,P10033,Desk Organizer,Stationery & Office,5,2026-03-22,67.73,CUST00731,India,0,0,338.65
502884,P10006,Smartwatch Band,Electronics,3,2026-02-17,990.13,CUST00801,United States,0,0,2970.39
502542,P10013,Cotton T-Shirt,Apparel,2,2025-09-29,1190.46,CUST00725,United Kingdom,0,0,2380.92
502464,P10006,Smartwatch Band,Electronics,4,2025-10-09,990.13,CUST00704,India,0,0,3960.52
501071,P10020,Herbal Shampoo,Beauty & Personal Care,1,2025-03-08,1426.26,CUST00298,India,0,0,1426.26
502033,P10001,Wireless Earbuds,Electronics,4,2025-04-23,606.94,CUST00563,India,0,0,2427.76
500236,P10007,Non-Stick Pan,Home & Kitchen,1,2026-02-01,331.24,CUST00092,United States,0,0,331.24
500984,P10002,Bluetooth Speaker,Electronics,4,2025-05-27,2723.88,CUST00275,India,0,0,10895.52
501503,P10013,Cotton T-Shirt,Apparel,-4,2026-01-27,1190.46,CUST00426,India,0,1,-4761.84
502494,P10006,Smartwatch Band,Electronics,4,2025-11-25,990.13,CUST00706,Singapore,0,0,3960.52
500440,P10006,Smartwatch Band,Electronics,2,2026-02-20,990.13,CUST00142,India,0,0,1980.26
502105,P10022,Sunscreen SPF50,Beauty & Personal Care,3,2025-05-28,514.51,CUST00579,India,0,0,1543.53
502335,P10002,Bluetooth Speaker,Electronics,4,2025-12-29,2723.88,CUST00661,India,0,0,10895.52
502327,P10015,Running Shoes,Apparel,1,2025-04-20,980.3,CUST00659,United Kingdom,0,0,980.3
502665,P10026,Resistance Bands Set,Sports & Outdoors,1,2025-08-04,636.23,CUST00753,United Kingdom,0,0,636.23
502761,P10004,USB-C Cable,Electronics,5,2025-09-25,3182.97,CUST00778,United States,0,0,15914.85
501846,P10033,Desk Organizer,Stationery & Office,2,2025-08-06,67.73,CUST00514,Germany,0,0,135.46
502026,P10026,Resistance Bands Set,Sports & Outdoors,5,2025-05-10,636.23,CUST00563,India,0,0,3181.15
503063,P10008,LED Desk Lamp,Home & Kitchen,1,2025-02-26,1311.15,CUST00842,United Kingdom,0,0,1311.15
501450,P10031,Notebook Set,Stationery & Office,1,2025-08-26,268.52,CUST00407,India,0,0,268.52
501064,P10028,Camping Torch,Sports & Outdoors,4,2026-04-06,2043.99,CUST00297,United States,0,0,8175.96
500721,P10025,Yoga Mat,Sports & Outdoors,3,2026-03-29,270.08,CUST00203,India,0,0,810.24
502087,P10025,Yoga Mat,Sports & Outdoors,2,2026-01-07,270.08,CUST00579,India,0,0,540.16
500721,P10004,USB-C Cable,Electronics,2,2026-03-29,3182.97,CUST00203,India,0,0,6365.94
500417,P10021,Lip Balm Set,Beauty & Personal Care,4,2025-10-03,652.97,,United States,1,0,2611.88
500690,P10014,Denim Jacket,Apparel,5,2025-12-10,1048.3,CUST00203,India,0,0,5241.5
501439,P10035,Whiteboard Marker Set,Stationery & Office,3,2025-05-09,808.92,CUST00397,Germany,0,0,2426.76
500162,P10013,Cotton T-Shirt,Apparel,4,2025-02-17,1190.46,CUST00059,India,0,0,4761.84
500455,P10027,Water Bottle Sipper,Sports & Outdoors,1,2025-06-03,2203.72,CUST00149,India,0,0,2203.72
501528,P10016,Wool Sweater,Apparel,4,2026-03-23,1250.39,CUST00437,India,0,0,5001.56
501590,P10029,Badminton Racket,Sports & Outdoors,2,2025-01-25,274.87,CUST00448,United States,0,0,549.74
501579,P10004,USB-C Cable,Electronics,5,2026-06-16,3182.97,CUST00448,United States,0,0,15914.85
502760,P10017,Formal Shirt,Apparel,4,2025-10-02,562.91,CUST00777,India,0,0,2251.64
501490,P10008,LED Desk Lamp,Home & Kitchen,4,2025-10-19,1311.15,CUST00421,United States,0,0,5244.6
500164,P10024,Beard Trimmer,Beauty & Personal Care,4,2025-10-12,700.79,CUST00061,India,0,0,2803.16
500130,P10006,Smartwatch Band,Electronics,4,2025-03-22,990.13,CUST00047,India,0,0,3960.52
502658,P10022,Sunscreen SPF50,Beauty & Personal Care,3,2025-10-15,514.51,CUST00753,United Kingdom,0,0,1543.53
502339,P10009,Cotton Bedsheet Set,Home & Kitchen,4,2026-04-12,1519.89,CUST00663,United Kingdom,0,0,6079.56
500493,P10016,Wool Sweater,Apparel,1,2026-01-01,1250.39,CUST00165,India,0,0,1250.39
502659,P10021,Lip Balm Set,Beauty & Personal Care,2,2026-05-25,652.97,CUST00753,United Kingdom,0,0,1305.94
501437,P10035,Whiteboard Marker Set,Stationery & Office,2,2025-11-22,808.92,,Uae,1,0,1617.84
502831,P10023,Hair Dryer,Beauty & Personal Care,4,2025-09-23,1018.4,CUST00787,United Kingdom,0,0,4073.6
502984,P10013,Cotton T-Shirt,Apparel,1,2026-04-24,1190.46,CUST00830,India,0,0,1190.46
502506,P10012,Storage Organizer,Home & Kitchen,1,2025-12-07,1268.9,CUST00707,India,0,0,1268.9
501502,P10013,Cotton T-Shirt,Apparel,2,2026-03-04,1190.46,CUST00425,India,0,0,2380.92
500312,P10029,Badminton Racket,Sports & Outdoors,5,2025-01-08,274.87,CUST00120,India,0,0,1374.35
502293,P10005,Power Bank 10000mAh,Electronics,5,2026-04-03,1034.93,CUST00644,India,0,0,5174.65
502548,P10005,Power Bank 10000mAh,Electronics,3,2026-06-21,1034.93,CUST00728,United States,0,0,3104.79
500326,P10031,Notebook Set,Stationery & Office,4,2026-05-20,268.52,CUST00126,India,0,0,1074.08
502584,P10031,Notebook Set,Stationery & Office,4,2026-06-12,268.52,CUST00731,India,0,0,1074.08
501992,P10006,Smartwatch Band,Electronics,2,2025-10-03,990.13,CUST00555,Germany,0,0,1980.26
502247,P10006,Smartwatch Band,Electronics,3,2025-08-01,990.13,CUST00627,India,0,0,2970.39
500967,P10007,Non-Stick Pan,Home & Kitchen,4,2025-11-01,331.24,CUST00270,India,0,0,1324.96
500056,P10002,Bluetooth Speaker,Electronics,3,2026-06-07,2723.88,CUST00027,India,0,0,8171.64
501769,P10012,Storage Organizer,Home & Kitchen,3,2026-05-13,1268.9,CUST00487,India,0,0,3806.7
502185,P10002,Bluetooth Speaker,Electronics,5,2025-07-15,2723.88,CUST00597,United Kingdom,0,0,13619.4
501394,P10013,Cotton T-Shirt,Apparel,3,2025-11-28,1190.46,CUST00387,India,0,0,3571.38
500054,P10011,Ceramic Mug Set,Home & Kitchen,2,2026-02-17,1993.94,CUST00025,India,0,0,3987.88
501516,P10030,Cycling Gloves,Sports & Outdoors,1,2025-09-22,820.52,CUST00429,India,0,0,820.52
502164,P10028,Camping Torch,Sports & Outdoors,1,2025-05-30,2043.99,CUST00588,India,0,0,2043.99
503081,P10033,Desk Organizer,Stationery & Office,5,2025-04-22,67.73,CUST00842,United Kingdom,0,0,338.65
500689,P10031,Notebook Set,Stationery & Office,5,2026-02-03,268.52,CUST00203,India,0,0,1342.6
500004,P10019,Face Serum,Beauty & Personal Care,2,2026-02-04,1312.41,CUST00003,United States,0,0,2624.82
500360,P10008,LED Desk Lamp,Home & Kitchen,1,2025-03-04,1311.15,CUST00127,United States,0,0,1311.15
503026,P10009,Cotton Bedsheet Set,Home & Kitchen,4,2025-01-29,1519.89,CUST00833,India,0,0,6079.56
502723,P10023,Hair Dryer,Beauty & Personal Care,4,2026-02-09,1018.4,CUST00763,India,0,0,4073.6
501421,P10028,Camping Torch,Sports & Outdoors,4,2025-03-09,2043.99,CUST00392,India,0,0,8175.96
500058,P10035,Whiteboard Marker Set,Stationery & Office,1,2026-04-21,808.92,,India,1,0,808.92
501871,P10031,Notebook Set,Stationery & Office,1,2025-02-20,268.52,CUST00524,Germany,0,0,268.52
500543,P10011,Ceramic Mug Set,Home & Kitchen,4,2025-04-07,1993.94,CUST00169,India,0,0,7975.76
502196,P10021,Lip Balm Set,Beauty & Personal Care,5,2025-09-22,652.97,CUST00605,India,0,0,3264.85
501821,P10021,Lip Balm Set,Beauty & Personal Care,4,2025-04-07,652.97,CUST00503,India,0,0,2611.88
501631,P10029,Badminton Racket,Sports & Outdoors,4,2026-02-22,274.87,CUST00449,India,0,0,1099.48
501339,P10010,Insulated Water Bottle,Home & Kitchen,5,2025-09-02,396.84,CUST00360,United Kingdom,0,0,1984.2
501621,P10033,Desk Organizer,Stationery & Office,3,2026-04-27,67.73,CUST00449,India,0,0,203.19
502420,P10007,Non-Stick Pan,Home & Kitchen,3,2025-10-23,331.24,CUST00694,India,0,0,993.72
502718,P10009,Cotton Bedsheet Set,Home & Kitchen,1,2025-11-08,1519.89,CUST00762,India,0,0,1519.89
502111,P10007,Non-Stick Pan,Home & Kitchen,1,2025-03-29,331.24,CUST00579,India,0,0,331.24
501030,P10017,Formal Shirt,Apparel,5,2026-01-17,562.91,CUST00286,India,0,0,2814.55
502314,P10005,Power Bank 10000mAh,Electronics,4,2026-04-02,1034.93,CUST00657,India,0,0,4139.72
501196,P10011,Ceramic Mug Set,Home & Kitchen,2,2026-02-07,1993.94,CUST00324,India,0,0,3987.88
502890,P10030,Cycling Gloves,Sports & Outdoors,-3,2025-02-08,820.52,CUST00801,United States,0,1,-2461.56
500960,P10020,Herbal Shampoo,Beauty & Personal Care,3,2026-02-09,1426.26,CUST00267,United Kingdom,0,0,4278.78
502999,P10002,Bluetooth Speaker,Electronics,1,2025-10-05,2723.88,CUST00830,India,0,0,2723.88
500519,P10023,Hair Dryer,Beauty & Personal Care,3,2025-11-24,1018.4,CUST00169,India,0,0,3055.2
502010,P10034,Sticky Notes Pack,Stationery & Office,-4,2026-01-21,147.9,CUST00559,United States,0,1,-591.6
500059,P10007,Non-Stick Pan,Home & Kitchen,1,2025-11-29,331.24,CUST00029,United Kingdom,0,0,331.24
502267,P10007,Non-Stick Pan,Home & Kitchen,4,2025-02-13,331.24,CUST00634,India,0,0,1324.96
502548,P10024,Beard Trimmer,Beauty & Personal Care,1,2026-06-21,700.79,CUST00728,United States,0,0,700.79
500899,P10021,Lip Balm Set,Beauty & Personal Care,5,2025-09-28,652.97,CUST00246,Uae,0,0,3264.85
502957,P10011,Ceramic Mug Set,Home & Kitchen,1,2025-05-22,1993.94,CUST00828,India,0,0,1993.94
500295,P10033,Desk Organizer,Stationery & Office,-5,2025-08-18,67.73,CUST00114,United States,0,1,-338.65
500335,P10005,Power Bank 10000mAh,Electronics,1,2025-03-20,1034.93,CUST00126,India,0,0,1034.93
501367,P10023,Hair Dryer,Beauty & Personal Care,4,2025-06-19,1018.4,CUST00373,India,0,0,4073.6
501281,P10021,Lip Balm Set,Beauty & Personal Care,1,2025-06-11,652.97,CUST00345,India,0,0,652.97
502422,P10004,USB-C Cable,Electronics,5,2025-12-01,3182.97,CUST00696,United Kingdom,0,0,15914.85
501653,P10010,Insulated Water Bottle,Home & Kitchen,1,2026-04-23,396.84,CUST00459,India,0,0,396.84
502381,P10002,Bluetooth Speaker,Electronics,5,2025-12-13,2723.88,CUST00674,India,0,0,13619.4
501844,P10014,Denim Jacket,Apparel,5,2025-12-29,1048.3,CUST00513,Uae,0,0,5241.5
502516,P10026,Resistance Bands Set,Sports & Outdoors,5,2025-06-10,636.23,CUST00714,India,0,0,3181.15
500528,P10027,Water Bottle Sipper,Sports & Outdoors,3,2026-02-08,2203.72,CUST00169,India,0,0,6611.16
503075,P10012,Storage Organizer,Home & Kitchen,5,2025-03-15,1268.9,CUST00842,United Kingdom,0,0,6344.5
502349,P10020,Herbal Shampoo,Beauty & Personal Care,5,2025-02-07,1426.26,CUST00665,India,0,0,7131.3
500595,P10027,Water Bottle Sipper,Sports & Outdoors,3,2026-02-27,2203.72,CUST00176,India,0,0,6611.16
502380,P10034,Sticky Notes Pack,Stationery & Office,1,2025-03-20,147.9,CUST00674,India,0,0,147.9
500299,P10007,Non-Stick Pan,Home & Kitchen,4,2026-01-02,331.24,CUST00117,United States,0,0,1324.96
500780,P10020,Herbal Shampoo,Beauty & Personal Care,1,2025-01-13,1426.26,CUST00218,United States,0,0,1426.26
502870,P10001,Wireless Earbuds,Electronics,5,2025-01-17,606.94,CUST00796,Germany,0,0,3034.7
501457,P10022,Sunscreen SPF50,Beauty & Personal Care,5,2026-01-25,514.51,CUST00409,Uae,0,0,2572.55
502969,P10008,LED Desk Lamp,Home & Kitchen,4,2026-01-04,1311.15,CUST00830,India,0,0,5244.6
503089,P10034,Sticky Notes Pack,Stationery & Office,5,2025-03-22,147.9,CUST00843,India,0,0,739.5
501630,P10022,Sunscreen SPF50,Beauty & Personal Care,1,2025-10-03,514.51,CUST00449,India,0,0,514.51
501816,P10030,Cycling Gloves,Sports & Outdoors,3,2025-12-18,820.52,CUST00503,India,0,0,2461.56
502026,P10030,Cycling Gloves,Sports & Outdoors,-2,2025-05-10,820.52,CUST00563,India,0,1,-1641.04
500911,P10013,Cotton T-Shirt,Apparel,3,2025-10-17,1190.46,CUST00252,India,0,0,3571.38
502033,P10008,LED Desk Lamp,Home & Kitchen,2,2025-04-23,1311.15,CUST00563,India,0,0,2622.3
500495,P10004,USB-C Cable,Electronics,1,2025-06-06,3182.97,CUST00165,India,0,0,3182.97
501784,P10013,Cotton T-Shirt,Apparel,4,2026-03-20,1190.46,CUST00493,India,0,0,4761.84
501100,P10022,Sunscreen SPF50,Beauty & Personal Care,2,2025-03-17,514.51,CUST00310,India,0,0,1029.02
502907,P10012,Storage Organizer,Home & Kitchen,4,2025-04-30,1268.9,CUST00813,India,0,0,5075.6
501755,P10035,Whiteboard Marker Set,Stationery & Office,4,2025-06-30,808.92,CUST00485,United Kingdom,0,0,3235.68
502352,P10021,Lip Balm Set,Beauty & Personal Care,1,2026-01-16,652.97,CUST00665,India,0,0,652.97
502762,P10017,Formal Shirt,Apparel,2,2026-02-12,562.91,CUST00778,United States,0,0,1125.82
501241,P10015,Running Shoes,Apparel,4,2025-03-02,980.3,CUST00338,United States,0,0,3921.2
501388,P10004,USB-C Cable,Electronics,5,2026-05-31,3182.97,CUST00386,United States,0,0,15914.85
501821,P10032,Gel Pen Pack,Stationery & Office,1,2025-04-07,687.3,CUST00503,India,0,0,687.3
502068,P10023,Hair Dryer,Beauty & Personal Care,1,2025-09-10,1018.4,CUST00574,United Kingdom,0,0,1018.4
501635,P10001,Wireless Earbuds,Electronics,5,2026-01-03,606.94,CUST00451,United States,0,0,3034.7
501126,P10008,LED Desk Lamp,Home & Kitchen,5,2025-05-19,1311.15,CUST00312,India,0,0,6555.75
501868,P10012,Storage Organizer,Home & Kitchen,3,2025-06-22,1268.9,CUST00523,Singapore,0,0,3806.7
502988,P10018,Yoga Pants,Apparel,5,2025-01-27,608.28,CUST00830,India,0,0,3041.4
503013,P10024,Beard Trimmer,Beauty & Personal Care,5,2025-11-30,700.79,CUST00833,India,0,0,3503.95
501379,P10009,Cotton Bedsheet Set,Home & Kitchen,-4,2025-02-19,1519.89,CUST00381,India,0,1,-6079.56
501170,P10008,LED Desk Lamp,Home & Kitchen,3,2025-03-10,1311.15,CUST00324,India,0,0,3933.45
501764,P10033,Desk Organizer,Stationery & Office,5,2025-02-21,67.73,CUST00485,United Kingdom,0,0,338.65
502441,P10003,Phone Case,Electronics,4,2026-06-23,1049.71,CUST00699,India,0,0,4198.84
501547,P10007,Non-Stick Pan,Home & Kitchen,2,2025-05-29,331.24,CUST00439,United States,0,0,662.48
502962,P10001,Wireless Earbuds,Electronics,5,2026-03-18,606.94,CUST00830,India,0,0,3034.7
502391,P10024,Beard Trimmer,Beauty & Personal Care,4,2025-05-04,700.79,,Singapore,1,0,2803.16
501225,P10019,Face Serum,Beauty & Personal Care,-1,2026-05-13,1312.41,CUST00335,India,0,1,-1312.41
501264,P10014,Denim Jacket,Apparel,3,2026-01-30,1048.3,CUST00343,India,0,0,3144.9
501189,P10006,Smartwatch Band,Electronics,1,2026-06-29,990.13,CUST00324,India,0,0,990.13
500886,P10031,Notebook Set,Stationery & Office,2,2026-03-27,268.52,CUST00238,India,0,0,537.04
501210,P10024,Beard Trimmer,Beauty & Personal Care,1,2025-09-17,700.79,CUST00328,United Kingdom,0,0,700.79
501167,P10020,Herbal Shampoo,Beauty & Personal Care,-3,2026-05-22,1426.26,CUST00324,India,0,1,-4278.78
502392,P10016,Wool Sweater,Apparel,5,2025-08-05,1250.39,CUST00679,Singapore,0,0,6251.95
501665,P10012,Storage Organizer,Home & Kitchen,3,2025-04-25,1268.9,CUST00463,United States,0,0,3806.7
500169,P10024,Beard Trimmer,Beauty & Personal Care,4,2025-06-10,700.79,CUST00062,India,0,0,2803.16
501887,P10015,Running Shoes,Apparel,3,2025-05-20,980.3,CUST00530,Germany,0,0,2940.9
500127,P10023,Hair Dryer,Beauty & Personal Care,1,2026-04-26,1018.4,CUST00047,India,0,0,1018.4
500439,P10020,Herbal Shampoo,Beauty & Personal Care,2,2025-09-20,1426.26,CUST00142,India,0,0,2852.52
502940,P10028,Camping Torch,Sports & Outdoors,3,2026-05-31,2043.99,CUST00818,India,0,0,6131.97
502967,P10025,Yoga Mat,Sports & Outdoors,5,2025-08-10,270.08,CUST00830,India,0,0,1350.4
500194,P10035,Whiteboard Marker Set,Stationery & Office,4,2025-08-16,808.92,CUST00070,Singapore,0,0,3235.68
500410,P10023,Hair Dryer,Beauty & Personal Care,5,2025-07-09,1018.4,,United States,1,0,5092.0
500054,P10027,Water Bottle Sipper,Sports & Outdoors,3,2026-02-17,2203.72,CUST00025,India,0,0,6611.16
502986,P10014,Denim Jacket,Apparel,2,2025-01-07,1048.3,CUST00830,India,0,0,2096.6
500949,P10033,Desk Organizer,Stationery & Office,2,2025-12-10,67.73,CUST00264,India,0,0,135.46
501126,P10014,Denim Jacket,Apparel,2,2025-05-19,1048.3,CUST00312,India,0,0,2096.6
501763,P10010,Insulated Water Bottle,Home & Kitchen,4,2025-10-27,396.84,,United Kingdom,1,0,1587.36
502916,P10003,Phone Case,Electronics,4,2025-03-27,1049.71,CUST00813,India,0,0,4198.84
502031,P10002,Bluetooth Speaker,Electronics,1,2025-12-25,2723.88,,India,1,0,2723.88
500705,P10008,LED Desk Lamp,Home & Kitchen,1,2026-03-05,1311.15,CUST00203,India,0,0,1311.15
500213,P10025,Yoga Mat,Sports & Outdoors,2,2025-10-31,270.08,CUST00083,India,0,0,540.16
501467,P10006,Smartwatch Band,Electronics,-2,2025-09-30,990.13,,United Kingdom,1,1,-1980.26
501418,P10013,Cotton T-Shirt,Apparel,4,2025-11-21,1190.46,,India,1,0,4761.84
502658,P10035,Whiteboard Marker Set,Stationery & Office,2,2025-10-15,808.92,CUST00753,United Kingdom,0,0,1617.84
502808,P10023,Hair Dryer,Beauty & Personal Care,3,2025-07-04,1018.4,CUST00781,United Kingdom,0,0,3055.2
501260,P10023,Hair Dryer,Beauty & Personal Care,2,2025-09-26,1018.4,CUST00343,India,0,0,2036.8
502468,P10004,USB-C Cable,Electronics,5,2025-08-06,3182.97,CUST00705,India,0,0,15914.85
501125,P10026,Resistance Bands Set,Sports & Outdoors,3,2026-03-04,636.23,CUST00312,India,0,0,1908.69
501498,P10025,Yoga Mat,Sports & Outdoors,4,2025-12-06,270.08,CUST00424,India,0,0,1080.32
500847,P10035,Whiteboard Marker Set,Stationery & Office,1,2025-07-09,808.92,CUST00229,Germany,0,0,808.92
502403,P10030,Cycling Gloves,Sports & Outdoors,1,2026-04-06,820.52,CUST00686,United Kingdom,0,0,820.52
501607,P10008,LED Desk Lamp,Home & Kitchen,1,2025-09-10,1311.15,CUST00448,United States,0,0,1311.15
501806,P10028,Camping Torch,Sports & Outdoors,5,2025-12-03,2043.99,CUST00499,Singapore,0,0,10219.95
502261,P10029,Badminton Racket,Sports & Outdoors,4,2025-04-24,274.87,CUST00633,India,0,0,1099.48
502500,P10025,Yoga Mat,Sports & Outdoors,4,2026-06-21,270.08,CUST00706,Singapore,0,0,1080.32
501987,P10016,Wool Sweater,Apparel,3,2025-01-11,1250.39,CUST00554,United Kingdom,0,0,3751.17
502572,P10024,Beard Trimmer,Beauty & Personal Care,-5,2025-11-15,700.79,CUST00731,India,0,1,-3503.95
500752,P10004,USB-C Cable,Electronics,4,2026-02-16,3182.97,CUST00215,United States,0,0,12731.88
501399,P10016,Wool Sweater,Apparel,3,2025-08-22,1250.39,CUST00389,United States,0,0,3751.17
500346,P10025,Yoga Mat,Sports & Outdoors,-1,2025-11-28,270.08,CUST00126,India,0,1,-270.08
500496,P10026,Resistance Bands Set,Sports & Outdoors,5,2025-04-16,636.23,CUST00165,India,0,0,3181.15
501132,P10027,Water Bottle Sipper,Sports & Outdoors,4,2025-08-16,2203.72,CUST00312,India,0,0,8814.88
501237,P10029,Badminton Racket,Sports & Outdoors,3,2026-01-29,274.87,CUST00337,Germany,0,0,824.61
502494,P10005,Power Bank 10000mAh,Electronics,3,2025-11-25,1034.93,CUST00706,Singapore,0,0,3104.79
501909,P10024,Beard Trimmer,Beauty & Personal Care,3,2026-04-24,700.79,CUST00539,India,0,0,2102.37
500420,P10012,Storage Organizer,Home & Kitchen,1,2026-03-27,1268.9,CUST00138,United States,0,0,1268.9
502135,P10016,Wool Sweater,Apparel,4,2026-02-05,1250.39,CUST00581,India,0,0,5001.56
500030,P10007,Non-Stick Pan,Home & Kitchen,2,2026-04-28,331.24,CUST00012,Singapore,0,0,662.48
501211,P10019,Face Serum,Beauty & Personal Care,4,2025-08-26,1312.41,CUST00328,United Kingdom,0,0,5249.64
502903,P10028,Camping Torch,Sports & Outdoors,4,2025-06-07,2043.99,CUST00809,India,0,0,8175.96
502446,P10018,Yoga Pants,Apparel,1,2026-06-04,608.28,CUST00699,India,0,0,608.28
501378,P10019,Face Serum,Beauty & Personal Care,2,2025-01-12,1312.41,CUST00380,India,0,0,2624.82
501397,P10014,Denim Jacket,Apparel,2,2025-05-17,1048.3,CUST00388,India,0,0,2096.6
500392,P10018,Yoga Pants,Apparel,1,2025-04-30,608.28,CUST00135,Uae,0,0,608.28
502361,P10036,Backpack,Stationery & Office,-4,2026-04-30,218.62,,India,1,1,-874.48
502265,P10001,Wireless Earbuds,Electronics,3,2026-04-10,606.94,CUST00634,India,0,0,1820.82
501782,P10026,Resistance Bands Set,Sports & Outdoors,2,2026-02-21,636.23,CUST00492,United Kingdom,0,0,1272.46
501574,P10018,Yoga Pants,Apparel,4,2026-04-20,608.28,CUST00448,United States,0,0,2433.12
502873,P10003,Phone Case,Electronics,2,2026-02-26,1049.71,CUST00798,United Kingdom,0,0,2099.42
501511,P10029,Badminton Racket,Sports & Outdoors,2,2025-03-21,274.87,CUST00427,India,0,0,549.74
501553,P10007,Non-Stick Pan,Home & Kitchen,2,2025-04-29,331.24,,United States,1,0,662.48
501446,P10013,Cotton T-Shirt,Apparel,1,2025-05-30,1190.46,CUST00403,India,0,0,1190.46
500391,P10033,Desk Organizer,Stationery & Office,3,2025-04-04,67.73,CUST00134,India,0,0,203.19
502154,P10034,Sticky Notes Pack,Stationery & Office,5,2025-04-25,147.9,CUST00585,United Kingdom,0,0,739.5
500442,P10006,Smartwatch Band,Electronics,2,2025-10-07,990.13,CUST00142,India,0,0,1980.26
501041,P10025,Yoga Mat,Sports & Outdoors,5,2025-10-13,270.08,CUST00291,India,0,0,1350.4
501179,P10008,LED Desk Lamp,Home & Kitchen,4,2025-06-24,1311.15,CUST00324,India,0,0,5244.6
502594,P10006,Smartwatch Band,Electronics,1,2025-05-03,990.13,CUST00731,India,0,0,990.13
502456,P10021,Lip Balm Set,Beauty & Personal Care,1,2026-05-30,652.97,CUST00699,India,0,0,652.97
501541,P10033,Desk Organizer,Stationery & Office,3,2025-10-24,67.73,CUST00439,United States,0,0,203.19
502168,P10027,Water Bottle Sipper,Sports & Outdoors,4,2025-12-05,2203.72,CUST00591,India,0,0,8814.88
500918,P10030,Cycling Gloves,Sports & Outdoors,2,2026-02-06,820.52,CUST00255,India,0,0,1641.04
502824,P10032,Gel Pen Pack,Stationery & Office,1,2025-11-15,687.3,CUST00786,Uae,0,0,687.3
502707,P10012,Storage Organizer,Home & Kitchen,2,2025-09-27,1268.9,CUST00756,United States,0,0,2537.8
502367,P10026,Resistance Bands Set,Sports & Outdoors,3,2025-06-02,636.23,CUST00670,India,0,0,1908.69
500297,P10007,Non-Stick Pan,Home & Kitchen,4,2025-05-14,331.24,CUST00116,Germany,0,0,1324.96
501447,P10028,Camping Torch,Sports & Outdoors,4,2025-03-01,2043.99,CUST00404,Germany,0,0,8175.96
500122,P10012,Storage Organizer,Home & Kitchen,2,2026-01-15,1268.9,CUST00047,India,0,0,2537.8
500976,P10008,LED Desk Lamp,Home & Kitchen,3,2026-06-03,1311.15,,United States,1,0,3933.45
502850,P10002,Bluetooth Speaker,Electronics,3,2025-04-16,2723.88,CUST00794,United Kingdom,0,0,8171.64
502312,P10013,Cotton T-Shirt,Apparel,4,2026-04-29,1190.46,CUST00655,India,0,0,4761.84
501916,P10015,Running Shoes,Apparel,4,2026-04-29,980.3,CUST00539,India,0,0,3921.2
501551,P10007,Non-Stick Pan,Home & Kitchen,4,2026-01-13,331.24,CUST00439,United States,0,0,1324.96
500742,P10005,Power Bank 10000mAh,Electronics,4,2025-06-11,1034.93,CUST00208,United Kingdom,0,0,4139.72
501903,P10015,Running Shoes,Apparel,3,2025-12-05,980.3,CUST00535,United States,0,0,2940.9
501582,P10017,Formal Shirt,Apparel,4,2025-06-18,562.91,CUST00448,United States,0,0,2251.64
500731,P10012,Storage Organizer,Home & Kitchen,1,2025-05-11,1268.9,CUST00205,United Kingdom,0,0,1268.9
501124,P10025,Yoga Mat,Sports & Outdoors,3,2026-06-07,270.08,CUST00312,India,0,0,810.24
501371,P10010,Insulated Water Bottle,Home & Kitchen,5,2025-09-22,396.84,CUST00376,India,0,0,1984.2
501022,P10034,Sticky Notes Pack,Stationery & Office,5,2026-02-12,147.9,CUST00286,India,0,0,739.5
501151,P10010,Insulated Water Bottle,Home & Kitchen,4,2026-02-03,396.84,CUST00319,India,0,0,1587.36
500076,P10036,Backpack,Stationery & Office,3,2025-05-01,218.62,CUST00033,India,0,0,655.86
500272,P10025,Yoga Mat,Sports & Outdoors,2,2026-05-04,270.08,CUST00109,India,0,0,540.16
501620,P10024,Beard Trimmer,Beauty & Personal Care,4,2025-02-10,700.79,CUST00449,India,0,0,2803.16
500639,P10002,Bluetooth Speaker,Electronics,1,2025-11-14,2723.88,CUST00189,India,0,0,2723.88
501644,P10029,Badminton Racket,Sports & Outdoors,4,2025-11-23,274.87,CUST00457,India,0,0,1099.48
500442,P10015,Running Shoes,Apparel,1,2025-10-07,980.3,CUST00142,India,0,0,980.3
500778,P10029,Badminton Racket,Sports & Outdoors,3,2026-06-03,274.87,CUST00218,United States,0,0,824.61
501710,P10007,Non-Stick Pan,Home & Kitchen,1,2025-12-18,331.24,,India,1,0,331.24
502893,P10016,Wool Sweater,Apparel,1,2025-07-16,1250.39,CUST00803,United Kingdom,0,0,1250.39
501589,P10034,Sticky Notes Pack,Stationery & Office,2,2025-05-03,147.9,CUST00448,United States,0,0,295.8
502401,P10016,Wool Sweater,Apparel,4,2026-04-27,1250.39,CUST00685,Uae,0,0,5001.56
501365,P10020,Herbal Shampoo,Beauty & Personal Care,2,2025-05-29,1426.26,CUST00372,India,0,0,2852.52
501383,P10027,Water Bottle Sipper,Sports & Outdoors,5,2025-06-11,2203.72,CUST00383,United Kingdom,0,0,11018.6
500938,P10007,Non-Stick Pan,Home & Kitchen,2,2025-04-23,331.24,CUST00262,Singapore,0,0,662.48
500237,P10017,Formal Shirt,Apparel,2,2026-05-29,562.91,,United States,1,0,1125.82
502344,P10027,Water Bottle Sipper,Sports & Outdoors,1,2025-04-23,2203.72,CUST00665,India,0,0,2203.72
501533,P10022,Sunscreen SPF50,Beauty & Personal Care,4,2025-07-06,514.51,CUST00437,India,0,0,2058.04
502523,P10008,LED Desk Lamp,Home & Kitchen,4,2025-08-12,1311.15,CUST00715,India,0,0,5244.6
501492,P10034,Sticky Notes Pack,Stationery & Office,3,2025-10-15,147.9,CUST00421,United States,0,0,443.7
501869,P10023,Hair Dryer,Beauty & Personal Care,2,2025-11-26,1018.4,CUST00524,Germany,0,0,2036.8
501914,P10028,Camping Torch,Sports & Outdoors,3,2025-08-12,2043.99,CUST00539,India,0,0,6131.97
502725,P10032,Gel Pen Pack,Stationery & Office,1,2026-05-02,687.3,CUST00763,India,0,0,687.3
501043,P10029,Badminton Racket,Sports & Outdoors,4,2026-02-05,274.87,CUST00293,Germany,0,0,1099.48
500497,P10014,Denim Jacket,Apparel,2,2025-04-06,1048.3,CUST00166,Germany,0,0,2096.6
502468,P10005,Power Bank 10000mAh,Electronics,5,2025-08-06,1034.93,CUST00705,India,0,0,5174.65
501520,P10021,Lip Balm Set,Beauty & Personal Care,4,2025-11-20,652.97,CUST00431,India,0,0,2611.88
501290,P10025,Yoga Mat,Sports & Outdoors,1,2025-12-11,270.08,CUST00349,India,0,0,270.08
501167,P10035,Whiteboard Marker Set,Stationery & Office,3,2026-05-22,808.92,CUST00324,India,0,0,2426.76
501919,P10023,Hair Dryer,Beauty & Personal Care,1,2026-06-05,1018.4,CUST00539,India,0,0,1018.4
501742,P10036,Backpack,Stationery & Office,2,2025-12-02,218.62,CUST00482,United Kingdom,0,0,437.24
500331,P10032,Gel Pen Pack,Stationery & Office,5,2026-05-29,687.3,CUST00126,India,0,0,3436.5
502537,P10006,Smartwatch Band,Electronics,1,2026-02-21,990.13,CUST00724,United States,0,0,990.13
500092,P10015,Running Shoes,Apparel,5,2025-11-17,980.3,CUST00037,India,0,0,4901.5
501151,P10024,Beard Trimmer,Beauty & Personal Care,-4,2026-02-03,700.79,CUST00319,India,0,1,-2803.16
502815,P10011,Ceramic Mug Set,Home & Kitchen,5,2025-06-22,1993.94,CUST00782,India,0,0,9969.7
502525,P10024,Beard Trimmer,Beauty & Personal Care,3,2025-05-24,700.79,CUST00717,Germany,0,0,2102.37
500095,P10009,Cotton Bedsheet Set,Home & Kitchen,1,2025-01-27,1519.89,CUST00038,India,0,0,1519.89
500072,P10030,Cycling Gloves,Sports & Outdoors,4,2025-09-05,820.52,CUST00032,India,0,0,3282.08
502928,P10029,Badminton Racket,Sports & Outdoors,3,2026-06-09,274.87,CUST00815,Germany,0,0,824.61
500317,P10033,Desk Organizer,Stationery & Office,2,2025-09-16,67.73,CUST00122,Germany,0,0,135.46
501218,P10006,Smartwatch Band,Electronics,3,2025-07-08,990.13,,United States,1,0,2970.39
501579,P10009,Cotton Bedsheet Set,Home & Kitchen,1,2026-06-16,1519.89,CUST00448,United States,0,0,1519.89
500995,P10009,Cotton Bedsheet Set,Home & Kitchen,5,2025-09-14,1519.89,CUST00280,United States,0,0,7599.45
502865,P10030,Cycling Gloves,Sports & Outdoors,-2,2025-03-26,820.52,CUST00796,Germany,0,1,-1641.04
500512,P10030,Cycling Gloves,Sports & Outdoors,5,2025-07-11,820.52,CUST00168,India,0,0,4102.6
500108,P10034,Sticky Notes Pack,Stationery & Office,4,2026-01-02,147.9,CUST00046,United Kingdom,0,0,591.6
501716,P10011,Ceramic Mug Set,Home & Kitchen,2,2025-11-04,1993.94,CUST00472,Singapore,0,0,3987.88
500938,P10020,Herbal Shampoo,Beauty & Personal Care,5,2025-04-23,1426.26,CUST00262,Singapore,0,0,7131.3
502147,P10022,Sunscreen SPF50,Beauty & Personal Care,4,2025-12-19,514.51,CUST00583,India,0,0,2058.04
500218,P10024,Beard Trimmer,Beauty & Personal Care,2,2026-05-20,700.79,CUST00086,India,0,0,1401.58
502961,P10036,Backpack,Stationery & Office,3,2025-03-16,218.62,CUST00830,India,0,0,655.86
502516,P10006,Smartwatch Band,Electronics,1,2025-06-10,990.13,CUST00714,India,0,0,990.13
502628,P10007,Non-Stick Pan,Home & Kitchen,4,2025-11-24,331.24,CUST00743,United States,0,0,1324.96
500361,P10026,Resistance Bands Set,Sports & Outdoors,1,2025-06-19,636.23,CUST00127,United States,0,0,636.23
500095,P10010,Insulated Water Bottle,Home & Kitchen,1,2025-01-27,396.84,CUST00038,India,0,0,396.84
501637,P10011,Ceramic Mug Set,Home & Kitchen,2,2025-10-24,1993.94,CUST00452,United Kingdom,0,0,3987.88
502239,P10025,Yoga Mat,Sports & Outdoors,3,2025-04-26,270.08,,India,1,0,810.24
501789,P10017,Formal Shirt,Apparel,3,2025-09-10,562.91,CUST00497,United Kingdom,0,0,1688.73
502530,P10018,Yoga Pants,Apparel,3,2026-01-02,608.28,CUST00721,Uae,0,0,1824.84
502946,P10022,Sunscreen SPF50,Beauty & Personal Care,1,2025-06-16,514.51,CUST00822,India,0,0,514.51
502022,P10023,Hair Dryer,Beauty & Personal Care,5,2025-04-14,1018.4,CUST00562,India,0,0,5092.0
502336,P10003,Phone Case,Electronics,2,2026-03-04,1049.71,CUST00661,India,0,0,2099.42
500262,P10019,Face Serum,Beauty & Personal Care,1,2025-10-27,1312.41,CUST00105,Uae,0,0,1312.41
503056,P10033,Desk Organizer,Stationery & Office,3,2025-03-30,67.73,CUST00842,United Kingdom,0,0,203.19
501744,P10020,Herbal Shampoo,Beauty & Personal Care,5,2026-04-05,1426.26,CUST00482,United Kingdom,0,0,7131.3
501734,P10020,Herbal Shampoo,Beauty & Personal Care,4,2025-10-02,1426.26,CUST00479,Singapore,0,0,5705.04
502251,P10003,Phone Case,Electronics,1,2025-02-11,1049.71,CUST00630,India,0,0,1049.71
501766,P10034,Sticky Notes Pack,Stationery & Office,3,2025-04-08,147.9,CUST00486,Uae,0,0,443.7
501061,P10027,Water Bottle Sipper,Sports & Outdoors,5,2025-01-09,2203.72,CUST00295,India,0,0,11018.6
502313,P10016,Wool Sweater,Apparel,4,2025-05-31,1250.39,CUST00656,India,0,0,5001.56
501233,P10004,USB-C Cable,Electronics,3,2025-01-28,3182.97,,India,1,0,9548.91
500883,P10018,Yoga Pants,Apparel,4,2025-08-08,608.28,CUST00238,India,0,0,2433.12
502076,P10002,Bluetooth Speaker,Electronics,5,2026-02-28,2723.88,CUST00579,India,0,0,13619.4
502449,P10027,Water Bottle Sipper,Sports & Outdoors,5,2025-08-03,2203.72,CUST00699,India,0,0,11018.6
500319,P10018,Yoga Pants,Apparel,2,2025-11-17,608.28,CUST00122,Germany,0,0,1216.56
500347,P10019,Face Serum,Beauty & Personal Care,2,2025-11-25,1312.41,CUST00126,India,0,0,2624.82
500508,P10012,Storage Organizer,Home & Kitchen,4,2025-07-18,1268.9,CUST00167,India,0,0,5075.6
500966,P10035,Whiteboard Marker Set,Stationery & Office,3,2026-03-19,808.92,CUST00269,India,0,0,2426.76
501543,P10009,Cotton Bedsheet Set,Home & Kitchen,4,2025-09-01,1519.89,CUST00439,United States,0,0,6079.56
500069,P10003,Phone Case,Electronics,2,2025-07-22,1049.71,CUST00032,India,0,0,2099.42
502740,P10022,Sunscreen SPF50,Beauty & Personal Care,5,2026-01-10,514.51,CUST00770,Germany,0,0,2572.55
502816,P10022,Sunscreen SPF50,Beauty & Personal Care,4,2025-08-24,514.51,,India,1,0,2058.04
500256,P10020,Herbal Shampoo,Beauty & Personal Care,1,2026-03-12,1426.26,CUST00102,United Kingdom,0,0,1426.26
500461,P10003,Phone Case,Electronics,5,2026-05-05,1049.71,CUST00152,India,0,0,5248.55
500014,P10015,Running Shoes,Apparel,3,2025-01-15,980.3,CUST00007,India,0,0,2940.9
501745,P10034,Sticky Notes Pack,Stationery & Office,1,2025-08-05,147.9,CUST00482,United Kingdom,0,0,147.9
501308,P10020,Herbal Shampoo,Beauty & Personal Care,5,2025-08-23,1426.26,CUST00353,United Kingdom,0,0,7131.3
501865,P10006,Smartwatch Band,Electronics,2,2025-04-18,990.13,CUST00522,India,0,0,1980.26
500377,P10021,Lip Balm Set,Beauty & Personal Care,5,2025-12-22,652.97,,India,1,0,3264.85
501520,P10034,Sticky Notes Pack,Stationery & Office,-5,2025-11-20,147.9,CUST00431,India,0,1,-739.5
503101,P10016,Wool Sweater,Apparel,3,2026-02-20,1250.39,CUST00849,India,0,0,3751.17
500988,P10026,Resistance Bands Set,Sports & Outdoors,3,2025-07-14,636.23,CUST00276,India,0,0,1908.69
500772,P10010,Insulated Water Bottle,Home & Kitchen,3,2026-05-11,396.84,CUST00217,India,0,0,1190.52
501871,P10021,Lip Balm Set,Beauty & Personal Care,3,2025-02-20,652.97,CUST00524,Germany,0,0,1958.91
502093,P10017,Formal Shirt,Apparel,1,2025-10-30,562.91,CUST00579,India,0,0,562.91
501375,P10005,Power Bank 10000mAh,Electronics,3,2025-05-17,1034.93,CUST00377,Germany,0,0,3104.79
501478,P10014,Denim Jacket,Apparel,3,2025-11-23,1048.3,CUST00417,India,0,0,3144.9
500779,P10021,Lip Balm Set,Beauty & Personal Care,5,2025-10-05,652.97,CUST00218,United States,0,0,3264.85
501286,P10018,Yoga Pants,Apparel,5,2025-12-12,608.28,CUST00345,India,0,0,3041.4
501504,P10022,Sunscreen SPF50,Beauty & Personal Care,-5,2026-01-05,514.51,CUST00426,India,0,1,-2572.55
500463,P10017,Formal Shirt,Apparel,2,2026-04-07,562.91,CUST00153,India,0,0,1125.82
501648,P10010,Insulated Water Bottle,Home & Kitchen,1,2025-08-20,396.84,CUST00457,India,0,0,396.84
502582,P10011,Ceramic Mug Set,Home & Kitchen,5,2026-05-25,1993.94,CUST00731,India,0,0,9969.7
501495,P10014,Denim Jacket,Apparel,1,2026-04-30,1048.3,CUST00422,United States,0,0,1048.3
500191,P10027,Water Bottle Sipper,Sports & Outdoors,3,2025-12-18,2203.72,CUST00068,United States,0,0,6611.16
500824,P10026,Resistance Bands Set,Sports & Outdoors,5,2025-02-16,636.23,CUST00219,United Kingdom,0,0,3181.15
502084,P10010,Insulated Water Bottle,Home & Kitchen,3,2025-07-04,396.84,CUST00579,India,0,0,1190.52
500551,P10022,Sunscreen SPF50,Beauty & Personal Care,2,2025-09-14,514.51,CUST00169,India,0,0,1029.02
501995,P10030,Cycling Gloves,Sports & Outdoors,4,2025-06-15,820.52,CUST00555,Germany,0,0,3282.08
502353,P10024,Beard Trimmer,Beauty & Personal Care,2,2025-03-27,700.79,CUST00665,India,0,0,1401.58
500464,P10013,Cotton T-Shirt,Apparel,4,2026-01-20,1190.46,CUST00154,India,0,0,4761.84
502275,P10036,Backpack,Stationery & Office,-2,2025-09-21,218.62,CUST00636,India,0,1,-437.24
502631,P10018,Yoga Pants,Apparel,-5,2026-05-09,608.28,CUST00745,India,0,1,-3041.4
501635,P10036,Backpack,Stationery & Office,4,2026-01-03,218.62,CUST00451,United States,0,0,874.48
500102,P10008,LED Desk Lamp,Home & Kitchen,5,2025-04-21,1311.15,CUST00043,India,0,0,6555.75
500974,P10031,Notebook Set,Stationery & Office,1,2025-06-20,268.52,CUST00272,United States,0,0,268.52
501019,P10007,Non-Stick Pan,Home & Kitchen,5,2025-06-28,331.24,CUST00286,India,0,0,1656.2
500870,P10027,Water Bottle Sipper,Sports & Outdoors,2,2025-12-24,2203.72,CUST00236,United States,0,0,4407.44
500171,P10030,Cycling Gloves,Sports & Outdoors,1,2025-01-23,820.52,CUST00062,India,0,0,820.52
501535,P10023,Hair Dryer,Beauty & Personal Care,4,2025-12-15,1018.4,,United States,1,0,4073.6
500167,P10030,Cycling Gloves,Sports & Outdoors,1,2025-02-22,820.52,CUST00062,India,0,0,820.52
500830,P10025,Yoga Mat,Sports & Outdoors,1,2025-10-26,270.08,CUST00221,United Kingdom,0,0,270.08
501948,P10008,LED Desk Lamp,Home & Kitchen,2,2025-06-18,1311.15,CUST00540,India,0,0,2622.3
500889,P10035,Whiteboard Marker Set,Stationery & Office,1,2025-10-24,808.92,CUST00240,India,0,0,808.92
500116,P10021,Lip Balm Set,Beauty & Personal Care,2,2026-04-26,652.97,CUST00047,India,0,0,1305.94
500645,P10017,Formal Shirt,Apparel,5,2025-06-09,562.91,CUST00191,India,0,0,2814.55
502294,P10024,Beard Trimmer,Beauty & Personal Care,2,2025-07-16,700.79,CUST00645,India,0,0,1401.58
500802,P10008,LED Desk Lamp,Home & Kitchen,5,2025-01-17,1311.15,CUST00219,United Kingdom,0,0,6555.75
500112,P10007,Non-Stick Pan,Home & Kitchen,2,2025-03-22,331.24,CUST00047,India,0,0,662.48
500234,P10029,Badminton Racket,Sports & Outdoors,2,2026-03-28,274.87,CUST00091,India,0,0,549.74
501540,P10022,Sunscreen SPF50,Beauty & Personal Care,1,2025-10-05,514.51,CUST00439,United States,0,0,514.51
500294,P10002,Bluetooth Speaker,Electronics,3,2026-04-22,2723.88,CUST00113,Uae,0,0,8171.64
503050,P10011,Ceramic Mug Set,Home & Kitchen,3,2025-05-10,1993.94,CUST00842,United Kingdom,0,0,5981.82
502944,P10012,Storage Organizer,Home & Kitchen,3,2025-06-23,1268.9,CUST00821,United States,0,0,3806.7
500127,P10004,USB-C Cable,Electronics,3,2026-04-26,3182.97,CUST00047,India,0,0,9548.91
502977,P10015,Running Shoes,Apparel,1,2025-01-02,980.3,CUST00830,India,0,0,980.3
500856,P10032,Gel Pen Pack,Stationery & Office,4,2025-08-13,687.3,CUST00232,India,0,0,2749.2
500942,P10019,Face Serum,Beauty & Personal Care,5,2026-03-04,1312.41,CUST00263,India,0,0,6562.05
501254,P10026,Resistance Bands Set,Sports & Outdoors,2,2025-09-20,636.23,CUST00343,India,0,0,1272.46
501772,P10018,Yoga Pants,Apparel,5,2026-03-26,608.28,CUST00488,India,0,0,3041.4
502614,P10031,Notebook Set,Stationery & Office,2,2025-10-23,268.52,,United States,1,0,537.04
501664,P10014,Denim Jacket,Apparel,2,2025-07-31,1048.3,CUST00463,United States,0,0,2096.6
500259,P10021,Lip Balm Set,Beauty & Personal Care,1,2026-06-14,652.97,CUST00104,India,0,0,652.97
501815,P10036,Backpack,Stationery & Office,4,2026-05-26,218.62,CUST00503,India,0,0,874.48
502203,P10009,Cotton Bedsheet Set,Home & Kitchen,2,2025-10-04,1519.89,CUST00610,United Kingdom,0,0,3039.78
500398,P10027,Water Bottle Sipper,Sports & Outdoors,2,2026-05-23,2203.72,CUST00137,India,0,0,4407.44
501367,P10005,Power Bank 10000mAh,Electronics,1,2025-06-19,1034.93,CUST00373,India,0,0,1034.93
501801,P10013,Cotton T-Shirt,Apparel,2,2025-07-16,1190.46,CUST00497,United Kingdom,0,0,2380.92
501466,P10008,LED Desk Lamp,Home & Kitchen,3,2025-11-05,1311.15,CUST00414,United Kingdom,0,0,3933.45
501546,P10031,Notebook Set,Stationery & Office,3,2025-11-17,268.52,CUST00439,United States,0,0,805.56
502496,P10025,Yoga Mat,Sports & Outdoors,2,2025-02-01,270.08,CUST00706,Singapore,0,0,540.16
501820,P10011,Ceramic Mug Set,Home & Kitchen,4,2026-02-12,1993.94,CUST00503,India,0,0,7975.76
501756,P10013,Cotton T-Shirt,Apparel,3,2025-06-20,1190.46,CUST00485,United Kingdom,0,0,3571.38
501035,P10032,Gel Pen Pack,Stationery & Office,3,2026-03-06,687.3,CUST00289,India,0,0,2061.9
502030,P10027,Water Bottle Sipper,Sports & Outdoors,4,2026-02-07,2203.72,CUST00563,India,0,0,8814.88
500474,P10030,Cycling Gloves,Sports & Outdoors,2,2026-04-23,820.52,CUST00159,India,0,0,1641.04
503038,P10032,Gel Pen Pack,Stationery & Office,2,2025-01-10,687.3,CUST00839,United Kingdom,0,0,1374.6
502368,P10001,Wireless Earbuds,Electronics,3,2025-05-30,606.94,CUST00671,India,0,0,1820.82
500879,P10003,Phone Case,Electronics,4,2026-04-01,1049.71,CUST00237,India,0,0,4198.84
502880,P10019,Face Serum,Beauty & Personal Care,5,2025-03-08,1312.41,CUST00800,Uae,0,0,6562.05
503100,P10016,Wool Sweater,Apparel,1,2025-11-21,1250.39,CUST00848,Singapore,0,0,1250.39
500868,P10029,Badminton Racket,Sports & Outdoors,-4,2025-05-02,274.87,CUST00236,United States,0,1,-1099.48
502457,P10016,Wool Sweater,Apparel,3,2026-02-17,1250.39,CUST00700,India,0,0,3751.17
501981,P10015,Running Shoes,Apparel,5,2025-11-28,980.3,CUST00551,India,0,0,4901.5
501223,P10013,Cotton T-Shirt,Apparel,2,2026-01-30,1190.46,CUST00334,India,0,0,2380.92
501117,P10019,Face Serum,Beauty & Personal Care,5,2026-05-01,1312.41,CUST00311,India,0,0,6562.05
502937,P10002,Bluetooth Speaker,Electronics,5,2025-09-06,2723.88,CUST00815,Germany,0,0,13619.4
501434,P10020,Herbal Shampoo,Beauty & Personal Care,4,2025-10-20,1426.26,CUST00395,India,0,0,5705.04
501569,P10008,LED Desk Lamp,Home & Kitchen,5,2025-04-23,1311.15,CUST00447,Singapore,0,0,6555.75
502112,P10018,Yoga Pants,Apparel,2,2025-08-11,608.28,CUST00579,India,0,0,1216.56
501095,P10011,Ceramic Mug Set,Home & Kitchen,1,2025-03-12,1993.94,CUST00306,Singapore,0,0,1993.94
500912,P10017,Formal Shirt,Apparel,5,2026-04-25,562.91,CUST00252,India,0,0,2814.55
501386,P10004,USB-C Cable,Electronics,2,2026-03-25,3182.97,CUST00385,United States,0,0,6365.94
501438,P10011,Ceramic Mug Set,Home & Kitchen,2,2025-08-20,1993.94,CUST00397,Germany,0,0,3987.88
501933,P10029,Badminton Racket,Sports & Outdoors,4,2025-12-18,274.87,CUST00539,India,0,0,1099.48
503070,P10018,Yoga Pants,Apparel,2,2025-05-12,608.28,,United Kingdom,1,0,1216.56
501263,P10023,Hair Dryer,Beauty & Personal Care,3,2025-05-14,1018.4,CUST00343,India,0,0,3055.2
502447,P10025,Yoga Mat,Sports & Outdoors,3,2025-09-20,270.08,,India,1,0,810.24
501330,P10029,Badminton Racket,Sports & Outdoors,4,2025-03-26,274.87,CUST00358,United Kingdom,0,0,1099.48
500460,P10030,Cycling Gloves,Sports & Outdoors,3,2025-10-13,820.52,CUST00152,India,0,0,2461.56
501548,P10018,Yoga Pants,Apparel,2,2025-12-08,608.28,CUST00439,United States,0,0,1216.56
502087,P10036,Backpack,Stationery & Office,1,2026-01-07,218.62,CUST00579,India,0,0,218.62
502444,P10009,Cotton Bedsheet Set,Home & Kitchen,1,2025-03-31,1519.89,CUST00699,India,0,0,1519.89
501579,P10011,Ceramic Mug Set,Home & Kitchen,5,2026-06-16,1993.94,CUST00448,United States,0,0,9969.7
502012,P10022,Sunscreen SPF50,Beauty & Personal Care,4,2026-02-04,514.51,CUST00559,United States,0,0,2058.04
501372,P10031,Notebook Set,Stationery & Office,2,2025-11-08,268.52,CUST00376,India,0,0,537.04
501696,P10020,Herbal Shampoo,Beauty & Personal Care,5,2025-12-21,1426.26,CUST00466,India,0,0,7131.3
502861,P10001,Wireless Earbuds,Electronics,1,2025-11-11,606.94,CUST00796,Germany,0,0,606.94
500063,P10005,Power Bank 10000mAh,Electronics,2,2025-03-01,1034.93,CUST00032,India,0,0,2069.86
501784,P10002,Bluetooth Speaker,Electronics,2,2026-03-20,2723.88,CUST00493,India,0,0,5447.76
500734,P10018,Yoga Pants,Apparel,2,2025-07-28,608.28,CUST00205,United Kingdom,0,0,1216.56
501847,P10026,Resistance Bands Set,Sports & Outdoors,5,2025-12-30,636.23,CUST00514,Germany,0,0,3181.15
503106,P10008,LED Desk Lamp,Home & Kitchen,1,2026-02-18,1311.15,CUST00850,United Kingdom,0,0,1311.15
502158,P10007,Non-Stick Pan,Home & Kitchen,1,2025-06-24,331.24,CUST00587,India,0,0,331.24
500731,P10003,Phone Case,Electronics,1,2025-05-11,1049.71,CUST00205,United Kingdom,0,0,1049.71
501191,P10016,Wool Sweater,Apparel,4,2026-04-28,1250.39,CUST00324,India,0,0,5001.56
500914,P10006,Smartwatch Band,Electronics,3,2026-05-19,990.13,CUST00253,Germany,0,0,2970.39
501377,P10028,Camping Torch,Sports & Outdoors,3,2025-05-05,2043.99,CUST00379,United States,0,0,6131.97
500915,P10029,Badminton Racket,Sports & Outdoors,5,2025-06-07,274.87,CUST00254,India,0,0,1374.35
503028,P10008,LED Desk Lamp,Home & Kitchen,5,2025-04-25,1311.15,CUST00833,India,0,0,6555.75
501907,P10024,Beard Trimmer,Beauty & Personal Care,4,2025-04-09,700.79,CUST00538,India,0,0,2803.16
502473,P10002,Bluetooth Speaker,Electronics,3,2025-05-02,2723.88,CUST00706,Singapore,0,0,8171.64
500210,P10002,Bluetooth Speaker,Electronics,1,2025-05-24,2723.88,CUST00081,Germany,0,0,2723.88
501593,P10027,Water Bottle Sipper,Sports & Outdoors,1,2026-04-23,2203.72,CUST00448,United States,0,0,2203.72
502185,P10032,Gel Pen Pack,Stationery & Office,1,2025-07-15,687.3,CUST00597,United Kingdom,0,0,687.3
500149,P10015,Running Shoes,Apparel,2,2025-01-28,980.3,CUST00053,Uae,0,0,1960.6
500356,P10008,LED Desk Lamp,Home & Kitchen,2,2025-01-21,1311.15,CUST00127,United States,0,0,2622.3
501277,P10008,LED Desk Lamp,Home & Kitchen,1,2026-04-17,1311.15,CUST00343,India,0,0,1311.15
500841,P10025,Yoga Mat,Sports & Outdoors,3,2025-02-21,270.08,CUST00225,India,0,0,810.24
501285,P10003,Phone Case,Electronics,4,2026-05-26,1049.71,CUST00345,India,0,0,4198.84
502855,P10033,Desk Organizer,Stationery & Office,4,2026-06-02,67.73,CUST00796,Germany,0,0,270.92
501935,P10008,LED Desk Lamp,Home & Kitchen,4,2025-05-03,1311.15,CUST00539,India,0,0,5244.6
502827,P10021,Lip Balm Set,Beauty & Personal Care,1,2025-08-09,652.97,CUST00786,Uae,0,0,652.97
500839,P10015,Running Shoes,Apparel,1,2025-04-17,980.3,CUST00225,India,0,0,980.3
500135,P10021,Lip Balm Set,Beauty & Personal Care,2,2025-08-15,652.97,CUST00047,India,0,0,1305.94
501481,P10033,Desk Organizer,Stationery & Office,5,2026-03-09,67.73,CUST00419,United Kingdom,0,0,338.65
500459,P10023,Hair Dryer,Beauty & Personal Care,5,2025-09-21,1018.4,CUST00151,Uae,0,0,5092.0
501125,P10018,Yoga Pants,Apparel,3,2026-03-04,608.28,CUST00312,India,0,0,1824.84
502927,P10028,Camping Torch,Sports & Outdoors,3,2025-01-25,2043.99,CUST00815,Germany,0,0,6131.97
501086,P10006,Smartwatch Band,Electronics,1,2025-03-03,990.13,CUST00301,India,0,0,990.13
501391,P10012,Storage Organizer,Home & Kitchen,2,2026-05-11,1268.9,CUST00386,United States,0,0,2537.8
502995,P10022,Sunscreen SPF50,Beauty & Personal Care,5,2026-06-17,514.51,CUST00830,India,0,0,2572.55
500426,P10035,Whiteboard Marker Set,Stationery & Office,2,2026-01-22,808.92,CUST00139,India,0,0,1617.84
502965,P10035,Whiteboard Marker Set,Stationery & Office,4,2026-01-11,808.92,CUST00830,India,0,0,3235.68
502788,P10032,Gel Pen Pack,Stationery & Office,1,2026-04-24,687.3,CUST00779,United States,0,0,687.3
500504,P10028,Camping Torch,Sports & Outdoors,-5,2026-02-09,2043.99,CUST00167,India,0,1,-10219.95
500692,P10019,Face Serum,Beauty & Personal Care,2,2025-04-27,1312.41,CUST00203,India,0,0,2624.82
500843,P10004,USB-C Cable,Electronics,1,2026-01-21,3182.97,CUST00227,Singapore,0,0,3182.97
500838,P10004,USB-C Cable,Electronics,3,2026-03-23,3182.97,CUST00225,India,0,0,9548.91
501237,P10004,USB-C Cable,Electronics,5,2026-01-29,3182.97,CUST00337,Germany,0,0,15914.85
502717,P10031,Notebook Set,Stationery & Office,4,2026-04-14,268.52,CUST00761,India,0,0,1074.08
502941,P10012,Storage Organizer,Home & Kitchen,5,2026-03-18,1268.9,CUST00818,India,0,0,6344.5
501265,P10004,USB-C Cable,Electronics,2,2025-07-06,3182.97,CUST00343,India,0,0,6365.94
500585,P10018,Yoga Pants,Apparel,3,2025-01-14,608.28,CUST00176,India,0,0,1824.84
501140,P10035,Whiteboard Marker Set,Stationery & Office,1,2025-07-27,808.92,CUST00313,India,0,0,808.92
500328,P10024,Beard Trimmer,Beauty & Personal Care,2,2025-01-27,700.79,CUST00126,India,0,0,1401.58
502940,P10030,Cycling Gloves,Sports & Outdoors,4,2026-05-31,820.52,CUST00818,India,0,0,3282.08
500947,P10036,Backpack,Stationery & Office,5,2026-01-22,218.62,CUST00264,India,0,0,1093.1
500609,P10008,LED Desk Lamp,Home & Kitchen,3,2025-11-14,1311.15,CUST00184,Germany,0,0,3933.45
501027,P10003,Phone Case,Electronics,3,2025-01-20,1049.71,CUST00286,India,0,0,3149.13
502079,P10029,Badminton Racket,Sports & Outdoors,3,2026-01-07,274.87,CUST00579,India,0,0,824.61
502522,P10007,Non-Stick Pan,Home & Kitchen,5,2026-04-06,331.24,CUST00714,India,0,0,1656.2
501558,P10036,Backpack,Stationery & Office,1,2025-12-24,218.62,CUST00442,Singapore,0,0,218.62
500775,P10021,Lip Balm Set,Beauty & Personal Care,5,2025-07-11,652.97,CUST00218,United States,0,0,3264.85
500325,P10030,Cycling Gloves,Sports & Outdoors,2,2025-01-29,820.52,CUST00125,India,0,0,1641.04
500773,P10030,Cycling Gloves,Sports & Outdoors,4,2025-08-09,820.52,CUST00217,India,0,0,3282.08
502674,P10033,Desk Organizer,Stationery & Office,5,2025-03-29,67.73,CUST00753,United Kingdom,0,0,338.65
500531,P10003,Phone Case,Electronics,4,2025-09-15,1049.71,CUST00169,India,0,0,4198.84
500537,P10022,Sunscreen SPF50,Beauty & Personal Care,4,2026-01-31,514.51,CUST00169,India,0,0,2058.04
500062,P10017,Formal Shirt,Apparel,2,2025-06-12,562.91,CUST00031,United Kingdom,0,0,1125.82
501412,P10021,Lip Balm Set,Beauty & Personal Care,3,2025-02-25,652.97,CUST00392,India,0,0,1958.91
502145,P10029,Badminton Racket,Sports & Outdoors,1,2026-06-06,274.87,CUST00583,India,0,0,274.87
501209,P10011,Ceramic Mug Set,Home & Kitchen,2,2026-04-23,1993.94,CUST00328,United Kingdom,0,0,3987.88
501169,P10028,Camping Torch,Sports & Outdoors,3,2025-03-24,2043.99,CUST00324,India,0,0,6131.97
500055,P10011,Ceramic Mug Set,Home & Kitchen,4,2025-03-17,1993.94,CUST00026,United States,0,0,7975.76
500591,P10036,Backpack,Stationery & Office,2,2025-10-05,218.62,CUST00176,India,0,0,437.24
500313,P10030,Cycling Gloves,Sports & Outdoors,-3,2025-02-24,820.52,CUST00120,India,0,1,-2461.56
501931,P10031,Notebook Set,Stationery & Office,2,2025-12-17,268.52,CUST00539,India,0,0,537.04
500038,P10021,Lip Balm Set,Beauty & Personal Care,4,2025-06-04,652.97,CUST00019,India,0,0,2611.88
501367,P10033,Desk Organizer,Stationery & Office,5,2025-06-19,67.73,CUST00373,India,0,0,338.65
502987,P10035,Whiteboard Marker Set,Stationery & Office,1,2025-06-01,808.92,CUST00830,India,0,0,808.92
502304,P10014,Denim Jacket,Apparel,3,2025-03-15,1048.3,CUST00652,India,0,0,3144.9
501913,P10031,Notebook Set,Stationery & Office,-5,2025-09-07,268.52,CUST00539,India,0,1,-1342.6
503061,P10009,Cotton Bedsheet Set,Home & Kitchen,3,2026-01-19,1519.89,CUST00842,United Kingdom,0,0,4559.67
500255,P10002,Bluetooth Speaker,Electronics,5,2025-03-18,2723.88,CUST00101,India,0,0,13619.4
502953,P10009,Cotton Bedsheet Set,Home & Kitchen,2,2025-11-24,1519.89,CUST00827,India,0,0,3039.78
500322,P10036,Backpack,Stationery & Office,3,2026-05-04,218.62,CUST00123,India,0,0,655.86
501386,P10019,Face Serum,Beauty & Personal Care,4,2026-03-25,1312.41,CUST00385,United States,0,0,5249.64
500107,P10023,Hair Dryer,Beauty & Personal Care,4,2025-12-11,1018.4,CUST00046,United Kingdom,0,0,4073.6
500493,P10005,Power Bank 10000mAh,Electronics,5,2026-01-01,1034.93,CUST00165,India,0,0,5174.65
500821,P10006,Smartwatch Band,Electronics,3,2025-05-11,990.13,CUST00219,United Kingdom,0,0,2970.39
501779,P10027,Water Bottle Sipper,Sports & Outdoors,1,2025-02-16,2203.72,CUST00490,Germany,0,0,2203.72
501861,P10008,LED Desk Lamp,Home & Kitchen,2,2025-04-04,1311.15,CUST00521,United Kingdom,0,0,2622.3
501977,P10009,Cotton Bedsheet Set,Home & Kitchen,1,2026-01-14,1519.89,CUST00548,United Kingdom,0,0,1519.89
502878,P10013,Cotton T-Shirt,Apparel,4,2025-05-06,1190.46,CUST00800,Uae,0,0,4761.84
501091,P10034,Sticky Notes Pack,Stationery & Office,5,2026-02-03,147.9,CUST00304,United Kingdom,0,0,739.5
501819,P10017,Formal Shirt,Apparel,3,2026-01-30,562.91,CUST00503,India,0,0,1688.73
501114,P10026,Resistance Bands Set,Sports & Outdoors,4,2025-09-21,636.23,CUST00311,India,0,0,2544.92
502599,P10029,Badminton Racket,Sports & Outdoors,1,2026-06-09,274.87,CUST00733,United Kingdom,0,0,274.87
502125,P10002,Bluetooth Speaker,Electronics,1,2025-03-07,2723.88,CUST00581,India,0,0,2723.88
501804,P10023,Hair Dryer,Beauty & Personal Care,5,2025-12-28,1018.4,CUST00497,United Kingdom,0,0,5092.0
500185,P10003,Phone Case,Electronics,2,2025-11-03,1049.71,CUST00068,United States,0,0,2099.42
503075,P10006,Smartwatch Band,Electronics,2,2025-03-15,990.13,CUST00842,United Kingdom,0,0,1980.26
500990,P10035,Whiteboard Marker Set,Stationery & Office,1,2025-12-17,808.92,CUST00278,United Kingdom,0,0,808.92
500567,P10017,Formal Shirt,Apparel,1,2025-04-09,562.91,CUST00175,United Kingdom,0,0,562.91
502410,P10033,Desk Organizer,Stationery & Office,1,2025-05-01,67.73,CUST00688,India,0,0,67.73
502473,P10009,Cotton Bedsheet Set,Home & Kitchen,3,2025-05-02,1519.89,CUST00706,Singapore,0,0,4559.67
502087,P10002,Bluetooth Speaker,Electronics,2,2026-01-07,2723.88,CUST00579,India,0,0,5447.76
501882,P10036,Backpack,Stationery & Office,4,2026-03-15,218.62,CUST00530,Germany,0,0,874.48
502177,P10014,Denim Jacket,Apparel,4,2025-06-02,1048.3,CUST00593,India,0,0,4193.2
500754,P10006,Smartwatch Band,Electronics,2,2026-05-10,990.13,CUST00216,India,0,0,1980.26
501440,P10023,Hair Dryer,Beauty & Personal Care,5,2025-05-04,1018.4,CUST00398,India,0,0,5092.0
500590,P10011,Ceramic Mug Set,Home & Kitchen,5,2026-06-15,1993.94,CUST00176,India,0,0,9969.7
500992,P10014,Denim Jacket,Apparel,4,2025-03-01,1048.3,CUST00278,United Kingdom,0,0,4193.2
500250,P10016,Wool Sweater,Apparel,3,2026-03-18,1250.39,CUST00099,India,0,0,3751.17
501766,P10030,Cycling Gloves,Sports & Outdoors,1,2025-04-08,820.52,CUST00486,Uae,0,0,820.52
502993,P10022,Sunscreen SPF50,Beauty & Personal Care,1,2026-06-18,514.51,CUST00830,India,0,0,514.51
500373,P10003,Phone Case,Electronics,4,2025-12-28,1049.71,CUST00130,India,0,0,4198.84
500220,P10017,Formal Shirt,Apparel,3,2025-09-26,562.91,CUST00086,India,0,0,1688.73
501085,P10002,Bluetooth Speaker,Electronics,1,2025-07-01,2723.88,CUST00301,India,0,0,2723.88
500405,P10020,Herbal Shampoo,Beauty & Personal Care,5,2025-01-27,1426.26,CUST00138,United States,0,0,7131.3
501205,P10001,Wireless Earbuds,Electronics,4,2025-06-16,606.94,CUST00324,India,0,0,2427.76
501010,P10008,LED Desk Lamp,Home & Kitchen,1,2026-01-24,1311.15,CUST00286,India,0,0,1311.15
501852,P10003,Phone Case,Electronics,4,2026-02-12,1049.71,CUST00518,United States,0,0,4198.84
502707,P10022,Sunscreen SPF50,Beauty & Personal Care,4,2025-09-27,514.51,CUST00756,United States,0,0,2058.04
500829,P10033,Desk Organizer,Stationery & Office,5,2025-02-03,67.73,CUST00220,Germany,0,0,338.65
500059,P10013,Cotton T-Shirt,Apparel,3,2025-11-29,1190.46,CUST00029,United Kingdom,0,0,3571.38
503009,P10019,Face Serum,Beauty & Personal Care,3,2025-09-18,1312.41,CUST00833,India,0,0,3937.23
501935,P10004,USB-C Cable,Electronics,2,2025-05-03,3182.97,CUST00539,India,0,0,6365.94
502999,P10018,Yoga Pants,Apparel,5,2025-10-05,608.28,CUST00830,India,0,0,3041.4
501229,P10019,Face Serum,Beauty & Personal Care,5,2025-06-29,1312.41,CUST00335,India,0,0,6562.05
502352,P10014,Denim Jacket,Apparel,1,2026-01-16,1048.3,CUST00665,India,0,0,1048.3
501701,P10031,Notebook Set,Stationery & Office,4,2026-03-21,268.52,CUST00469,India,0,0,1074.08
500737,P10023,Hair Dryer,Beauty & Personal Care,2,2025-01-19,1018.4,CUST00206,India,0,0,2036.8
500135,P10012,Storage Organizer,Home & Kitchen,5,2025-08-15,1268.9,CUST00047,India,0,0,6344.5
502710,P10021,Lip Balm Set,Beauty & Personal Care,4,2026-01-07,652.97,CUST00757,United Kingdom,0,0,2611.88
501859,P10018,Yoga Pants,Apparel,2,2025-09-03,608.28,CUST00521,United Kingdom,0,0,1216.56
502575,P10003,Phone Case,Electronics,4,2025-07-25,1049.71,CUST00731,India,0,0,4198.84
501114,P10036,Backpack,Stationery & Office,5,2025-09-21,218.62,CUST00311,India,0,0,1093.1
501935,P10012,Storage Organizer,Home & Kitchen,4,2025-05-03,1268.9,CUST00539,India,0,0,5075.6
502288,P10024,Beard Trimmer,Beauty & Personal Care,2,2026-03-10,700.79,CUST00643,India,0,0,1401.58
502200,P10026,Resistance Bands Set,Sports & Outdoors,5,2026-05-07,636.23,CUST00609,India,0,0,3181.15
501845,P10003,Phone Case,Electronics,4,2025-05-06,1049.71,CUST00513,Uae,0,0,4198.84
501158,P10011,Ceramic Mug Set,Home & Kitchen,3,2025-07-27,1993.94,CUST00321,India,0,0,5981.82
502861,P10027,Water Bottle Sipper,Sports & Outdoors,4,2025-11-11,2203.72,CUST00796,Germany,0,0,8814.88
502801,P10012,Storage Organizer,Home & Kitchen,1,2026-06-16,1268.9,CUST00779,United States,0,0,1268.9
502802,P10001,Wireless Earbuds,Electronics,4,2026-05-07,606.94,CUST00779,United States,0,0,2427.76
501176,P10009,Cotton Bedsheet Set,Home & Kitchen,1,2025-07-28,1519.89,CUST00324,India,0,0,1519.89
502684,P10013,Cotton T-Shirt,Apparel,3,2025-08-11,1190.46,CUST00753,United Kingdom,0,0,3571.38
501025,P10016,Wool Sweater,Apparel,5,2025-11-26,1250.39,CUST00286,India,0,0,6251.95
502444,P10030,Cycling Gloves,Sports & Outdoors,5,2025-03-31,820.52,CUST00699,India,0,0,4102.6
500672,P10026,Resistance Bands Set,Sports & Outdoors,2,2025-03-13,636.23,CUST00198,Germany,0,0,1272.46
502599,P10014,Denim Jacket,Apparel,5,2026-06-09,1048.3,CUST00733,United Kingdom,0,0,5241.5
500568,P10034,Sticky Notes Pack,Stationery & Office,5,2025-12-26,147.9,CUST00175,United Kingdom,0,0,739.5
502561,P10011,Ceramic Mug Set,Home & Kitchen,2,2025-03-04,1993.94,CUST00731,India,0,0,3987.88
501552,P10013,Cotton T-Shirt,Apparel,1,2026-02-12,1190.46,CUST00439,United States,0,0,1190.46
501822,P10026,Resistance Bands Set,Sports & Outdoors,4,2025-07-16,636.23,CUST00503,India,0,0,2544.92
500664,P10014,Denim Jacket,Apparel,-4,2025-05-15,1048.3,CUST00195,India,0,1,-4193.2
500166,P10034,Sticky Notes Pack,Stationery & Office,1,2025-10-12,147.9,CUST00062,India,0,0,147.9
500958,P10029,Badminton Racket,Sports & Outdoors,3,2026-01-02,274.87,CUST00266,United States,0,0,824.61
500754,P10034,Sticky Notes Pack,Stationery & Office,-4,2026-05-10,147.9,CUST00216,India,0,1,-591.6
500201,P10016,Wool Sweater,Apparel,-1,2025-04-07,1250.39,CUST00074,United States,0,1,-1250.39
500771,P10003,Phone Case,Electronics,3,2025-08-18,1049.71,CUST00217,India,0,0,3149.13
502093,P10015,Running Shoes,Apparel,4,2025-10-30,980.3,CUST00579,India,0,0,3921.2
501468,P10022,Sunscreen SPF50,Beauty & Personal Care,1,2026-01-31,514.51,CUST00416,India,0,0,514.51
500897,P10005,Power Bank 10000mAh,Electronics,5,2025-06-30,1034.93,,India,1,0,5174.65
500617,P10021,Lip Balm Set,Beauty & Personal Care,1,2025-11-18,652.97,CUST00189,India,0,0,652.97
500416,P10034,Sticky Notes Pack,Stationery & Office,-3,2025-09-15,147.9,CUST00138,United States,0,1,-443.7
500851,P10011,Ceramic Mug Set,Home & Kitchen,5,2025-03-08,1993.94,CUST00232,India,0,0,9969.7
502765,P10003,Phone Case,Electronics,2,2025-05-13,1049.71,CUST00779,United States,0,0,2099.42
502014,P10006,Smartwatch Band,Electronics,4,2026-05-27,990.13,CUST00559,United States,0,0,3960.52
501362,P10031,Notebook Set,Stationery & Office,5,2025-01-10,268.52,CUST00369,India,0,0,1342.6
503006,P10019,Face Serum,Beauty & Personal Care,2,2025-03-04,1312.41,CUST00832,India,0,0,2624.82
501050,P10021,Lip Balm Set,Beauty & Personal Care,5,2025-02-06,652.97,,India,1,0,3264.85
501628,P10009,Cotton Bedsheet Set,Home & Kitchen,1,2025-02-19,1519.89,CUST00449,India,0,0,1519.89
502268,P10025,Yoga Mat,Sports & Outdoors,3,2026-01-15,270.08,CUST00634,India,0,0,810.24
501450,P10030,Cycling Gloves,Sports & Outdoors,1,2025-08-26,820.52,CUST00407,India,0,0,820.52
501730,P10026,Resistance Bands Set,Sports & Outdoors,1,2025-06-19,636.23,CUST00477,India,0,0,636.23
500337,P10023,Hair Dryer,Beauty & Personal Care,5,2026-05-13,1018.4,CUST00126,India,0,0,5092.0
502195,P10013,Cotton T-Shirt,Apparel,3,2025-11-08,1190.46,,India,1,0,3571.38
501249,P10036,Backpack,Stationery & Office,4,2025-06-23,218.62,CUST00339,India,0,0,874.48
502375,P10008,LED Desk Lamp,Home & Kitchen,4,2026-04-20,1311.15,CUST00673,India,0,0,5244.6
501492,P10009,Cotton Bedsheet Set,Home & Kitchen,3,2025-10-15,1519.89,CUST00421,United States,0,0,4559.67
502983,P10021,Lip Balm Set,Beauty & Personal Care,4,2025-08-22,652.97,CUST00830,India,0,0,2611.88
502461,P10006,Smartwatch Band,Electronics,3,2026-03-08,990.13,CUST00702,India,0,0,2970.39
501070,P10034,Sticky Notes Pack,Stationery & Office,1,2025-08-10,147.9,CUST00298,India,0,0,147.9
502215,P10010,Insulated Water Bottle,Home & Kitchen,1,2025-11-26,396.84,CUST00616,Uae,0,0,396.84
502439,P10012,Storage Organizer,Home & Kitchen,2,2026-01-19,1268.9,CUST00699,India,0,0,2537.8
501416,P10028,Camping Torch,Sports & Outdoors,4,2026-03-17,2043.99,CUST00392,India,0,0,8175.96
501348,P10015,Running Shoes,Apparel,4,2025-11-21,980.3,,India,1,0,3921.2
501084,P10032,Gel Pen Pack,Stationery & Office,-5,2026-06-12,687.3,CUST00300,India,0,1,-3436.5
500162,P10020,Herbal Shampoo,Beauty & Personal Care,-2,2025-02-17,1426.26,CUST00059,India,0,1,-2852.52
500505,P10026,Resistance Bands Set,Sports & Outdoors,3,2025-08-16,636.23,CUST00167,India,0,0,1908.69
500872,P10033,Desk Organizer,Stationery & Office,1,2025-07-06,67.73,CUST00236,United States,0,0,67.73
501253,P10025,Yoga Mat,Sports & Outdoors,1,2026-02-04,270.08,CUST00342,India,0,0,270.08
502873,P10011,Ceramic Mug Set,Home & Kitchen,5,2026-02-26,1993.94,CUST00798,United Kingdom,0,0,9969.7
500742,P10014,Denim Jacket,Apparel,2,2025-06-11,1048.3,CUST00208,United Kingdom,0,0,2096.6
500781,P10006,Smartwatch Band,Electronics,3,2025-07-23,990.13,CUST00218,United States,0,0,2970.39
500870,P10015,Running Shoes,Apparel,-3,2025-12-24,980.3,CUST00236,United States,0,1,-2940.9
500273,P10006,Smartwatch Band,Electronics,1,2025-01-08,990.13,CUST00110,India,0,0,990.13
501009,P10020,Herbal Shampoo,Beauty & Personal Care,-2,2025-11-18,1426.26,CUST00286,India,0,1,-2852.52
502524,P10011,Ceramic Mug Set,Home & Kitchen,1,2025-12-09,1993.94,,Uae,1,0,1993.94
502649,P10022,Sunscreen SPF50,Beauty & Personal Care,5,2025-01-03,514.51,CUST00750,United Kingdom,0,0,2572.55
501306,P10007,Non-Stick Pan,Home & Kitchen,3,2025-05-23,331.24,CUST00353,United Kingdom,0,0,993.72
500963,P10004,USB-C Cable,Electronics,2,2025-09-02,3182.97,CUST00268,United States,0,0,6365.94
502645,P10025,Yoga Mat,Sports & Outdoors,1,2025-04-15,270.08,CUST00749,Uae,0,0,270.08
502974,P10009,Cotton Bedsheet Set,Home & Kitchen,-5,2025-05-21,1519.89,CUST00830,India,0,1,-7599.45
502633,P10028,Camping Torch,Sports & Outdoors,3,2025-10-20,2043.99,CUST00746,Germany,0,0,6131.97
500566,P10022,Sunscreen SPF50,Beauty & Personal Care,5,2025-09-25,514.51,CUST00174,India,0,0,2572.55
500821,P10009,Cotton Bedsheet Set,Home & Kitchen,1,2025-05-11,1519.89,CUST00219,United Kingdom,0,0,1519.89
500153,P10012,Storage Organizer,Home & Kitchen,2,2025-07-14,1268.9,CUST00056,Uae,0,0,2537.8
501295,P10029,Badminton Racket,Sports & Outdoors,1,2025-10-04,274.87,CUST00351,India,0,0,274.87
501249,P10027,Water Bottle Sipper,Sports & Outdoors,2,2025-06-23,2203.72,CUST00339,India,0,0,4407.44
501708,P10023,Hair Dryer,Beauty & Personal Care,3,2026-03-05,1018.4,CUST00470,Singapore,0,0,3055.2
500197,P10032,Gel Pen Pack,Stationery & Office,5,2025-05-29,687.3,CUST00072,India,0,0,3436.5
500880,P10031,Notebook Set,Stationery & Office,1,2026-04-14,268.52,CUST00237,India,0,0,268.52
502109,P10009,Cotton Bedsheet Set,Home & Kitchen,1,2025-10-06,1519.89,CUST00579,India,0,0,1519.89
500943,P10024,Beard Trimmer,Beauty & Personal Care,4,2026-04-19,700.79,CUST00263,India,0,0,2803.16
502248,P10001,Wireless Earbuds,Electronics,1,2025-08-17,606.94,CUST00627,India,0,0,606.94
502489,P10032,Gel Pen Pack,Stationery & Office,4,2025-09-22,687.3,CUST00706,Singapore,0,0,2749.2
501593,P10028,Camping Torch,Sports & Outdoors,4,2026-04-23,2043.99,CUST00448,United States,0,0,8175.96
502415,P10014,Denim Jacket,Apparel,2,2025-02-13,1048.3,CUST00692,India,0,0,2096.6
500180,P10027,Water Bottle Sipper,Sports & Outdoors,1,2026-04-23,2203.72,CUST00065,India,0,0,2203.72
500537,P10003,Phone Case,Electronics,3,2026-01-31,1049.71,CUST00169,India,0,0,3149.13
501500,P10036,Backpack,Stationery & Office,4,2025-03-15,218.62,CUST00424,India,0,0,874.48
500346,P10014,Denim Jacket,Apparel,1,2025-11-28,1048.3,CUST00126,India,0,0,1048.3
501648,P10022,Sunscreen SPF50,Beauty & Personal Care,1,2025-08-20,514.51,CUST00457,India,0,0,514.51
502109,P10028,Camping Torch,Sports & Outdoors,5,2025-10-06,2043.99,CUST00579,India,0,0,10219.95
500569,P10033,Desk Organizer,Stationery & Office,5,2026-05-29,67.73,CUST00175,United Kingdom,0,0,338.65
502265,P10023,Hair Dryer,Beauty & Personal Care,5,2026-04-10,1018.4,CUST00634,India,0,0,5092.0
502159,P10019,Face Serum,Beauty & Personal Care,2,2026-05-04,1312.41,CUST00587,India,0,0,2624.82
501257,P10027,Water Bottle Sipper,Sports & Outdoors,4,2026-01-03,2203.72,CUST00343,India,0,0,8814.88
502890,P10013,Cotton T-Shirt,Apparel,2,2025-02-08,1190.46,CUST00801,United States,0,0,2380.92
502466,P10034,Sticky Notes Pack,Stationery & Office,5,2025-11-28,147.9,CUST00705,India,0,0,739.5
502614,P10011,Ceramic Mug Set,Home & Kitchen,3,2025-10-23,1993.94,CUST00738,United States,0,0,5981.82
501614,P10022,Sunscreen SPF50,Beauty & Personal Care,4,2025-03-03,514.51,,United States,1,0,2058.04
502672,P10024,Beard Trimmer,Beauty & Personal Care,4,2025-12-27,700.79,CUST00753,United Kingdom,0,0,2803.16
500046,P10004,USB-C Cable,Electronics,5,2025-09-23,3182.97,CUST00021,United Kingdom,0,0,15914.85
502809,P10006,Smartwatch Band,Electronics,5,2025-08-25,990.13,CUST00782,India,0,0,4950.65
501923,P10009,Cotton Bedsheet Set,Home & Kitchen,5,2025-04-03,1519.89,CUST00539,India,0,0,7599.45
502513,P10005,Power Bank 10000mAh,Electronics,2,2026-03-28,1034.93,CUST00711,United States,0,0,2069.86
501950,P10033,Desk Organizer,Stationery & Office,5,2025-04-24,67.73,CUST00540,India,0,0,338.65
501332,P10034,Sticky Notes Pack,Stationery & Office,3,2025-02-28,147.9,CUST00358,United Kingdom,0,0,443.7
500702,P10021,Lip Balm Set,Beauty & Personal Care,3,2026-06-18,652.97,CUST00203,India,0,0,1958.91
502763,P10022,Sunscreen SPF50,Beauty & Personal Care,3,2025-05-24,514.51,CUST00779,United States,0,0,1543.53
501719,P10030,Cycling Gloves,Sports & Outdoors,1,2025-11-10,820.52,CUST00474,Germany,0,0,820.52
502112,P10030,Cycling Gloves,Sports & Outdoors,2,2025-08-11,820.52,CUST00579,India,0,0,1641.04
500989,P10009,Cotton Bedsheet Set,Home & Kitchen,3,2025-05-22,1519.89,CUST00277,United States,0,0,4559.67
502435,P10024,Beard Trimmer,Beauty & Personal Care,5,2025-03-05,700.79,CUST00699,India,0,0,3503.95
502611,P10010,Insulated Water Bottle,Home & Kitchen,3,2026-01-23,396.84,CUST00738,United States,0,0,1190.52
503040,P10035,Whiteboard Marker Set,Stationery & Office,4,2025-03-02,808.92,CUST00839,United Kingdom,0,0,3235.68
500963,P10035,Whiteboard Marker Set,Stationery & Office,5,2025-09-02,808.92,CUST00268,United States,0,0,4044.6
501249,P10015,Running Shoes,Apparel,4,2025-06-23,980.3,CUST00339,India,0,0,3921.2
500099,P10005,Power Bank 10000mAh,Electronics,2,2025-09-16,1034.93,CUST00041,India,0,0,2069.86
501717,P10014,Denim Jacket,Apparel,5,2025-05-14,1048.3,CUST00473,India,0,0,5241.5
502647,P10016,Wool Sweater,Apparel,4,2025-05-16,1250.39,CUST00749,Uae,0,0,5001.56
500032,P10030,Cycling Gloves,Sports & Outdoors,5,2025-01-26,820.52,CUST00014,India,0,0,4102.6
500721,P10018,Yoga Pants,Apparel,5,2026-03-29,608.28,CUST00203,India,0,0,3041.4
502529,P10019,Face Serum,Beauty & Personal Care,1,2026-01-20,1312.41,CUST00720,United States,0,0,1312.41
502677,P10012,Storage Organizer,Home & Kitchen,1,2025-06-09,1268.9,CUST00753,United Kingdom,0,0,1268.9
502914,P10030,Cycling Gloves,Sports & Outdoors,5,2025-10-30,820.52,CUST00813,India,0,0,4102.6
501471,P10005,Power Bank 10000mAh,Electronics,2,2025-01-18,1034.93,CUST00416,India,0,0,2069.86
502490,P10012,Storage Organizer,Home & Kitchen,2,2026-04-22,1268.9,CUST00706,Singapore,0,0,2537.8
500852,P10005,Power Bank 10000mAh,Electronics,1,2026-06-29,1034.93,CUST00232,India,0,0,1034.93
500448,P10005,Power Bank 10000mAh,Electronics,1,2026-01-24,1034.93,CUST00144,India,0,0,1034.93
501416,P10012,Storage Organizer,Home & Kitchen,1,2026-03-17,1268.9,CUST00392,India,0,0,1268.9
500113,P10007,Non-Stick Pan,Home & Kitchen,1,2025-11-25,331.24,CUST00047,India,0,0,331.24
500165,P10020,Herbal Shampoo,Beauty & Personal Care,2,2026-04-30,1426.26,CUST00062,India,0,0,2852.52
500402,P10016,Wool Sweater,Apparel,1,2026-01-14,1250.39,CUST00137,India,0,0,1250.39
503042,P10027,Water Bottle Sipper,Sports & Outdoors,5,2025-11-16,2203.72,CUST00841,India,0,0,11018.6
500604,P10019,Face Serum,Beauty & Personal Care,2,2025-02-22,1312.41,CUST00180,India,0,0,2624.82
501091,P10031,Notebook Set,Stationery & Office,4,2026-02-03,268.52,CUST00304,United Kingdom,0,0,1074.08
503046,P10029,Badminton Racket,Sports & Outdoors,3,2025-03-25,274.87,CUST00842,United Kingdom,0,0,824.61
502529,P10015,Running Shoes,Apparel,1,2026-01-20,980.3,CUST00720,United States,0,0,980.3
503019,P10032,Gel Pen Pack,Stationery & Office,3,2025-06-20,687.3,CUST00833,India,0,0,2061.9
502155,P10024,Beard Trimmer,Beauty & Personal Care,2,2026-06-15,700.79,,India,1,0,1401.58
500820,P10035,Whiteboard Marker Set,Stationery & Office,5,2025-10-20,808.92,CUST00219,United Kingdom,0,0,4044.6
500039,P10015,Running Shoes,Apparel,3,2025-09-04,980.3,,India,1,0,2940.9
501250,P10033,Desk Organizer,Stationery & Office,2,2026-03-11,67.73,CUST00340,India,0,0,135.46
501521,P10003,Phone Case,Electronics,4,2025-06-21,1049.71,CUST00432,United States,0,0,4198.84
500143,P10018,Yoga Pants,Apparel,2,2025-06-24,608.28,CUST00052,United States,0,0,1216.56
502030,P10033,Desk Organizer,Stationery & Office,2,2026-02-07,67.73,CUST00563,India,0,0,135.46
500587,P10023,Hair Dryer,Beauty & Personal Care,3,2025-06-14,1018.4,CUST00176,India,0,0,3055.2
502528,P10036,Backpack,Stationery & Office,1,2025-09-30,218.62,CUST00720,United States,0,0,218.62
500230,P10027,Water Bottle Sipper,Sports & Outdoors,3,2026-05-18,2203.72,CUST00087,United States,0,0,6611.16
501455,P10034,Sticky Notes Pack,Stationery & Office,2,2025-11-20,147.9,CUST00409,Uae,0,0,295.8
500471,P10018,Yoga Pants,Apparel,2,2025-05-25,608.28,CUST00157,United Kingdom,0,0,1216.56
502757,P10032,Gel Pen Pack,Stationery & Office,5,2025-07-15,687.3,CUST00777,India,0,0,3436.5
502539,P10018,Yoga Pants,Apparel,2,2026-03-24,608.28,CUST00725,United Kingdom,0,0,1216.56
501282,P10024,Beard Trimmer,Beauty & Personal Care,3,2026-03-31,700.79,CUST00345,India,0,0,2102.37
500385,P10011,Ceramic Mug Set,Home & Kitchen,3,2026-02-09,1993.94,CUST00133,India,0,0,5981.82
500333,P10025,Yoga Mat,Sports & Outdoors,-1,2026-06-27,270.08,CUST00126,India,0,1,-270.08
501910,P10006,Smartwatch Band,Electronics,1,2026-05-23,990.13,CUST00539,India,0,0,990.13
502214,P10019,Face Serum,Beauty & Personal Care,5,2026-02-09,1312.41,,Germany,1,0,6562.05
502956,P10023,Hair Dryer,Beauty & Personal Care,5,2026-05-26,1018.4,CUST00827,India,0,0,5092.0
502234,P10015,Running Shoes,Apparel,1,2025-10-22,980.3,CUST00626,India,0,0,980.3
502260,P10036,Backpack,Stationery & Office,1,2026-04-26,218.62,CUST00632,Germany,0,0,218.62
500241,P10028,Camping Torch,Sports & Outdoors,1,2025-11-27,2043.99,CUST00095,United States,0,0,2043.99
500492,P10023,Hair Dryer,Beauty & Personal Care,-2,2025-02-09,1018.4,CUST00165,India,0,1,-2036.8
501896,P10028,Camping Torch,Sports & Outdoors,5,2025-06-14,2043.99,CUST00534,United Kingdom,0,0,10219.95
501021,P10033,Desk Organizer,Stationery & Office,1,2025-12-24,67.73,CUST00286,India,0,0,67.73
502286,P10012,Storage Organizer,Home & Kitchen,3,2025-12-22,1268.9,CUST00641,India,0,0,3806.7
500447,P10016,Wool Sweater,Apparel,2,2025-02-18,1250.39,CUST00144,India,0,0,2500.78
501274,P10021,Lip Balm Set,Beauty & Personal Care,4,2026-05-03,652.97,CUST00343,India,0,0,2611.88
500232,P10016,Wool Sweater,Apparel,1,2025-11-11,1250.39,CUST00089,Germany,0,0,1250.39
501593,P10020,Herbal Shampoo,Beauty & Personal Care,3,2026-04-23,1426.26,CUST00448,United States,0,0,4278.78
502403,P10018,Yoga Pants,Apparel,4,2026-04-06,608.28,CUST00686,United Kingdom,0,0,2433.12
501117,P10012,Storage Organizer,Home & Kitchen,5,2026-05-01,1268.9,CUST00311,India,0,0,6344.5
501476,P10019,Face Serum,Beauty & Personal Care,5,2026-04-28,1312.41,CUST00416,India,0,0,6562.05
500425,P10019,Face Serum,Beauty & Personal Care,3,2026-02-11,1312.41,CUST00139,India,0,0,3937.23
501179,P10019,Face Serum,Beauty & Personal Care,4,2025-06-24,1312.41,CUST00324,India,0,0,5249.64
500932,P10012,Storage Organizer,Home & Kitchen,2,2026-01-16,1268.9,CUST00260,India,0,0,2537.8
502601,P10003,Phone Case,Electronics,5,2025-03-02,1049.71,CUST00734,India,0,0,5248.55
502868,P10030,Cycling Gloves,Sports & Outdoors,5,2025-01-21,820.52,CUST00796,Germany,0,0,4102.6
501399,P10035,Whiteboard Marker Set,Stationery & Office,5,2025-08-22,808.92,CUST00389,United States,0,0,4044.6
501850,P10021,Lip Balm Set,Beauty & Personal Care,5,2025-06-02,652.97,CUST00516,India,0,0,3264.85
500813,P10010,Insulated Water Bottle,Home & Kitchen,2,2026-06-02,396.84,CUST00219,United Kingdom,0,0,793.68
501523,P10006,Smartwatch Band,Electronics,4,2025-12-12,990.13,CUST00432,United States,0,0,3960.52
501647,P10028,Camping Torch,Sports & Outdoors,2,2025-10-09,2043.99,CUST00457,India,0,0,4087.98
502076,P10024,Beard Trimmer,Beauty & Personal Care,1,2026-02-28,700.79,CUST00579,India,0,0,700.79
501383,P10012,Storage Organizer,Home & Kitchen,3,2025-06-11,1268.9,CUST00383,United Kingdom,0,0,3806.7
500709,P10020,Herbal Shampoo,Beauty & Personal Care,1,2025-11-17,1426.26,CUST00203,India,0,0,1426.26
500739,P10023,Hair Dryer,Beauty & Personal Care,2,2026-05-06,1018.4,CUST00207,India,0,0,2036.8
501389,P10033,Desk Organizer,Stationery & Office,4,2025-04-29,67.73,CUST00386,United States,0,0,270.92
502399,P10022,Sunscreen SPF50,Beauty & Personal Care,4,2025-11-23,514.51,CUST00683,India,0,0,2058.04
502798,P10009,Cotton Bedsheet Set,Home & Kitchen,-1,2025-11-05,1519.89,CUST00779,United States,0,1,-1519.89
501517,P10005,Power Bank 10000mAh,Electronics,2,2026-04-20,1034.93,CUST00430,India,0,0,2069.86
502345,P10028,Camping Torch,Sports & Outdoors,4,2025-10-17,2043.99,CUST00665,India,0,0,8175.96
500602,P10029,Badminton Racket,Sports & Outdoors,3,2025-09-04,274.87,CUST00179,Uae,0,0,824.61
502055,P10009,Cotton Bedsheet Set,Home & Kitchen,3,2026-03-09,1519.89,CUST00570,India,0,0,4559.67
500374,P10029,Badminton Racket,Sports & Outdoors,1,2026-01-28,274.87,CUST00130,India,0,0,274.87
503072,P10036,Backpack,Stationery & Office,5,2025-02-27,218.62,CUST00842,United Kingdom,0,0,1093.1
502434,P10030,Cycling Gloves,Sports & Outdoors,5,2025-04-26,820.52,CUST00699,India,0,0,4102.6
501394,P10009,Cotton Bedsheet Set,Home & Kitchen,3,2025-11-28,1519.89,CUST00387,India,0,0,4559.67
502998,P10020,Herbal Shampoo,Beauty & Personal Care,4,2025-11-03,1426.26,CUST00830,India,0,0,5705.04
501997,P10023,Hair Dryer,Beauty & Personal Care,3,2026-01-17,1018.4,CUST00555,Germany,0,0,3055.2
502826,P10036,Backpack,Stationery & Office,4,2025-09-10,218.62,CUST00786,Uae,0,0,874.48
500092,P10036,Backpack,Stationery & Office,4,2025-11-17,218.62,CUST00037,India,0,0,874.48
500726,P10027,Water Bottle Sipper,Sports & Outdoors,2,2025-12-15,2203.72,CUST00204,Germany,0,0,4407.44
501165,P10034,Sticky Notes Pack,Stationery & Office,3,2025-08-22,147.9,CUST00324,India,0,0,443.7
502620,P10033,Desk Organizer,Stationery & Office,1,2025-09-22,67.73,CUST00738,United States,0,0,67.73
501890,P10033,Desk Organizer,Stationery & Office,1,2026-03-22,67.73,CUST00530,Germany,0,0,67.73
501373,P10003,Phone Case,Electronics,5,2025-07-17,1049.71,CUST00376,India,0,0,5248.55
502712,P10017,Formal Shirt,Apparel,1,2025-07-11,562.91,CUST00758,India,0,0,562.91
501438,P10004,USB-C Cable,Electronics,5,2025-08-20,3182.97,CUST00397,Germany,0,0,15914.85
500444,P10028,Camping Torch,Sports & Outdoors,5,2025-03-15,2043.99,CUST00143,India,0,0,10219.95
501294,P10020,Herbal Shampoo,Beauty & Personal Care,3,2026-01-12,1426.26,CUST00351,India,0,0,4278.78
502158,P10004,USB-C Cable,Electronics,3,2025-06-24,3182.97,CUST00587,India,0,0,9548.91
502172,P10009,Cotton Bedsheet Set,Home & Kitchen,2,2025-09-16,1519.89,CUST00592,United Kingdom,0,0,3039.78
500942,P10031,Notebook Set,Stationery & Office,4,2026-03-04,268.52,CUST00263,India,0,0,1074.08
501301,P10014,Denim Jacket,Apparel,3,2026-02-10,1048.3,CUST00353,United Kingdom,0,0,3144.9
500124,P10026,Resistance Bands Set,Sports & Outdoors,1,2026-06-07,636.23,CUST00047,India,0,0,636.23
502673,P10021,Lip Balm Set,Beauty & Personal Care,3,2026-04-03,652.97,CUST00753,United Kingdom,0,0,1958.91
502562,P10012,Storage Organizer,Home & Kitchen,1,2025-03-06,1268.9,CUST00731,India,0,0,1268.9
502893,P10024,Beard Trimmer,Beauty & Personal Care,3,2025-07-16,700.79,CUST00803,United Kingdom,0,0,2102.37
500791,P10035,Whiteboard Marker Set,Stationery & Office,1,2026-05-28,808.92,CUST00219,United Kingdom,0,0,808.92
500767,P10021,Lip Balm Set,Beauty & Personal Care,5,2025-03-31,652.97,CUST00216,India,0,0,3264.85
501096,P10001,Wireless Earbuds,Electronics,5,2025-12-17,606.94,CUST00307,India,0,0,3034.7
501834,P10021,Lip Balm Set,Beauty & Personal Care,3,2025-02-22,652.97,CUST00508,Germany,0,0,1958.91
501283,P10028,Camping Torch,Sports & Outdoors,4,2025-01-08,2043.99,CUST00345,India,0,0,8175.96
501673,P10024,Beard Trimmer,Beauty & Personal Care,5,2025-11-18,700.79,CUST00463,United States,0,0,3503.95
500474,P10035,Whiteboard Marker Set,Stationery & Office,2,2026-04-23,808.92,CUST00159,India,0,0,1617.84
501539,P10033,Desk Organizer,Stationery & Office,2,2026-06-16,67.73,,United States,1,0,135.46
500687,P10036,Backpack,Stationery & Office,5,2025-10-08,218.62,CUST00201,United Kingdom,0,0,1093.1
502785,P10021,Lip Balm Set,Beauty & Personal Care,2,2025-07-29,652.97,CUST00779,United States,0,0,1305.94
502876,P10011,Ceramic Mug Set,Home & Kitchen,1,2025-01-05,1993.94,CUST00798,United Kingdom,0,0,1993.94
500083,P10030,Cycling Gloves,Sports & Outdoors,2,2025-11-05,820.52,CUST00035,Singapore,0,0,1641.04
501153,P10033,Desk Organizer,Stationery & Office,2,2025-04-26,67.73,CUST00320,India,0,0,135.46
501922,P10025,Yoga Mat,Sports & Outdoors,3,2025-08-24,270.08,CUST00539,India,0,0,810.24
500411,P10032,Gel Pen Pack,Stationery & Office,1,2026-06-14,687.3,CUST00138,United States,0,0,687.3
500280,P10031,Notebook Set,Stationery & Office,3,2025-02-12,268.52,CUST00111,India,0,0,805.56
501878,P10003,Phone Case,Electronics,4,2026-06-08,1049.71,CUST00528,India,0,0,4198.84
502788,P10009,Cotton Bedsheet Set,Home & Kitchen,2,2026-04-24,1519.89,CUST00779,United States,0,0,3039.78
501198,P10033,Desk Organizer,Stationery & Office,4,2025-07-10,67.73,CUST00324,India,0,0,270.92
501728,P10031,Notebook Set,Stationery & Office,4,2025-05-22,268.52,,Singapore,1,0,1074.08
500562,P10011,Ceramic Mug Set,Home & Kitchen,3,2025-05-29,1993.94,CUST00172,India,0,0,5981.82
503069,P10017,Formal Shirt,Apparel,4,2025-07-22,562.91,CUST00842,United Kingdom,0,0,2251.64
501691,P10028,Camping Torch,Sports & Outdoors,4,2025-11-27,2043.99,,Singapore,1,0,8175.96
502407,P10023,Hair Dryer,Beauty & Personal Care,5,2026-04-17,1018.4,CUST00688,India,0,0,5092.0
502970,P10019,Face Serum,Beauty & Personal Care,5,2025-11-01,1312.41,CUST00830,India,0,0,6562.05
502871,P10004,USB-C Cable,Electronics,4,2025-11-28,3182.97,CUST00797,Uae,0,0,12731.88
501822,P10017,Formal Shirt,Apparel,4,2025-07-16,562.91,CUST00503,India,0,0,2251.64
501150,P10006,Smartwatch Band,Electronics,2,2025-06-27,990.13,CUST00319,India,0,0,1980.26
500195,P10019,Face Serum,Beauty & Personal Care,2,2025-01-18,1312.41,,United States,1,0,2624.82
501632,P10032,Gel Pen Pack,Stationery & Office,3,2025-03-19,687.3,CUST00449,India,0,0,2061.9
501536,P10035,Whiteboard Marker Set,Stationery & Office,4,2026-03-11,808.92,CUST00439,United States,0,0,3235.68
500228,P10003,Phone Case,Electronics,4,2025-07-08,1049.71,CUST00087,United States,0,0,4198.84
500951,P10027,Water Bottle Sipper,Sports & Outdoors,-2,2025-08-24,2203.72,CUST00265,Germany,0,1,-4407.44
500892,P10008,LED Desk Lamp,Home & Kitchen,5,2025-10-01,1311.15,CUST00242,Uae,0,0,6555.75
500026,P10017,Formal Shirt,Apparel,1,2026-05-12,562.91,CUST00012,Singapore,0,0,562.91
502196,P10023,Hair Dryer,Beauty & Personal Care,3,2025-09-22,1018.4,CUST00605,India,0,0,3055.2
501113,P10016,Wool Sweater,Apparel,4,2025-05-20,1250.39,CUST00311,India,0,0,5001.56
501449,P10009,Cotton Bedsheet Set,Home & Kitchen,2,2025-03-12,1519.89,CUST00406,Germany,0,0,3039.78
502500,P10009,Cotton Bedsheet Set,Home & Kitchen,2,2026-06-21,1519.89,CUST00706,Singapore,0,0,3039.78
502555,P10014,Denim Jacket,Apparel,3,2026-04-01,1048.3,CUST00731,India,0,0,3144.9
501358,P10034,Sticky Notes Pack,Stationery & Office,4,2026-05-12,147.9,CUST00367,Singapore,0,0,591.6
501702,P10015,Running Shoes,Apparel,5,2026-03-30,980.3,CUST00469,India,0,0,4901.5
500044,P10030,Cycling Gloves,Sports & Outdoors,1,2026-01-27,820.52,CUST00020,India,0,0,820.52
502284,P10021,Lip Balm Set,Beauty & Personal Care,5,2026-03-04,652.97,CUST00639,India,0,0,3264.85
501013,P10036,Backpack,Stationery & Office,3,2025-10-08,218.62,CUST00286,India,0,0,655.86
502368,P10020,Herbal Shampoo,Beauty & Personal Care,3,2025-05-30,1426.26,CUST00671,India,0,0,4278.78
501218,P10023,Hair Dryer,Beauty & Personal Care,2,2025-07-08,1018.4,CUST00332,United States,0,0,2036.8
502934,P10018,Yoga Pants,Apparel,2,2025-07-29,608.28,CUST00815,Germany,0,0,1216.56
500050,P10020,Herbal Shampoo,Beauty & Personal Care,4,2025-08-08,1426.26,CUST00022,India,0,0,5705.04
502105,P10023,Hair Dryer,Beauty & Personal Care,5,2025-05-28,1018.4,CUST00579,India,0,0,5092.0
500970,P10017,Formal Shirt,Apparel,5,2025-11-25,562.91,CUST00271,United States,0,0,2814.55
500685,P10031,Notebook Set,Stationery & Office,5,2025-06-07,268.52,CUST00200,United States,0,0,1342.6
502418,P10036,Backpack,Stationery & Office,4,2025-03-27,218.62,CUST00693,India,0,0,874.48
500048,P10036,Backpack,Stationery & Office,3,2025-11-07,218.62,CUST00021,United Kingdom,0,0,655.86
500390,P10007,Non-Stick Pan,Home & Kitchen,2,2025-02-22,331.24,CUST00133,India,0,0,662.48
500941,P10028,Camping Torch,Sports & Outdoors,5,2025-12-25,2043.99,CUST00263,India,0,0,10219.95
503007,P10026,Resistance Bands Set,Sports & Outdoors,3,2026-02-15,636.23,CUST00832,India,0,0,1908.69
501748,P10032,Gel Pen Pack,Stationery & Office,4,2026-02-14,687.3,CUST00484,United Kingdom,0,0,2749.2
502931,P10008,LED Desk Lamp,Home & Kitchen,5,2025-04-14,1311.15,CUST00815,Germany,0,0,6555.75
501783,P10016,Wool Sweater,Apparel,2,2026-04-02,1250.39,CUST00492,United Kingdom,0,0,2500.78
500689,P10005,Power Bank 10000mAh,Electronics,5,2026-02-03,1034.93,CUST00203,India,0,0,5174.65
502010,P10012,Storage Organizer,Home & Kitchen,4,2026-01-21,1268.9,CUST00559,United States,0,0,5075.6
501901,P10025,Yoga Mat,Sports & Outdoors,2,2025-03-07,270.08,CUST00534,United Kingdom,0,0,540.16
503043,P10015,Running Shoes,Apparel,5,2025-03-04,980.3,CUST00841,India,0,0,4901.5
502099,P10016,Wool Sweater,Apparel,3,2026-05-15,1250.39,CUST00579,India,0,0,3751.17
502523,P10018,Yoga Pants,Apparel,2,2025-08-12,608.28,CUST00715,India,0,0,1216.56
501869,P10021,Lip Balm Set,Beauty & Personal Care,1,2025-11-26,652.97,CUST00524,Germany,0,0,652.97
501259,P10003,Phone Case,Electronics,3,2025-01-31,1049.71,CUST00343,India,0,0,3149.13
501969,P10014,Denim Jacket,Apparel,5,2025-05-18,1048.3,CUST00544,United Kingdom,0,0,5241.5
501856,P10003,Phone Case,Electronics,3,2025-11-04,1049.71,CUST00519,Singapore,0,0,3149.13
502615,P10019,Face Serum,Beauty & Personal Care,5,2026-01-05,1312.41,CUST00738,United States,0,0,6562.05
500477,P10013,Cotton T-Shirt,Apparel,5,2025-08-18,1190.46,,India,1,0,5952.3
500455,P10027,Water Bottle Sipper,Sports & Outdoors,5,2025-06-03,2203.72,CUST00149,India,0,0,11018.6
500459,P10007,Non-Stick Pan,Home & Kitchen,5,2025-09-21,331.24,CUST00151,Uae,0,0,1656.2
502447,P10029,Badminton Racket,Sports & Outdoors,3,2025-09-20,274.87,CUST00699,India,0,0,824.61
502761,P10036,Backpack,Stationery & Office,4,2025-09-25,218.62,CUST00778,United States,0,0,874.48
502343,P10018,Yoga Pants,Apparel,4,2025-01-27,608.28,CUST00665,India,0,0,2433.12
500327,P10006,Smartwatch Band,Electronics,5,2025-07-27,990.13,CUST00126,India,0,0,4950.65
500868,P10031,Notebook Set,Stationery & Office,5,2025-05-02,268.52,CUST00236,United States,0,0,1342.6
500142,P10001,Wireless Earbuds,Electronics,4,2025-03-18,606.94,CUST00052,United States,0,0,2427.76
502908,P10030,Cycling Gloves,Sports & Outdoors,2,2026-02-13,820.52,,India,1,0,1641.04
500983,P10009,Cotton Bedsheet Set,Home & Kitchen,2,2025-04-01,1519.89,CUST00274,Uae,0,0,3039.78
501098,P10033,Desk Organizer,Stationery & Office,5,2026-02-02,67.73,CUST00308,India,0,0,338.65
501275,P10008,LED Desk Lamp,Home & Kitchen,1,2025-03-12,1311.15,CUST00343,India,0,0,1311.15
500072,P10010,Insulated Water Bottle,Home & Kitchen,4,2025-09-05,396.84,CUST00032,India,0,0,1587.36
500204,P10002,Bluetooth Speaker,Electronics,3,2026-01-27,2723.88,,United States,1,0,8171.64
500755,P10017,Formal Shirt,Apparel,3,2025-11-30,562.91,CUST00216,India,0,0,1688.73
502814,P10029,Badminton Racket,Sports & Outdoors,1,2025-12-15,274.87,CUST00782,India,0,0,274.87
500729,P10001,Wireless Earbuds,Electronics,2,2026-02-15,606.94,CUST00205,United Kingdom,0,0,1213.88
502006,P10025,Yoga Mat,Sports & Outdoors,5,2025-06-26,270.08,CUST00557,India,0,0,1350.4
501759,P10003,Phone Case,Electronics,2,2025-11-23,1049.71,CUST00485,United Kingdom,0,0,2099.42
501078,P10022,Sunscreen SPF50,Beauty & Personal Care,2,2026-02-02,514.51,CUST00300,India,0,0,1029.02
501027,P10005,Power Bank 10000mAh,Electronics,3,2025-01-20,1034.93,CUST00286,India,0,0,3104.79
501210,P10002,Bluetooth Speaker,Electronics,5,2025-09-17,2723.88,CUST00328,United Kingdom,0,0,13619.4
502882,P10028,Camping Torch,Sports & Outdoors,3,2026-06-04,2043.99,CUST00800,Uae,0,0,6131.97
502172,P10023,Hair Dryer,Beauty & Personal Care,5,2025-09-16,1018.4,CUST00592,United Kingdom,0,0,5092.0
501957,P10018,Yoga Pants,Apparel,1,2025-06-11,608.28,CUST00542,United Kingdom,0,0,608.28
502571,P10030,Cycling Gloves,Sports & Outdoors,5,2025-05-07,820.52,CUST00731,India,0,0,4102.6
502322,P10036,Backpack,Stationery & Office,1,2026-03-15,218.62,CUST00659,United Kingdom,0,0,218.62
500993,P10032,Gel Pen Pack,Stationery & Office,2,2025-08-12,687.3,CUST00279,United States,0,0,1374.6
500485,P10001,Wireless Earbuds,Electronics,5,2025-02-15,606.94,CUST00163,United Kingdom,0,0,3034.7
501220,P10026,Resistance Bands Set,Sports & Outdoors,3,2025-10-28,636.23,CUST00332,United States,0,0,1908.69
502118,P10024,Beard Trimmer,Beauty & Personal Care,5,2025-09-11,700.79,CUST00579,India,0,0,3503.95
502866,P10035,Whiteboard Marker Set,Stationery & Office,1,2026-03-18,808.92,,Germany,1,0,808.92
501159,P10027,Water Bottle Sipper,Sports & Outdoors,4,2025-11-16,2203.72,CUST00322,United States,0,0,8814.88
500925,P10033,Desk Organizer,Stationery & Office,4,2026-05-15,67.73,CUST00258,United Kingdom,0,0,270.92
500523,P10018,Yoga Pants,Apparel,1,2025-06-30,608.28,CUST00169,India,0,0,608.28
502277,P10008,LED Desk Lamp,Home & Kitchen,5,2025-10-12,1311.15,CUST00636,India,0,0,6555.75
500672,P10029,Badminton Racket,Sports & Outdoors,1,2025-03-13,274.87,CUST00198,Germany,0,0,274.87
503048,P10016,Wool Sweater,Apparel,3,2026-04-11,1250.39,,United Kingdom,1,0,3751.17
500631,P10030,Cycling Gloves,Sports & Outdoors,1,2025-05-18,820.52,,India,1,0,820.52
500912,P10021,Lip Balm Set,Beauty & Personal Care,4,2026-04-25,652.97,,India,1,0,2611.88
501618,P10002,Bluetooth Speaker,Electronics,4,2026-02-28,2723.88,CUST00449,India,0,0,10895.52
502336,P10024,Beard Trimmer,Beauty & Personal Care,5,2026-03-04,700.79,CUST00661,India,0,0,3503.95
501711,P10035,Whiteboard Marker Set,Stationery & Office,4,2026-05-13,808.92,CUST00471,India,0,0,3235.68
500392,P10029,Badminton Racket,Sports & Outdoors,3,2025-04-30,274.87,CUST00135,Uae,0,0,824.61
503099,P10011,Ceramic Mug Set,Home & Kitchen,3,2026-06-13,1993.94,CUST00847,India,0,0,5981.82
502947,P10018,Yoga Pants,Apparel,1,2025-11-22,608.28,CUST00823,India,0,0,608.28
501674,P10010,Insulated Water Bottle,Home & Kitchen,1,2025-09-30,396.84,CUST00463,United States,0,0,396.84
502005,P10001,Wireless Earbuds,Electronics,1,2026-03-20,606.94,CUST00556,India,0,0,606.94
500273,P10031,Notebook Set,Stationery & Office,5,2025-01-08,268.52,CUST00110,India,0,0,1342.6
502377,P10017,Formal Shirt,Apparel,2,2025-08-23,562.91,CUST00674,India,0,0,1125.82
501608,P10007,Non-Stick Pan,Home & Kitchen,-3,2026-01-13,331.24,CUST00448,United States,0,1,-993.72
501468,P10015,Running Shoes,Apparel,3,2026-01-31,980.3,CUST00416,India,0,0,2940.9
502914,P10003,Phone Case,Electronics,1,2025-10-30,1049.71,CUST00813,India,0,0,1049.71
501180,P10020,Herbal Shampoo,Beauty & Personal Care,3,2026-03-06,1426.26,CUST00324,India,0,0,4278.78
500282,P10014,Denim Jacket,Apparel,2,2025-08-04,1048.3,CUST00112,India,0,0,2096.6
502279,P10030,Cycling Gloves,Sports & Outdoors,2,2025-06-14,820.52,CUST00636,India,0,0,1641.04
500608,P10016,Wool Sweater,Apparel,-4,2025-05-12,1250.39,CUST00183,Uae,0,1,-5001.56
501262,P10015,Running Shoes,Apparel,5,2025-08-09,980.3,CUST00343,India,0,0,4901.5
501491,P10016,Wool Sweater,Apparel,3,2026-01-26,1250.39,CUST00421,United States,0,0,3751.17
501166,P10035,Whiteboard Marker Set,Stationery & Office,5,2025-04-13,808.92,CUST00324,India,0,0,4044.6
500958,P10032,Gel Pen Pack,Stationery & Office,1,2026-01-02,687.3,CUST00266,United States,0,0,687.3
502783,P10013,Cotton T-Shirt,Apparel,5,2025-10-12,1190.46,CUST00779,United States,0,0,5952.3
502469,P10019,Face Serum,Beauty & Personal Care,2,2025-10-17,1312.41,CUST00706,Singapore,0,0,2624.82
501767,P10019,Face Serum,Beauty & Personal Care,3,2026-05-16,1312.41,CUST00487,India,0,0,3937.23
500986,P10031,Notebook Set,Stationery & Office,1,2025-07-15,268.52,CUST00275,India,0,0,268.52
501496,P10006,Smartwatch Band,Electronics,3,2025-07-14,990.13,CUST00422,United States,0,0,2970.39
500947,P10014,Denim Jacket,Apparel,1,2026-01-22,1048.3,CUST00264,India,0,0,1048.3
502092,P10030,Cycling Gloves,Sports & Outdoors,5,2025-10-30,820.52,CUST00579,India,0,0,4102.6
500580,P10036,Backpack,Stationery & Office,4,2025-06-27,218.62,CUST00176,India,0,0,874.48
501738,P10036,Backpack,Stationery & Office,4,2025-06-01,218.62,CUST00481,United Kingdom,0,0,874.48
500554,P10018,Yoga Pants,Apparel,4,2026-05-03,608.28,CUST00169,India,0,0,2433.12
502193,P10023,Hair Dryer,Beauty & Personal Care,-4,2026-02-10,1018.4,CUST00602,India,0,1,-4073.6
502407,P10005,Power Bank 10000mAh,Electronics,1,2026-04-17,1034.93,CUST00688,India,0,0,1034.93
501716,P10018,Yoga Pants,Apparel,4,2025-11-04,608.28,CUST00472,Singapore,0,0,2433.12
501272,P10005,Power Bank 10000mAh,Electronics,3,2025-05-16,1034.93,,India,1,0,3104.79
502360,P10004,USB-C Cable,Electronics,-4,2025-11-28,3182.97,CUST00668,India,0,1,-12731.88
502954,P10027,Water Bottle Sipper,Sports & Outdoors,4,2025-12-10,2203.72,CUST00827,India,0,0,8814.88
503039,P10009,Cotton Bedsheet Set,Home & Kitchen,4,2025-12-01,1519.89,CUST00839,United Kingdom,0,0,6079.56
501617,P10002,Bluetooth Speaker,Electronics,1,2025-05-11,2723.88,CUST00449,India,0,0,2723.88
500568,P10013,Cotton T-Shirt,Apparel,4,2025-12-26,1190.46,CUST00175,United Kingdom,0,0,4761.84
500202,P10006,Smartwatch Band,Electronics,4,2025-09-26,990.13,CUST00075,United States,0,0,3960.52
501340,P10032,Gel Pen Pack,Stationery & Office,5,2025-02-03,687.3,CUST00361,India,0,0,3436.5
500146,P10015,Running Shoes,Apparel,5,2025-08-27,980.3,CUST00052,United States,0,0,4901.5
502200,P10031,Notebook Set,Stationery & Office,1,2026-05-07,268.52,CUST00609,India,0,0,268.52
501524,P10023,Hair Dryer,Beauty & Personal Care,5,2025-02-15,1018.4,CUST00433,United Kingdom,0,0,5092.0
500214,P10028,Camping Torch,Sports & Outdoors,2,2025-06-14,2043.99,CUST00083,India,0,0,4087.98
502725,P10012,Storage Organizer,Home & Kitchen,5,2026-05-02,1268.9,CUST00763,India,0,0,6344.5
500087,P10004,USB-C Cable,Electronics,5,2025-01-15,3182.97,CUST00037,India,0,0,15914.85
501553,P10005,Power Bank 10000mAh,Electronics,-4,2025-04-29,1034.93,,United States,1,1,-4139.72
500850,P10016,Wool Sweater,Apparel,-5,2026-02-23,1250.39,,United States,1,1,-6251.95
501855,P10031,Notebook Set,Stationery & Office,1,2025-05-19,268.52,CUST00519,Singapore,0,0,268.52
502544,P10013,Cotton T-Shirt,Apparel,5,2026-06-04,1190.46,CUST00726,Germany,0,0,5952.3
502196,P10034,Sticky Notes Pack,Stationery & Office,4,2025-09-22,147.9,CUST00605,India,0,0,591.6
502072,P10015,Running Shoes,Apparel,1,2025-02-07,980.3,CUST00576,Uae,0,0,980.3
501849,P10021,Lip Balm Set,Beauty & Personal Care,2,2025-07-05,652.97,CUST00515,India,0,0,1305.94
501231,P10028,Camping Torch,Sports & Outdoors,3,2026-06-17,2043.99,CUST00335,India,0,0,6131.97
502198,P10004,USB-C Cable,Electronics,2,2025-01-24,3182.97,CUST00607,India,0,0,6365.94
502618,P10027,Water Bottle Sipper,Sports & Outdoors,1,2025-12-19,2203.72,CUST00738,United States,0,0,2203.72
501460,P10016,Wool Sweater,Apparel,4,2026-04-28,1250.39,CUST00411,India,0,0,5001.56
500698,P10008,LED Desk Lamp,Home & Kitchen,2,2026-03-07,1311.15,CUST00203,India,0,0,2622.3
502570,P10005,Power Bank 10000mAh,Electronics,2,2025-03-19,1034.93,CUST00731,India,0,0,2069.86
502085,P10028,Camping Torch,Sports & Outdoors,3,2025-03-07,2043.99,CUST00579,India,0,0,6131.97
502795,P10028,Camping Torch,Sports & Outdoors,4,2025-09-01,2043.99,CUST00779,United States,0,0,8175.96
501701,P10006,Smartwatch Band,Electronics,1,2026-03-21,990.13,CUST00469,India,0,0,990.13
502515,P10032,Gel Pen Pack,Stationery & Office,5,2025-08-20,687.3,,India,1,0,3436.5
501851,P10018,Yoga Pants,Apparel,3,2026-05-04,608.28,CUST00517,India,0,0,1824.84
500167,P10009,Cotton Bedsheet Set,Home & Kitchen,-2,2025-02-22,1519.89,CUST00062,India,0,1,-3039.78
502611,P10009,Cotton Bedsheet Set,Home & Kitchen,2,2026-01-23,1519.89,CUST00738,United States,0,0,3039.78
502966,P10008,LED Desk Lamp,Home & Kitchen,3,2025-07-04,1311.15,CUST00830,India,0,0,3933.45
500236,P10017,Formal Shirt,Apparel,5,2026-02-01,562.91,CUST00092,United States,0,0,2814.55
500363,P10031,Notebook Set,Stationery & Office,1,2025-04-10,268.52,CUST00127,United States,0,0,268.52
500911,P10001,Wireless Earbuds,Electronics,1,2025-10-17,606.94,CUST00252,India,0,0,606.94
500217,P10006,Smartwatch Band,Electronics,4,2026-04-25,990.13,CUST00085,India,0,0,3960.52
501479,P10025,Yoga Mat,Sports & Outdoors,4,2025-12-26,270.08,CUST00418,India,0,0,1080.32
501442,P10024,Beard Trimmer,Beauty & Personal Care,4,2025-05-02,700.79,CUST00400,United States,0,0,2803.16
502667,P10035,Whiteboard Marker Set,Stationery & Office,2,2025-08-06,808.92,CUST00753,United Kingdom,0,0,1617.84
502418,P10011,Ceramic Mug Set,Home & Kitchen,1,2025-03-27,1993.94,CUST00693,India,0,0,1993.94
500550,P10006,Smartwatch Band,Electronics,3,2025-01-12,990.13,CUST00169,India,0,0,2970.39
501464,P10005,Power Bank 10000mAh,Electronics,5,2025-03-09,1034.93,CUST00414,United Kingdom,0,0,5174.65
501159,P10002,Bluetooth Speaker,Electronics,3,2025-11-16,2723.88,CUST00322,United States,0,0,8171.64
501091,P10002,Bluetooth Speaker,Electronics,3,2026-02-03,2723.88,CUST00304,United Kingdom,0,0,8171.64
500355,P10004,USB-C Cable,Electronics,1,2026-03-14,3182.97,CUST00126,India,0,0,3182.97
501412,P10014,Denim Jacket,Apparel,5,2025-02-25,1048.3,CUST00392,India,0,0,5241.5
500654,P10002,Bluetooth Speaker,Electronics,1,2025-12-03,2723.88,CUST00194,United Kingdom,0,0,2723.88
501629,P10031,Notebook Set,Stationery & Office,3,2025-12-25,268.52,CUST00449,India,0,0,805.56
501870,P10010,Insulated Water Bottle,Home & Kitchen,3,2025-05-11,396.84,CUST00524,Germany,0,0,1190.52
502533,P10007,Non-Stick Pan,Home & Kitchen,2,2026-01-19,331.24,,India,1,0,662.48
500957,P10020,Herbal Shampoo,Beauty & Personal Care,2,2025-05-02,1426.26,CUST00266,United States,0,0,2852.52
502326,P10029,Badminton Racket,Sports & Outdoors,1,2026-03-21,274.87,CUST00659,United Kingdom,0,0,274.87
501781,P10027,Water Bottle Sipper,Sports & Outdoors,1,2025-11-17,2203.72,CUST00491,India,0,0,2203.72
502710,P10002,Bluetooth Speaker,Electronics,1,2026-01-07,2723.88,CUST00757,United Kingdom,0,0,2723.88
500127,P10018,Yoga Pants,Apparel,4,2026-04-26,608.28,CUST00047,India,0,0,2433.12
502899,P10007,Non-Stick Pan,Home & Kitchen,3,2025-12-02,331.24,CUST00806,United States,0,0,993.72
502817,P10014,Denim Jacket,Apparel,2,2025-03-10,1048.3,CUST00782,India,0,0,2096.6
501844,P10027,Water Bottle Sipper,Sports & Outdoors,2,2025-12-29,2203.72,CUST00513,Uae,0,0,4407.44
500349,P10019,Face Serum,Beauty & Personal Care,4,2025-11-15,1312.41,CUST00126,India,0,0,5249.64
501964,P10012,Storage Organizer,Home & Kitchen,4,2025-10-07,1268.9,CUST00543,India,0,0,5075.6
501785,P10023,Hair Dryer,Beauty & Personal Care,2,2026-05-13,1018.4,CUST00494,India,0,0,2036.8
501555,P10027,Water Bottle Sipper,Sports & Outdoors,4,2025-04-27,2203.72,CUST00441,India,0,0,8814.88
501075,P10005,Power Bank 10000mAh,Electronics,5,2026-01-03,1034.93,CUST00300,India,0,0,5174.65
502895,P10027,Water Bottle Sipper,Sports & Outdoors,4,2025-01-23,2203.72,CUST00804,United Kingdom,0,0,8814.88
502168,P10023,Hair Dryer,Beauty & Personal Care,3,2025-12-05,1018.4,CUST00591,India,0,0,3055.2
501250,P10031,Notebook Set,Stationery & Office,1,2026-03-11,268.52,CUST00340,India,0,0,268.52
501868,P10029,Badminton Racket,Sports & Outdoors,1,2025-06-22,274.87,CUST00523,Singapore,0,0,274.87
500636,P10030,Cycling Gloves,Sports & Outdoors,5,2026-05-25,820.52,,India,1,0,4102.6
500887,P10007,Non-Stick Pan,Home & Kitchen,1,2025-06-27,331.24,CUST00239,United Kingdom,0,0,331.24
501554,P10029,Badminton Racket,Sports & Outdoors,3,2026-03-16,274.87,,India,1,0,824.61
500267,P10033,Desk Organizer,Stationery & Office,1,2025-10-27,67.73,CUST00106,India,0,0,67.73
501555,P10022,Sunscreen SPF50,Beauty & Personal Care,2,2025-04-27,514.51,CUST00441,India,0,0,1029.02
501099,P10013,Cotton T-Shirt,Apparel,2,2025-10-19,1190.46,CUST00309,United States,0,0,2380.92
501059,P10032,Gel Pen Pack,Stationery & Office,3,2026-02-13,687.3,CUST00295,India,0,0,2061.9
500373,P10001,Wireless Earbuds,Electronics,2,2025-12-28,606.94,CUST00130,India,0,0,1213.88
501580,P10022,Sunscreen SPF50,Beauty & Personal Care,4,2025-11-29,514.51,CUST00448,United States,0,0,2058.04
501437,P10035,Whiteboard Marker Set,Stationery & Office,3,2025-11-22,808.92,CUST00396,Uae,0,0,2426.76
502751,P10013,Cotton T-Shirt,Apparel,1,2025-06-24,1190.46,CUST00776,India,0,0,1190.46
501485,P10019,Face Serum,Beauty & Personal Care,2,2026-05-27,1312.41,CUST00420,United States,0,0,2624.82
500616,P10032,Gel Pen Pack,Stationery & Office,2,2026-04-19,687.3,CUST00189,India,0,0,1374.6
500155,P10009,Cotton Bedsheet Set,Home & Kitchen,3,2026-01-25,1519.89,CUST00057,India,0,0,4559.67
501073,P10004,USB-C Cable,Electronics,5,2026-02-20,3182.97,CUST00298,India,0,0,15914.85
501133,P10017,Formal Shirt,Apparel,4,2025-09-18,562.91,CUST00312,India,0,0,2251.64
502912,P10014,Denim Jacket,Apparel,4,2026-01-20,1048.3,CUST00813,India,0,0,4193.2
503062,P10023,Hair Dryer,Beauty & Personal Care,-4,2026-02-27,1018.4,CUST00842,United Kingdom,0,1,-4073.6
502543,P10014,Denim Jacket,Apparel,5,2026-04-08,1048.3,CUST00725,United Kingdom,0,0,5241.5
500459,P10002,Bluetooth Speaker,Electronics,5,2025-09-21,2723.88,CUST00151,Uae,0,0,13619.4
501149,P10007,Non-Stick Pan,Home & Kitchen,2,2025-11-07,331.24,CUST00318,India,0,0,662.48
502303,P10010,Insulated Water Bottle,Home & Kitchen,1,2025-04-09,396.84,CUST00651,India,0,0,396.84
501270,P10012,Storage Organizer,Home & Kitchen,3,2025-01-26,1268.9,CUST00343,India,0,0,3806.7
502217,P10004,USB-C Cable,Electronics,2,2026-05-25,3182.97,CUST00617,India,0,0,6365.94
501602,P10015,Running Shoes,Apparel,3,2025-01-19,980.3,CUST00448,United States,0,0,2940.9
502639,P10003,Phone Case,Electronics,3,2026-01-19,1049.71,CUST00748,India,0,0,3149.13
501980,P10022,Sunscreen SPF50,Beauty & Personal Care,1,2025-02-28,514.51,CUST00550,United States,0,0,514.51
501615,P10029,Badminton Racket,Sports & Outdoors,2,2025-10-05,274.87,CUST00449,India,0,0,549.74
500061,P10030,Cycling Gloves,Sports & Outdoors,1,2026-03-25,820.52,CUST00030,India,0,0,820.52
502838,P10025,Yoga Mat,Sports & Outdoors,4,2025-06-06,270.08,CUST00788,India,0,0,1080.32
502365,P10016,Wool Sweater,Apparel,2,2025-12-19,1250.39,CUST00668,India,0,0,2500.78
501092,P10017,Formal Shirt,Apparel,5,2026-05-09,562.91,,United Kingdom,1,0,2814.55
500516,P10010,Insulated Water Bottle,Home & Kitchen,3,2025-05-09,396.84,CUST00169,India,0,0,1190.52
501809,P10007,Non-Stick Pan,Home & Kitchen,4,2025-08-25,331.24,CUST00501,United Kingdom,0,0,1324.96
502451,P10035,Whiteboard Marker Set,Stationery & Office,3,2025-01-25,808.92,CUST00699,India,0,0,2426.76
502496,P10001,Wireless Earbuds,Electronics,3,2025-02-01,606.94,CUST00706,Singapore,0,0,1820.82
501437,P10021,Lip Balm Set,Beauty & Personal Care,2,2025-11-22,652.97,CUST00396,Uae,0,0,1305.94
502854,P10010,Insulated Water Bottle,Home & Kitchen,5,2025-10-20,396.84,CUST00796,Germany,0,0,1984.2
500113,P10002,Bluetooth Speaker,Electronics,2,2025-11-25,2723.88,CUST00047,India,0,0,5447.76
503070,P10001,Wireless Earbuds,Electronics,3,2025-05-12,606.94,CUST00842,United Kingdom,0,0,1820.82
500962,P10013,Cotton T-Shirt,Apparel,5,2025-12-12,1190.46,CUST00268,United States,0,0,5952.3
502242,P10009,Cotton Bedsheet Set,Home & Kitchen,5,2026-03-22,1519.89,CUST00627,India,0,0,7599.45
502596,P10004,USB-C Cable,Electronics,3,2025-01-03,3182.97,CUST00731,India,0,0,9548.91
501772,P10025,Yoga Mat,Sports & Outdoors,4,2026-03-26,270.08,CUST00488,India,0,0,1080.32
502107,P10007,Non-Stick Pan,Home & Kitchen,5,2025-06-02,331.24,CUST00579,India,0,0,1656.2
502790,P10026,Resistance Bands Set,Sports & Outdoors,4,2025-05-05,636.23,CUST00779,United States,0,0,2544.92
501148,P10016,Wool Sweater,Apparel,3,2026-02-20,1250.39,,India,1,0,3751.17
501576,P10029,Badminton Racket,Sports & Outdoors,5,2026-03-22,274.87,CUST00448,United States,0,0,1374.35
502907,P10010,Insulated Water Bottle,Home & Kitchen,5,2025-04-30,396.84,CUST00813,India,0,0,1984.2
500890,P10026,Resistance Bands Set,Sports & Outdoors,1,2026-06-29,636.23,CUST00240,India,0,0,636.23
501688,P10008,LED Desk Lamp,Home & Kitchen,5,2026-06-10,1311.15,CUST00464,United Kingdom,0,0,6555.75
503078,P10023,Hair Dryer,Beauty & Personal Care,4,2025-04-03,1018.4,CUST00842,United Kingdom,0,0,4073.6
502994,P10036,Backpack,Stationery & Office,1,2025-05-04,218.62,CUST00830,India,0,0,218.62
502912,P10010,Insulated Water Bottle,Home & Kitchen,2,2026-01-20,396.84,CUST00813,India,0,0,793.68
501538,P10027,Water Bottle Sipper,Sports & Outdoors,5,2025-08-19,2203.72,CUST00439,United States,0,0,11018.6
500526,P10012,Storage Organizer,Home & Kitchen,4,2025-12-01,1268.9,CUST00169,India,0,0,5075.6
501387,P10017,Formal Shirt,Apparel,5,2025-11-16,562.91,CUST00385,United States,0,0,2814.55
502946,P10033,Desk Organizer,Stationery & Office,5,2025-06-16,67.73,CUST00822,India,0,0,338.65
500596,P10023,Hair Dryer,Beauty & Personal Care,3,2026-04-14,1018.4,CUST00176,India,0,0,3055.2
501161,P10032,Gel Pen Pack,Stationery & Office,4,2026-05-21,687.3,CUST00324,India,0,0,2749.2
500549,P10007,Non-Stick Pan,Home & Kitchen,4,2026-01-24,331.24,CUST00169,India,0,0,1324.96
500576,P10016,Wool Sweater,Apparel,5,2026-01-30,1250.39,CUST00176,India,0,0,6251.95
500207,P10012,Storage Organizer,Home & Kitchen,4,2025-01-26,1268.9,CUST00079,India,0,0,5075.6
502234,P10033,Desk Organizer,Stationery & Office,5,2025-10-22,67.73,CUST00626,India,0,0,338.65
502893,P10004,USB-C Cable,Electronics,2,2025-07-16,3182.97,CUST00803,United Kingdom,0,0,6365.94
502535,P10028,Camping Torch,Sports & Outdoors,2,2025-01-27,2043.99,CUST00723,India,0,0,4087.98
501585,P10006,Smartwatch Band,Electronics,1,2026-01-03,990.13,CUST00448,United States,0,0,990.13
500061,P10032,Gel Pen Pack,Stationery & Office,3,2026-03-25,687.3,CUST00030,India,0,0,2061.9
502418,P10017,Formal Shirt,Apparel,1,2025-03-27,562.91,CUST00693,India,0,0,562.91
500507,P10022,Sunscreen SPF50,Beauty & Personal Care,1,2026-03-30,514.51,CUST00167,India,0,0,514.51
502452,P10006,Smartwatch Band,Electronics,2,2025-04-17,990.13,CUST00699,India,0,0,1980.26
500485,P10019,Face Serum,Beauty & Personal Care,3,2025-02-15,1312.41,CUST00163,United Kingdom,0,0,3937.23
502982,P10004,USB-C Cable,Electronics,4,2025-03-23,3182.97,CUST00830,India,0,0,12731.88
503067,P10020,Herbal Shampoo,Beauty & Personal Care,3,2025-11-22,1426.26,CUST00842,United Kingdom,0,0,4278.78
502442,P10008,LED Desk Lamp,Home & Kitchen,2,2026-06-01,1311.15,CUST00699,India,0,0,2622.3
500094,P10029,Badminton Racket,Sports & Outdoors,4,2025-01-03,274.87,CUST00038,India,0,0,1099.48
503081,P10018,Yoga Pants,Apparel,1,2025-04-22,608.28,CUST00842,United Kingdom,0,0,608.28
501794,P10034,Sticky Notes Pack,Stationery & Office,2,2026-02-15,147.9,,United Kingdom,1,0,295.8
502073,P10025,Yoga Mat,Sports & Outdoors,2,2025-08-24,270.08,CUST00577,India,0,0,540.16
502026,P10002,Bluetooth Speaker,Electronics,4,2025-05-10,2723.88,CUST00563,India,0,0,10895.52
501129,P10019,Face Serum,Beauty & Personal Care,3,2026-01-15,1312.41,CUST00312,India,0,0,3937.23
501431,P10005,Power Bank 10000mAh,Electronics,1,2026-06-07,1034.93,CUST00394,United States,0,0,1034.93
501480,P10030,Cycling Gloves,Sports & Outdoors,1,2025-04-08,820.52,CUST00418,India,0,0,820.52
502709,P10018,Yoga Pants,Apparel,3,2025-03-04,608.28,CUST00757,United Kingdom,0,0,1824.84
501573,P10020,Herbal Shampoo,Beauty & Personal Care,2,2026-04-12,1426.26,CUST00448,United States,0,0,2852.52
500870,P10029,Badminton Racket,Sports & Outdoors,1,2025-12-24,274.87,CUST00236,United States,0,0,274.87
502486,P10031,Notebook Set,Stationery & Office,1,2025-11-30,268.52,CUST00706,Singapore,0,0,268.52
500007,P10007,Non-Stick Pan,Home & Kitchen,5,2025-12-27,331.24,CUST00005,India,0,0,1656.2
502512,P10036,Backpack,Stationery & Office,2,2025-01-06,218.62,CUST00710,United Kingdom,0,0,437.24
500806,P10014,Denim Jacket,Apparel,1,2025-07-04,1048.3,CUST00219,United Kingdom,0,0,1048.3
500037,P10029,Badminton Racket,Sports & Outdoors,3,2025-04-11,274.87,CUST00018,India,0,0,824.61
501462,P10015,Running Shoes,Apparel,1,2025-09-13,980.3,CUST00413,Uae,0,0,980.3
502373,P10030,Cycling Gloves,Sports & Outdoors,4,2025-05-02,820.52,CUST00673,India,0,0,3282.08
501727,P10014,Denim Jacket,Apparel,5,2025-08-05,1048.3,CUST00475,India,0,0,5241.5
500407,P10031,Notebook Set,Stationery & Office,5,2025-01-16,268.52,CUST00138,United States,0,0,1342.6
500907,P10030,Cycling Gloves,Sports & Outdoors,3,2026-04-11,820.52,CUST00251,India,0,0,2461.56
501146,P10013,Cotton T-Shirt,Apparel,1,2025-03-24,1190.46,CUST00315,Germany,0,0,1190.46
501930,P10030,Cycling Gloves,Sports & Outdoors,5,2025-02-11,820.52,CUST00539,India,0,0,4102.6
502930,P10020,Herbal Shampoo,Beauty & Personal Care,4,2026-05-04,1426.26,CUST00815,Germany,0,0,5705.04
501948,P10009,Cotton Bedsheet Set,Home & Kitchen,5,2025-06-18,1519.89,CUST00540,India,0,0,7599.45
501641,P10022,Sunscreen SPF50,Beauty & Personal Care,4,2025-08-16,514.51,CUST00455,India,0,0,2058.04
500542,P10031,Notebook Set,Stationery & Office,5,2025-04-04,268.52,CUST00169,India,0,0,1342.6
501423,P10020,Herbal Shampoo,Beauty & Personal Care,1,2026-06-04,1426.26,CUST00392,India,0,0,1426.26
500971,P10015,Running Shoes,Apparel,4,2025-07-24,980.3,CUST00272,United States,0,0,3921.2
502860,P10003,Phone Case,Electronics,-4,2025-12-01,1049.71,CUST00796,Germany,0,1,-4198.84
502712,P10010,Insulated Water Bottle,Home & Kitchen,2,2025-07-11,396.84,CUST00758,India,0,0,793.68
500228,P10017,Formal Shirt,Apparel,3,2025-07-08,562.91,CUST00087,United States,0,0,1688.73
501499,P10009,Cotton Bedsheet Set,Home & Kitchen,3,2026-04-25,1519.89,CUST00424,India,0,0,4559.67
501345,P10004,USB-C Cable,Electronics,2,2025-03-15,3182.97,CUST00363,India,0,0,6365.94
502157,P10027,Water Bottle Sipper,Sports & Outdoors,4,2026-01-17,2203.72,CUST00586,India,0,0,8814.88
500017,P10011,Ceramic Mug Set,Home & Kitchen,3,2026-03-28,1993.94,CUST00007,India,0,0,5981.82
502804,P10025,Yoga Mat,Sports & Outdoors,3,2025-06-07,270.08,CUST00780,United Kingdom,0,0,810.24
501589,P10004,USB-C Cable,Electronics,5,2025-05-03,3182.97,CUST00448,United States,0,0,15914.85
501439,P10022,Sunscreen SPF50,Beauty & Personal Care,3,2025-05-09,514.51,CUST00397,Germany,0,0,1543.53
502365,P10012,Storage Organizer,Home & Kitchen,1,2025-12-19,1268.9,CUST00668,India,0,0,1268.9
500106,P10031,Notebook Set,Stationery & Office,1,2025-07-12,268.52,CUST00046,United Kingdom,0,0,268.52
501165,P10003,Phone Case,Electronics,5,2025-08-22,1049.71,CUST00324,India,0,0,5248.55
500900,P10012,Storage Organizer,Home & Kitchen,5,2026-04-02,1268.9,CUST00247,India,0,0,6344.5
502666,P10007,Non-Stick Pan,Home & Kitchen,1,2025-07-05,331.24,CUST00753,United Kingdom,0,0,331.24
502584,P10001,Wireless Earbuds,Electronics,1,2026-06-12,606.94,CUST00731,India,0,0,606.94
502700,P10018,Yoga Pants,Apparel,1,2025-09-12,608.28,,India,1,0,608.28
502902,P10001,Wireless Earbuds,Electronics,4,2025-04-14,606.94,CUST00808,Uae,0,0,2427.76
501389,P10025,Yoga Mat,Sports & Outdoors,4,2025-04-29,270.08,CUST00386,United States,0,0,1080.32
501229,P10014,Denim Jacket,Apparel,2,2025-06-29,1048.3,CUST00335,India,0,0,2096.6
500695,P10014,Denim Jacket,Apparel,5,2026-04-26,1048.3,,India,1,0,5241.5
500052,P10021,Lip Balm Set,Beauty & Personal Care,3,2025-09-10,652.97,CUST00024,India,0,0,1958.91
503022,P10010,Insulated Water Bottle,Home & Kitchen,3,2025-02-14,396.84,CUST00833,India,0,0,1190.52
503042,P10024,Beard Trimmer,Beauty & Personal Care,5,2025-11-16,700.79,CUST00841,India,0,0,3503.95
502113,P10025,Yoga Mat,Sports & Outdoors,1,2025-01-16,270.08,CUST00579,India,0,0,270.08
500680,P10029,Badminton Racket,Sports & Outdoors,3,2025-11-26,274.87,CUST00199,Germany,0,0,824.61
501180,P10002,Bluetooth Speaker,Electronics,4,2026-03-06,2723.88,CUST00324,India,0,0,10895.52
501924,P10008,LED Desk Lamp,Home & Kitchen,1,2025-08-24,1311.15,CUST00539,India,0,0,1311.15
500247,P10028,Camping Torch,Sports & Outdoors,1,2025-10-08,2043.99,,India,1,0,2043.99
501564,P10036,Backpack,Stationery & Office,3,2025-01-23,218.62,CUST00445,United States,0,0,655.86
502385,P10025,Yoga Mat,Sports & Outdoors,1,2025-08-30,270.08,CUST00677,India,0,0,270.08
500144,P10010,Insulated Water Bottle,Home & Kitchen,1,2025-04-08,396.84,CUST00052,United States,0,0,396.84
503029,P10001,Wireless Earbuds,Electronics,1,2025-11-13,606.94,CUST00833,India,0,0,606.94
500215,P10026,Resistance Bands Set,Sports & Outdoors,2,2026-06-19,636.23,CUST00084,India,0,0,1272.46
501668,P10011,Ceramic Mug Set,Home & Kitchen,3,2025-08-09,1993.94,CUST00463,United States,0,0,5981.82
502171,P10027,Water Bottle Sipper,Sports & Outdoors,5,2025-08-13,2203.72,CUST00591,India,0,0,11018.6
502742,P10018,Yoga Pants,Apparel,2,2025-05-02,608.28,,Germany,1,0,1216.56
500210,P10008,LED Desk Lamp,Home & Kitchen,2,2025-05-24,1311.15,CUST00081,Germany,0,0,2622.3
502548,P10034,Sticky Notes Pack,Stationery & Office,3,2026-06-21,147.9,CUST00728,United States,0,0,443.7
502913,P10014,Denim Jacket,Apparel,5,2025-04-12,1048.3,CUST00813,India,0,0,5241.5
501154,P10008,LED Desk Lamp,Home & Kitchen,4,2025-02-17,1311.15,CUST00320,India,0,0,5244.6
501654,P10031,Notebook Set,Stationery & Office,4,2026-01-23,268.52,CUST00459,India,0,0,1074.08
502246,P10035,Whiteboard Marker Set,Stationery & Office,4,2025-05-29,808.92,CUST00627,India,0,0,3235.68
501826,P10009,Cotton Bedsheet Set,Home & Kitchen,2,2025-03-05,1519.89,CUST00503,India,0,0,3039.78
502566,P10013,Cotton T-Shirt,Apparel,4,2026-02-05,1190.46,CUST00731,India,0,0,4761.84
500024,P10005,Power Bank 10000mAh,Electronics,3,2026-06-18,1034.93,CUST00012,Singapore,0,0,3104.79
500962,P10025,Yoga Mat,Sports & Outdoors,5,2025-12-12,270.08,CUST00268,United States,0,0,1350.4
502846,P10013,Cotton T-Shirt,Apparel,1,2025-01-30,1190.46,CUST00792,United Kingdom,0,0,1190.46
502011,P10030,Cycling Gloves,Sports & Outdoors,3,2025-01-28,820.52,CUST00559,United States,0,0,2461.56
502328,P10031,Notebook Set,Stationery & Office,2,2025-02-04,268.52,CUST00659,United Kingdom,0,0,537.04
500664,P10009,Cotton Bedsheet Set,Home & Kitchen,1,2025-05-15,1519.89,CUST00195,India,0,0,1519.89
502559,P10027,Water Bottle Sipper,Sports & Outdoors,5,2025-08-24,2203.72,CUST00731,India,0,0,11018.6
501392,P10006,Smartwatch Band,Electronics,5,2025-08-20,990.13,CUST00386,United States,0,0,4950.65
501090,P10018,Yoga Pants,Apparel,2,2025-01-10,608.28,CUST00304,United Kingdom,0,0,1216.56
502563,P10020,Herbal Shampoo,Beauty & Personal Care,3,2025-04-04,1426.26,CUST00731,India,0,0,4278.78
502041,P10034,Sticky Notes Pack,Stationery & Office,3,2025-12-25,147.9,CUST00566,United Kingdom,0,0,443.7
500115,P10028,Camping Torch,Sports & Outdoors,3,2026-06-18,2043.99,CUST00047,India,0,0,6131.97
502792,P10022,Sunscreen SPF50,Beauty & Personal Care,5,2025-02-10,514.51,CUST00779,United States,0,0,2572.55
502099,P10006,Smartwatch Band,Electronics,5,2026-05-15,990.13,CUST00579,India,0,0,4950.65
500951,P10007,Non-Stick Pan,Home & Kitchen,4,2025-08-24,331.24,CUST00265,Germany,0,0,1324.96
502499,P10002,Bluetooth Speaker,Electronics,3,2025-05-13,2723.88,CUST00706,Singapore,0,0,8171.64
502558,P10020,Herbal Shampoo,Beauty & Personal Care,1,2025-04-22,1426.26,CUST00731,India,0,0,1426.26
502395,P10026,Resistance Bands Set,Sports & Outdoors,3,2026-03-07,636.23,CUST00681,United States,0,0,1908.69
502796,P10013,Cotton T-Shirt,Apparel,2,2026-04-28,1190.46,CUST00779,United States,0,0,2380.92
501993,P10031,Notebook Set,Stationery & Office,4,2026-02-24,268.52,CUST00555,Germany,0,0,1074.08
500855,P10034,Sticky Notes Pack,Stationery & Office,4,2025-02-13,147.9,CUST00232,India,0,0,591.6
500073,P10036,Backpack,Stationery & Office,5,2025-12-11,218.62,CUST00032,India,0,0,1093.1
501079,P10022,Sunscreen SPF50,Beauty & Personal Care,2,2025-02-19,514.51,CUST00300,India,0,0,1029.02
502648,P10036,Backpack,Stationery & Office,1,2026-02-23,218.62,CUST00749,Uae,0,0,218.62
501297,P10014,Denim Jacket,Apparel,4,2025-06-01,1048.3,CUST00351,India,0,0,4193.2
500707,P10014,Denim Jacket,Apparel,5,2025-12-26,1048.3,CUST00203,India,0,0,5241.5
502197,P10009,Cotton Bedsheet Set,Home & Kitchen,3,2025-10-13,1519.89,CUST00606,India,0,0,4559.67
501987,P10022,Sunscreen SPF50,Beauty & Personal Care,2,2025-01-11,514.51,CUST00554,United Kingdom,0,0,1029.02
500377,P10021,Lip Balm Set,Beauty & Personal Care,5,2025-12-22,652.97,CUST00130,India,0,0,3264.85
500305,P10036,Backpack,Stationery & Office,2,2026-02-20,218.62,CUST00118,India,0,0,437.24
502179,P10018,Yoga Pants,Apparel,4,2025-01-27,608.28,CUST00594,India,0,0,2433.12
502328,P10026,Resistance Bands Set,Sports & Outdoors,5,2025-02-04,636.23,CUST00659,United Kingdom,0,0,3181.15
500139,P10031,Notebook Set,Stationery & Office,2,2025-03-08,268.52,CUST00050,India,0,0,537.04
502852,P10030,Cycling Gloves,Sports & Outdoors,2,2026-04-10,820.52,CUST00796,Germany,0,0,1641.04
501119,P10020,Herbal Shampoo,Beauty & Personal Care,-4,2026-06-24,1426.26,CUST00311,India,0,1,-5705.04
501186,P10009,Cotton Bedsheet Set,Home & Kitchen,1,2025-02-03,1519.89,CUST00324,India,0,0,1519.89
502152,P10035,Whiteboard Marker Set,Stationery & Office,3,2026-05-25,808.92,CUST00584,India,0,0,2426.76
501774,P10005,Power Bank 10000mAh,Electronics,3,2025-10-28,1034.93,CUST00489,Uae,0,0,3104.79
502476,P10014,Denim Jacket,Apparel,3,2026-03-03,1048.3,CUST00706,Singapore,0,0,3144.9
503004,P10033,Desk Organizer,Stationery & Office,4,2025-07-28,67.73,CUST00831,India,0,0,270.92
503042,P10024,Beard Trimmer,Beauty & Personal Care,1,2025-11-16,700.79,CUST00841,India,0,0,700.79
500916,P10028,Camping Torch,Sports & Outdoors,1,2026-01-31,2043.99,CUST00254,India,0,0,2043.99
502006,P10032,Gel Pen Pack,Stationery & Office,1,2025-06-26,687.3,CUST00557,India,0,0,687.3
502772,P10035,Whiteboard Marker Set,Stationery & Office,4,2025-09-16,808.92,CUST00779,United States,0,0,3235.68
500244,P10035,Whiteboard Marker Set,Stationery & Office,4,2025-09-24,808.92,CUST00096,India,0,0,3235.68
501859,P10018,Yoga Pants,Apparel,3,2025-09-03,608.28,CUST00521,United Kingdom,0,0,1824.84
502718,P10033,Desk Organizer,Stationery & Office,4,2025-11-08,67.73,CUST00762,India,0,0,270.92
503015,P10009,Cotton Bedsheet Set,Home & Kitchen,5,2025-09-22,1519.89,CUST00833,India,0,0,7599.45
502226,P10033,Desk Organizer,Stationery & Office,-3,2025-01-20,67.73,CUST00623,India,0,1,-203.19
502366,P10036,Backpack,Stationery & Office,4,2025-09-22,218.62,CUST00669,India,0,0,874.48
500543,P10027,Water Bottle Sipper,Sports & Outdoors,4,2025-04-07,2203.72,CUST00169,India,0,0,8814.88
502953,P10015,Running Shoes,Apparel,2,2025-11-24,980.3,,India,1,0,1960.6
502183,P10031,Notebook Set,Stationery & Office,1,2025-06-22,268.52,CUST00595,Germany,0,0,268.52
502126,P10028,Camping Torch,Sports & Outdoors,4,2025-05-17,2043.99,CUST00581,India,0,0,8175.96
502696,P10022,Sunscreen SPF50,Beauty & Personal Care,3,2025-09-15,514.51,,India,1,0,1543.53
500217,P10024,Beard Trimmer,Beauty & Personal Care,3,2026-04-25,700.79,CUST00085,India,0,0,2102.37
502169,P10002,Bluetooth Speaker,Electronics,2,2025-11-03,2723.88,CUST00591,India,0,0,5447.76
502451,P10025,Yoga Mat,Sports & Outdoors,4,2025-01-25,270.08,CUST00699,India,0,0,1080.32
500116,P10002,Bluetooth Speaker,Electronics,3,2026-04-26,2723.88,CUST00047,India,0,0,8171.64
502204,P10012,Storage Organizer,Home & Kitchen,4,2025-11-04,1268.9,CUST00611,India,0,0,5075.6
500297,P10016,Wool Sweater,Apparel,1,2025-05-14,1250.39,CUST00116,Germany,0,0,1250.39
502290,P10023,Hair Dryer,Beauty & Personal Care,4,2026-04-04,1018.4,CUST00643,India,0,0,4073.6
500620,P10030,Cycling Gloves,Sports & Outdoors,5,2025-12-29,820.52,CUST00189,India,0,0,4102.6
500535,P10023,Hair Dryer,Beauty & Personal Care,4,2026-01-21,1018.4,CUST00169,India,0,0,4073.6
500552,P10006,Smartwatch Band,Electronics,4,2025-07-30,990.13,CUST00169,India,0,0,3960.52
500576,P10035,Whiteboard Marker Set,Stationery & Office,4,2026-01-30,808.92,CUST00176,India,0,0,3235.68
500483,P10019,Face Serum,Beauty & Personal Care,2,2025-11-05,1312.41,CUST00162,United Kingdom,0,0,2624.82
501992,P10007,Non-Stick Pan,Home & Kitchen,4,2025-10-03,331.24,CUST00555,Germany,0,0,1324.96
501817,P10029,Badminton Racket,Sports & Outdoors,3,2025-10-20,274.87,CUST00503,India,0,0,824.61
500702,P10032,Gel Pen Pack,Stationery & Office,4,2026-06-18,687.3,CUST00203,India,0,0,2749.2
500520,P10005,Power Bank 10000mAh,Electronics,3,2026-02-14,1034.93,CUST00169,India,0,0,3104.79
502035,P10034,Sticky Notes Pack,Stationery & Office,5,2025-07-29,147.9,CUST00563,India,0,0,739.5
503085,P10010,Insulated Water Bottle,Home & Kitchen,3,2025-07-15,396.84,CUST00842,United Kingdom,0,0,1190.52
502892,P10019,Face Serum,Beauty & Personal Care,4,2026-01-13,1312.41,CUST00802,India,0,0,5249.64
502955,P10012,Storage Organizer,Home & Kitchen,4,2026-06-20,1268.9,CUST00827,India,0,0,5075.6
500188,P10004,USB-C Cable,Electronics,3,2026-03-08,3182.97,CUST00068,United States,0,0,9548.91
502832,P10032,Gel Pen Pack,Stationery & Office,1,2025-01-12,687.3,CUST00787,United Kingdom,0,0,687.3
502616,P10017,Formal Shirt,Apparel,5,2025-07-22,562.91,CUST00738,United States,0,0,2814.55
501768,P10010,Insulated Water Bottle,Home & Kitchen,-3,2025-07-18,396.84,CUST00487,India,0,1,-1190.52
501776,P10004,USB-C Cable,Electronics,3,2026-05-23,3182.97,CUST00490,Germany,0,0,9548.91
500807,P10026,Resistance Bands Set,Sports & Outdoors,5,2025-07-05,636.23,CUST00219,United Kingdom,0,0,3181.15
502893,P10015,Running Shoes,Apparel,5,2025-07-16,980.3,CUST00803,United Kingdom,0,0,4901.5
501164,P10014,Denim Jacket,Apparel,1,2025-09-02,1048.3,CUST00324,India,0,0,1048.3
501762,P10011,Ceramic Mug Set,Home & Kitchen,2,2026-06-11,1993.94,CUST00485,United Kingdom,0,0,3987.88
500871,P10003,Phone Case,Electronics,1,2025-08-04,1049.71,CUST00236,United States,0,0,1049.71
500903,P10017,Formal Shirt,Apparel,4,2026-06-08,562.91,CUST00249,Singapore,0,0,2251.64
503017,P10031,Notebook Set,Stationery & Office,5,2026-03-15,268.52,CUST00833,India,0,0,1342.6
502214,P10012,Storage Organizer,Home & Kitchen,2,2026-02-09,1268.9,CUST00615,Germany,0,0,2537.8
501330,P10020,Herbal Shampoo,Beauty & Personal Care,5,2025-03-26,1426.26,CUST00358,United Kingdom,0,0,7131.3
500484,P10017,Formal Shirt,Apparel,3,2025-12-07,562.91,CUST00163,United Kingdom,0,0,1688.73
502624,P10010,Insulated Water Bottle,Home & Kitchen,2,2026-05-10,396.84,CUST00740,India,0,0,793.68
500505,P10001,Wireless Earbuds,Electronics,3,2025-08-16,606.94,CUST00167,India,0,0,1820.82
503092,P10035,Whiteboard Marker Set,Stationery & Office,1,2025-08-06,808.92,CUST00843,India,0,0,808.92
501603,P10032,Gel Pen Pack,Stationery & Office,5,2026-01-14,687.3,CUST00448,United States,0,0,3436.5
502422,P10003,Phone Case,Electronics,4,2025-12-01,1049.71,CUST00696,United Kingdom,0,0,4198.84
501317,P10029,Badminton Racket,Sports & Outdoors,1,2025-12-13,274.87,CUST00355,India,0,0,274.87
501417,P10021,Lip Balm Set,Beauty & Personal Care,5,2026-02-11,652.97,CUST00392,India,0,0,3264.85
500562,P10031,Notebook Set,Stationery & Office,3,2025-05-29,268.52,CUST00172,India,0,0,805.56
500373,P10035,Whiteboard Marker Set,Stationery & Office,1,2025-12-28,808.92,CUST00130,India,0,0,808.92
502370,P10026,Resistance Bands Set,Sports & Outdoors,4,2025-08-07,636.23,CUST00672,Germany,0,0,2544.92
501276,P10017,Formal Shirt,Apparel,1,2025-02-28,562.91,CUST00343,India,0,0,562.91
500503,P10031,Notebook Set,Stationery & Office,3,2026-05-12,268.52,CUST00167,India,0,0,805.56
502242,P10020,Herbal Shampoo,Beauty & Personal Care,3,2026-03-22,1426.26,CUST00627,India,0,0,4278.78
502263,P10001,Wireless Earbuds,Electronics,3,2026-04-05,606.94,CUST00634,India,0,0,1820.82
500398,P10022,Sunscreen SPF50,Beauty & Personal Care,3,2026-05-23,514.51,CUST00137,India,0,0,1543.53
501318,P10006,Smartwatch Band,Electronics,3,2026-05-20,990.13,CUST00355,India,0,0,2970.39
501700,P10002,Bluetooth Speaker,Electronics,3,2026-05-15,2723.88,CUST00468,Germany,0,0,8171.64
501893,P10017,Formal Shirt,Apparel,4,2026-04-28,562.91,CUST00533,Singapore,0,0,2251.64
500622,P10030,Cycling Gloves,Sports & Outdoors,4,2026-03-20,820.52,CUST00189,India,0,0,3282.08
500415,P10001,Wireless Earbuds,Electronics,2,2025-02-22,606.94,CUST00138,United States,0,0,1213.88
500258,P10027,Water Bottle Sipper,Sports & Outdoors,3,2025-12-19,2203.72,CUST00104,India,0,0,6611.16
501155,P10027,Water Bottle Sipper,Sports & Outdoors,1,2025-09-20,2203.72,CUST00320,India,0,0,2203.72
501794,P10013,Cotton T-Shirt,Apparel,2,2026-02-15,1190.46,CUST00497,United Kingdom,0,0,2380.92
500203,P10023,Hair Dryer,Beauty & Personal Care,3,2025-01-22,1018.4,CUST00076,United States,0,0,3055.2
502219,P10023,Hair Dryer,Beauty & Personal Care,1,2025-03-21,1018.4,CUST00619,United States,0,0,1018.4
502657,P10010,Insulated Water Bottle,Home & Kitchen,5,2025-03-08,396.84,CUST00753,United Kingdom,0,0,1984.2
501722,P10031,Notebook Set,Stationery & Office,3,2026-01-31,268.52,CUST00475,India,0,0,805.56
502936,P10014,Denim Jacket,Apparel,1,2026-06-17,1048.3,CUST00815,Germany,0,0,1048.3
501076,P10015,Running Shoes,Apparel,2,2025-12-07,980.3,CUST00300,India,0,0,1960.6
500869,P10020,Herbal Shampoo,Beauty & Personal Care,2,2026-06-14,1426.26,CUST00236,United States,0,0,2852.52
500441,P10031,Notebook Set,Stationery & Office,3,2025-10-17,268.52,CUST00142,India,0,0,805.56
500872,P10033,Desk Organizer,Stationery & Office,4,2025-07-06,67.73,CUST00236,United States,0,0,270.92
503061,P10020,Herbal Shampoo,Beauty & Personal Care,3,2026-01-19,1426.26,CUST00842,United Kingdom,0,0,4278.78
500165,P10036,Backpack,Stationery & Office,2,2026-04-30,218.62,CUST00062,India,0,0,437.24
501504,P10007,Non-Stick Pan,Home & Kitchen,1,2026-01-05,331.24,CUST00426,India,0,0,331.24
500785,P10014,Denim Jacket,Apparel,1,2025-10-26,1048.3,CUST00219,United Kingdom,0,0,1048.3
502767,P10035,Whiteboard Marker Set,Stationery & Office,3,2025-10-01,808.92,CUST00779,United States,0,0,2426.76
501481,P10023,Hair Dryer,Beauty & Personal Care,3,2026-03-09,1018.4,,United Kingdom,1,0,3055.2
500420,P10033,Desk Organizer,Stationery & Office,1,2026-03-27,67.73,CUST00138,United States,0,0,67.73
502405,P10030,Cycling Gloves,Sports & Outdoors,3,2025-02-22,820.52,CUST00687,United Kingdom,0,0,2461.56
501237,P10034,Sticky Notes Pack,Stationery & Office,1,2026-01-29,147.9,CUST00337,Germany,0,0,147.9
501395,P10036,Backpack,Stationery & Office,5,2025-11-22,218.62,CUST00387,India,0,0,1093.1
501021,P10033,Desk Organizer,Stationery & Office,5,2025-12-24,67.73,CUST00286,India,0,0,338.65
500862,P10032,Gel Pen Pack,Stationery & Office,5,2025-12-16,687.3,CUST00235,India,0,0,3436.5
501134,P10018,Yoga Pants,Apparel,1,2026-06-18,608.28,CUST00312,India,0,0,608.28
502519,P10032,Gel Pen Pack,Stationery & Office,2,2025-07-05,687.3,CUST00714,India,0,0,1374.6
501642,P10016,Wool Sweater,Apparel,3,2025-06-05,1250.39,CUST00456,India,0,0,3751.17
501416,P10010,Insulated Water Bottle,Home & Kitchen,4,2026-03-17,396.84,CUST00392,India,0,0,1587.36
501583,P10031,Notebook Set,Stationery & Office,4,2025-06-29,268.52,CUST00448,United States,0,0,1074.08
500188,P10019,Face Serum,Beauty & Personal Care,1,2026-03-08,1312.41,,United States,1,0,1312.41
500439,P10033,Desk Organizer,Stationery & Office,2,2025-09-20,67.73,CUST00142,India,0,0,135.46
500646,P10029,Badminton Racket,Sports & Outdoors,4,2026-05-25,274.87,CUST00192,Germany,0,0,1099.48
501977,P10009,Cotton Bedsheet Set,Home & Kitchen,1,2026-01-14,1519.89,CUST00548,United Kingdom,0,0,1519.89
501811,P10022,Sunscreen SPF50,Beauty & Personal Care,3,2026-01-13,514.51,CUST00501,United Kingdom,0,0,1543.53
500620,P10020,Herbal Shampoo,Beauty & Personal Care,1,2025-12-29,1426.26,CUST00189,India,0,0,1426.26
501701,P10015,Running Shoes,Apparel,2,2026-03-21,980.3,CUST00469,India,0,0,1960.6
502294,P10034,Sticky Notes Pack,Stationery & Office,2,2025-07-16,147.9,CUST00645,India,0,0,295.8
500368,P10014,Denim Jacket,Apparel,5,2025-08-16,1048.3,CUST00129,India,0,0,5241.5
501762,P10026,Resistance Bands Set,Sports & Outdoors,5,2026-06-11,636.23,CUST00485,United Kingdom,0,0,3181.15
502471,P10004,USB-C Cable,Electronics,1,2026-01-24,3182.97,CUST00706,Singapore,0,0,3182.97
501824,P10019,Face Serum,Beauty & Personal Care,3,2026-03-09,1312.41,CUST00503,India,0,0,3937.23
502807,P10015,Running Shoes,Apparel,4,2026-03-29,980.3,CUST00780,United Kingdom,0,0,3921.2
500143,P10028,Camping Torch,Sports & Outdoors,5,2025-06-24,2043.99,CUST00052,United States,0,0,10219.95
502655,P10009,Cotton Bedsheet Set,Home & Kitchen,1,2025-06-19,1519.89,CUST00753,United Kingdom,0,0,1519.89
502309,P10029,Badminton Racket,Sports & Outdoors,5,2025-11-01,274.87,CUST00654,United States,0,0,1374.35
501295,P10018,Yoga Pants,Apparel,4,2025-10-04,608.28,CUST00351,India,0,0,2433.12
502044,P10029,Badminton Racket,Sports & Outdoors,4,2025-05-19,274.87,CUST00567,India,0,0,1099.48
501720,P10021,Lip Balm Set,Beauty & Personal Care,5,2026-06-29,652.97,CUST00475,India,0,0,3264.85
501970,P10032,Gel Pen Pack,Stationery & Office,2,2026-05-10,687.3,CUST00544,United Kingdom,0,0,1374.6
500195,P10018,Yoga Pants,Apparel,5,2025-01-18,608.28,CUST00071,United States,0,0,3041.4
501669,P10014,Denim Jacket,Apparel,3,2025-08-20,1048.3,,United States,1,0,3144.9
501903,P10012,Storage Organizer,Home & Kitchen,2,2025-12-05,1268.9,CUST00535,United States,0,0,2537.8
501433,P10020,Herbal Shampoo,Beauty & Personal Care,5,2026-01-31,1426.26,CUST00395,India,0,0,7131.3
500514,P10010,Insulated Water Bottle,Home & Kitchen,4,2025-06-06,396.84,CUST00169,India,0,0,1587.36
502396,P10017,Formal Shirt,Apparel,1,2025-06-19,562.91,CUST00681,United States,0,0,562.91
502074,P10007,Non-Stick Pan,Home & Kitchen,1,2025-01-05,331.24,CUST00578,Uae,0,0,331.24
502185,P10005,Power Bank 10000mAh,Electronics,1,2025-07-15,1034.93,CUST00597,United Kingdom,0,0,1034.93
500132,P10028,Camping Torch,Sports & Outdoors,5,2025-10-26,2043.99,CUST00047,India,0,0,10219.95
502528,P10021,Lip Balm Set,Beauty & Personal Care,1,2025-09-30,652.97,CUST00720,United States,0,0,652.97
500499,P10014,Denim Jacket,Apparel,2,2025-01-21,1048.3,CUST00167,India,0,0,2096.6
501282,P10007,Non-Stick Pan,Home & Kitchen,5,2026-03-31,331.24,CUST00345,India,0,0,1656.2
500373,P10014,Denim Jacket,Apparel,-1,2025-12-28,1048.3,CUST00130,India,0,1,-1048.3
502548,P10033,Desk Organizer,Stationery & Office,5,2026-06-21,67.73,CUST00728,United States,0,0,338.65
502866,P10009,Cotton Bedsheet Set,Home & Kitchen,3,2026-03-18,1519.89,CUST00796,Germany,0,0,4559.67
501431,P10009,Cotton Bedsheet Set,Home & Kitchen,2,2026-06-07,1519.89,CUST00394,United States,0,0,3039.78
501024,P10020,Herbal Shampoo,Beauty & Personal Care,5,2025-08-28,1426.26,CUST00286,India,0,0,7131.3
500772,P10007,Non-Stick Pan,Home & Kitchen,5,2026-05-11,331.24,CUST00217,India,0,0,1656.2
500717,P10009,Cotton Bedsheet Set,Home & Kitchen,3,2025-08-03,1519.89,CUST00203,India,0,0,4559.67
500503,P10004,USB-C Cable,Electronics,-2,2026-05-12,3182.97,CUST00167,India,0,1,-6365.94
502184,P10012,Storage Organizer,Home & Kitchen,2,2025-08-29,1268.9,CUST00596,India,0,0,2537.8
503062,P10007,Non-Stick Pan,Home & Kitchen,4,2026-02-27,331.24,CUST00842,United Kingdom,0,0,1324.96
502019,P10028,Camping Torch,Sports & Outdoors,3,2025-10-20,2043.99,CUST00561,United States,0,0,6131.97
500855,P10029,Badminton Racket,Sports & Outdoors,5,2025-02-13,274.87,CUST00232,India,0,0,1374.35
502353,P10011,Ceramic Mug Set,Home & Kitchen,1,2025-03-27,1993.94,CUST00665,India,0,0,1993.94
502522,P10032,Gel Pen Pack,Stationery & Office,4,2026-04-06,687.3,CUST00714,India,0,0,2749.2
501436,P10013,Cotton T-Shirt,Apparel,4,2025-12-26,1190.46,CUST00396,Uae,0,0,4761.84
502069,P10033,Desk Organizer,Stationery & Office,5,2025-07-08,67.73,CUST00574,United Kingdom,0,0,338.65
501698,P10001,Wireless Earbuds,Electronics,1,2026-03-18,606.94,CUST00468,Germany,0,0,606.94
502775,P10010,Insulated Water Bottle,Home & Kitchen,2,2025-12-05,396.84,CUST00779,United States,0,0,793.68
500547,P10003,Phone Case,Electronics,1,2026-04-11,1049.71,CUST00169,India,0,0,1049.71
501823,P10022,Sunscreen SPF50,Beauty & Personal Care,5,2026-03-26,514.51,CUST00503,India,0,0,2572.55
502454,P10008,LED Desk Lamp,Home & Kitchen,1,2025-03-13,1311.15,CUST00699,India,0,0,1311.15
500901,P10023,Hair Dryer,Beauty & Personal Care,2,2025-10-01,1018.4,CUST00248,Singapore,0,0,2036.8
501722,P10017,Formal Shirt,Apparel,-5,2026-01-31,562.91,CUST00475,India,0,1,-2814.55
502182,P10024,Beard Trimmer,Beauty & Personal Care,1,2025-11-03,700.79,CUST00595,Germany,0,0,700.79
502067,P10016,Wool Sweater,Apparel,2,2025-10-23,1250.39,CUST00573,India,0,0,2500.78
501652,P10005,Power Bank 10000mAh,Electronics,-4,2025-07-19,1034.93,CUST00459,India,0,1,-4139.72
500804,P10011,Ceramic Mug Set,Home & Kitchen,1,2025-09-19,1993.94,CUST00219,United Kingdom,0,0,1993.94
502190,P10030,Cycling Gloves,Sports & Outdoors,4,2025-10-08,820.52,CUST00601,India,0,0,3282.08
501577,P10033,Desk Organizer,Stationery & Office,4,2026-02-09,67.73,CUST00448,United States,0,0,270.92
500979,P10029,Badminton Racket,Sports & Outdoors,4,2025-02-09,274.87,CUST00273,Germany,0,0,1099.48
500042,P10003,Phone Case,Electronics,2,2025-01-01,1049.71,CUST00020,India,0,0,2099.42
503020,P10030,Cycling Gloves,Sports & Outdoors,4,2025-09-10,820.52,,India,1,0,3282.08
501454,P10022,Sunscreen SPF50,Beauty & Personal Care,4,2026-04-20,514.51,CUST00408,India,0,0,2058.04
501891,P10011,Ceramic Mug Set,Home & Kitchen,2,2025-06-23,1993.94,CUST00531,United States,0,0,3987.88
500712,P10027,Water Bottle Sipper,Sports & Outdoors,4,2025-12-11,2203.72,CUST00203,India,0,0,8814.88
500302,P10035,Whiteboard Marker Set,Stationery & Office,4,2025-01-24,808.92,CUST00117,United States,0,0,3235.68
502604,P10029,Badminton Racket,Sports & Outdoors,5,2026-05-27,274.87,CUST00735,India,0,0,1374.35
500617,P10018,Yoga Pants,Apparel,3,2025-11-18,608.28,CUST00189,India,0,0,1824.84
501857,P10027,Water Bottle Sipper,Sports & Outdoors,5,2025-01-15,2203.72,CUST00520,India,0,0,11018.6
502635,P10008,LED Desk Lamp,Home & Kitchen,5,2026-01-29,1311.15,CUST00747,India,0,0,6555.75
501763,P10009,Cotton Bedsheet Set,Home & Kitchen,5,2025-10-27,1519.89,CUST00485,United Kingdom,0,0,7599.45
500523,P10035,Whiteboard Marker Set,Stationery & Office,4,2025-06-30,808.92,CUST00169,India,0,0,3235.68
500647,P10015,Running Shoes,Apparel,4,2025-07-17,980.3,CUST00192,Germany,0,0,3921.2
500840,P10016,Wool Sweater,Apparel,5,2025-03-30,1250.39,CUST00225,India,0,0,6251.95
501155,P10022,Sunscreen SPF50,Beauty & Personal Care,4,2025-09-20,514.51,CUST00320,India,0,0,2058.04
500209,P10034,Sticky Notes Pack,Stationery & Office,3,2026-03-19,147.9,CUST00081,Germany,0,0,443.7
501604,P10017,Formal Shirt,Apparel,5,2025-05-03,562.91,CUST00448,United States,0,0,2814.55
500094,P10032,Gel Pen Pack,Stationery & Office,1,2025-01-03,687.3,CUST00038,India,0,0,687.3
500592,P10035,Whiteboard Marker Set,Stationery & Office,1,2026-04-26,808.92,CUST00176,India,0,0,808.92
500356,P10034,Sticky Notes Pack,Stationery & Office,3,2025-01-21,147.9,CUST00127,United States,0,0,443.7
502558,P10020,Herbal Shampoo,Beauty & Personal Care,2,2025-04-22,1426.26,CUST00731,India,0,0,2852.52
501568,P10027,Water Bottle Sipper,Sports & Outdoors,3,2025-08-17,2203.72,CUST00446,Uae,0,0,6611.16
500380,P10022,Sunscreen SPF50,Beauty & Personal Care,3,2025-12-03,514.51,CUST00131,India,0,0,1543.53
502275,P10007,Non-Stick Pan,Home & Kitchen,-5,2025-09-21,331.24,CUST00636,India,0,1,-1656.2
502401,P10005,Power Bank 10000mAh,Electronics,5,2026-04-27,1034.93,CUST00685,Uae,0,0,5174.65
500265,P10002,Bluetooth Speaker,Electronics,5,2026-06-06,2723.88,CUST00105,Uae,0,0,13619.4
501643,P10018,Yoga Pants,Apparel,3,2025-04-09,608.28,CUST00457,India,0,0,1824.84
502872,P10006,Smartwatch Band,Electronics,4,2025-11-08,990.13,CUST00797,Uae,0,0,3960.52
500719,P10018,Yoga Pants,Apparel,1,2025-01-10,608.28,CUST00203,India,0,0,608.28
500607,P10029,Badminton Racket,Sports & Outdoors,3,2025-10-21,274.87,CUST00182,India,0,0,824.61
502448,P10023,Hair Dryer,Beauty & Personal Care,4,2025-03-24,1018.4,CUST00699,India,0,0,4073.6
502568,P10021,Lip Balm Set,Beauty & Personal Care,5,2026-02-17,652.97,CUST00731,India,0,0,3264.85
502717,P10009,Cotton Bedsheet Set,Home & Kitchen,2,2026-04-14,1519.89,CUST00761,India,0,0,3039.78
502391,P10009,Cotton Bedsheet Set,Home & Kitchen,1,2025-05-04,1519.89,CUST00679,Singapore,0,0,1519.89
501610,P10006,Smartwatch Band,Electronics,1,2025-02-24,990.13,CUST00448,United States,0,0,990.13
500005,P10017,Formal Shirt,Apparel,5,2026-03-11,562.91,CUST00004,United Kingdom,0,0,2814.55
501127,P10032,Gel Pen Pack,Stationery & Office,5,2026-03-06,687.3,CUST00312,India,0,0,3436.5
502271,P10012,Storage Organizer,Home & Kitchen,1,2026-01-07,1268.9,CUST00635,India,0,0,1268.9
500105,P10022,Sunscreen SPF50,Beauty & Personal Care,2,2026-01-26,514.51,CUST00045,India,0,0,1029.02
501614,P10007,Non-Stick Pan,Home & Kitchen,2,2025-03-03,331.24,CUST00448,United States,0,0,662.48
500133,P10011,Ceramic Mug Set,Home & Kitchen,4,2025-05-27,1993.94,CUST00047,India,0,0,7975.76
500428,P10001,Wireless Earbuds,Electronics,5,2025-04-16,606.94,CUST00139,India,0,0,3034.7
500917,P10018,Yoga Pants,Apparel,3,2025-08-13,608.28,CUST00255,India,0,0,1824.84
502583,P10005,Power Bank 10000mAh,Electronics,5,2026-03-22,1034.93,CUST00731,India,0,0,5174.65
501753,P10012,Storage Organizer,Home & Kitchen,4,2026-04-06,1268.9,,United Kingdom,1,0,5075.6
500697,P10006,Smartwatch Band,Electronics,3,2025-06-27,990.13,CUST00203,India,0,0,2970.39
500204,P10015,Running Shoes,Apparel,1,2026-01-27,980.3,CUST00076,United States,0,0,980.3
500595,P10011,Ceramic Mug Set,Home & Kitchen,3,2026-02-27,1993.94,CUST00176,India,0,0,5981.82
500233,P10007,Non-Stick Pan,Home & Kitchen,1,2026-06-27,331.24,CUST00090,India,0,0,331.24
500397,P10024,Beard Trimmer,Beauty & Personal Care,4,2026-01-01,700.79,CUST00137,India,0,0,2803.16
501442,P10016,Wool Sweater,Apparel,2,2025-05-02,1250.39,CUST00400,United States,0,0,2500.78
502018,P10023,Hair Dryer,Beauty & Personal Care,5,2025-01-03,1018.4,CUST00561,United States,0,0,5092.0
500486,P10031,Notebook Set,Stationery & Office,3,2025-06-24,268.52,CUST00163,United Kingdom,0,0,805.56
501150,P10025,Yoga Mat,Sports & Outdoors,4,2025-06-27,270.08,CUST00319,India,0,0,1080.32
501843,P10012,Storage Organizer,Home & Kitchen,1,2025-02-18,1268.9,CUST00512,India,0,0,1268.9
500711,P10011,Ceramic Mug Set,Home & Kitchen,5,2025-04-26,1993.94,CUST00203,India,0,0,9969.7
502808,P10023,Hair Dryer,Beauty & Personal Care,2,2025-07-04,1018.4,CUST00781,United Kingdom,0,0,2036.8
500939,P10010,Insulated Water Bottle,Home & Kitchen,5,2025-03-08,396.84,CUST00262,Singapore,0,0,1984.2
501654,P10019,Face Serum,Beauty & Personal Care,4,2026-01-23,1312.41,CUST00459,India,0,0,5249.64
502483,P10032,Gel Pen Pack,Stationery & Office,5,2025-02-15,687.3,CUST00706,Singapore,0,0,3436.5
501734,P10033,Desk Organizer,Stationery & Office,1,2025-10-02,67.73,CUST00479,Singapore,0,0,67.73
500412,P10013,Cotton T-Shirt,Apparel,5,2025-11-27,1190.46,CUST00138,United States,0,0,5952.3
500697,P10034,Sticky Notes Pack,Stationery & Office,5,2025-06-27,147.9,CUST00203,India,0,0,739.5
501756,P10022,Sunscreen SPF50,Beauty & Personal Care,3,2025-06-20,514.51,CUST00485,United Kingdom,0,0,1543.53
501751,P10020,Herbal Shampoo,Beauty & Personal Care,1,2026-04-27,1426.26,CUST00485,United Kingdom,0,0,1426.26
501060,P10027,Water Bottle Sipper,Sports & Outdoors,5,2025-06-12,2203.72,CUST00295,India,0,0,11018.6
500925,P10015,Running Shoes,Apparel,2,2026-05-15,980.3,CUST00258,United Kingdom,0,0,1960.6
500564,P10003,Phone Case,Electronics,2,2026-05-27,1049.71,CUST00173,India,0,0,2099.42
502219,P10022,Sunscreen SPF50,Beauty & Personal Care,3,2025-03-21,514.51,CUST00619,United States,0,0,1543.53
500300,P10028,Camping Torch,Sports & Outdoors,5,2025-01-16,2043.99,CUST00117,United States,0,0,10219.95
501747,P10009,Cotton Bedsheet Set,Home & Kitchen,1,2026-05-07,1519.89,CUST00483,India,0,0,1519.89
500158,P10030,Cycling Gloves,Sports & Outdoors,3,2025-03-02,820.52,CUST00058,India,0,0,2461.56
500205,P10003,Phone Case,Electronics,3,2025-02-28,1049.71,CUST00077,United States,0,0,3149.13
501909,P10021,Lip Balm Set,Beauty & Personal Care,-4,2026-04-24,652.97,CUST00539,India,0,1,-2611.88
502495,P10014,Denim Jacket,Apparel,1,2026-03-23,1048.3,CUST00706,Singapore,0,0,1048.3
501347,P10022,Sunscreen SPF50,Beauty & Personal Care,2,2025-07-18,514.51,CUST00363,India,0,0,1029.02
500664,P10016,Wool Sweater,Apparel,1,2025-05-15,1250.39,CUST00195,India,0,0,1250.39
500951,P10004,USB-C Cable,Electronics,5,2025-08-24,3182.97,CUST00265,Germany,0,0,15914.85
502266,P10017,Formal Shirt,Apparel,2,2025-03-19,562.91,CUST00634,India,0,0,1125.82
502914,P10027,Water Bottle Sipper,Sports & Outdoors,4,2025-10-30,2203.72,CUST00813,India,0,0,8814.88
502840,P10016,Wool Sweater,Apparel,2,2025-07-12,1250.39,CUST00789,India,0,0,2500.78
501680,P10035,Whiteboard Marker Set,Stationery & Office,2,2025-12-02,808.92,CUST00463,United States,0,0,1617.84
501474,P10034,Sticky Notes Pack,Stationery & Office,3,2026-01-23,147.9,CUST00416,India,0,0,443.7
500987,P10029,Badminton Racket,Sports & Outdoors,3,2026-01-15,274.87,CUST00275,India,0,0,824.61
500106,P10034,Sticky Notes Pack,Stationery & Office,3,2025-07-12,147.9,CUST00046,United Kingdom,0,0,443.7
500050,P10012,Storage Organizer,Home & Kitchen,2,2025-08-08,1268.9,CUST00022,India,0,0,2537.8
500028,P10019,Face Serum,Beauty & Personal Care,4,2026-03-21,1312.41,CUST00012,Singapore,0,0,5249.64
500290,P10001,Wireless Earbuds,Electronics,1,2026-06-09,606.94,CUST00113,Uae,0,0,606.94
502094,P10010,Insulated Water Bottle,Home & Kitchen,3,2025-10-31,396.84,CUST00579,India,0,0,1190.52
501025,P10011,Ceramic Mug Set,Home & Kitchen,1,2025-11-26,1993.94,CUST00286,India,0,0,1993.94
501303,P10017,Formal Shirt,Apparel,5,2025-04-28,562.91,CUST00353,United Kingdom,0,0,2814.55
500383,P10005,Power Bank 10000mAh,Electronics,5,2026-06-26,1034.93,CUST00133,India,0,0,5174.65
500670,P10007,Non-Stick Pan,Home & Kitchen,1,2025-06-01,331.24,,Germany,1,0,331.24
501489,P10021,Lip Balm Set,Beauty & Personal Care,1,2026-02-07,652.97,CUST00420,United States,0,0,652.97
502332,P10014,Denim Jacket,Apparel,5,2025-01-18,1048.3,CUST00660,United Kingdom,0,0,5241.5
501862,P10034,Sticky Notes Pack,Stationery & Office,4,2025-08-15,147.9,CUST00521,United Kingdom,0,0,591.6
500008,P10032,Gel Pen Pack,Stationery & Office,5,2025-11-14,687.3,CUST00005,India,0,0,3436.5
501164,P10035,Whiteboard Marker Set,Stationery & Office,4,2025-09-02,808.92,CUST00324,India,0,0,3235.68
501335,P10006,Smartwatch Band,Electronics,5,2025-02-11,990.13,CUST00359,Uae,0,0,4950.65
502937,P10031,Notebook Set,Stationery & Office,1,2025-09-06,268.52,CUST00815,Germany,0,0,268.52
502779,P10030,Cycling Gloves,Sports & Outdoors,3,2025-06-13,820.52,CUST00779,United States,0,0,2461.56
500761,P10031,Notebook Set,Stationery & Office,2,2026-03-22,268.52,CUST00216,India,0,0,537.04
501474,P10008,LED Desk Lamp,Home & Kitchen,1,2026-01-23,1311.15,,India,1,0,1311.15
502215,P10005,Power Bank 10000mAh,Electronics,4,2025-11-26,1034.93,CUST00616,Uae,0,0,4139.72
501081,P10036,Backpack,Stationery & Office,4,2026-06-29,218.62,CUST00300,India,0,0,874.48
500675,P10020,Herbal Shampoo,Beauty & Personal Care,3,2025-12-07,1426.26,CUST00199,Germany,0,0,4278.78
501890,P10035,Whiteboard Marker Set,Stationery & Office,4,2026-03-22,808.92,CUST00530,Germany,0,0,3235.68
501071,P10031,Notebook Set,Stationery & Office,-5,2025-03-08,268.52,CUST00298,India,0,1,-1342.6
500041,P10018,Yoga Pants,Apparel,5,2025-02-23,608.28,CUST00020,India,0,0,3041.4
500369,P10025,Yoga Mat,Sports & Outdoors,5,2026-01-08,270.08,CUST00129,India,0,0,1350.4
501943,P10029,Badminton Racket,Sports & Outdoors,2,2025-07-23,274.87,CUST00540,India,0,0,549.74
500933,P10014,Denim Jacket,Apparel,4,2025-09-20,1048.3,CUST00260,India,0,0,4193.2
501843,P10010,Insulated Water Bottle,Home & Kitchen,1,2025-02-18,396.84,CUST00512,India,0,0,396.84
502335,P10003,Phone Case,Electronics,4,2025-12-29,1049.71,CUST00661,India,0,0,4198.84
502663,P10013,Cotton T-Shirt,Apparel,4,2026-03-31,1190.46,CUST00753,United Kingdom,0,0,4761.84
501215,P10016,Wool Sweater,Apparel,3,2025-04-06,1250.39,CUST00329,India,0,0,3751.17
500995,P10036,Backpack,Stationery & Office,4,2025-09-14,218.62,CUST00280,United States,0,0,874.48
500331,P10001,Wireless Earbuds,Electronics,3,2026-05-29,606.94,CUST00126,India,0,0,1820.82
500013,P10012,Storage Organizer,Home & Kitchen,1,2026-02-01,1268.9,,India,1,0,1268.9
500208,P10021,Lip Balm Set,Beauty & Personal Care,4,2026-01-10,652.97,CUST00080,India,0,0,2611.88
502311,P10015,Running Shoes,Apparel,4,2026-04-10,980.3,CUST00655,India,0,0,3921.2
501006,P10021,Lip Balm Set,Beauty & Personal Care,4,2025-06-19,652.97,CUST00284,India,0,0,2611.88
500418,P10017,Formal Shirt,Apparel,-2,2026-05-26,562.91,CUST00138,United States,0,1,-1125.82
501796,P10008,LED Desk Lamp,Home & Kitchen,2,2025-09-18,1311.15,CUST00497,United Kingdom,0,0,2622.3
502866,P10008,LED Desk Lamp,Home & Kitchen,4,2026-03-18,1311.15,CUST00796,Germany,0,0,5244.6
500222,P10026,Resistance Bands Set,Sports & Outdoors,5,2025-05-31,636.23,CUST00086,India,0,0,3181.15
501963,P10005,Power Bank 10000mAh,Electronics,4,2026-03-26,1034.93,,United Kingdom,1,0,4139.72
501859,P10035,Whiteboard Marker Set,Stationery & Office,5,2025-09-03,808.92,CUST00521,United Kingdom,0,0,4044.6
502671,P10008,LED Desk Lamp,Home & Kitchen,5,2026-04-01,1311.15,CUST00753,United Kingdom,0,0,6555.75
501879,P10025,Yoga Mat,Sports & Outdoors,3,2026-06-18,270.08,CUST00529,India,0,0,810.24
501768,P10017,Formal Shirt,Apparel,3,2025-07-18,562.91,,India,1,0,1688.73
502230,P10024,Beard Trimmer,Beauty & Personal Care,5,2026-06-11,700.79,CUST00625,United Kingdom,0,0,3503.95
500369,P10018,Yoga Pants,Apparel,1,2026-01-08,608.28,CUST00129,India,0,0,608.28
502081,P10021,Lip Balm Set,Beauty & Personal Care,-5,2025-10-21,652.97,CUST00579,India,0,1,-3264.85
500919,P10017,Formal Shirt,Apparel,3,2025-07-03,562.91,CUST00255,India,0,0,1688.73
501490,P10009,Cotton Bedsheet Set,Home & Kitchen,4,2025-10-19,1519.89,CUST00421,United States,0,0,6079.56
502089,P10013,Cotton T-Shirt,Apparel,3,2025-09-14,1190.46,CUST00579,India,0,0,3571.38
500293,P10014,Denim Jacket,Apparel,3,2025-05-17,1048.3,CUST00113,Uae,0,0,3144.9
501974,P10015,Running Shoes,Apparel,4,2025-06-12,980.3,CUST00546,India,0,0,3921.2
500764,P10024,Beard Trimmer,Beauty & Personal Care,2,2025-03-25,700.79,CUST00216,India,0,0,1401.58
501622,P10002,Bluetooth Speaker,Electronics,4,2026-04-30,2723.88,CUST00449,India,0,0,10895.52
500770,P10032,Gel Pen Pack,Stationery & Office,4,2025-10-14,687.3,CUST00217,India,0,0,2749.2
502176,P10027,Water Bottle Sipper,Sports & Outdoors,5,2025-07-25,2203.72,CUST00593,India,0,0,11018.6
503002,P10025,Yoga Mat,Sports & Outdoors,5,2026-05-10,270.08,CUST00830,India,0,0,1350.4
502547,P10009,Cotton Bedsheet Set,Home & Kitchen,3,2025-11-19,1519.89,CUST00727,India,0,0,4559.67
500181,P10006,Smartwatch Band,Electronics,5,2025-01-05,990.13,CUST00065,India,0,0,4950.65
502594,P10028,Camping Torch,Sports & Outdoors,3,2025-05-03,2043.99,CUST00731,India,0,0,6131.97
502704,P10030,Cycling Gloves,Sports & Outdoors,5,2025-11-20,820.52,CUST00756,United States,0,0,4102.6
502558,P10007,Non-Stick Pan,Home & Kitchen,4,2025-04-22,331.24,CUST00731,India,0,0,1324.96
502940,P10001,Wireless Earbuds,Electronics,2,2026-05-31,606.94,CUST00818,India,0,0,1213.88
502835,P10019,Face Serum,Beauty & Personal Care,5,2025-10-21,1312.41,CUST00787,United Kingdom,0,0,6562.05
500637,P10024,Beard Trimmer,Beauty & Personal Care,3,2026-04-30,700.79,CUST00189,India,0,0,2102.37
502209,P10019,Face Serum,Beauty & Personal Care,3,2026-05-23,1312.41,CUST00614,India,0,0,3937.23
501040,P10007,Non-Stick Pan,Home & Kitchen,1,2025-09-20,331.24,CUST00291,India,0,0,331.24
500449,P10030,Cycling Gloves,Sports & Outdoors,1,2025-08-24,820.52,CUST00144,India,0,0,820.52
503071,P10011,Ceramic Mug Set,Home & Kitchen,3,2025-11-07,1993.94,CUST00842,United Kingdom,0,0,5981.82
502552,P10032,Gel Pen Pack,Stationery & Office,5,2025-05-11,687.3,CUST00731,India,0,0,3436.5
500220,P10009,Cotton Bedsheet Set,Home & Kitchen,-5,2025-09-26,1519.89,CUST00086,India,0,1,-7599.45
500481,P10031,Notebook Set,Stationery & Office,3,2025-12-24,268.52,CUST00160,United States,0,0,805.56
501591,P10032,Gel Pen Pack,Stationery & Office,1,2025-05-31,687.3,CUST00448,United States,0,0,687.3
502073,P10011,Ceramic Mug Set,Home & Kitchen,5,2025-08-24,1993.94,CUST00577,India,0,0,9969.7
500508,P10005,Power Bank 10000mAh,Electronics,4,2025-07-18,1034.93,CUST00167,India,0,0,4139.72
502802,P10006,Smartwatch Band,Electronics,5,2026-05-07,990.13,CUST00779,United States,0,0,4950.65
502559,P10030,Cycling Gloves,Sports & Outdoors,3,2025-08-24,820.52,CUST00731,India,0,0,2461.56
500536,P10030,Cycling Gloves,Sports & Outdoors,1,2025-05-05,820.52,CUST00169,India,0,0,820.52
500156,P10024,Beard Trimmer,Beauty & Personal Care,3,2025-09-23,700.79,CUST00057,India,0,0,2102.37
501029,P10030,Cycling Gloves,Sports & Outdoors,1,2025-10-22,820.52,CUST00286,India,0,0,820.52
501026,P10017,Formal Shirt,Apparel,2,2025-10-18,562.91,,India,1,0,1125.82
502683,P10031,Notebook Set,Stationery & Office,4,2025-06-09,268.52,CUST00753,United Kingdom,0,0,1074.08
500049,P10019,Face Serum,Beauty & Personal Care,2,2025-11-22,1312.41,CUST00021,United Kingdom,0,0,2624.82
500882,P10012,Storage Organizer,Home & Kitchen,3,2026-02-08,1268.9,CUST00237,India,0,0,3806.7
501647,P10035,Whiteboard Marker Set,Stationery & Office,5,2025-10-09,808.92,CUST00457,India,0,0,4044.6
502993,P10003,Phone Case,Electronics,1,2026-06-18,1049.71,CUST00830,India,0,0,1049.71
501111,P10008,LED Desk Lamp,Home & Kitchen,4,2025-09-07,1311.15,,India,1,0,5244.6
502923,P10004,USB-C Cable,Electronics,4,2025-11-25,3182.97,CUST00815,Germany,0,0,12731.88
501394,P10028,Camping Torch,Sports & Outdoors,4,2025-11-28,2043.99,CUST00387,India,0,0,8175.96
501818,P10004,USB-C Cable,Electronics,2,2026-06-14,3182.97,CUST00503,India,0,0,6365.94
501634,P10023,Hair Dryer,Beauty & Personal Care,3,2025-07-31,1018.4,CUST00450,India,0,0,3055.2
501508,P10023,Hair Dryer,Beauty & Personal Care,3,2025-10-06,1018.4,CUST00426,India,0,0,3055.2
500802,P10017,Formal Shirt,Apparel,4,2025-01-17,562.91,CUST00219,United Kingdom,0,0,2251.64
500294,P10015,Running Shoes,Apparel,4,2026-04-22,980.3,,Uae,1,0,3921.2
501534,P10023,Hair Dryer,Beauty & Personal Care,-1,2025-06-05,1018.4,CUST00438,Germany,0,1,-1018.4
500483,P10033,Desk Organizer,Stationery & Office,2,2025-11-05,67.73,CUST00162,United Kingdom,0,0,135.46
500833,P10017,Formal Shirt,Apparel,4,2025-06-18,562.91,CUST00222,United Kingdom,0,0,2251.64
502118,P10008,LED Desk Lamp,Home & Kitchen,4,2025-09-11,1311.15,CUST00579,India,0,0,5244.6
502652,P10035,Whiteboard Marker Set,Stationery & Office,1,2025-03-26,808.92,CUST00753,United Kingdom,0,0,808.92
500887,P10034,Sticky Notes Pack,Stationery & Office,4,2025-06-27,147.9,CUST00239,United Kingdom,0,0,591.6
501230,P10030,Cycling Gloves,Sports & Outdoors,2,2025-12-28,820.52,CUST00335,India,0,0,1641.04
500974,P10003,Phone Case,Electronics,2,2025-06-20,1049.71,,United States,1,0,2099.42
500878,P10015,Running Shoes,Apparel,3,2026-01-18,980.3,CUST00237,India,0,0,2940.9
500204,P10008,LED Desk Lamp,Home & Kitchen,3,2026-01-27,1311.15,CUST00076,United States,0,0,3933.45
500823,P10023,Hair Dryer,Beauty & Personal Care,4,2025-07-03,1018.4,CUST00219,United Kingdom,0,0,4073.6
501863,P10001,Wireless Earbuds,Electronics,2,2025-09-10,606.94,CUST00522,India,0,0,1213.88
502646,P10018,Yoga Pants,Apparel,4,2025-03-17,608.28,CUST00749,Uae,0,0,2433.12
502858,P10017,Formal Shirt,Apparel,2,2026-05-20,562.91,CUST00796,Germany,0,0,1125.82
500909,P10007,Non-Stick Pan,Home & Kitchen,3,2025-12-07,331.24,CUST00251,India,0,0,993.72
502519,P10036,Backpack,Stationery & Office,-5,2025-07-05,218.62,CUST00714,India,0,1,-1093.1
501437,P10018,Yoga Pants,Apparel,5,2025-11-22,608.28,CUST00396,Uae,0,0,3041.4
503045,P10007,Non-Stick Pan,Home & Kitchen,4,2025-07-30,331.24,CUST00842,United Kingdom,0,0,1324.96
502169,P10024,Beard Trimmer,Beauty & Personal Care,1,2025-11-03,700.79,CUST00591,India,0,0,700.79
502500,P10022,Sunscreen SPF50,Beauty & Personal Care,4,2026-06-21,514.51,CUST00706,Singapore,0,0,2058.04
502372,P10009,Cotton Bedsheet Set,Home & Kitchen,3,2026-05-07,1519.89,CUST00673,India,0,0,4559.67
500635,P10026,Resistance Bands Set,Sports & Outdoors,4,2025-07-09,636.23,CUST00189,India,0,0,2544.92
501327,P10003,Phone Case,Electronics,3,2025-09-24,1049.71,CUST00357,India,0,0,3149.13
501335,P10021,Lip Balm Set,Beauty & Personal Care,4,2025-02-11,652.97,CUST00359,Uae,0,0,2611.88
501774,P10004,USB-C Cable,Electronics,3,2025-10-28,3182.97,CUST00489,Uae,0,0,9548.91
501181,P10004,USB-C Cable,Electronics,5,2026-02-08,3182.97,CUST00324,India,0,0,15914.85
502675,P10014,Denim Jacket,Apparel,1,2026-06-16,1048.3,CUST00753,United Kingdom,0,0,1048.3
500857,P10005,Power Bank 10000mAh,Electronics,4,2025-01-28,1034.93,CUST00233,United Kingdom,0,0,4139.72
500315,P10005,Power Bank 10000mAh,Electronics,4,2026-03-31,1034.93,CUST00121,United States,0,0,4139.72
502649,P10033,Desk Organizer,Stationery & Office,1,2025-01-03,67.73,CUST00750,United Kingdom,0,0,67.73
502613,P10011,Ceramic Mug Set,Home & Kitchen,1,2025-01-11,1993.94,CUST00738,United States,0,0,1993.94
501939,P10021,Lip Balm Set,Beauty & Personal Care,2,2025-08-12,652.97,CUST00540,India,0,0,1305.94
502059,P10011,Ceramic Mug Set,Home & Kitchen,1,2026-05-23,1993.94,CUST00570,India,0,0,1993.94
503069,P10027,Water Bottle Sipper,Sports & Outdoors,1,2025-07-22,2203.72,CUST00842,United Kingdom,0,0,2203.72
501076,P10016,Wool Sweater,Apparel,4,2025-12-07,1250.39,CUST00300,India,0,0,5001.56
501357,P10011,Ceramic Mug Set,Home & Kitchen,5,2026-04-18,1993.94,CUST00366,India,0,0,9969.7
500191,P10005,Power Bank 10000mAh,Electronics,5,2025-12-18,1034.93,CUST00068,United States,0,0,5174.65
500473,P10025,Yoga Mat,Sports & Outdoors,2,2025-02-10,270.08,CUST00158,United States,0,0,540.16
500824,P10012,Storage Organizer,Home & Kitchen,3,2025-02-16,1268.9,CUST00219,United Kingdom,0,0,3806.7
502669,P10032,Gel Pen Pack,Stationery & Office,2,2025-04-06,687.3,CUST00753,United Kingdom,0,0,1374.6
502715,P10031,Notebook Set,Stationery & Office,3,2025-07-11,268.52,CUST00760,United States,0,0,805.56
502668,P10012,Storage Organizer,Home & Kitchen,3,2026-04-30,1268.9,CUST00753,United Kingdom,0,0,3806.7
502122,P10024,Beard Trimmer,Beauty & Personal Care,3,2025-12-23,700.79,CUST00581,India,0,0,2102.37
501409,P10007,Non-Stick Pan,Home & Kitchen,3,2025-08-17,331.24,CUST00392,India,0,0,993.72
502446,P10003,Phone Case,Electronics,1,2026-06-04,1049.71,CUST00699,India,0,0,1049.71
502992,P10015,Running Shoes,Apparel,1,2025-07-01,980.3,CUST00830,India,0,0,980.3
500858,P10003,Phone Case,Electronics,5,2025-07-08,1049.71,CUST00234,India,0,0,5248.55
500200,P10009,Cotton Bedsheet Set,Home & Kitchen,4,2025-05-27,1519.89,CUST00074,United States,0,0,6079.56
502755,P10011,Ceramic Mug Set,Home & Kitchen,2,2025-03-14,1993.94,CUST00777,India,0,0,3987.88
502055,P10003,Phone Case,Electronics,5,2026-03-09,1049.71,CUST00570,India,0,0,5248.55
501284,P10009,Cotton Bedsheet Set,Home & Kitchen,5,2026-04-16,1519.89,CUST00345,India,0,0,7599.45
501350,P10026,Resistance Bands Set,Sports & Outdoors,5,2025-12-09,636.23,CUST00364,India,0,0,3181.15
502529,P10032,Gel Pen Pack,Stationery & Office,3,2026-01-20,687.3,CUST00720,United States,0,0,2061.9
502997,P10008,LED Desk Lamp,Home & Kitchen,4,2026-06-13,1311.15,,India,1,0,5244.6
502461,P10001,Wireless Earbuds,Electronics,2,2026-03-08,606.94,CUST00702,India,0,0,1213.88
500493,P10007,Non-Stick Pan,Home & Kitchen,1,2026-01-01,331.24,CUST00165,India,0,0,331.24
502765,P10026,Resistance Bands Set,Sports & Outdoors,5,2025-05-13,636.23,CUST00779,United States,0,0,3181.15
500580,P10029,Badminton Racket,Sports & Outdoors,2,2025-06-27,274.87,CUST00176,India,0,0,549.74
501352,P10001,Wireless Earbuds,Electronics,3,2026-02-27,606.94,CUST00365,Uae,0,0,1820.82
502778,P10018,Yoga Pants,Apparel,3,2026-02-09,608.28,CUST00779,United States,0,0,1824.84
502342,P10026,Resistance Bands Set,Sports & Outdoors,2,2025-12-16,636.23,CUST00665,India,0,0,1272.46
500488,P10021,Lip Balm Set,Beauty & Personal Care,5,2026-03-31,652.97,CUST00163,United Kingdom,0,0,3264.85
501180,P10011,Ceramic Mug Set,Home & Kitchen,3,2026-03-06,1993.94,CUST00324,India,0,0,5981.82
500571,P10022,Sunscreen SPF50,Beauty & Personal Care,1,2025-11-07,514.51,CUST00175,United Kingdom,0,0,514.51
500165,P10012,Storage Organizer,Home & Kitchen,2,2026-04-30,1268.9,CUST00062,India,0,0,2537.8
500062,P10024,Beard Trimmer,Beauty & Personal Care,4,2025-06-12,700.79,CUST00031,United Kingdom,0,0,2803.16
501248,P10003,Phone Case,Electronics,3,2025-07-13,1049.71,CUST00338,United States,0,0,3149.13
500032,P10005,Power Bank 10000mAh,Electronics,4,2025-01-26,1034.93,CUST00014,India,0,0,4139.72
502991,P10026,Resistance Bands Set,Sports & Outdoors,5,2026-02-13,636.23,CUST00830,India,0,0,3181.15
502218,P10024,Beard Trimmer,Beauty & Personal Care,3,2025-04-22,700.79,CUST00618,India,0,0,2102.37
500955,P10015,Running Shoes,Apparel,5,2025-05-07,980.3,CUST00266,United States,0,0,4901.5
502447,P10014,Denim Jacket,Apparel,1,2025-09-20,1048.3,CUST00699,India,0,0,1048.3
502479,P10006,Smartwatch Band,Electronics,5,2025-09-11,990.13,CUST00706,Singapore,0,0,4950.65
500078,P10005,Power Bank 10000mAh,Electronics,2,2025-04-15,1034.93,CUST00035,Singapore,0,0,2069.86
501719,P10011,Ceramic Mug Set,Home & Kitchen,1,2025-11-10,1993.94,CUST00474,Germany,0,0,1993.94
502733,P10006,Smartwatch Band,Electronics,4,2025-05-09,990.13,CUST00769,India,0,0,3960.52
500442,P10012,Storage Organizer,Home & Kitchen,4,2025-10-07,1268.9,CUST00142,India,0,0,5075.6
501472,P10021,Lip Balm Set,Beauty & Personal Care,5,2026-05-05,652.97,CUST00416,India,0,0,3264.85
501246,P10015,Running Shoes,Apparel,2,2025-08-09,980.3,CUST00338,United States,0,0,1960.6
501116,P10017,Formal Shirt,Apparel,3,2025-05-06,562.91,CUST00311,India,0,0,1688.73
502096,P10003,Phone Case,Electronics,1,2026-06-20,1049.71,CUST00579,India,0,0,1049.71
500662,P10020,Herbal Shampoo,Beauty & Personal Care,2,2025-08-30,1426.26,CUST00195,India,0,0,2852.52
500498,P10001,Wireless Earbuds,Electronics,2,2025-10-18,606.94,CUST00166,Germany,0,0,1213.88
502469,P10021,Lip Balm Set,Beauty & Personal Care,5,2025-10-17,652.97,CUST00706,Singapore,0,0,3264.85
502787,P10002,Bluetooth Speaker,Electronics,1,2025-09-30,2723.88,CUST00779,United States,0,0,2723.88
501057,P10014,Denim Jacket,Apparel,5,2025-11-09,1048.3,CUST00295,India,0,0,5241.5
503059,P10002,Bluetooth Speaker,Electronics,1,2025-12-13,2723.88,CUST00842,United Kingdom,0,0,2723.88
502749,P10017,Formal Shirt,Apparel,5,2026-04-07,562.91,CUST00775,United States,0,0,2814.55
501370,P10011,Ceramic Mug Set,Home & Kitchen,1,2025-11-16,1993.94,CUST00375,India,0,0,1993.94
501436,P10006,Smartwatch Band,Electronics,5,2025-12-26,990.13,CUST00396,Uae,0,0,4950.65
500163,P10030,Cycling Gloves,Sports & Outdoors,1,2025-11-11,820.52,CUST00060,India,0,0,820.52
500146,P10033,Desk Organizer,Stationery & Office,1,2025-08-27,67.73,CUST00052,United States,0,0,67.73
501085,P10023,Hair Dryer,Beauty & Personal Care,1,2025-07-01,1018.4,CUST00301,India,0,0,1018.4
501319,P10034,Sticky Notes Pack,Stationery & Office,5,2025-12-30,147.9,CUST00355,India,0,0,739.5
500901,P10014,Denim Jacket,Apparel,5,2025-10-01,1048.3,CUST00248,Singapore,0,0,5241.5
502091,P10023,Hair Dryer,Beauty & Personal Care,1,2026-02-27,1018.4,CUST00579,India,0,0,1018.4
501387,P10013,Cotton T-Shirt,Apparel,5,2025-11-16,1190.46,CUST00385,United States,0,0,5952.3
502904,P10025,Yoga Mat,Sports & Outdoors,5,2025-10-06,270.08,CUST00810,India,0,0,1350.4
501155,P10010,Insulated Water Bottle,Home & Kitchen,-5,2025-09-20,396.84,CUST00320,India,0,1,-1984.2
501221,P10030,Cycling Gloves,Sports & Outdoors,-4,2025-06-09,820.52,CUST00333,India,0,1,-3282.08
502587,P10023,Hair Dryer,Beauty & Personal Care,3,2025-07-13,1018.4,CUST00731,India,0,0,3055.2
500349,P10001,Wireless Earbuds,Electronics,1,2025-11-15,606.94,CUST00126,India,0,0,606.94
502157,P10009,Cotton Bedsheet Set,Home & Kitchen,2,2026-01-17,1519.89,CUST00586,India,0,0,3039.78
500141,P10005,Power Bank 10000mAh,Electronics,2,2025-06-19,1034.93,CUST00052,United States,0,0,2069.86
500869,P10008,LED Desk Lamp,Home & Kitchen,5,2026-06-14,1311.15,,United States,1,0,6555.75
502120,P10004,USB-C Cable,Electronics,5,2026-01-11,3182.97,CUST00579,India,0,0,15914.85
502349,P10035,Whiteboard Marker Set,Stationery & Office,3,2025-02-07,808.92,CUST00665,India,0,0,2426.76
500880,P10016,Wool Sweater,Apparel,4,2026-04-14,1250.39,CUST00237,India,0,0,5001.56
502193,P10018,Yoga Pants,Apparel,2,2026-02-10,608.28,CUST00602,India,0,0,1216.56
500662,P10031,Notebook Set,Stationery & Office,2,2025-08-30,268.52,CUST00195,India,0,0,537.04
502031,P10035,Whiteboard Marker Set,Stationery & Office,1,2025-12-25,808.92,CUST00563,India,0,0,808.92
501519,P10027,Water Bottle Sipper,Sports & Outdoors,1,2025-10-17,2203.72,CUST00431,India,0,0,2203.72
500941,P10023,Hair Dryer,Beauty & Personal Care,3,2025-12-25,1018.4,CUST00263,India,0,0,3055.2
500570,P10011,Ceramic Mug Set,Home & Kitchen,5,2026-05-17,1993.94,CUST00175,United Kingdom,0,0,9969.7
500104,P10028,Camping Torch,Sports & Outdoors,-1,2025-11-24,2043.99,CUST00044,Uae,0,1,-2043.99
501529,P10004,USB-C Cable,Electronics,1,2026-04-03,3182.97,CUST00437,India,0,0,3182.97
500185,P10030,Cycling Gloves,Sports & Outdoors,3,2025-11-03,820.52,CUST00068,United States,0,0,2461.56
500674,P10012,Storage Organizer,Home & Kitchen,3,2025-05-17,1268.9,CUST00199,Germany,0,0,3806.7
503079,P10019,Face Serum,Beauty & Personal Care,4,2025-02-12,1312.41,CUST00842,United Kingdom,0,0,5249.64
502844,P10026,Resistance Bands Set,Sports & Outdoors,5,2025-08-10,636.23,CUST00790,Uae,0,0,3181.15
500490,P10005,Power Bank 10000mAh,Electronics,2,2025-08-06,1034.93,CUST00164,India,0,0,2069.86
502258,P10034,Sticky Notes Pack,Stationery & Office,5,2025-04-22,147.9,CUST00632,Germany,0,0,739.5
502150,P10035,Whiteboard Marker Set,Stationery & Office,4,2025-05-23,808.92,CUST00584,India,0,0,3235.68
502121,P10030,Cycling Gloves,Sports & Outdoors,5,2025-11-14,820.52,CUST00580,India,0,0,4102.6
502171,P10035,Whiteboard Marker Set,Stationery & Office,2,2025-08-13,808.92,CUST00591,India,0,0,1617.84
500549,P10033,Desk Organizer,Stationery & Office,1,2026-01-24,67.73,CUST00169,India,0,0,67.73
502712,P10016,Wool Sweater,Apparel,5,2025-07-11,1250.39,CUST00758,India,0,0,6251.95
503022,P10026,Resistance Bands Set,Sports & Outdoors,3,2025-02-14,636.23,CUST00833,India,0,0,1908.69
500415,P10016,Wool Sweater,Apparel,3,2025-02-22,1250.39,CUST00138,United States,0,0,3751.17
501448,P10016,Wool Sweater,Apparel,2,2026-02-11,1250.39,CUST00405,India,0,0,2500.78
502521,P10020,Herbal Shampoo,Beauty & Personal Care,5,2025-07-23,1426.26,CUST00714,India,0,0,7131.3
500480,P10028,Camping Torch,Sports & Outdoors,1,2025-02-02,2043.99,CUST00160,United States,0,0,2043.99
502654,P10026,Resistance Bands Set,Sports & Outdoors,1,2026-02-24,636.23,CUST00753,United Kingdom,0,0,636.23
501973,P10004,USB-C Cable,Electronics,5,2025-08-30,3182.97,CUST00546,India,0,0,15914.85
502554,P10015,Running Shoes,Apparel,3,2025-05-06,980.3,CUST00731,India,0,0,2940.9
500024,P10017,Formal Shirt,Apparel,4,2026-06-18,562.91,CUST00012,Singapore,0,0,2251.64
502585,P10007,Non-Stick Pan,Home & Kitchen,5,2026-04-28,331.24,CUST00731,India,0,0,1656.2
502927,P10018,Yoga Pants,Apparel,3,2025-01-25,608.28,CUST00815,Germany,0,0,1824.84
501510,P10002,Bluetooth Speaker,Electronics,4,2026-02-05,2723.88,CUST00427,India,0,0,10895.52
501613,P10003,Phone Case,Electronics,5,2026-04-29,1049.71,CUST00448,United States,0,0,5248.55
500561,P10024,Beard Trimmer,Beauty & Personal Care,3,2025-06-19,700.79,CUST00171,United Kingdom,0,0,2102.37
500239,P10026,Resistance Bands Set,Sports & Outdoors,3,2026-06-03,636.23,CUST00094,United Kingdom,0,0,1908.69
501154,P10026,Resistance Bands Set,Sports & Outdoors,2,2025-02-17,636.23,CUST00320,India,0,0,1272.46
502189,P10023,Hair Dryer,Beauty & Personal Care,3,2025-05-18,1018.4,CUST00600,India,0,0,3055.2
502605,P10013,Cotton T-Shirt,Apparel,4,2025-05-28,1190.46,CUST00736,Germany,0,0,4761.84
502698,P10016,Wool Sweater,Apparel,5,2025-02-03,1250.39,CUST00754,India,0,0,6251.95
500540,P10007,Non-Stick Pan,Home & Kitchen,4,2026-06-08,331.24,CUST00169,India,0,0,1324.96
500262,P10036,Backpack,Stationery & Office,2,2025-10-27,218.62,CUST00105,Uae,0,0,437.24
500964,P10024,Beard Trimmer,Beauty & Personal Care,3,2025-12-14,700.79,CUST00268,United States,0,0,2102.37
500379,P10013,Cotton T-Shirt,Apparel,3,2025-07-29,1190.46,CUST00130,India,0,0,3571.38
502391,P10033,Desk Organizer,Stationery & Office,3,2025-05-04,67.73,CUST00679,Singapore,0,0,203.19
501403,P10028,Camping Torch,Sports & Outdoors,1,2025-01-06,2043.99,CUST00392,India,0,0,2043.99
502488,P10034,Sticky Notes Pack,Stationery & Office,2,2025-02-01,147.9,CUST00706,Singapore,0,0,295.8
500432,P10003,Phone Case,Electronics,5,2025-09-07,1049.71,CUST00139,India,0,0,5248.55
500420,P10010,Insulated Water Bottle,Home & Kitchen,2,2026-03-27,396.84,CUST00138,United States,0,0,793.68
503046,P10010,Insulated Water Bottle,Home & Kitchen,3,2025-03-25,396.84,CUST00842,United Kingdom,0,0,1190.52
500438,P10015,Running Shoes,Apparel,2,2026-01-29,980.3,CUST00141,Singapore,0,0,1960.6
501185,P10015,Running Shoes,Apparel,2,2025-10-15,980.3,CUST00324,India,0,0,1960.6
500410,P10014,Denim Jacket,Apparel,5,2025-07-09,1048.3,CUST00138,United States,0,0,5241.5
500353,P10014,Denim Jacket,Apparel,2,2025-07-17,1048.3,CUST00126,India,0,0,2096.6
502209,P10028,Camping Torch,Sports & Outdoors,2,2026-05-23,2043.99,CUST00614,India,0,0,4087.98
500118,P10003,Phone Case,Electronics,4,2025-06-25,1049.71,CUST00047,India,0,0,4198.84
501157,P10002,Bluetooth Speaker,Electronics,1,2025-06-29,2723.88,CUST00321,India,0,0,2723.88
500988,P10026,Resistance Bands Set,Sports & Outdoors,-2,2025-07-14,636.23,,India,1,1,-1272.46
500122,P10029,Badminton Racket,Sports & Outdoors,3,2026-01-15,274.87,CUST00047,India,0,0,824.61
501036,P10026,Resistance Bands Set,Sports & Outdoors,1,2026-03-18,636.23,CUST00290,United Kingdom,0,0,636.23
500966,P10026,Resistance Bands Set,Sports & Outdoors,5,2026-03-19,636.23,CUST00269,India,0,0,3181.15
501261,P10018,Yoga Pants,Apparel,2,2025-08-30,608.28,CUST00343,India,0,0,1216.56
502238,P10026,Resistance Bands Set,Sports & Outdoors,4,2025-10-08,636.23,CUST00627,India,0,0,2544.92
500463,P10020,Herbal Shampoo,Beauty & Personal Care,5,2026-04-07,1426.26,CUST00153,India,0,0,7131.3
502453,P10017,Formal Shirt,Apparel,5,2025-10-22,562.91,CUST00699,India,0,0,2814.55
500265,P10020,Herbal Shampoo,Beauty & Personal Care,3,2026-06-06,1426.26,CUST00105,Uae,0,0,4278.78
501522,P10032,Gel Pen Pack,Stationery & Office,5,2025-11-26,687.3,CUST00432,United States,0,0,3436.5
501639,P10025,Yoga Mat,Sports & Outdoors,3,2025-04-22,270.08,CUST00453,India,0,0,810.24
503021,P10003,Phone Case,Electronics,4,2025-01-19,1049.71,CUST00833,India,0,0,4198.84
500719,P10025,Yoga Mat,Sports & Outdoors,3,2025-01-10,270.08,CUST00203,India,0,0,810.24
502174,P10014,Denim Jacket,Apparel,3,2025-02-26,1048.3,CUST00592,United Kingdom,0,0,3144.9
501074,P10009,Cotton Bedsheet Set,Home & Kitchen,5,2025-01-11,1519.89,CUST00299,United Kingdom,0,0,7599.45
500512,P10001,Wireless Earbuds,Electronics,3,2025-07-11,606.94,CUST00168,India,0,0,1820.82
500730,P10018,Yoga Pants,Apparel,2,2026-03-19,608.28,CUST00205,United Kingdom,0,0,1216.56
501856,P10025,Yoga Mat,Sports & Outdoors,4,2025-11-04,270.08,CUST00519,Singapore,0,0,1080.32
501055,P10026,Resistance Bands Set,Sports & Outdoors,4,2026-01-17,636.23,CUST00295,India,0,0,2544.92
502327,P10002,Bluetooth Speaker,Electronics,5,2025-04-20,2723.88,CUST00659,United Kingdom,0,0,13619.4
501662,P10027,Water Bottle Sipper,Sports & Outdoors,1,2025-07-29,2203.72,CUST00463,United States,0,0,2203.72
501942,P10032,Gel Pen Pack,Stationery & Office,2,2025-12-06,687.3,CUST00540,India,0,0,1374.6
502186,P10019,Face Serum,Beauty & Personal Care,4,2026-05-26,1312.41,CUST00597,United Kingdom,0,0,5249.64
501152,P10032,Gel Pen Pack,Stationery & Office,4,2025-09-29,687.3,CUST00320,India,0,0,2749.2
500804,P10031,Notebook Set,Stationery & Office,1,2025-09-19,268.52,CUST00219,United Kingdom,0,0,268.52
502869,P10004,USB-C Cable,Electronics,5,2026-01-18,3182.97,CUST00796,Germany,0,0,15914.85
502097,P10028,Camping Torch,Sports & Outdoors,5,2025-04-25,2043.99,CUST00579,India,0,0,10219.95
502501,P10030,Cycling Gloves,Sports & Outdoors,4,2025-06-24,820.52,CUST00706,Singapore,0,0,3282.08
502760,P10033,Desk Organizer,Stationery & Office,3,2025-10-02,67.73,CUST00777,India,0,0,203.19
500855,P10028,Camping Torch,Sports & Outdoors,4,2025-02-13,2043.99,CUST00232,India,0,0,8175.96
501316,P10028,Camping Torch,Sports & Outdoors,4,2026-05-08,2043.99,CUST00355,India,0,0,8175.96
502350,P10029,Badminton Racket,Sports & Outdoors,2,2026-04-11,274.87,CUST00665,India,0,0,549.74
502029,P10025,Yoga Mat,Sports & Outdoors,4,2026-02-12,270.08,CUST00563,India,0,0,1080.32
500221,P10013,Cotton T-Shirt,Apparel,3,2026-02-25,1190.46,CUST00086,India,0,0,3571.38
502505,P10010,Insulated Water Bottle,Home & Kitchen,3,2026-04-30,396.84,CUST00706,Singapore,0,0,1190.52
500935,P10024,Beard Trimmer,Beauty & Personal Care,1,2025-02-19,700.79,CUST00261,United Kingdom,0,0,700.79
501175,P10021,Lip Balm Set,Beauty & Personal Care,5,2025-09-02,652.97,CUST00324,India,0,0,3264.85
501149,P10003,Phone Case,Electronics,3,2025-11-07,1049.71,CUST00318,India,0,0,3149.13
501448,P10021,Lip Balm Set,Beauty & Personal Care,2,2026-02-11,652.97,CUST00405,India,0,0,1305.94
501298,P10019,Face Serum,Beauty & Personal Care,1,2025-02-27,1312.41,,Germany,1,0,1312.41
500026,P10004,USB-C Cable,Electronics,1,2026-05-12,3182.97,CUST00012,Singapore,0,0,3182.97
501310,P10001,Wireless Earbuds,Electronics,4,2025-05-26,606.94,CUST00353,United Kingdom,0,0,2427.76
502862,P10016,Wool Sweater,Apparel,4,2025-04-01,1250.39,CUST00796,Germany,0,0,5001.56
500309,P10019,Face Serum,Beauty & Personal Care,4,2025-02-18,1312.41,CUST00119,Germany,0,0,5249.64
502315,P10025,Yoga Mat,Sports & Outdoors,2,2025-06-25,270.08,,India,1,0,540.16
502333,P10005,Power Bank 10000mAh,Electronics,2,2026-04-14,1034.93,CUST00661,India,0,0,2069.86
502039,P10011,Ceramic Mug Set,Home & Kitchen,2,2026-03-06,1993.94,CUST00565,India,0,0,3987.88
501432,P10035,Whiteboard Marker Set,Stationery & Office,4,2025-06-19,808.92,CUST00394,United States,0,0,3235.68
500912,P10006,Smartwatch Band,Electronics,5,2026-04-25,990.13,CUST00252,India,0,0,4950.65
502102,P10021,Lip Balm Set,Beauty & Personal Care,1,2025-03-06,652.97,CUST00579,India,0,0,652.97
502943,P10032,Gel Pen Pack,Stationery & Office,4,2026-02-13,687.3,CUST00820,India,0,0,2749.2
501703,P10027,Water Bottle Sipper,Sports & Outdoors,2,2026-03-27,2203.72,CUST00470,Singapore,0,0,4407.44
500033,P10028,Camping Torch,Sports & Outdoors,2,2025-10-19,2043.99,CUST00015,India,0,0,4087.98
502985,P10001,Wireless Earbuds,Electronics,1,2025-06-13,606.94,CUST00830,India,0,0,606.94
501898,P10003,Phone Case,Electronics,2,2025-05-02,1049.71,CUST00534,United Kingdom,0,0,2099.42
501240,P10012,Storage Organizer,Home & Kitchen,1,2025-11-28,1268.9,CUST00338,United States,0,0,1268.9
500415,P10023,Hair Dryer,Beauty & Personal Care,1,2025-02-22,1018.4,CUST00138,United States,0,0,1018.4
502072,P10013,Cotton T-Shirt,Apparel,3,2025-02-07,1190.46,CUST00576,Uae,0,0,3571.38
502091,P10009,Cotton Bedsheet Set,Home & Kitchen,2,2026-02-27,1519.89,CUST00579,India,0,0,3039.78
501945,P10030,Cycling Gloves,Sports & Outdoors,4,2025-10-02,820.52,CUST00540,India,0,0,3282.08
500172,P10035,Whiteboard Marker Set,Stationery & Office,4,2025-03-30,808.92,CUST00063,Germany,0,0,3235.68
502858,P10013,Cotton T-Shirt,Apparel,4,2026-05-20,1190.46,CUST00796,Germany,0,0,4761.84
501839,P10024,Beard Trimmer,Beauty & Personal Care,5,2025-03-10,700.79,CUST00510,United States,0,0,3503.95
500368,P10032,Gel Pen Pack,Stationery & Office,4,2025-08-16,687.3,CUST00129,India,0,0,2749.2
502830,P10020,Herbal Shampoo,Beauty & Personal Care,1,2025-07-29,1426.26,CUST00787,United Kingdom,0,0,1426.26
502809,P10007,Non-Stick Pan,Home & Kitchen,1,2025-08-25,331.24,CUST00782,India,0,0,331.24
502800,P10034,Sticky Notes Pack,Stationery & Office,3,2026-03-29,147.9,CUST00779,United States,0,0,443.7
501390,P10029,Badminton Racket,Sports & Outdoors,4,2025-04-26,274.87,CUST00386,United States,0,0,1099.48
501507,P10014,Denim Jacket,Apparel,2,2025-11-22,1048.3,CUST00426,India,0,0,2096.6
501292,P10001,Wireless Earbuds,Electronics,1,2025-09-21,606.94,CUST00350,United Kingdom,0,0,606.94
501247,P10025,Yoga Mat,Sports & Outdoors,3,2026-03-26,270.08,CUST00338,United States,0,0,810.24
501827,P10014,Denim Jacket,Apparel,4,2026-04-25,1048.3,CUST00503,India,0,0,4193.2
501290,P10029,Badminton Racket,Sports & Outdoors,4,2025-12-11,274.87,CUST00349,India,0,0,1099.48
500588,P10004,USB-C Cable,Electronics,2,2025-08-05,3182.97,CUST00176,India,0,0,6365.94
500742,P10003,Phone Case,Electronics,4,2025-06-11,1049.71,CUST00208,United Kingdom,0,0,4198.84
501364,P10022,Sunscreen SPF50,Beauty & Personal Care,3,2026-03-31,514.51,CUST00371,India,0,0,1543.53
500390,P10029,Badminton Racket,Sports & Outdoors,4,2025-02-22,274.87,CUST00133,India,0,0,1099.48
501440,P10023,Hair Dryer,Beauty & Personal Care,4,2025-05-04,1018.4,CUST00398,India,0,0,4073.6
500758,P10015,Running Shoes,Apparel,2,2025-06-11,980.3,CUST00216,India,0,0,1960.6
501256,P10024,Beard Trimmer,Beauty & Personal Care,1,2026-03-29,700.79,CUST00343,India,0,0,700.79
502862,P10028,Camping Torch,Sports & Outdoors,5,2025-04-01,2043.99,CUST00796,Germany,0,0,10219.95
500629,P10001,Wireless Earbuds,Electronics,3,2025-09-16,606.94,CUST00189,India,0,0,1820.82
501956,P10028,Camping Torch,Sports & Outdoors,5,2025-04-04,2043.99,CUST00542,United Kingdom,0,0,10219.95
501553,P10019,Face Serum,Beauty & Personal Care,3,2025-04-29,1312.41,CUST00439,United States,0,0,3937.23
501106,P10028,Camping Torch,Sports & Outdoors,1,2026-01-17,2043.99,CUST00311,India,0,0,2043.99
500757,P10033,Desk Organizer,Stationery & Office,5,2025-07-06,67.73,CUST00216,India,0,0,338.65
501894,P10008,LED Desk Lamp,Home & Kitchen,3,2025-04-02,1311.15,CUST00534,United Kingdom,0,0,3933.45
502778,P10001,Wireless Earbuds,Electronics,4,2026-02-09,606.94,,United States,1,0,2427.76
501390,P10007,Non-Stick Pan,Home & Kitchen,5,2025-04-26,331.24,CUST00386,United States,0,0,1656.2
501405,P10020,Herbal Shampoo,Beauty & Personal Care,3,2026-04-08,1426.26,CUST00392,India,0,0,4278.78
500813,P10031,Notebook Set,Stationery & Office,4,2026-06-02,268.52,CUST00219,United Kingdom,0,0,1074.08
501767,P10012,Storage Organizer,Home & Kitchen,1,2026-05-16,1268.9,CUST00487,India,0,0,1268.9
500056,P10001,Wireless Earbuds,Electronics,2,2026-06-07,606.94,CUST00027,India,0,0,1213.88
502485,P10006,Smartwatch Band,Electronics,5,2025-03-16,990.13,CUST00706,Singapore,0,0,4950.65
502870,P10023,Hair Dryer,Beauty & Personal Care,5,2025-01-17,1018.4,CUST00796,Germany,0,0,5092.0
503029,P10013,Cotton T-Shirt,Apparel,5,2025-11-13,1190.46,CUST00833,India,0,0,5952.3
501635,P10017,Formal Shirt,Apparel,3,2026-01-03,562.91,CUST00451,United States,0,0,1688.73
500444,P10027,Water Bottle Sipper,Sports & Outdoors,3,2025-03-15,2203.72,CUST00143,India,0,0,6611.16
501913,P10008,LED Desk Lamp,Home & Kitchen,2,2025-09-07,1311.15,CUST00539,India,0,0,2622.3
500971,P10033,Desk Organizer,Stationery & Office,1,2025-07-24,67.73,CUST00272,United States,0,0,67.73
502989,P10002,Bluetooth Speaker,Electronics,2,2025-01-21,2723.88,CUST00830,India,0,0,5447.76
500388,P10026,Resistance Bands Set,Sports & Outdoors,4,2025-09-29,636.23,CUST00133,India,0,0,2544.92
500572,P10001,Wireless Earbuds,Electronics,3,2025-03-13,606.94,CUST00175,United Kingdom,0,0,1820.82
500834,P10029,Badminton Racket,Sports & Outdoors,5,2025-06-03,274.87,CUST00223,India,0,0,1374.35
500694,P10022,Sunscreen SPF50,Beauty & Personal Care,2,2025-02-07,514.51,CUST00203,India,0,0,1029.02
502316,P10034,Sticky Notes Pack,Stationery & Office,1,2025-09-07,147.9,CUST00658,India,0,0,147.9
501368,P10024,Beard Trimmer,Beauty & Personal Care,4,2025-07-09,700.79,CUST00374,United Kingdom,0,0,2803.16
502887,P10003,Phone Case,Electronics,2,2025-01-25,1049.71,CUST00801,United States,0,0,2099.42
500251,P10036,Backpack,Stationery & Office,3,2026-06-18,218.62,CUST00100,India,0,0,655.86
502839,P10008,LED Desk Lamp,Home & Kitchen,1,2025-07-07,1311.15,CUST00788,India,0,0,1311.15
502574,P10033,Desk Organizer,Stationery & Office,2,2026-06-20,67.73,CUST00731,India,0,0,135.46
500475,P10027,Water Bottle Sipper,Sports & Outdoors,5,2025-05-06,2203.72,CUST00159,India,0,0,11018.6
502750,P10031,Notebook Set,Stationery & Office,1,2025-12-27,268.52,CUST00775,United States,0,0,268.52
500928,P10033,Desk Organizer,Stationery & Office,3,2025-12-21,67.73,CUST00260,India,0,0,203.19
501263,P10026,Resistance Bands Set,Sports & Outdoors,2,2025-05-14,636.23,,India,1,0,1272.46
501084,P10023,Hair Dryer,Beauty & Personal Care,4,2026-06-12,1018.4,CUST00300,India,0,0,4073.6
502057,P10022,Sunscreen SPF50,Beauty & Personal Care,1,2026-01-14,514.51,CUST00570,India,0,0,514.51
502761,P10021,Lip Balm Set,Beauty & Personal Care,4,2025-09-25,652.97,CUST00778,United States,0,0,2611.88
500513,P10035,Whiteboard Marker Set,Stationery & Office,5,2025-08-29,808.92,,India,1,0,4044.6
502059,P10007,Non-Stick Pan,Home & Kitchen,2,2026-05-23,331.24,CUST00570,India,0,0,662.48
501420,P10008,LED Desk Lamp,Home & Kitchen,3,2025-06-01,1311.15,,India,1,0,3933.45
500726,P10010,Insulated Water Bottle,Home & Kitchen,1,2025-12-15,396.84,CUST00204,Germany,0,0,396.84
501764,P10035,Whiteboard Marker Set,Stationery & Office,2,2025-02-21,808.92,CUST00485,United Kingdom,0,0,1617.84
502946,P10003,Phone Case,Electronics,5,2025-06-16,1049.71,CUST00822,India,0,0,5248.55
502771,P10032,Gel Pen Pack,Stationery & Office,1,2026-02-24,687.3,CUST00779,United States,0,0,687.3
502791,P10008,LED Desk Lamp,Home & Kitchen,3,2026-01-30,1311.15,CUST00779,United States,0,0,3933.45
501156,P10013,Cotton T-Shirt,Apparel,2,2026-04-27,1190.46,CUST00321,India,0,0,2380.92
502546,P10009,Cotton Bedsheet Set,Home & Kitchen,3,2026-01-14,1519.89,CUST00727,India,0,0,4559.67
500059,P10033,Desk Organizer,Stationery & Office,3,2025-11-29,67.73,CUST00029,United Kingdom,0,0,203.19
501385,P10026,Resistance Bands Set,Sports & Outdoors,2,2025-02-12,636.23,CUST00385,United States,0,0,1272.46
503083,P10006,Smartwatch Band,Electronics,1,2026-05-26,990.13,CUST00842,United Kingdom,0,0,990.13
501336,P10013,Cotton T-Shirt,Apparel,5,2025-07-26,1190.46,CUST00359,Uae,0,0,5952.3
500330,P10028,Camping Torch,Sports & Outdoors,3,2025-03-13,2043.99,CUST00126,India,0,0,6131.97
501392,P10011,Ceramic Mug Set,Home & Kitchen,4,2025-08-20,1993.94,CUST00386,United States,0,0,7975.76
500315,P10016,Wool Sweater,Apparel,4,2026-03-31,1250.39,,United States,1,0,5001.56
501445,P10027,Water Bottle Sipper,Sports & Outdoors,1,2025-12-24,2203.72,CUST00402,Uae,0,0,2203.72
501106,P10017,Formal Shirt,Apparel,3,2026-01-17,562.91,CUST00311,India,0,0,1688.73
500175,P10033,Desk Organizer,Stationery & Office,2,2025-02-18,67.73,CUST00063,Germany,0,0,135.46
501039,P10009,Cotton Bedsheet Set,Home & Kitchen,3,2026-04-05,1519.89,CUST00291,India,0,0,4559.67
502738,P10034,Sticky Notes Pack,Stationery & Office,3,2026-01-14,147.9,CUST00770,Germany,0,0,443.7
501780,P10031,Notebook Set,Stationery & Office,5,2026-05-10,268.52,CUST00490,Germany,0,0,1342.6
501022,P10023,Hair Dryer,Beauty & Personal Care,1,2026-02-12,1018.4,CUST00286,India,0,0,1018.4
501527,P10020,Herbal Shampoo,Beauty & Personal Care,-2,2025-09-04,1426.26,CUST00436,United States,0,1,-2852.52
500193,P10030,Cycling Gloves,Sports & Outdoors,4,2025-09-30,820.52,CUST00069,India,0,0,3282.08
503100,P10030,Cycling Gloves,Sports & Outdoors,5,2025-11-21,820.52,CUST00848,Singapore,0,0,4102.6
502856,P10007,Non-Stick Pan,Home & Kitchen,5,2025-04-01,331.24,CUST00796,Germany,0,0,1656.2
502817,P10035,Whiteboard Marker Set,Stationery & Office,3,2025-03-10,808.92,CUST00782,India,0,0,2426.76
501855,P10015,Running Shoes,Apparel,1,2025-05-19,980.3,CUST00519,Singapore,0,0,980.3
500963,P10006,Smartwatch Band,Electronics,2,2025-09-02,990.13,CUST00268,United States,0,0,1980.26
502714,P10032,Gel Pen Pack,Stationery & Office,4,2026-01-20,687.3,CUST00760,United States,0,0,2749.2
500005,P10005,Power Bank 10000mAh,Electronics,4,2026-03-11,1034.93,CUST00004,United Kingdom,0,0,4139.72
501276,P10012,Storage Organizer,Home & Kitchen,2,2025-02-28,1268.9,CUST00343,India,0,0,2537.8
501516,P10009,Cotton Bedsheet Set,Home & Kitchen,2,2025-09-22,1519.89,CUST00429,India,0,0,3039.78
502598,P10029,Badminton Racket,Sports & Outdoors,5,2025-04-22,274.87,CUST00732,United States,0,0,1374.35
503099,P10025,Yoga Mat,Sports & Outdoors,4,2026-06-13,270.08,CUST00847,India,0,0,1080.32
501946,P10036,Backpack,Stationery & Office,4,2025-02-02,218.62,CUST00540,India,0,0,874.48
500722,P10002,Bluetooth Speaker,Electronics,5,2025-10-28,2723.88,CUST00203,India,0,0,13619.4
502722,P10018,Yoga Pants,Apparel,-3,2025-09-29,608.28,CUST00763,India,0,1,-1824.84
500736,P10013,Cotton T-Shirt,Apparel,2,2025-07-23,1190.46,CUST00205,United Kingdom,0,0,2380.92
501341,P10021,Lip Balm Set,Beauty & Personal Care,4,2025-11-05,652.97,CUST00362,United Kingdom,0,0,2611.88
502831,P10023,Hair Dryer,Beauty & Personal Care,4,2025-09-23,1018.4,CUST00787,United Kingdom,0,0,4073.6
501642,P10019,Face Serum,Beauty & Personal Care,3,2025-06-05,1312.41,CUST00456,India,0,0,3937.23
501951,P10008,LED Desk Lamp,Home & Kitchen,1,2025-11-08,1311.15,CUST00541,Uae,0,0,1311.15
502000,P10020,Herbal Shampoo,Beauty & Personal Care,4,2025-09-06,1426.26,CUST00555,Germany,0,0,5705.04
502811,P10007,Non-Stick Pan,Home & Kitchen,2,2025-01-18,331.24,CUST00782,India,0,0,662.48
500966,P10003,Phone Case,Electronics,2,2026-03-19,1049.71,CUST00269,India,0,0,2099.42
502429,P10012,Storage Organizer,Home & Kitchen,1,2025-02-13,1268.9,,India,1,0,1268.9
501288,P10021,Lip Balm Set,Beauty & Personal Care,1,2026-01-29,652.97,CUST00347,United Kingdom,0,0,652.97
501040,P10032,Gel Pen Pack,Stationery & Office,2,2025-09-20,687.3,CUST00291,India,0,0,1374.6
501907,P10006,Smartwatch Band,Electronics,5,2025-04-09,990.13,CUST00538,India,0,0,4950.65
501023,P10013,Cotton T-Shirt,Apparel,2,2025-09-11,1190.46,CUST00286,India,0,0,2380.92
500371,P10005,Power Bank 10000mAh,Electronics,1,2026-02-02,1034.93,CUST00130,India,0,0,1034.93
502349,P10005,Power Bank 10000mAh,Electronics,2,2025-02-07,1034.93,CUST00665,India,0,0,2069.86
500938,P10015,Running Shoes,Apparel,4,2025-04-23,980.3,CUST00262,Singapore,0,0,3921.2
500352,P10024,Beard Trimmer,Beauty & Personal Care,5,2026-06-25,700.79,CUST00126,India,0,0,3503.95
502631,P10004,USB-C Cable,Electronics,2,2026-05-09,3182.97,CUST00745,India,0,0,6365.94
502895,P10027,Water Bottle Sipper,Sports & Outdoors,4,2025-01-23,2203.72,CUST00804,United Kingdom,0,0,8814.88
502673,P10029,Badminton Racket,Sports & Outdoors,5,2026-04-03,274.87,CUST00753,United Kingdom,0,0,1374.35
501906,P10021,Lip Balm Set,Beauty & Personal Care,1,2025-07-08,652.97,,Germany,1,0,652.97
500001,P10036,Backpack,Stationery & Office,5,2026-04-28,218.62,CUST00001,India,0,0,1093.1
502964,P10035,Whiteboard Marker Set,Stationery & Office,3,2025-06-30,808.92,CUST00830,India,0,0,2426.76
501873,P10003,Phone Case,Electronics,2,2025-12-19,1049.71,CUST00524,Germany,0,0,2099.42
501575,P10032,Gel Pen Pack,Stationery & Office,1,2025-04-29,687.3,CUST00448,United States,0,0,687.3
502592,P10005,Power Bank 10000mAh,Electronics,3,2026-02-16,1034.93,,India,1,0,3104.79
500243,P10020,Herbal Shampoo,Beauty & Personal Care,3,2025-08-12,1426.26,CUST00096,India,0,0,4278.78
500324,P10027,Water Bottle Sipper,Sports & Outdoors,5,2026-05-06,2203.72,CUST00124,India,0,0,11018.6
500937,P10021,Lip Balm Set,Beauty & Personal Care,2,2026-02-28,652.97,CUST00261,United Kingdom,0,0,1305.94
502359,P10007,Non-Stick Pan,Home & Kitchen,4,2025-10-04,331.24,CUST00667,India,0,0,1324.96
502493,P10030,Cycling Gloves,Sports & Outdoors,2,2025-11-14,820.52,CUST00706,Singapore,0,0,1641.04
500820,P10034,Sticky Notes Pack,Stationery & Office,1,2025-10-20,147.9,CUST00219,United Kingdom,0,0,147.9
500488,P10010,Insulated Water Bottle,Home & Kitchen,5,2026-03-31,396.84,CUST00163,United Kingdom,0,0,1984.2
501328,P10004,USB-C Cable,Electronics,2,2025-09-30,3182.97,CUST00357,India,0,0,6365.94
502846,P10010,Insulated Water Bottle,Home & Kitchen,1,2025-01-30,396.84,CUST00792,United Kingdom,0,0,396.84
500223,P10008,LED Desk Lamp,Home & Kitchen,1,2025-03-04,1311.15,CUST00086,India,0,0,1311.15
500069,P10022,Sunscreen SPF50,Beauty & Personal Care,4,2025-07-22,514.51,CUST00032,India,0,0,2058.04
502647,P10006,Smartwatch Band,Electronics,5,2025-05-16,990.13,CUST00749,Uae,0,0,4950.65
502770,P10031,Notebook Set,Stationery & Office,2,2025-08-23,268.52,CUST00779,United States,0,0,537.04
502692,P10033,Desk Organizer,Stationery & Office,3,2025-08-29,67.73,CUST00753,United Kingdom,0,0,203.19
500726,P10019,Face Serum,Beauty & Personal Care,4,2025-12-15,1312.41,CUST00204,Germany,0,0,5249.64
502371,P10023,Hair Dryer,Beauty & Personal Care,3,2026-06-24,1018.4,CUST00673,India,0,0,3055.2
502076,P10032,Gel Pen Pack,Stationery & Office,3,2026-02-28,687.3,CUST00579,India,0,0,2061.9
500388,P10028,Camping Torch,Sports & Outdoors,3,2025-09-29,2043.99,,India,1,0,6131.97
501559,P10011,Ceramic Mug Set,Home & Kitchen,1,2026-03-22,1993.94,CUST00442,Singapore,0,0,1993.94
502597,P10020,Herbal Shampoo,Beauty & Personal Care,2,2026-05-10,1426.26,CUST00732,United States,0,0,2852.52
502686,P10031,Notebook Set,Stationery & Office,3,2025-11-22,268.52,CUST00753,United Kingdom,0,0,805.56
502338,P10036,Backpack,Stationery & Office,2,2025-01-14,218.62,CUST00662,Singapore,0,0,437.24
500589,P10018,Yoga Pants,Apparel,2,2025-01-07,608.28,CUST00176,India,0,0,1216.56
501483,P10033,Desk Organizer,Stationery & Office,2,2025-02-11,67.73,CUST00419,United Kingdom,0,0,135.46
503068,P10036,Backpack,Stationery & Office,5,2026-05-21,218.62,CUST00842,United Kingdom,0,0,1093.1
500406,P10033,Desk Organizer,Stationery & Office,5,2025-08-27,67.73,CUST00138,United States,0,0,338.65
500714,P10010,Insulated Water Bottle,Home & Kitchen,5,2026-01-25,396.84,,India,1,0,1984.2
501486,P10025,Yoga Mat,Sports & Outdoors,5,2025-04-08,270.08,CUST00420,United States,0,0,1350.4
501106,P10028,Camping Torch,Sports & Outdoors,1,2026-01-17,2043.99,CUST00311,India,0,0,2043.99
500817,P10019,Face Serum,Beauty & Personal Care,5,2025-11-26,1312.41,CUST00219,United Kingdom,0,0,6562.05
501145,P10011,Ceramic Mug Set,Home & Kitchen,1,2026-01-20,1993.94,CUST00315,Germany,0,0,1993.94
501806,P10004,USB-C Cable,Electronics,3,2025-12-03,3182.97,CUST00499,Singapore,0,0,9548.91
502198,P10004,USB-C Cable,Electronics,3,2025-01-24,3182.97,CUST00607,India,0,0,9548.91
502314,P10027,Water Bottle Sipper,Sports & Outdoors,4,2026-04-02,2203.72,CUST00657,India,0,0,8814.88
500684,P10017,Formal Shirt,Apparel,4,2025-03-31,562.91,CUST00199,Germany,0,0,2251.64
500271,P10013,Cotton T-Shirt,Apparel,4,2025-11-08,1190.46,CUST00108,United States,0,0,4761.84
500622,P10014,Denim Jacket,Apparel,4,2026-03-20,1048.3,CUST00189,India,0,0,4193.2
500542,P10029,Badminton Racket,Sports & Outdoors,4,2025-04-04,274.87,CUST00169,India,0,0,1099.48
502276,P10024,Beard Trimmer,Beauty & Personal Care,-1,2025-09-14,700.79,CUST00636,India,0,1,-700.79
502181,P10036,Backpack,Stationery & Office,3,2025-08-10,218.62,CUST00595,Germany,0,0,655.86
500912,P10034,Sticky Notes Pack,Stationery & Office,1,2026-04-25,147.9,CUST00252,India,0,0,147.9
500612,P10013,Cotton T-Shirt,Apparel,5,2026-01-06,1190.46,CUST00187,United States,0,0,5952.3
501697,P10033,Desk Organizer,Stationery & Office,3,2026-02-22,67.73,CUST00467,India,0,0,203.19
501890,P10025,Yoga Mat,Sports & Outdoors,5,2026-03-22,270.08,CUST00530,Germany,0,0,1350.4
501739,P10013,Cotton T-Shirt,Apparel,3,2026-02-26,1190.46,CUST00481,United Kingdom,0,0,3571.38
500700,P10013,Cotton T-Shirt,Apparel,5,2025-04-19,1190.46,CUST00203,India,0,0,5952.3
502793,P10035,Whiteboard Marker Set,Stationery & Office,4,2026-03-06,808.92,CUST00779,United States,0,0,3235.68
501864,P10027,Water Bottle Sipper,Sports & Outdoors,2,2026-02-26,2203.72,CUST00522,India,0,0,4407.44
501922,P10002,Bluetooth Speaker,Electronics,5,2025-08-24,2723.88,CUST00539,India,0,0,13619.4
500749,P10024,Beard Trimmer,Beauty & Personal Care,5,2025-10-04,700.79,CUST00213,United Kingdom,0,0,3503.95
501171,P10032,Gel Pen Pack,Stationery & Office,3,2025-08-06,687.3,CUST00324,India,0,0,2061.9
501436,P10016,Wool Sweater,Apparel,4,2025-12-26,1250.39,CUST00396,Uae,0,0,5001.56
501546,P10004,USB-C Cable,Electronics,4,2025-11-17,3182.97,CUST00439,United States,0,0,12731.88
500216,P10028,Camping Torch,Sports & Outdoors,4,2026-01-22,2043.99,CUST00085,India,0,0,8175.96
500614,P10028,Camping Torch,Sports & Outdoors,2,2025-01-14,2043.99,CUST00189,India,0,0,4087.98
502610,P10031,Notebook Set,Stationery & Office,4,2025-11-25,268.52,CUST00738,United States,0,0,1074.08
500098,P10020,Herbal Shampoo,Beauty & Personal Care,2,2025-09-29,1426.26,CUST00040,India,0,0,2852.52
502410,P10005,Power Bank 10000mAh,Electronics,4,2025-05-01,1034.93,CUST00688,India,0,0,4139.72
501204,P10029,Badminton Racket,Sports & Outdoors,4,2025-07-03,274.87,CUST00324,India,0,0,1099.48
501697,P10015,Running Shoes,Apparel,2,2026-02-22,980.3,CUST00467,India,0,0,1960.6
500880,P10029,Badminton Racket,Sports & Outdoors,4,2026-04-14,274.87,CUST00237,India,0,0,1099.48
500381,P10025,Yoga Mat,Sports & Outdoors,2,2025-12-12,270.08,CUST00132,India,0,0,540.16
501041,P10028,Camping Torch,Sports & Outdoors,3,2025-10-13,2043.99,CUST00291,India,0,0,6131.97
500739,P10011,Ceramic Mug Set,Home & Kitchen,4,2026-05-06,1993.94,CUST00207,India,0,0,7975.76
502527,P10032,Gel Pen Pack,Stationery & Office,5,2025-01-11,687.3,CUST00719,India,0,0,3436.5
500429,P10011,Ceramic Mug Set,Home & Kitchen,4,2025-10-05,1993.94,CUST00139,India,0,0,7975.76
500537,P10021,Lip Balm Set,Beauty & Personal Care,2,2026-01-31,652.97,CUST00169,India,0,0,1305.94
501428,P10018,Yoga Pants,Apparel,2,2025-04-02,608.28,CUST00392,India,0,0,1216.56
501920,P10014,Denim Jacket,Apparel,1,2025-02-03,1048.3,CUST00539,India,0,0,1048.3
500949,P10025,Yoga Mat,Sports & Outdoors,4,2025-12-10,270.08,CUST00264,India,0,0,1080.32
502882,P10034,Sticky Notes Pack,Stationery & Office,5,2026-06-04,147.9,CUST00800,Uae,0,0,739.5
501696,P10029,Badminton Racket,Sports & Outdoors,3,2025-12-21,274.87,CUST00466,India,0,0,824.61
502508,P10001,Wireless Earbuds,Electronics,5,2026-04-10,606.94,CUST00709,India,0,0,3034.7
501414,P10026,Resistance Bands Set,Sports & Outdoors,5,2026-03-07,636.23,CUST00392,India,0,0,3181.15
502025,P10018,Yoga Pants,Apparel,1,2026-03-01,608.28,CUST00563,India,0,0,608.28
502743,P10027,Water Bottle Sipper,Sports & Outdoors,4,2025-07-29,2203.72,CUST00770,Germany,0,0,8814.88
500942,P10007,Non-Stick Pan,Home & Kitchen,3,2026-03-04,331.24,CUST00263,India,0,0,993.72
501695,P10007,Non-Stick Pan,Home & Kitchen,2,2026-01-20,331.24,CUST00466,India,0,0,662.48
500149,P10034,Sticky Notes Pack,Stationery & Office,1,2025-01-28,147.9,CUST00053,Uae,0,0,147.9
501454,P10022,Sunscreen SPF50,Beauty & Personal Care,3,2026-04-20,514.51,CUST00408,India,0,0,1543.53
502844,P10005,Power Bank 10000mAh,Electronics,1,2025-08-10,1034.93,CUST00790,Uae,0,0,1034.93
500416,P10028,Camping Torch,Sports & Outdoors,3,2025-09-15,2043.99,CUST00138,United States,0,0,6131.97
502848,P10011,Ceramic Mug Set,Home & Kitchen,1,2025-12-18,1993.94,CUST00794,United Kingdom,0,0,1993.94
501972,P10021,Lip Balm Set,Beauty & Personal Care,4,2025-06-09,652.97,CUST00545,United Kingdom,0,0,2611.88
501788,P10012,Storage Organizer,Home & Kitchen,2,2026-04-29,1268.9,CUST00496,India,0,0,2537.8
500497,P10010,Insulated Water Bottle,Home & Kitchen,2,2025-04-06,396.84,CUST00166,Germany,0,0,793.68
500383,P10018,Yoga Pants,Apparel,2,2026-06-26,608.28,CUST00133,India,0,0,1216.56
500911,P10031,Notebook Set,Stationery & Office,2,2025-10-17,268.52,CUST00252,India,0,0,537.04
500130,P10019,Face Serum,Beauty & Personal Care,1,2025-03-22,1312.41,CUST00047,India,0,0,1312.41
502886,P10008,LED Desk Lamp,Home & Kitchen,1,2025-08-21,1311.15,CUST00801,United States,0,0,1311.15
500714,P10003,Phone Case,Electronics,2,2026-01-25,1049.71,CUST00203,India,0,0,2099.42
502238,P10002,Bluetooth Speaker,Electronics,1,2025-10-08,2723.88,CUST00627,India,0,0,2723.88
500862,P10006,Smartwatch Band,Electronics,4,2025-12-16,990.13,CUST00235,India,0,0,3960.52
501510,P10021,Lip Balm Set,Beauty & Personal Care,-4,2026-02-05,652.97,CUST00427,India,0,1,-2611.88
501323,P10018,Yoga Pants,Apparel,3,2026-03-28,608.28,CUST00356,United Kingdom,0,0,1824.84
500553,P10012,Storage Organizer,Home & Kitchen,4,2025-12-06,1268.9,CUST00169,India,0,0,5075.6
502859,P10020,Herbal Shampoo,Beauty & Personal Care,4,2025-10-28,1426.26,CUST00796,Germany,0,0,5705.04
502599,P10023,Hair Dryer,Beauty & Personal Care,1,2026-06-09,1018.4,CUST00733,United Kingdom,0,0,1018.4
500037,P10026,Resistance Bands Set,Sports & Outdoors,5,2025-04-11,636.23,CUST00018,India,0,0,3181.15
500212,P10009,Cotton Bedsheet Set,Home & Kitchen,1,2025-10-21,1519.89,CUST00082,United Kingdom,0,0,1519.89
502637,P10015,Running Shoes,Apparel,2,2026-05-24,980.3,CUST00748,India,0,0,1960.6
501489,P10034,Sticky Notes Pack,Stationery & Office,4,2026-02-07,147.9,CUST00420,United States,0,0,591.6
502862,P10033,Desk Organizer,Stationery & Office,5,2025-04-01,67.73,CUST00796,Germany,0,0,338.65
502299,P10028,Camping Torch,Sports & Outdoors,2,2025-02-22,2043.99,CUST00647,United Kingdom,0,0,4087.98
500517,P10018,Yoga Pants,Apparel,4,2026-01-24,608.28,CUST00169,India,0,0,2433.12
502365,P10031,Notebook Set,Stationery & Office,2,2025-12-19,268.52,CUST00668,India,0,0,537.04
501878,P10014,Denim Jacket,Apparel,4,2026-06-08,1048.3,CUST00528,India,0,0,4193.2
502732,P10020,Herbal Shampoo,Beauty & Personal Care,1,2025-09-26,1426.26,,Germany,1,0,1426.26
500515,P10014,Denim Jacket,Apparel,-1,2025-07-10,1048.3,CUST00169,India,0,1,-1048.3
501264,P10013,Cotton T-Shirt,Apparel,4,2026-01-30,1190.46,CUST00343,India,0,0,4761.84
501172,P10013,Cotton T-Shirt,Apparel,1,2026-06-22,1190.46,CUST00324,India,0,0,1190.46
500643,P10024,Beard Trimmer,Beauty & Personal Care,4,2026-05-10,700.79,CUST00189,India,0,0,2803.16
502889,P10007,Non-Stick Pan,Home & Kitchen,5,2025-02-04,331.24,CUST00801,United States,0,0,1656.2
502943,P10009,Cotton Bedsheet Set,Home & Kitchen,3,2026-02-13,1519.89,CUST00820,India,0,0,4559.67
502313,P10036,Backpack,Stationery & Office,1,2025-05-31,218.62,CUST00656,India,0,0,218.62
502371,P10008,LED Desk Lamp,Home & Kitchen,3,2026-06-24,1311.15,CUST00673,India,0,0,3933.45
501495,P10016,Wool Sweater,Apparel,5,2026-04-30,1250.39,CUST00422,United States,0,0,6251.95
502269,P10025,Yoga Mat,Sports & Outdoors,4,2025-12-03,270.08,CUST00634,India,0,0,1080.32
500843,P10023,Hair Dryer,Beauty & Personal Care,3,2026-01-21,1018.4,CUST00227,Singapore,0,0,3055.2
500611,P10009,Cotton Bedsheet Set,Home & Kitchen,4,2026-05-18,1519.89,CUST00186,United Kingdom,0,0,6079.56
500521,P10034,Sticky Notes Pack,Stationery & Office,5,2025-01-07,147.9,,India,1,0,739.5
501420,P10008,LED Desk Lamp,Home & Kitchen,3,2025-06-01,1311.15,CUST00392,India,0,0,3933.45
501671,P10028,Camping Torch,Sports & Outdoors,2,2025-03-22,2043.99,CUST00463,United States,0,0,4087.98
502741,P10003,Phone Case,Electronics,5,2025-02-13,1049.71,CUST00770,Germany,0,0,5248.55
501077,P10008,LED Desk Lamp,Home & Kitchen,3,2025-08-27,1311.15,CUST00300,India,0,0,3933.45
500334,P10006,Smartwatch Band,Electronics,4,2026-05-03,990.13,CUST00126,India,0,0,3960.52
502765,P10005,Power Bank 10000mAh,Electronics,2,2025-05-13,1034.93,CUST00779,United States,0,0,2069.86
500890,P10012,Storage Organizer,Home & Kitchen,5,2026-06-29,1268.9,CUST00240,India,0,0,6344.5
502142,P10002,Bluetooth Speaker,Electronics,5,2025-05-03,2723.88,CUST00582,Singapore,0,0,13619.4
500276,P10033,Desk Organizer,Stationery & Office,3,2025-04-18,67.73,CUST00111,India,0,0,203.19
500607,P10020,Herbal Shampoo,Beauty & Personal Care,5,2025-10-21,1426.26,CUST00182,India,0,0,7131.3
502210,P10010,Insulated Water Bottle,Home & Kitchen,1,2025-05-22,396.84,CUST00614,India,0,0,396.84
500252,P10019,Face Serum,Beauty & Personal Care,2,2026-06-20,1312.41,CUST00100,India,0,0,2624.82
502268,P10008,LED Desk Lamp,Home & Kitchen,3,2026-01-15,1311.15,CUST00634,India,0,0,3933.45
502266,P10001,Wireless Earbuds,Electronics,4,2025-03-19,606.94,CUST00634,India,0,0,2427.76
500471,P10013,Cotton T-Shirt,Apparel,5,2025-05-25,1190.46,CUST00157,United Kingdom,0,0,5952.3
500958,P10024,Beard Trimmer,Beauty & Personal Care,3,2026-01-02,700.79,CUST00266,United States,0,0,2102.37
501777,P10005,Power Bank 10000mAh,Electronics,1,2025-07-19,1034.93,CUST00490,Germany,0,0,1034.93
500954,P10003,Phone Case,Electronics,1,2025-04-29,1049.71,CUST00266,United States,0,0,1049.71
501814,P10012,Storage Organizer,Home & Kitchen,3,2025-11-15,1268.9,CUST00503,India,0,0,3806.7
500421,P10028,Camping Torch,Sports & Outdoors,5,2025-11-02,2043.99,CUST00138,United States,0,0,10219.95
500693,P10012,Storage Organizer,Home & Kitchen,4,2026-06-19,1268.9,CUST00203,India,0,0,5075.6
502415,P10020,Herbal Shampoo,Beauty & Personal Care,5,2025-02-13,1426.26,CUST00692,India,0,0,7131.3
500612,P10012,Storage Organizer,Home & Kitchen,2,2026-01-06,1268.9,CUST00187,United States,0,0,2537.8
502904,P10002,Bluetooth Speaker,Electronics,4,2025-10-06,2723.88,CUST00810,India,0,0,10895.52
500202,P10025,Yoga Mat,Sports & Outdoors,3,2025-09-26,270.08,CUST00075,United States,0,0,810.24
500210,P10020,Herbal Shampoo,Beauty & Personal Care,5,2025-05-24,1426.26,CUST00081,Germany,0,0,7131.3
502265,P10026,Resistance Bands Set,Sports & Outdoors,4,2026-04-10,636.23,CUST00634,India,0,0,2544.92
500823,P10017,Formal Shirt,Apparel,5,2025-07-03,562.91,CUST00219,United Kingdom,0,0,2814.55
501358,P10024,Beard Trimmer,Beauty & Personal Care,1,2026-05-12,700.79,CUST00367,Singapore,0,0,700.79
500133,P10022,Sunscreen SPF50,Beauty & Personal Care,2,2025-05-27,514.51,CUST00047,India,0,0,1029.02
500301,P10029,Badminton Racket,Sports & Outdoors,2,2025-08-28,274.87,CUST00117,United States,0,0,549.74
502795,P10034,Sticky Notes Pack,Stationery & Office,4,2025-09-01,147.9,CUST00779,United States,0,0,591.6
500075,P10032,Gel Pen Pack,Stationery & Office,3,2026-06-01,687.3,CUST00033,India,0,0,2061.9
501490,P10005,Power Bank 10000mAh,Electronics,2,2025-10-19,1034.93,CUST00421,United States,0,0,2069.86
500271,P10017,Formal Shirt,Apparel,5,2025-11-08,562.91,CUST00108,United States,0,0,2814.55
502469,P10026,Resistance Bands Set,Sports & Outdoors,4,2025-10-17,636.23,CUST00706,Singapore,0,0,2544.92
502646,P10029,Badminton Racket,Sports & Outdoors,2,2025-03-17,274.87,CUST00749,Uae,0,0,549.74
501137,P10014,Denim Jacket,Apparel,5,2025-10-20,1048.3,CUST00312,India,0,0,5241.5
501511,P10025,Yoga Mat,Sports & Outdoors,3,2025-03-21,270.08,CUST00427,India,0,0,810.24
503018,P10008,LED Desk Lamp,Home & Kitchen,1,2026-01-26,1311.15,CUST00833,India,0,0,1311.15
501656,P10004,USB-C Cable,Electronics,4,2025-01-30,3182.97,CUST00461,India,0,0,12731.88
502074,P10010,Insulated Water Bottle,Home & Kitchen,2,2025-01-05,396.84,CUST00578,Uae,0,0,793.68
500635,P10018,Yoga Pants,Apparel,1,2025-07-09,608.28,CUST00189,India,0,0,608.28
501093,P10020,Herbal Shampoo,Beauty & Personal Care,3,2025-02-04,1426.26,CUST00305,United States,0,0,4278.78
500247,P10027,Water Bottle Sipper,Sports & Outdoors,1,2025-10-08,2203.72,CUST00098,India,0,0,2203.72
502243,P10017,Formal Shirt,Apparel,3,2025-06-26,562.91,CUST00627,India,0,0,1688.73
502126,P10014,Denim Jacket,Apparel,3,2025-05-17,1048.3,CUST00581,India,0,0,3144.9
500784,P10007,Non-Stick Pan,Home & Kitchen,1,2025-07-03,331.24,CUST00219,United Kingdom,0,0,331.24
500172,P10001,Wireless Earbuds,Electronics,5,2025-03-30,606.94,CUST00063,Germany,0,0,3034.7
502235,P10016,Wool Sweater,Apparel,2,2025-11-10,1250.39,CUST00626,India,0,0,2500.78
502871,P10015,Running Shoes,Apparel,2,2025-11-28,980.3,CUST00797,Uae,0,0,1960.6
501592,P10033,Desk Organizer,Stationery & Office,5,2025-06-07,67.73,CUST00448,United States,0,0,338.65
501683,P10029,Badminton Racket,Sports & Outdoors,2,2025-05-25,274.87,CUST00463,United States,0,0,549.74
501331,P10015,Running Shoes,Apparel,1,2026-06-22,980.3,CUST00358,United Kingdom,0,0,980.3
501791,P10009,Cotton Bedsheet Set,Home & Kitchen,4,2025-01-18,1519.89,CUST00497,United Kingdom,0,0,6079.56
502050,P10031,Notebook Set,Stationery & Office,1,2025-01-12,268.52,CUST00568,India,0,0,268.52
500377,P10031,Notebook Set,Stationery & Office,3,2025-12-22,268.52,CUST00130,India,0,0,805.56
501102,P10005,Power Bank 10000mAh,Electronics,2,2025-03-11,1034.93,CUST00310,India,0,0,2069.86
500230,P10011,Ceramic Mug Set,Home & Kitchen,4,2026-05-18,1993.94,CUST00087,United States,0,0,7975.76
501982,P10020,Herbal Shampoo,Beauty & Personal Care,3,2026-04-25,1426.26,CUST00552,Germany,0,0,4278.78
503057,P10035,Whiteboard Marker Set,Stationery & Office,1,2025-11-21,808.92,CUST00842,United Kingdom,0,0,808.92
501813,P10017,Formal Shirt,Apparel,5,2025-03-31,562.91,CUST00502,India,0,0,2814.55
501121,P10033,Desk Organizer,Stationery & Office,5,2025-12-19,67.73,CUST00311,India,0,0,338.65
500415,P10032,Gel Pen Pack,Stationery & Office,2,2025-02-22,687.3,CUST00138,United States,0,0,1374.6
500633,P10026,Resistance Bands Set,Sports & Outdoors,3,2025-03-06,636.23,CUST00189,India,0,0,1908.69
500641,P10014,Denim Jacket,Apparel,1,2025-07-26,1048.3,CUST00189,India,0,0,1048.3
500338,P10024,Beard Trimmer,Beauty & Personal Care,5,2026-04-13,700.79,CUST00126,India,0,0,3503.95
500958,P10014,Denim Jacket,Apparel,4,2026-01-02,1048.3,CUST00266,United States,0,0,4193.2
500960,P10021,Lip Balm Set,Beauty & Personal Care,4,2026-02-09,652.97,CUST00267,United Kingdom,0,0,2611.88
501425,P10012,Storage Organizer,Home & Kitchen,2,2025-05-14,1268.9,CUST00392,India,0,0,2537.8
502270,P10007,Non-Stick Pan,Home & Kitchen,5,2025-09-16,331.24,CUST00634,India,0,0,1656.2
500674,P10007,Non-Stick Pan,Home & Kitchen,2,2025-05-17,331.24,,Germany,1,0,662.48
501915,P10027,Water Bottle Sipper,Sports & Outdoors,1,2025-12-16,2203.72,CUST00539,India,0,0,2203.72
501644,P10001,Wireless Earbuds,Electronics,2,2025-11-23,606.94,CUST00457,India,0,0,1213.88
500575,P10019,Face Serum,Beauty & Personal Care,1,2025-04-10,1312.41,CUST00176,India,0,0,1312.41
501123,P10028,Camping Torch,Sports & Outdoors,4,2025-11-03,2043.99,CUST00311,India,0,0,8175.96
501562,P10025,Yoga Mat,Sports & Outdoors,5,2026-01-31,270.08,CUST00444,India,0,0,1350.4
502738,P10031,Notebook Set,Stationery & Office,2,2026-01-14,268.52,CUST00770,Germany,0,0,537.04
500292,P10020,Herbal Shampoo,Beauty & Personal Care,5,2025-05-07,1426.26,CUST00113,Uae,0,0,7131.3
502989,P10006,Smartwatch Band,Electronics,3,2025-01-21,990.13,CUST00830,India,0,0,2970.39
500714,P10017,Formal Shirt,Apparel,3,2026-01-25,562.91,CUST00203,India,0,0,1688.73
500405,P10012,Storage Organizer,Home & Kitchen,5,2025-01-27,1268.9,CUST00138,United States,0,0,6344.5
501773,P10026,Resistance Bands Set,Sports & Outdoors,1,2025-03-23,636.23,CUST00488,India,0,0,636.23
500026,P10016,Wool Sweater,Apparel,3,2026-05-12,1250.39,CUST00012,Singapore,0,0,3751.17
500828,P10025,Yoga Mat,Sports & Outdoors,3,2025-04-22,270.08,CUST00219,United Kingdom,0,0,810.24
500863,P10005,Power Bank 10000mAh,Electronics,3,2025-03-02,1034.93,,India,1,0,3104.79
500591,P10009,Cotton Bedsheet Set,Home & Kitchen,2,2025-10-05,1519.89,CUST00176,India,0,0,3039.78
501838,P10001,Wireless Earbuds,Electronics,2,2026-05-11,606.94,CUST00510,United States,0,0,1213.88
500572,P10014,Denim Jacket,Apparel,5,2025-03-13,1048.3,CUST00175,United Kingdom,0,0,5241.5
500514,P10015,Running Shoes,Apparel,3,2025-06-06,980.3,CUST00169,India,0,0,2940.9
502800,P10028,Camping Torch,Sports & Outdoors,1,2026-03-29,2043.99,CUST00779,United States,0,0,2043.99
502089,P10023,Hair Dryer,Beauty & Personal Care,1,2025-09-14,1018.4,CUST00579,India,0,0,1018.4
501423,P10018,Yoga Pants,Apparel,2,2026-06-04,608.28,CUST00392,India,0,0,1216.56
502675,P10035,Whiteboard Marker Set,Stationery & Office,3,2026-06-16,808.92,CUST00753,United Kingdom,0,0,2426.76
500474,P10010,Insulated Water Bottle,Home & Kitchen,3,2026-04-23,396.84,CUST00159,India,0,0,1190.52
502110,P10033,Desk Organizer,Stationery & Office,4,2025-03-15,67.73,CUST00579,India,0,0,270.92
501868,P10003,Phone Case,Electronics,5,2025-06-22,1049.71,CUST00523,Singapore,0,0,5248.55
502789,P10009,Cotton Bedsheet Set,Home & Kitchen,1,2026-01-12,1519.89,,United States,1,0,1519.89
500861,P10001,Wireless Earbuds,Electronics,-4,2025-06-23,606.94,CUST00235,India,0,1,-2427.76
500414,P10027,Water Bottle Sipper,Sports & Outdoors,5,2026-01-24,2203.72,CUST00138,United States,0,0,11018.6
501056,P10030,Cycling Gloves,Sports & Outdoors,5,2025-10-14,820.52,CUST00295,India,0,0,4102.6
502727,P10004,USB-C Cable,Electronics,3,2025-01-25,3182.97,CUST00764,United States,0,0,9548.91
500417,P10020,Herbal Shampoo,Beauty & Personal Care,2,2025-10-03,1426.26,CUST00138,United States,0,0,2852.52
502560,P10032,Gel Pen Pack,Stationery & Office,2,2025-01-09,687.3,CUST00731,India,0,0,1374.6
500733,P10016,Wool Sweater,Apparel,2,2025-11-09,1250.39,CUST00205,United Kingdom,0,0,2500.78
500743,P10003,Phone Case,Electronics,3,2025-11-09,1049.71,CUST00209,India,0,0,3149.13
500704,P10007,Non-Stick Pan,Home & Kitchen,3,2025-07-24,331.24,CUST00203,India,0,0,993.72
500996,P10021,Lip Balm Set,Beauty & Personal Care,5,2025-04-01,652.97,CUST00280,United States,0,0,3264.85
500428,P10018,Yoga Pants,Apparel,2,2025-04-16,608.28,CUST00139,India,0,0,1216.56
500922,P10035,Whiteboard Marker Set,Stationery & Office,4,2026-02-14,808.92,CUST00257,Uae,0,0,3235.68
500830,P10002,Bluetooth Speaker,Electronics,5,2025-10-26,2723.88,CUST00221,United Kingdom,0,0,13619.4
501401,P10036,Backpack,Stationery & Office,5,2026-02-02,218.62,CUST00391,Singapore,0,0,1093.1
500785,P10022,Sunscreen SPF50,Beauty & Personal Care,5,2025-10-26,514.51,CUST00219,United Kingdom,0,0,2572.55
500427,P10009,Cotton Bedsheet Set,Home & Kitchen,2,2025-09-02,1519.89,CUST00139,India,0,0,3039.78
500382,P10011,Ceramic Mug Set,Home & Kitchen,5,2026-04-20,1993.94,CUST00132,India,0,0,9969.7
502880,P10031,Notebook Set,Stationery & Office,2,2025-03-08,268.52,CUST00800,Uae,0,0,537.04
501574,P10003,Phone Case,Electronics,4,2026-04-20,1049.71,CUST00448,United States,0,0,4198.84
500712,P10010,Insulated Water Bottle,Home & Kitchen,4,2025-12-11,396.84,CUST00203,India,0,0,1587.36
501073,P10027,Water Bottle Sipper,Sports & Outdoors,4,2026-02-20,2203.72,CUST00298,India,0,0,8814.88
500438,P10020,Herbal Shampoo,Beauty & Personal Care,5,2026-01-29,1426.26,CUST00141,Singapore,0,0,7131.3
502069,P10026,Resistance Bands Set,Sports & Outdoors,1,2025-07-08,636.23,CUST00574,United Kingdom,0,0,636.23
502876,P10011,Ceramic Mug Set,Home & Kitchen,4,2025-01-05,1993.94,CUST00798,United Kingdom,0,0,7975.76
500207,P10014,Denim Jacket,Apparel,4,2025-01-26,1048.3,CUST00079,India,0,0,4193.2
502156,P10020,Herbal Shampoo,Beauty & Personal Care,3,2025-05-03,1426.26,CUST00586,India,0,0,4278.78
503006,P10035,Whiteboard Marker Set,Stationery & Office,5,2025-03-04,808.92,CUST00832,India,0,0,4044.6
501061,P10015,Running Shoes,Apparel,4,2025-01-09,980.3,CUST00295,India,0,0,3921.2
502151,P10006,Smartwatch Band,Electronics,4,2026-04-25,990.13,CUST00584,India,0,0,3960.52
500479,P10001,Wireless Earbuds,Electronics,5,2025-09-17,606.94,CUST00159,India,0,0,3034.7
501246,P10027,Water Bottle Sipper,Sports & Outdoors,1,2025-08-09,2203.72,CUST00338,United States,0,0,2203.72
502566,P10025,Yoga Mat,Sports & Outdoors,3,2026-02-05,270.08,CUST00731,India,0,0,810.24
500714,P10003,Phone Case,Electronics,1,2026-01-25,1049.71,CUST00203,India,0,0,1049.71
500480,P10008,LED Desk Lamp,Home & Kitchen,3,2025-02-02,1311.15,CUST00160,United States,0,0,3933.45
501029,P10013,Cotton T-Shirt,Apparel,1,2025-10-22,1190.46,CUST00286,India,0,0,1190.46
502376,P10017,Formal Shirt,Apparel,2,2025-04-10,562.91,CUST00674,India,0,0,1125.82
501639,P10027,Water Bottle Sipper,Sports & Outdoors,4,2025-04-22,2203.72,CUST00453,India,0,0,8814.88
500257,P10001,Wireless Earbuds,Electronics,5,2025-09-16,606.94,CUST00103,India,0,0,3034.7
501939,P10030,Cycling Gloves,Sports & Outdoors,4,2025-08-12,820.52,CUST00540,India,0,0,3282.08
501743,P10031,Notebook Set,Stationery & Office,5,2026-02-05,268.52,CUST00482,United Kingdom,0,0,1342.6
501098,P10012,Storage Organizer,Home & Kitchen,5,2026-02-02,1268.9,CUST00308,India,0,0,6344.5
502777,P10006,Smartwatch Band,Electronics,4,2025-05-22,990.13,CUST00779,United States,0,0,3960.52
501067,P10034,Sticky Notes Pack,Stationery & Office,1,2025-06-19,147.9,CUST00298,India,0,0,147.9
502510,P10031,Notebook Set,Stationery & Office,5,2025-08-03,268.52,CUST00709,India,0,0,1342.6
500529,P10034,Sticky Notes Pack,Stationery & Office,3,2025-12-12,147.9,CUST00169,India,0,0,443.7
500465,P10032,Gel Pen Pack,Stationery & Office,5,2025-07-09,687.3,CUST00155,Singapore,0,0,3436.5
501793,P10036,Backpack,Stationery & Office,5,2025-09-05,218.62,CUST00497,United Kingdom,0,0,1093.1
502793,P10032,Gel Pen Pack,Stationery & Office,4,2026-03-06,687.3,CUST00779,United States,0,0,2749.2
501152,P10025,Yoga Mat,Sports & Outdoors,2,2025-09-29,270.08,CUST00320,India,0,0,540.16
500325,P10007,Non-Stick Pan,Home & Kitchen,1,2025-01-29,331.24,CUST00125,India,0,0,331.24
502577,P10017,Formal Shirt,Apparel,3,2026-01-07,562.91,CUST00731,India,0,0,1688.73
501904,P10007,Non-Stick Pan,Home & Kitchen,3,2025-05-05,331.24,CUST00536,Uae,0,0,993.72
500703,P10014,Denim Jacket,Apparel,5,2025-08-28,1048.3,CUST00203,India,0,0,5241.5
500500,P10029,Badminton Racket,Sports & Outdoors,2,2025-06-14,274.87,CUST00167,India,0,0,549.74
502629,P10015,Running Shoes,Apparel,1,2026-04-23,980.3,CUST00744,India,0,0,980.3
500274,P10031,Notebook Set,Stationery & Office,1,2026-01-18,268.52,CUST00111,India,0,0,268.52
502468,P10008,LED Desk Lamp,Home & Kitchen,5,2025-08-06,1311.15,CUST00705,India,0,0,6555.75
500506,P10004,USB-C Cable,Electronics,5,2025-11-14,3182.97,CUST00167,India,0,0,15914.85
500100,P10036,Backpack,Stationery & Office,3,2025-07-20,218.62,CUST00042,India,0,0,655.86
500146,P10022,Sunscreen SPF50,Beauty & Personal Care,1,2025-08-27,514.51,CUST00052,United States,0,0,514.51
502689,P10021,Lip Balm Set,Beauty & Personal Care,4,2025-11-05,652.97,CUST00753,United Kingdom,0,0,2611.88
503056,P10007,Non-Stick Pan,Home & Kitchen,1,2025-03-30,331.24,CUST00842,United Kingdom,0,0,331.24
502844,P10018,Yoga Pants,Apparel,5,2025-08-10,608.28,CUST00790,Uae,0,0,3041.4
502169,P10006,Smartwatch Band,Electronics,2,2025-11-03,990.13,CUST00591,India,0,0,1980.26
500777,P10014,Denim Jacket,Apparel,5,2025-01-13,1048.3,CUST00218,United States,0,0,5241.5
502471,P10014,Denim Jacket,Apparel,2,2026-01-24,1048.3,CUST00706,Singapore,0,0,2096.6
500018,P10022,Sunscreen SPF50,Beauty & Personal Care,2,2025-12-11,514.51,CUST00007,India,0,0,1029.02
502193,P10020,Herbal Shampoo,Beauty & Personal Care,3,2026-02-10,1426.26,CUST00602,India,0,0,4278.78
500911,P10034,Sticky Notes Pack,Stationery & Office,1,2025-10-17,147.9,CUST00252,India,0,0,147.9
501493,P10003,Phone Case,Electronics,1,2025-05-22,1049.71,CUST00422,United States,0,0,1049.71
500957,P10034,Sticky Notes Pack,Stationery & Office,3,2025-05-02,147.9,CUST00266,United States,0,0,443.7
502499,P10029,Badminton Racket,Sports & Outdoors,-5,2025-05-13,274.87,CUST00706,Singapore,0,1,-1374.35
501936,P10001,Wireless Earbuds,Electronics,5,2025-03-18,606.94,,India,1,0,3034.7
500273,P10002,Bluetooth Speaker,Electronics,5,2025-01-08,2723.88,CUST00110,India,0,0,13619.4
502175,P10025,Yoga Mat,Sports & Outdoors,2,2025-06-23,270.08,CUST00593,India,0,0,540.16
502137,P10032,Gel Pen Pack,Stationery & Office,1,2025-01-10,687.3,CUST00581,India,0,0,687.3
502879,P10026,Resistance Bands Set,Sports & Outdoors,1,2025-01-21,636.23,CUST00800,Uae,0,0,636.23
501099,P10027,Water Bottle Sipper,Sports & Outdoors,5,2025-10-19,2203.72,CUST00309,United States,0,0,11018.6
500612,P10010,Insulated Water Bottle,Home & Kitchen,1,2026-01-06,396.84,CUST00187,United States,0,0,396.84
502285,P10032,Gel Pen Pack,Stationery & Office,5,2026-02-26,687.3,CUST00640,India,0,0,3436.5
500867,P10013,Cotton T-Shirt,Apparel,2,2025-08-28,1190.46,CUST00236,United States,0,0,2380.92
500813,P10034,Sticky Notes Pack,Stationery & Office,1,2026-06-02,147.9,CUST00219,United Kingdom,0,0,147.9
500264,P10021,Lip Balm Set,Beauty & Personal Care,1,2026-03-07,652.97,CUST00105,Uae,0,0,652.97
501977,P10024,Beard Trimmer,Beauty & Personal Care,1,2026-01-14,700.79,CUST00548,United Kingdom,0,0,700.79
501101,P10034,Sticky Notes Pack,Stationery & Office,4,2026-01-09,147.9,CUST00310,India,0,0,591.6
500254,P10016,Wool Sweater,Apparel,2,2025-01-05,1250.39,CUST00101,India,0,0,2500.78
501005,P10034,Sticky Notes Pack,Stationery & Office,2,2025-09-08,147.9,CUST00283,India,0,0,295.8
502306,P10016,Wool Sweater,Apparel,1,2025-08-23,1250.39,CUST00652,India,0,0,1250.39
501747,P10029,Badminton Racket,Sports & Outdoors,5,2026-05-07,274.87,CUST00483,India,0,0,1374.35
500105,P10023,Hair Dryer,Beauty & Personal Care,2,2026-01-26,1018.4,CUST00045,India,0,0,2036.8
501173,P10028,Camping Torch,Sports & Outdoors,3,2026-03-28,2043.99,CUST00324,India,0,0,6131.97
503088,P10024,Beard Trimmer,Beauty & Personal Care,2,2025-09-25,700.79,CUST00842,United Kingdom,0,0,1401.58
500428,P10020,Herbal Shampoo,Beauty & Personal Care,3,2025-04-16,1426.26,CUST00139,India,0,0,4278.78
502202,P10027,Water Bottle Sipper,Sports & Outdoors,2,2026-02-04,2203.72,CUST00610,United Kingdom,0,0,4407.44
500898,P10034,Sticky Notes Pack,Stationery & Office,5,2026-02-10,147.9,CUST00246,Uae,0,0,739.5
500104,P10030,Cycling Gloves,Sports & Outdoors,4,2025-11-24,820.52,CUST00044,Uae,0,0,3282.08
502262,P10018,Yoga Pants,Apparel,2,2025-07-18,608.28,CUST00634,India,0,0,1216.56
502766,P10017,Formal Shirt,Apparel,3,2025-12-06,562.91,CUST00779,United States,0,0,1688.73
501089,P10026,Resistance Bands Set,Sports & Outdoors,2,2025-10-14,636.23,CUST00303,India,0,0,1272.46
501834,P10004,USB-C Cable,Electronics,3,2025-02-22,3182.97,CUST00508,Germany,0,0,9548.91
501457,P10015,Running Shoes,Apparel,4,2026-01-25,980.3,CUST00409,Uae,0,0,3921.2
502622,P10036,Backpack,Stationery & Office,3,2025-04-20,218.62,CUST00740,India,0,0,655.86
502236,P10005,Power Bank 10000mAh,Electronics,4,2025-04-14,1034.93,CUST00626,India,0,0,4139.72
502842,P10022,Sunscreen SPF50,Beauty & Personal Care,1,2025-06-21,514.51,CUST00789,India,0,0,514.51
501098,P10017,Formal Shirt,Apparel,3,2026-02-02,562.91,CUST00308,India,0,0,1688.73
500295,P10026,Resistance Bands Set,Sports & Outdoors,4,2025-08-18,636.23,CUST00114,United States,0,0,2544.92
501473,P10032,Gel Pen Pack,Stationery & Office,1,2026-06-09,687.3,CUST00416,India,0,0,687.3
501072,P10025,Yoga Mat,Sports & Outdoors,5,2025-10-20,270.08,CUST00298,India,0,0,1350.4
500031,P10033,Desk Organizer,Stationery & Office,4,2025-03-14,67.73,CUST00013,Germany,0,0,270.92
502916,P10036,Backpack,Stationery & Office,4,2025-03-27,218.62,CUST00813,India,0,0,874.48
502921,P10034,Sticky Notes Pack,Stationery & Office,1,2025-01-11,147.9,CUST00814,Uae,0,0,147.9
501941,P10015,Running Shoes,Apparel,5,2025-08-28,980.3,,India,1,0,4901.5
501410,P10020,Herbal Shampoo,Beauty & Personal Care,1,2025-11-03,1426.26,CUST00392,India,0,0,1426.26
502005,P10005,Power Bank 10000mAh,Electronics,5,2026-03-20,1034.93,CUST00556,India,0,0,5174.65
502221,P10017,Formal Shirt,Apparel,3,2026-01-21,562.91,CUST00621,India,0,0,1688.73
500389,P10031,Notebook Set,Stationery & Office,5,2025-06-14,268.52,CUST00133,India,0,0,1342.6
501126,P10013,Cotton T-Shirt,Apparel,1,2025-05-19,1190.46,CUST00312,India,0,0,1190.46
501675,P10015,Running Shoes,Apparel,-4,2025-04-07,980.3,CUST00463,United States,0,1,-3921.2
500954,P10006,Smartwatch Band,Electronics,5,2025-04-29,990.13,CUST00266,United States,0,0,4950.65
500121,P10023,Hair Dryer,Beauty & Personal Care,1,2025-02-06,1018.4,CUST00047,India,0,0,1018.4
501573,P10015,Running Shoes,Apparel,2,2026-04-12,980.3,CUST00448,United States,0,0,1960.6
502428,P10013,Cotton T-Shirt,Apparel,1,2025-04-20,1190.46,CUST00699,India,0,0,1190.46
503009,P10035,Whiteboard Marker Set,Stationery & Office,3,2025-09-18,808.92,CUST00833,India,0,0,2426.76
500676,P10018,Yoga Pants,Apparel,5,2025-08-11,608.28,,Germany,1,0,3041.4
503091,P10019,Face Serum,Beauty & Personal Care,-3,2025-07-13,1312.41,CUST00843,India,0,1,-3937.23
501290,P10033,Desk Organizer,Stationery & Office,3,2025-12-11,67.73,CUST00349,India,0,0,203.19
502545,P10030,Cycling Gloves,Sports & Outdoors,4,2025-01-11,820.52,,Germany,1,0,3282.08
502918,P10033,Desk Organizer,Stationery & Office,2,2025-03-01,67.73,CUST00813,India,0,0,135.46
500837,P10008,LED Desk Lamp,Home & Kitchen,4,2026-03-06,1311.15,CUST00224,India,0,0,5244.6
502760,P10018,Yoga Pants,Apparel,4,2025-10-02,608.28,CUST00777,India,0,0,2433.12
502077,P10012,Storage Organizer,Home & Kitchen,2,2025-01-11,1268.9,CUST00579,India,0,0,2537.8
502526,P10016,Wool Sweater,Apparel,3,2025-09-14,1250.39,CUST00718,Singapore,0,0,3751.17
502890,P10035,Whiteboard Marker Set,Stationery & Office,2,2025-02-08,808.92,CUST00801,United States,0,0,1617.84
501218,P10031,Notebook Set,Stationery & Office,2,2025-07-08,268.52,CUST00332,United States,0,0,537.04
500447,P10027,Water Bottle Sipper,Sports & Outdoors,2,2025-02-18,2203.72,CUST00144,India,0,0,4407.44
501281,P10023,Hair Dryer,Beauty & Personal Care,2,2025-06-11,1018.4,CUST00345,India,0,0,2036.8
501785,P10003,Phone Case,Electronics,4,2026-05-13,1049.71,CUST00494,India,0,0,4198.84
500352,P10001,Wireless Earbuds,Electronics,4,2026-06-25,606.94,CUST00126,India,0,0,2427.76
502863,P10034,Sticky Notes Pack,Stationery & Office,3,2025-12-26,147.9,,Germany,1,0,443.7
502351,P10012,Storage Organizer,Home & Kitchen,1,2026-03-26,1268.9,CUST00665,India,0,0,1268.9
502920,P10032,Gel Pen Pack,Stationery & Office,2,2026-01-24,687.3,CUST00813,India,0,0,1374.6
501910,P10025,Yoga Mat,Sports & Outdoors,4,2026-05-23,270.08,,India,1,0,1080.32
502024,P10030,Cycling Gloves,Sports & Outdoors,2,2026-04-09,820.52,CUST00562,India,0,0,1641.04
503086,P10032,Gel Pen Pack,Stationery & Office,5,2025-08-14,687.3,CUST00842,United Kingdom,0,0,3436.5
500208,P10033,Desk Organizer,Stationery & Office,4,2026-01-10,67.73,CUST00080,India,0,0,270.92
502909,P10032,Gel Pen Pack,Stationery & Office,1,2026-04-11,687.3,CUST00813,India,0,0,687.3
500406,P10013,Cotton T-Shirt,Apparel,4,2025-08-27,1190.46,CUST00138,United States,0,0,4761.84
500802,P10027,Water Bottle Sipper,Sports & Outdoors,4,2025-01-17,2203.72,CUST00219,United Kingdom,0,0,8814.88
503000,P10003,Phone Case,Electronics,5,2025-04-29,1049.71,CUST00830,India,0,0,5248.55
500950,P10006,Smartwatch Band,Electronics,2,2025-03-13,990.13,CUST00264,India,0,0,1980.26
500707,P10024,Beard Trimmer,Beauty & Personal Care,1,2025-12-26,700.79,CUST00203,India,0,0,700.79
500993,P10008,LED Desk Lamp,Home & Kitchen,2,2025-08-12,1311.15,CUST00279,United States,0,0,2622.3
500767,P10001,Wireless Earbuds,Electronics,2,2025-03-31,606.94,CUST00216,India,0,0,1213.88
502939,P10007,Non-Stick Pan,Home & Kitchen,4,2025-01-02,331.24,CUST00817,United Kingdom,0,0,1324.96
502106,P10025,Yoga Mat,Sports & Outdoors,5,2026-02-14,270.08,CUST00579,India,0,0,1350.4
502235,P10008,LED Desk Lamp,Home & Kitchen,2,2025-11-10,1311.15,CUST00626,India,0,0,2622.3
502534,P10019,Face Serum,Beauty & Personal Care,1,2025-06-28,1312.41,CUST00722,India,0,0,1312.41
500245,P10013,Cotton T-Shirt,Apparel,2,2025-02-02,1190.46,CUST00096,India,0,0,2380.92
502777,P10002,Bluetooth Speaker,Electronics,1,2025-05-22,2723.88,CUST00779,United States,0,0,2723.88
501805,P10028,Camping Torch,Sports & Outdoors,5,2025-09-14,2043.99,CUST00498,India,0,0,10219.95
500358,P10036,Backpack,Stationery & Office,5,2025-08-06,218.62,CUST00127,United States,0,0,1093.1
502304,P10017,Formal Shirt,Apparel,5,2025-03-15,562.91,CUST00652,India,0,0,2814.55
501928,P10016,Wool Sweater,Apparel,1,2025-09-11,1250.39,CUST00539,India,0,0,1250.39
502102,P10003,Phone Case,Electronics,2,2025-03-06,1049.71,CUST00579,India,0,0,2099.42
501915,P10021,Lip Balm Set,Beauty & Personal Care,1,2025-12-16,652.97,CUST00539,India,0,0,652.97
500123,P10008,LED Desk Lamp,Home & Kitchen,2,2025-05-23,1311.15,CUST00047,India,0,0,2622.3
501167,P10026,Resistance Bands Set,Sports & Outdoors,1,2026-05-22,636.23,CUST00324,India,0,0,636.23
501080,P10022,Sunscreen SPF50,Beauty & Personal Care,4,2026-06-14,514.51,CUST00300,India,0,0,2058.04
502887,P10034,Sticky Notes Pack,Stationery & Office,-5,2025-01-25,147.9,CUST00801,United States,0,1,-739.5
500907,P10027,Water Bottle Sipper,Sports & Outdoors,5,2026-04-11,2203.72,,India,1,0,11018.6
501544,P10003,Phone Case,Electronics,-3,2025-02-27,1049.71,CUST00439,United States,0,1,-3149.13
500480,P10016,Wool Sweater,Apparel,1,2025-02-02,1250.39,CUST00160,United States,0,0,1250.39
500754,P10020,Herbal Shampoo,Beauty & Personal Care,2,2026-05-10,1426.26,CUST00216,India,0,0,2852.52
500758,P10007,Non-Stick Pan,Home & Kitchen,1,2025-06-11,331.24,CUST00216,India,0,0,331.24
502777,P10024,Beard Trimmer,Beauty & Personal Care,5,2025-05-22,700.79,CUST00779,United States,0,0,3503.95
502901,P10023,Hair Dryer,Beauty & Personal Care,2,2026-02-21,1018.4,CUST00807,Uae,0,0,2036.8
501966,P10029,Badminton Racket,Sports & Outdoors,3,2026-06-16,274.87,CUST00544,United Kingdom,0,0,824.61
500839,P10029,Badminton Racket,Sports & Outdoors,3,2025-04-17,274.87,,India,1,0,824.61
501137,P10027,Water Bottle Sipper,Sports & Outdoors,4,2025-10-20,2203.72,CUST00312,India,0,0,8814.88
501515,P10025,Yoga Mat,Sports & Outdoors,4,2025-02-11,270.08,CUST00428,Germany,0,0,1080.32
502606,P10018,Yoga Pants,Apparel,1,2025-08-18,608.28,CUST00737,India,0,0,608.28
500119,P10007,Non-Stick Pan,Home & Kitchen,-2,2026-04-01,331.24,CUST00047,India,0,1,-662.48
502769,P10031,Notebook Set,Stationery & Office,5,2025-06-27,268.52,CUST00779,United States,0,0,1342.6
500547,P10027,Water Bottle Sipper,Sports & Outdoors,3,2026-04-11,2203.72,CUST00169,India,0,0,6611.16
501914,P10031,Notebook Set,Stationery & Office,3,2025-08-12,268.52,CUST00539,India,0,0,805.56
503031,P10002,Bluetooth Speaker,Electronics,1,2025-05-20,2723.88,CUST00833,India,0,0,2723.88
500290,P10026,Resistance Bands Set,Sports & Outdoors,1,2026-06-09,636.23,CUST00113,Uae,0,0,636.23
501989,P10014,Denim Jacket,Apparel,3,2025-10-03,1048.3,CUST00555,Germany,0,0,3144.9
500730,P10030,Cycling Gloves,Sports & Outdoors,3,2026-03-19,820.52,CUST00205,United Kingdom,0,0,2461.56
502967,P10007,Non-Stick Pan,Home & Kitchen,2,2025-08-10,331.24,,India,1,0,662.48
500764,P10024,Beard Trimmer,Beauty & Personal Care,3,2025-03-25,700.79,CUST00216,India,0,0,2102.37
501945,P10025,Yoga Mat,Sports & Outdoors,2,2025-10-02,270.08,CUST00540,India,0,0,540.16
501539,P10023,Hair Dryer,Beauty & Personal Care,4,2026-06-16,1018.4,CUST00439,United States,0,0,4073.6
501008,P10006,Smartwatch Band,Electronics,3,2025-12-22,990.13,CUST00285,United Kingdom,0,0,2970.39
502153,P10002,Bluetooth Speaker,Electronics,3,2025-02-09,2723.88,CUST00585,United Kingdom,0,0,8171.64
500519,P10025,Yoga Mat,Sports & Outdoors,5,2025-11-24,270.08,CUST00169,India,0,0,1350.4
501635,P10021,Lip Balm Set,Beauty & Personal Care,1,2026-01-03,652.97,CUST00451,United States,0,0,652.97
500069,P10035,Whiteboard Marker Set,Stationery & Office,1,2025-07-22,808.92,CUST00032,India,0,0,808.92
501012,P10012,Storage Organizer,Home & Kitchen,1,2025-03-27,1268.9,CUST00286,India,0,0,1268.9
502113,P10014,Denim Jacket,Apparel,3,2025-01-16,1048.3,CUST00579,India,0,0,3144.9
500302,P10003,Phone Case,Electronics,4,2025-01-24,1049.71,CUST00117,United States,0,0,4198.84
501389,P10015,Running Shoes,Apparel,5,2025-04-29,980.3,CUST00386,United States,0,0,4901.5
501616,P10029,Badminton Racket,Sports & Outdoors,5,2026-03-27,274.87,CUST00449,India,0,0,1374.35
503021,P10012,Storage Organizer,Home & Kitchen,4,2025-01-19,1268.9,CUST00833,India,0,0,5075.6
501064,P10019,Face Serum,Beauty & Personal Care,5,2026-04-06,1312.41,CUST00297,United States,0,0,6562.05
500548,P10031,Notebook Set,Stationery & Office,-5,2026-03-24,268.52,CUST00169,India,0,1,-1342.6
500061,P10034,Sticky Notes Pack,Stationery & Office,4,2026-03-25,147.9,,India,1,0,591.6
501939,P10020,Herbal Shampoo,Beauty & Personal Care,1,2025-08-12,1426.26,CUST00540,India,0,0,1426.26
501635,P10007,Non-Stick Pan,Home & Kitchen,4,2026-01-03,331.24,CUST00451,United States,0,0,1324.96
501526,P10015,Running Shoes,Apparel,-3,2026-06-18,980.3,CUST00435,India,0,1,-2940.9
501949,P10025,Yoga Mat,Sports & Outdoors,4,2026-01-02,270.08,CUST00540,India,0,0,1080.32
502242,P10004,USB-C Cable,Electronics,3,2026-03-22,3182.97,CUST00627,India,0,0,9548.91
500703,P10015,Running Shoes,Apparel,1,2025-08-28,980.3,CUST00203,India,0,0,980.3
501170,P10033,Desk Organizer,Stationery & Office,2,2025-03-10,67.73,CUST00324,India,0,0,135.46
501200,P10007,Non-Stick Pan,Home & Kitchen,3,2025-06-29,331.24,CUST00324,India,0,0,993.72
501133,P10032,Gel Pen Pack,Stationery & Office,2,2025-09-18,687.3,CUST00312,India,0,0,1374.6
502473,P10008,LED Desk Lamp,Home & Kitchen,5,2025-05-02,1311.15,CUST00706,Singapore,0,0,6555.75
501219,P10002,Bluetooth Speaker,Electronics,2,2026-05-12,2723.88,CUST00332,United States,0,0,5447.76
501431,P10014,Denim Jacket,Apparel,5,2026-06-07,1048.3,CUST00394,United States,0,0,5241.5
501876,P10032,Gel Pen Pack,Stationery & Office,5,2025-08-03,687.3,CUST00526,India,0,0,3436.5
501934,P10015,Running Shoes,Apparel,3,2026-06-06,980.3,,India,1,0,2940.9
502269,P10029,Badminton Racket,Sports & Outdoors,2,2025-12-03,274.87,CUST00634,India,0,0,549.74
502907,P10018,Yoga Pants,Apparel,5,2025-04-30,608.28,CUST00813,India,0,0,3041.4
501649,P10018,Yoga Pants,Apparel,2,2025-10-05,608.28,CUST00458,India,0,0,1216.56
503093,P10003,Phone Case,Electronics,1,2026-05-01,1049.71,CUST00844,Singapore,0,0,1049.71
500502,P10002,Bluetooth Speaker,Electronics,4,2026-02-10,2723.88,CUST00167,India,0,0,10895.52
502236,P10024,Beard Trimmer,Beauty & Personal Care,5,2025-04-14,700.79,CUST00626,India,0,0,3503.95
500824,P10013,Cotton T-Shirt,Apparel,1,2025-02-16,1190.46,CUST00219,United Kingdom,0,0,1190.46
500605,P10020,Herbal Shampoo,Beauty & Personal Care,5,2026-01-12,1426.26,CUST00180,India,0,0,7131.3
501548,P10029,Badminton Racket,Sports & Outdoors,3,2025-12-08,274.87,CUST00439,United States,0,0,824.61
500445,P10036,Backpack,Stationery & Office,5,2026-06-01,218.62,CUST00144,India,0,0,1093.1
500796,P10025,Yoga Mat,Sports & Outdoors,3,2025-12-18,270.08,CUST00219,United Kingdom,0,0,810.24
502875,P10030,Cycling Gloves,Sports & Outdoors,5,2026-02-13,820.52,CUST00798,United Kingdom,0,0,4102.6
502928,P10011,Ceramic Mug Set,Home & Kitchen,5,2026-06-09,1993.94,CUST00815,Germany,0,0,9969.7
500522,P10002,Bluetooth Speaker,Electronics,5,2026-02-22,2723.88,CUST00169,India,0,0,13619.4
501056,P10030,Cycling Gloves,Sports & Outdoors,5,2025-10-14,820.52,CUST00295,India,0,0,4102.6
500279,P10006,Smartwatch Band,Electronics,1,2026-01-13,990.13,CUST00111,India,0,0,990.13
502583,P10005,Power Bank 10000mAh,Electronics,2,2026-03-22,1034.93,CUST00731,India,0,0,2069.86
500056,P10015,Running Shoes,Apparel,1,2026-06-07,980.3,CUST00027,India,0,0,980.3
502165,P10022,Sunscreen SPF50,Beauty & Personal Care,1,2025-08-02,514.51,CUST00589,India,0,0,514.51
500680,P10015,Running Shoes,Apparel,2,2025-11-26,980.3,CUST00199,Germany,0,0,1960.6
502703,P10024,Beard Trimmer,Beauty & Personal Care,1,2026-06-07,700.79,CUST00755,India,0,0,700.79
500526,P10026,Resistance Bands Set,Sports & Outdoors,3,2025-12-01,636.23,CUST00169,India,0,0,1908.69
502500,P10022,Sunscreen SPF50,Beauty & Personal Care,5,2026-06-21,514.51,CUST00706,Singapore,0,0,2572.55
501636,P10015,Running Shoes,Apparel,1,2025-08-02,980.3,CUST00452,United Kingdom,0,0,980.3
500024,P10019,Face Serum,Beauty & Personal Care,3,2026-06-18,1312.41,,Singapore,1,0,3937.23
500860,P10016,Wool Sweater,Apparel,1,2025-10-11,1250.39,CUST00235,India,0,0,1250.39
501997,P10005,Power Bank 10000mAh,Electronics,3,2026-01-17,1034.93,CUST00555,Germany,0,0,3104.79
500066,P10003,Phone Case,Electronics,1,2025-03-30,1049.71,CUST00032,India,0,0,1049.71
500948,P10028,Camping Torch,Sports & Outdoors,2,2025-09-23,2043.99,CUST00264,India,0,0,4087.98
503073,P10006,Smartwatch Band,Electronics,3,2025-03-02,990.13,CUST00842,United Kingdom,0,0,2970.39
501383,P10018,Yoga Pants,Apparel,5,2025-06-11,608.28,CUST00383,United Kingdom,0,0,3041.4
500453,P10015,Running Shoes,Apparel,1,2025-06-21,980.3,CUST00147,United Kingdom,0,0,980.3
502435,P10015,Running Shoes,Apparel,3,2025-03-05,980.3,,India,1,0,2940.9
500797,P10023,Hair Dryer,Beauty & Personal Care,5,2025-03-06,1018.4,CUST00219,United Kingdom,0,0,5092.0
501780,P10022,Sunscreen SPF50,Beauty & Personal Care,5,2026-05-10,514.51,CUST00490,Germany,0,0,2572.55
500077,P10025,Yoga Mat,Sports & Outdoors,1,2025-05-07,270.08,CUST00034,Uae,0,0,270.08
500810,P10013,Cotton T-Shirt,Apparel,5,2026-06-22,1190.46,CUST00219,United Kingdom,0,0,5952.3
501458,P10006,Smartwatch Band,Electronics,1,2025-01-03,990.13,CUST00409,Uae,0,0,990.13
501793,P10022,Sunscreen SPF50,Beauty & Personal Care,3,2025-09-05,514.51,CUST00497,United Kingdom,0,0,1543.53
500558,P10010,Insulated Water Bottle,Home & Kitchen,3,2025-12-24,396.84,CUST00170,United Kingdom,0,0,1190.52
500926,P10023,Hair Dryer,Beauty & Personal Care,-4,2025-08-21,1018.4,CUST00258,United Kingdom,0,1,-4073.6
501087,P10036,Backpack,Stationery & Office,3,2025-07-13,218.62,CUST00301,India,0,0,655.86
502137,P10011,Ceramic Mug Set,Home & Kitchen,5,2025-01-10,1993.94,CUST00581,India,0,0,9969.7
501488,P10008,LED Desk Lamp,Home & Kitchen,4,2026-03-31,1311.15,CUST00420,United States,0,0,5244.6
500952,P10014,Denim Jacket,Apparel,1,2026-01-11,1048.3,CUST00265,Germany,0,0,1048.3
503072,P10006,Smartwatch Band,Electronics,1,2025-02-27,990.13,CUST00842,United Kingdom,0,0,990.13
501864,P10008,LED Desk Lamp,Home & Kitchen,2,2026-02-26,1311.15,CUST00522,India,0,0,2622.3
501836,P10029,Badminton Racket,Sports & Outdoors,1,2025-07-13,274.87,CUST00509,Uae,0,0,274.87
502954,P10001,Wireless Earbuds,Electronics,4,2025-12-10,606.94,CUST00827,India,0,0,2427.76
500044,P10019,Face Serum,Beauty & Personal Care,5,2026-01-27,1312.41,CUST00020,India,0,0,6562.05
502378,P10019,Face Serum,Beauty & Personal Care,5,2025-04-07,1312.41,CUST00674,India,0,0,6562.05
502681,P10035,Whiteboard Marker Set,Stationery & Office,4,2026-02-22,808.92,CUST00753,United Kingdom,0,0,3235.68
502115,P10017,Formal Shirt,Apparel,1,2025-04-01,562.91,,India,1,0,562.91
500495,P10002,Bluetooth Speaker,Electronics,5,2025-06-06,2723.88,CUST00165,India,0,0,13619.4
500473,P10016,Wool Sweater,Apparel,4,2025-02-10,1250.39,CUST00158,United States,0,0,5001.56
500933,P10025,Yoga Mat,Sports & Outdoors,5,2025-09-20,270.08,CUST00260,India,0,0,1350.4
501268,P10024,Beard Trimmer,Beauty & Personal Care,5,2025-08-31,700.79,CUST00343,India,0,0,3503.95
502505,P10011,Ceramic Mug Set,Home & Kitchen,4,2026-04-30,1993.94,CUST00706,Singapore,0,0,7975.76
502104,P10018,Yoga Pants,Apparel,4,2025-07-27,608.28,,India,1,0,2433.12
500215,P10021,Lip Balm Set,Beauty & Personal Care,-4,2026-06-19,652.97,CUST00084,India,0,1,-2611.88
500097,P10016,Wool Sweater,Apparel,2,2026-01-21,1250.39,CUST00039,United Kingdom,0,0,2500.78
503014,P10014,Denim Jacket,Apparel,4,2025-02-20,1048.3,CUST00833,India,0,0,4193.2
501888,P10001,Wireless Earbuds,Electronics,5,2025-11-19,606.94,CUST00530,Germany,0,0,3034.7
502281,P10012,Storage Organizer,Home & Kitchen,3,2025-08-19,1268.9,CUST00637,India,0,0,3806.7
501858,P10016,Wool Sweater,Apparel,4,2025-06-23,1250.39,CUST00521,United Kingdom,0,0,5001.56
502333,P10035,Whiteboard Marker Set,Stationery & Office,1,2026-04-14,808.92,CUST00661,India,0,0,808.92
502536,P10026,Resistance Bands Set,Sports & Outdoors,2,2026-03-03,636.23,CUST00724,United States,0,0,1272.46
500012,P10026,Resistance Bands Set,Sports & Outdoors,5,2026-01-19,636.23,CUST00006,India,0,0,3181.15
501003,P10011,Ceramic Mug Set,Home & Kitchen,1,2025-07-13,1993.94,CUST00282,India,0,0,1993.94
501643,P10032,Gel Pen Pack,Stationery & Office,1,2025-04-09,687.3,CUST00457,India,0,0,687.3
501127,P10032,Gel Pen Pack,Stationery & Office,3,2026-03-06,687.3,CUST00312,India,0,0,2061.9
501385,P10026,Resistance Bands Set,Sports & Outdoors,4,2025-02-12,636.23,CUST00385,United States,0,0,2544.92
502793,P10012,Storage Organizer,Home & Kitchen,2,2026-03-06,1268.9,CUST00779,United States,0,0,2537.8
502671,P10017,Formal Shirt,Apparel,4,2026-04-01,562.91,CUST00753,United Kingdom,0,0,2251.64
501835,P10032,Gel Pen Pack,Stationery & Office,2,2026-06-01,687.3,CUST00508,Germany,0,0,1374.6
502593,P10029,Badminton Racket,Sports & Outdoors,5,2026-06-04,274.87,CUST00731,India,0,0,1374.35
501150,P10010,Insulated Water Bottle,Home & Kitchen,5,2025-06-27,396.84,CUST00319,India,0,0,1984.2
501594,P10007,Non-Stick Pan,Home & Kitchen,1,2026-03-18,331.24,CUST00448,United States,0,0,331.24
501639,P10010,Insulated Water Bottle,Home & Kitchen,5,2025-04-22,396.84,CUST00453,India,0,0,1984.2
500999,P10006,Smartwatch Band,Electronics,-3,2025-03-23,990.13,CUST00281,Germany,0,1,-2970.39
502660,P10011,Ceramic Mug Set,Home & Kitchen,4,2025-08-11,1993.94,CUST00753,United Kingdom,0,0,7975.76
500287,P10008,LED Desk Lamp,Home & Kitchen,1,2025-03-19,1311.15,CUST00113,Uae,0,0,1311.15
501314,P10025,Yoga Mat,Sports & Outdoors,2,2025-11-26,270.08,CUST00353,United Kingdom,0,0,540.16
501799,P10029,Badminton Racket,Sports & Outdoors,5,2025-07-13,274.87,CUST00497,United Kingdom,0,0,1374.35
500058,P10019,Face Serum,Beauty & Personal Care,2,2026-04-21,1312.41,CUST00028,India,0,0,2624.82
501496,P10015,Running Shoes,Apparel,2,2025-07-14,980.3,CUST00422,United States,0,0,1960.6
501191,P10026,Resistance Bands Set,Sports & Outdoors,5,2026-04-28,636.23,CUST00324,India,0,0,3181.15
501427,P10011,Ceramic Mug Set,Home & Kitchen,2,2025-01-11,1993.94,CUST00392,India,0,0,3987.88
502934,P10018,Yoga Pants,Apparel,3,2025-07-29,608.28,CUST00815,Germany,0,0,1824.84
501201,P10022,Sunscreen SPF50,Beauty & Personal Care,1,2025-09-20,514.51,CUST00324,India,0,0,514.51
501797,P10023,Hair Dryer,Beauty & Personal Care,3,2026-06-16,1018.4,CUST00497,United Kingdom,0,0,3055.2
502345,P10008,LED Desk Lamp,Home & Kitchen,1,2025-10-17,1311.15,CUST00665,India,0,0,1311.15
502543,P10027,Water Bottle Sipper,Sports & Outdoors,-4,2026-04-08,2203.72,CUST00725,United Kingdom,0,1,-8814.88
501059,P10027,Water Bottle Sipper,Sports & Outdoors,5,2026-02-13,2203.72,CUST00295,India,0,0,11018.6
501166,P10028,Camping Torch,Sports & Outdoors,5,2025-04-13,2043.99,CUST00324,India,0,0,10219.95
502340,P10025,Yoga Mat,Sports & Outdoors,1,2026-05-04,270.08,CUST00664,India,0,0,270.08
501473,P10017,Formal Shirt,Apparel,2,2026-06-09,562.91,CUST00416,India,0,0,1125.82
500295,P10018,Yoga Pants,Apparel,1,2025-08-18,608.28,CUST00114,United States,0,0,608.28
500785,P10025,Yoga Mat,Sports & Outdoors,2,2025-10-26,270.08,CUST00219,United Kingdom,0,0,540.16
501326,P10019,Face Serum,Beauty & Personal Care,3,2025-05-13,1312.41,CUST00357,India,0,0,3937.23
503038,P10010,Insulated Water Bottle,Home & Kitchen,3,2025-01-10,396.84,CUST00839,United Kingdom,0,0,1190.52
501725,P10034,Sticky Notes Pack,Stationery & Office,5,2026-06-02,147.9,CUST00475,India,0,0,739.5
501187,P10018,Yoga Pants,Apparel,1,2025-11-27,608.28,CUST00324,India,0,0,608.28
502854,P10010,Insulated Water Bottle,Home & Kitchen,3,2025-10-20,396.84,CUST00796,Germany,0,0,1190.52
501083,P10018,Yoga Pants,Apparel,4,2025-08-13,608.28,CUST00300,India,0,0,2433.12
501841,P10027,Water Bottle Sipper,Sports & Outdoors,1,2025-01-27,2203.72,CUST00510,United States,0,0,2203.72
500341,P10021,Lip Balm Set,Beauty & Personal Care,5,2025-07-19,652.97,CUST00126,India,0,0,3264.85
501948,P10008,LED Desk Lamp,Home & Kitchen,2,2025-06-18,1311.15,CUST00540,India,0,0,2622.3
502387,P10002,Bluetooth Speaker,Electronics,1,2025-06-19,2723.88,CUST00677,India,0,0,2723.88
501579,P10001,Wireless Earbuds,Electronics,5,2026-06-16,606.94,CUST00448,United States,0,0,3034.7
503101,P10006,Smartwatch Band,Electronics,4,2026-02-20,990.13,CUST00849,India,0,0,3960.52
502938,P10024,Beard Trimmer,Beauty & Personal Care,5,2025-12-10,700.79,CUST00816,India,0,0,3503.95
501965,P10020,Herbal Shampoo,Beauty & Personal Care,4,2025-09-29,1426.26,CUST00543,India,0,0,5705.04
501667,P10030,Cycling Gloves,Sports & Outdoors,-3,2025-09-29,820.52,CUST00463,United States,0,1,-2461.56
502645,P10007,Non-Stick Pan,Home & Kitchen,1,2025-04-15,331.24,CUST00749,Uae,0,0,331.24
502998,P10032,Gel Pen Pack,Stationery & Office,3,2025-11-03,687.3,CUST00830,India,0,0,2061.9
500598,P10009,Cotton Bedsheet Set,Home & Kitchen,1,2026-03-15,1519.89,CUST00177,United Kingdom,0,0,1519.89
500146,P10007,Non-Stick Pan,Home & Kitchen,3,2025-08-27,331.24,CUST00052,United States,0,0,993.72
500333,P10034,Sticky Notes Pack,Stationery & Office,4,2026-06-27,147.9,CUST00126,India,0,0,591.6
501353,P10034,Sticky Notes Pack,Stationery & Office,1,2026-05-24,147.9,CUST00365,Uae,0,0,147.9
500468,P10036,Backpack,Stationery & Office,4,2025-12-23,218.62,CUST00156,India,0,0,874.48
501216,P10023,Hair Dryer,Beauty & Personal Care,1,2025-09-17,1018.4,CUST00330,India,0,0,1018.4
501687,P10034,Sticky Notes Pack,Stationery & Office,4,2025-07-18,147.9,CUST00463,United States,0,0,591.6
501483,P10014,Denim Jacket,Apparel,1,2025-02-11,1048.3,CUST00419,United Kingdom,0,0,1048.3
501741,P10013,Cotton T-Shirt,Apparel,2,2025-12-04,1190.46,CUST00482,United Kingdom,0,0,2380.92
501414,P10002,Bluetooth Speaker,Electronics,3,2026-03-07,2723.88,CUST00392,India,0,0,8171.64
502918,P10020,Herbal Shampoo,Beauty & Personal Care,1,2025-03-01,1426.26,CUST00813,India,0,0,1426.26
500346,P10023,Hair Dryer,Beauty & Personal Care,2,2025-11-28,1018.4,CUST00126,India,0,0,2036.8
500362,P10004,USB-C Cable,Electronics,1,2026-01-27,3182.97,CUST00127,United States,0,0,3182.97
501598,P10027,Water Bottle Sipper,Sports & Outdoors,2,2026-03-01,2203.72,CUST00448,United States,0,0,4407.44
500872,P10032,Gel Pen Pack,Stationery & Office,5,2025-07-06,687.3,CUST00236,United States,0,0,3436.5
502944,P10017,Formal Shirt,Apparel,5,2025-06-23,562.91,CUST00821,United States,0,0,2814.55
501683,P10021,Lip Balm Set,Beauty & Personal Care,3,2025-05-25,652.97,CUST00463,United States,0,0,1958.91
500666,P10032,Gel Pen Pack,Stationery & Office,2,2025-05-12,687.3,CUST00196,India,0,0,1374.6
503042,P10034,Sticky Notes Pack,Stationery & Office,1,2025-11-16,147.9,CUST00841,India,0,0,147.9
502987,P10006,Smartwatch Band,Electronics,4,2025-06-01,990.13,CUST00830,India,0,0,3960.52
500043,P10035,Whiteboard Marker Set,Stationery & Office,1,2025-12-05,808.92,CUST00020,India,0,0,808.92
501599,P10028,Camping Torch,Sports & Outdoors,5,2026-03-24,2043.99,CUST00448,United States,0,0,10219.95
500453,P10027,Water Bottle Sipper,Sports & Outdoors,3,2025-06-21,2203.72,CUST00147,United Kingdom,0,0,6611.16
502835,P10029,Badminton Racket,Sports & Outdoors,5,2025-10-21,274.87,CUST00787,United Kingdom,0,0,1374.35
502970,P10022,Sunscreen SPF50,Beauty & Personal Care,2,2025-11-01,514.51,CUST00830,India,0,0,1029.02
502918,P10018,Yoga Pants,Apparel,5,2025-03-01,608.28,CUST00813,India,0,0,3041.4
500274,P10012,Storage Organizer,Home & Kitchen,1,2026-01-18,1268.9,CUST00111,India,0,0,1268.9
502570,P10020,Herbal Shampoo,Beauty & Personal Care,1,2025-03-19,1426.26,CUST00731,India,0,0,1426.26
500581,P10022,Sunscreen SPF50,Beauty & Personal Care,2,2025-08-04,514.51,CUST00176,India,0,0,1029.02
500392,P10029,Badminton Racket,Sports & Outdoors,4,2025-04-30,274.87,CUST00135,Uae,0,0,1099.48
501077,P10014,Denim Jacket,Apparel,1,2025-08-27,1048.3,CUST00300,India,0,0,1048.3
500958,P10011,Ceramic Mug Set,Home & Kitchen,4,2026-01-02,1993.94,CUST00266,United States,0,0,7975.76
502003,P10021,Lip Balm Set,Beauty & Personal Care,1,2025-07-21,652.97,CUST00555,Germany,0,0,652.97
500828,P10008,LED Desk Lamp,Home & Kitchen,4,2025-04-22,1311.15,CUST00219,United Kingdom,0,0,5244.6
501964,P10014,Denim Jacket,Apparel,1,2025-10-07,1048.3,CUST00543,India,0,0,1048.3
502344,P10007,Non-Stick Pan,Home & Kitchen,4,2025-04-23,331.24,CUST00665,India,0,0,1324.96
503107,P10026,Resistance Bands Set,Sports & Outdoors,1,2025-02-15,636.23,CUST00850,United Kingdom,0,0,636.23
500421,P10001,Wireless Earbuds,Electronics,4,2025-11-02,606.94,CUST00138,United States,0,0,2427.76
500044,P10016,Wool Sweater,Apparel,5,2026-01-27,1250.39,CUST00020,India,0,0,6251.95
500488,P10018,Yoga Pants,Apparel,3,2026-03-31,608.28,CUST00163,United Kingdom,0,0,1824.84
502016,P10027,Water Bottle Sipper,Sports & Outdoors,1,2026-05-06,2203.72,CUST00560,United Kingdom,0,0,2203.72
502095,P10022,Sunscreen SPF50,Beauty & Personal Care,3,2025-05-02,514.51,CUST00579,India,0,0,1543.53
502582,P10020,Herbal Shampoo,Beauty & Personal Care,5,2026-05-25,1426.26,CUST00731,India,0,0,7131.3
501347,P10024,Beard Trimmer,Beauty & Personal Care,2,2025-07-18,700.79,CUST00363,India,0,0,1401.58
501620,P10027,Water Bottle Sipper,Sports & Outdoors,2,2025-02-10,2203.72,CUST00449,India,0,0,4407.44
502258,P10028,Camping Torch,Sports & Outdoors,5,2025-04-22,2043.99,CUST00632,Germany,0,0,10219.95
502784,P10005,Power Bank 10000mAh,Electronics,3,2026-04-23,1034.93,CUST00779,United States,0,0,3104.79
502049,P10023,Hair Dryer,Beauty & Personal Care,1,2025-06-11,1018.4,CUST00568,India,0,0,1018.4
500502,P10004,USB-C Cable,Electronics,1,2026-02-10,3182.97,,India,1,0,3182.97
501337,P10011,Ceramic Mug Set,Home & Kitchen,5,2025-03-18,1993.94,CUST00359,Uae,0,0,9969.7
502279,P10027,Water Bottle Sipper,Sports & Outdoors,3,2025-06-14,2203.72,CUST00636,India,0,0,6611.16
501911,P10008,LED Desk Lamp,Home & Kitchen,4,2025-06-27,1311.15,CUST00539,India,0,0,5244.6
500606,P10007,Non-Stick Pan,Home & Kitchen,1,2025-05-17,331.24,CUST00181,India,0,0,331.24
502717,P10009,Cotton Bedsheet Set,Home & Kitchen,-2,2026-04-14,1519.89,CUST00761,India,0,1,-3039.78
500454,P10029,Badminton Racket,Sports & Outdoors,3,2025-10-16,274.87,CUST00148,India,0,0,824.61
500574,P10035,Whiteboard Marker Set,Stationery & Office,4,2025-10-29,808.92,CUST00176,India,0,0,3235.68
502895,P10005,Power Bank 10000mAh,Electronics,3,2025-01-23,1034.93,CUST00804,United Kingdom,0,0,3104.79
502339,P10028,Camping Torch,Sports & Outdoors,5,2026-04-12,2043.99,CUST00663,United Kingdom,0,0,10219.95
502336,P10020,Herbal Shampoo,Beauty & Personal Care,5,2026-03-04,1426.26,CUST00661,India,0,0,7131.3
501929,P10024,Beard Trimmer,Beauty & Personal Care,1,2025-03-09,700.79,CUST00539,India,0,0,700.79
501349,P10017,Formal Shirt,Apparel,3,2026-05-05,562.91,CUST00363,India,0,0,1688.73
503008,P10016,Wool Sweater,Apparel,3,2025-09-12,1250.39,CUST00833,India,0,0,3751.17
501553,P10017,Formal Shirt,Apparel,5,2025-04-29,562.91,CUST00439,United States,0,0,2814.55
501536,P10010,Insulated Water Bottle,Home & Kitchen,5,2026-03-11,396.84,CUST00439,United States,0,0,1984.2
501112,P10018,Yoga Pants,Apparel,5,2025-05-02,608.28,CUST00311,India,0,0,3041.4
502596,P10003,Phone Case,Electronics,2,2025-01-03,1049.71,CUST00731,India,0,0,2099.42
503082,P10035,Whiteboard Marker Set,Stationery & Office,4,2026-05-11,808.92,CUST00842,United Kingdom,0,0,3235.68
502700,P10020,Herbal Shampoo,Beauty & Personal Care,3,2025-09-12,1426.26,CUST00754,India,0,0,4278.78
500967,P10018,Yoga Pants,Apparel,4,2025-11-01,608.28,CUST00270,India,0,0,2433.12
502273,P10028,Camping Torch,Sports & Outdoors,5,2025-10-11,2043.99,CUST00636,India,0,0,10219.95
501808,P10026,Resistance Bands Set,Sports & Outdoors,5,2025-05-15,636.23,CUST00500,Singapore,0,0,3181.15
501801,P10002,Bluetooth Speaker,Electronics,4,2025-07-16,2723.88,CUST00497,United Kingdom,0,0,10895.52
502333,P10027,Water Bottle Sipper,Sports & Outdoors,2,2026-04-14,2203.72,CUST00661,India,0,0,4407.44
502945,P10021,Lip Balm Set,Beauty & Personal Care,1,2026-02-12,652.97,CUST00821,United States,0,0,652.97
502319,P10024,Beard Trimmer,Beauty & Personal Care,3,2025-01-17,700.79,CUST00659,United Kingdom,0,0,2102.37
503096,P10017,Formal Shirt,Apparel,4,2025-10-05,562.91,CUST00846,India,0,0,2251.64
502159,P10008,LED Desk Lamp,Home & Kitchen,5,2026-05-04,1311.15,CUST00587,India,0,0,6555.75
500129,P10015,Running Shoes,Apparel,5,2026-04-11,980.3,CUST00047,India,0,0,4901.5
502687,P10018,Yoga Pants,Apparel,2,2026-05-22,608.28,CUST00753,United Kingdom,0,0,1216.56
502275,P10004,USB-C Cable,Electronics,3,2025-09-21,3182.97,CUST00636,India,0,0,9548.91
502769,P10017,Formal Shirt,Apparel,1,2025-06-27,562.91,CUST00779,United States,0,0,562.91
502188,P10029,Badminton Racket,Sports & Outdoors,5,2025-05-01,274.87,CUST00599,India,0,0,1374.35
501515,P10011,Ceramic Mug Set,Home & Kitchen,1,2025-02-11,1993.94,CUST00428,Germany,0,0,1993.94
501682,P10012,Storage Organizer,Home & Kitchen,4,2025-02-20,1268.9,CUST00463,United States,0,0,5075.6
503027,P10029,Badminton Racket,Sports & Outdoors,4,2025-03-30,274.87,CUST00833,India,0,0,1099.48
500912,P10021,Lip Balm Set,Beauty & Personal Care,4,2026-04-25,652.97,CUST00252,India,0,0,2611.88
502071,P10016,Wool Sweater,Apparel,2,2026-05-02,1250.39,CUST00576,Uae,0,0,2500.78
502960,P10013,Cotton T-Shirt,Apparel,2,2026-03-11,1190.46,CUST00830,India,0,0,2380.92
501323,P10035,Whiteboard Marker Set,Stationery & Office,5,2026-03-28,808.92,CUST00356,United Kingdom,0,0,4044.6
501756,P10020,Herbal Shampoo,Beauty & Personal Care,2,2025-06-20,1426.26,,United Kingdom,1,0,2852.52
502508,P10019,Face Serum,Beauty & Personal Care,1,2026-04-10,1312.41,CUST00709,India,0,0,1312.41
500403,P10033,Desk Organizer,Stationery & Office,2,2026-03-18,67.73,CUST00137,India,0,0,135.46
500359,P10025,Yoga Mat,Sports & Outdoors,2,2025-04-04,270.08,CUST00127,United States,0,0,540.16
500347,P10027,Water Bottle Sipper,Sports & Outdoors,4,2025-11-25,2203.72,CUST00126,India,0,0,8814.88
500290,P10036,Backpack,Stationery & Office,4,2026-06-09,218.62,CUST00113,Uae,0,0,874.48
501260,P10020,Herbal Shampoo,Beauty & Personal Care,3,2025-09-26,1426.26,CUST00343,India,0,0,4278.78
502392,P10033,Desk Organizer,Stationery & Office,4,2025-08-05,67.73,CUST00679,Singapore,0,0,270.92
501440,P10035,Whiteboard Marker Set,Stationery & Office,2,2025-05-04,808.92,CUST00398,India,0,0,1617.84
503078,P10014,Denim Jacket,Apparel,2,2025-04-03,1048.3,CUST00842,United Kingdom,0,0,2096.6
500140,P10031,Notebook Set,Stationery & Office,1,2025-04-12,268.52,CUST00051,Singapore,0,0,268.52
501226,P10016,Wool Sweater,Apparel,2,2025-02-13,1250.39,CUST00335,India,0,0,2500.78
502901,P10003,Phone Case,Electronics,5,2026-02-21,1049.71,CUST00807,Uae,0,0,5248.55
500635,P10029,Badminton Racket,Sports & Outdoors,2,2025-07-09,274.87,CUST00189,India,0,0,549.74
502179,P10006,Smartwatch Band,Electronics,5,2025-01-27,990.13,,India,1,0,4950.65
501865,P10036,Backpack,Stationery & Office,2,2025-04-18,218.62,CUST00522,India,0,0,437.24
501640,P10018,Yoga Pants,Apparel,1,2026-05-29,608.28,CUST00454,Uae,0,0,608.28
501283,P10025,Yoga Mat,Sports & Outdoors,5,2025-01-08,270.08,CUST00345,India,0,0,1350.4
500547,P10001,Wireless Earbuds,Electronics,5,2026-04-11,606.94,CUST00169,India,0,0,3034.7
502291,P10019,Face Serum,Beauty & Personal Care,3,2025-09-15,1312.41,CUST00643,India,0,0,3937.23
501182,P10035,Whiteboard Marker Set,Stationery & Office,4,2026-04-02,808.92,CUST00324,India,0,0,3235.68
501024,P10023,Hair Dryer,Beauty & Personal Care,3,2025-08-28,1018.4,CUST00286,India,0,0,3055.2
502590,P10019,Face Serum,Beauty & Personal Care,2,2025-04-01,1312.41,CUST00731,India,0,0,2624.82
500533,P10031,Notebook Set,Stationery & Office,5,2025-05-25,268.52,CUST00169,India,0,0,1342.6
500001,P10014,Denim Jacket,Apparel,1,2026-04-28,1048.3,CUST00001,India,0,0,1048.3
501200,P10002,Bluetooth Speaker,Electronics,3,2025-06-29,2723.88,CUST00324,India,0,0,8171.64
502708,P10019,Face Serum,Beauty & Personal Care,3,2026-05-18,1312.41,CUST00756,United States,0,0,3937.23
501905,P10010,Insulated Water Bottle,Home & Kitchen,2,2026-03-27,396.84,CUST00536,Uae,0,0,793.68
501602,P10011,Ceramic Mug Set,Home & Kitchen,3,2025-01-19,1993.94,CUST00448,United States,0,0,5981.82
500202,P10013,Cotton T-Shirt,Apparel,1,2025-09-26,1190.46,CUST00075,United States,0,0,1190.46
501354,P10028,Camping Torch,Sports & Outdoors,5,2025-06-16,2043.99,CUST00365,Uae,0,0,10219.95
500920,P10028,Camping Torch,Sports & Outdoors,3,2025-10-25,2043.99,CUST00255,India,0,0,6131.97
500966,P10026,Resistance Bands Set,Sports & Outdoors,4,2026-03-19,636.23,CUST00269,India,0,0,2544.92
501504,P10024,Beard Trimmer,Beauty & Personal Care,4,2026-01-05,700.79,CUST00426,India,0,0,2803.16
502938,P10019,Face Serum,Beauty & Personal Care,2,2025-12-10,1312.41,CUST00816,India,0,0,2624.82
500915,P10002,Bluetooth Speaker,Electronics,5,2025-06-07,2723.88,CUST00254,India,0,0,13619.4
501000,P10031,Notebook Set,Stationery & Office,1,2026-01-01,268.52,,Germany,1,0,268.52
501276,P10036,Backpack,Stationery & Office,2,2025-02-28,218.62,CUST00343,India,0,0,437.24
500409,P10021,Lip Balm Set,Beauty & Personal Care,1,2025-03-25,652.97,,United States,1,0,652.97
502286,P10029,Badminton Racket,Sports & Outdoors,3,2025-12-22,274.87,CUST00641,India,0,0,824.61
500141,P10001,Wireless Earbuds,Electronics,4,2025-06-19,606.94,,United States,1,0,2427.76
501547,P10034,Sticky Notes Pack,Stationery & Office,4,2025-05-29,147.9,CUST00439,United States,0,0,591.6
502513,P10001,Wireless Earbuds,Electronics,4,2026-03-28,606.94,CUST00711,United States,0,0,2427.76
500569,P10036,Backpack,Stationery & Office,2,2026-05-29,218.62,CUST00175,United Kingdom,0,0,437.24
500980,P10025,Yoga Mat,Sports & Outdoors,4,2025-12-25,270.08,CUST00273,Germany,0,0,1080.32
500065,P10007,Non-Stick Pan,Home & Kitchen,2,2025-02-21,331.24,CUST00032,India,0,0,662.48
501499,P10032,Gel Pen Pack,Stationery & Office,1,2026-04-25,687.3,CUST00424,India,0,0,687.3
501177,P10021,Lip Balm Set,Beauty & Personal Care,2,2025-04-16,652.97,CUST00324,India,0,0,1305.94
502184,P10013,Cotton T-Shirt,Apparel,5,2025-08-29,1190.46,CUST00596,India,0,0,5952.3
502933,P10017,Formal Shirt,Apparel,3,2025-12-08,562.91,CUST00815,Germany,0,0,1688.73
501808,P10017,Formal Shirt,Apparel,4,2025-05-15,562.91,CUST00500,Singapore,0,0,2251.64
500673,P10015,Running Shoes,Apparel,5,2025-01-24,980.3,CUST00198,Germany,0,0,4901.5
501268,P10011,Ceramic Mug Set,Home & Kitchen,5,2025-08-31,1993.94,CUST00343,India,0,0,9969.7
501016,P10007,Non-Stick Pan,Home & Kitchen,5,2025-06-09,331.24,CUST00286,India,0,0,1656.2
502240,P10036,Backpack,Stationery & Office,3,2025-09-14,218.62,CUST00627,India,0,0,655.86
500269,P10030,Cycling Gloves,Sports & Outdoors,3,2025-01-23,820.52,CUST00107,India,0,0,2461.56
501534,P10025,Yoga Mat,Sports & Outdoors,2,2025-06-05,270.08,CUST00438,Germany,0,0,540.16
502791,P10002,Bluetooth Speaker,Electronics,5,2026-01-30,2723.88,CUST00779,United States,0,0,13619.4
500119,P10026,Resistance Bands Set,Sports & Outdoors,2,2026-04-01,636.23,CUST00047,India,0,0,1272.46
502864,P10017,Formal Shirt,Apparel,2,2026-01-28,562.91,CUST00796,Germany,0,0,1125.82
502832,P10010,Insulated Water Bottle,Home & Kitchen,3,2025-01-12,396.84,CUST00787,United Kingdom,0,0,1190.52
501265,P10019,Face Serum,Beauty & Personal Care,1,2025-07-06,1312.41,CUST00343,India,0,0,1312.41
501876,P10023,Hair Dryer,Beauty & Personal Care,1,2025-08-03,1018.4,CUST00526,India,0,0,1018.4
501475,P10007,Non-Stick Pan,Home & Kitchen,1,2026-02-06,331.24,CUST00416,India,0,0,331.24
502841,P10008,LED Desk Lamp,Home & Kitchen,3,2025-09-30,1311.15,CUST00789,India,0,0,3933.45
500303,P10008,LED Desk Lamp,Home & Kitchen,5,2025-02-17,1311.15,CUST00117,United States,0,0,6555.75
502709,P10021,Lip Balm Set,Beauty & Personal Care,1,2025-03-04,652.97,CUST00757,United Kingdom,0,0,652.97
502695,P10014,Denim Jacket,Apparel,3,2025-06-15,1048.3,CUST00754,India,0,0,3144.9
500229,P10034,Sticky Notes Pack,Stationery & Office,3,2026-06-27,147.9,CUST00087,United States,0,0,443.7
501867,P10005,Power Bank 10000mAh,Electronics,3,2025-12-19,1034.93,,Singapore,1,0,3104.79
502686,P10021,Lip Balm Set,Beauty & Personal Care,2,2025-11-22,652.97,CUST00753,United Kingdom,0,0,1305.94
501198,P10036,Backpack,Stationery & Office,2,2025-07-10,218.62,CUST00324,India,0,0,437.24
501902,P10024,Beard Trimmer,Beauty & Personal Care,4,2026-06-11,700.79,CUST00534,United Kingdom,0,0,2803.16
502091,P10003,Phone Case,Electronics,5,2026-02-27,1049.71,CUST00579,India,0,0,5248.55
501582,P10012,Storage Organizer,Home & Kitchen,3,2025-06-18,1268.9,CUST00448,United States,0,0,3806.7
501133,P10027,Water Bottle Sipper,Sports & Outdoors,5,2025-09-18,2203.72,CUST00312,India,0,0,11018.6
501015,P10032,Gel Pen Pack,Stationery & Office,5,2025-12-19,687.3,CUST00286,India,0,0,3436.5
501072,P10022,Sunscreen SPF50,Beauty & Personal Care,3,2025-10-20,514.51,CUST00298,India,0,0,1543.53
500659,P10006,Smartwatch Band,Electronics,5,2026-06-12,990.13,,United Kingdom,1,0,4950.65
501618,P10009,Cotton Bedsheet Set,Home & Kitchen,4,2026-02-28,1519.89,CUST00449,India,0,0,6079.56
502358,P10029,Badminton Racket,Sports & Outdoors,1,2025-04-20,274.87,CUST00667,India,0,0,274.87
501944,P10029,Badminton Racket,Sports & Outdoors,1,2025-07-17,274.87,CUST00540,India,0,0,274.87
501873,P10027,Water Bottle Sipper,Sports & Outdoors,-1,2025-12-19,2203.72,CUST00524,Germany,0,1,-2203.72
500568,P10019,Face Serum,Beauty & Personal Care,2,2025-12-26,1312.41,CUST00175,United Kingdom,0,0,2624.82
501281,P10005,Power Bank 10000mAh,Electronics,5,2025-06-11,1034.93,CUST00345,India,0,0,5174.65
501282,P10004,USB-C Cable,Electronics,3,2026-03-31,3182.97,CUST00345,India,0,0,9548.91
502483,P10020,Herbal Shampoo,Beauty & Personal Care,1,2025-02-15,1426.26,CUST00706,Singapore,0,0,1426.26
500313,P10015,Running Shoes,Apparel,5,2025-02-24,980.3,CUST00120,India,0,0,4901.5
502769,P10014,Denim Jacket,Apparel,5,2025-06-27,1048.3,CUST00779,United States,0,0,5241.5
500646,P10016,Wool Sweater,Apparel,2,2026-05-25,1250.39,CUST00192,Germany,0,0,2500.78
500650,P10001,Wireless Earbuds,Electronics,5,2025-07-04,606.94,CUST00194,United Kingdom,0,0,3034.7
500995,P10005,Power Bank 10000mAh,Electronics,3,2025-09-14,1034.93,CUST00280,United States,0,0,3104.79
501240,P10034,Sticky Notes Pack,Stationery & Office,3,2025-11-28,147.9,CUST00338,United States,0,0,443.7
501728,P10008,LED Desk Lamp,Home & Kitchen,5,2025-05-22,1311.15,CUST00476,Singapore,0,0,6555.75
502398,P10003,Phone Case,Electronics,5,2025-05-08,1049.71,CUST00683,India,0,0,5248.55
500216,P10033,Desk Organizer,Stationery & Office,5,2026-01-22,67.73,CUST00085,India,0,0,338.65
502723,P10028,Camping Torch,Sports & Outdoors,1,2026-02-09,2043.99,CUST00763,India,0,0,2043.99
500607,P10005,Power Bank 10000mAh,Electronics,1,2025-10-21,1034.93,CUST00182,India,0,0,1034.93
501315,P10034,Sticky Notes Pack,Stationery & Office,2,2025-01-02,147.9,CUST00354,India,0,0,295.8
500439,P10003,Phone Case,Electronics,4,2025-09-20,1049.71,CUST00142,India,0,0,4198.84
500965,P10031,Notebook Set,Stationery & Office,4,2025-03-11,268.52,CUST00269,India,0,0,1074.08
501067,P10024,Beard Trimmer,Beauty & Personal Care,5,2025-06-19,700.79,CUST00298,India,0,0,3503.95
500021,P10019,Face Serum,Beauty & Personal Care,3,2026-02-18,1312.41,CUST00009,United Kingdom,0,0,3937.23
501136,P10017,Formal Shirt,Apparel,3,2026-03-28,562.91,CUST00312,India,0,0,1688.73
502988,P10033,Desk Organizer,Stationery & Office,3,2025-01-27,67.73,CUST00830,India,0,0,203.19
500722,P10018,Yoga Pants,Apparel,-5,2025-10-28,608.28,CUST00203,India,0,1,-3041.4
503100,P10025,Yoga Mat,Sports & Outdoors,2,2025-11-21,270.08,CUST00848,Singapore,0,0,540.16
501700,P10008,LED Desk Lamp,Home & Kitchen,5,2026-05-15,1311.15,CUST00468,Germany,0,0,6555.75
500624,P10002,Bluetooth Speaker,Electronics,4,2026-06-09,2723.88,CUST00189,India,0,0,10895.52
501523,P10005,Power Bank 10000mAh,Electronics,1,2025-12-12,1034.93,CUST00432,United States,0,0,1034.93
501602,P10019,Face Serum,Beauty & Personal Care,4,2025-01-19,1312.41,CUST00448,United States,0,0,5249.64
502592,P10023,Hair Dryer,Beauty & Personal Care,3,2026-02-16,1018.4,CUST00731,India,0,0,3055.2
502930,P10014,Denim Jacket,Apparel,5,2026-05-04,1048.3,CUST00815,Germany,0,0,5241.5
501441,P10009,Cotton Bedsheet Set,Home & Kitchen,1,2026-04-19,1519.89,CUST00399,United States,0,0,1519.89
501789,P10032,Gel Pen Pack,Stationery & Office,1,2025-09-10,687.3,CUST00497,United Kingdom,0,0,687.3
501424,P10026,Resistance Bands Set,Sports & Outdoors,4,2026-03-17,636.23,CUST00392,India,0,0,2544.92
501470,P10007,Non-Stick Pan,Home & Kitchen,5,2026-03-07,331.24,CUST00416,India,0,0,1656.2
502420,P10029,Badminton Racket,Sports & Outdoors,2,2025-10-23,274.87,CUST00694,India,0,0,549.74
501238,P10027,Water Bottle Sipper,Sports & Outdoors,4,2025-12-23,2203.72,CUST00338,United States,0,0,8814.88
501504,P10030,Cycling Gloves,Sports & Outdoors,5,2026-01-05,820.52,CUST00426,India,0,0,4102.6
502995,P10019,Face Serum,Beauty & Personal Care,4,2026-06-17,1312.41,CUST00830,India,0,0,5249.64
503018,P10021,Lip Balm Set,Beauty & Personal Care,2,2026-01-26,652.97,CUST00833,India,0,0,1305.94
500427,P10020,Herbal Shampoo,Beauty & Personal Care,3,2025-09-02,1426.26,CUST00139,India,0,0,4278.78
502901,P10020,Herbal Shampoo,Beauty & Personal Care,4,2026-02-21,1426.26,CUST00807,Uae,0,0,5705.04
501246,P10010,Insulated Water Bottle,Home & Kitchen,1,2025-08-09,396.84,CUST00338,United States,0,0,396.84
502846,P10033,Desk Organizer,Stationery & Office,4,2025-01-30,67.73,CUST00792,United Kingdom,0,0,270.92
502472,P10005,Power Bank 10000mAh,Electronics,5,2026-04-02,1034.93,CUST00706,Singapore,0,0,5174.65
500204,P10008,LED Desk Lamp,Home & Kitchen,5,2026-01-27,1311.15,CUST00076,United States,0,0,6555.75
501985,P10001,Wireless Earbuds,Electronics,3,2025-06-04,606.94,CUST00553,United Kingdom,0,0,1820.82
503006,P10007,Non-Stick Pan,Home & Kitchen,4,2025-03-04,331.24,CUST00832,India,0,0,1324.96
500957,P10023,Hair Dryer,Beauty & Personal Care,3,2025-05-02,1018.4,CUST00266,United States,0,0,3055.2
500605,P10033,Desk Organizer,Stationery & Office,1,2026-01-12,67.73,CUST00180,India,0,0,67.73
502489,P10007,Non-Stick Pan,Home & Kitchen,3,2025-09-22,331.24,CUST00706,Singapore,0,0,993.72
501182,P10007,Non-Stick Pan,Home & Kitchen,2,2026-04-02,331.24,CUST00324,India,0,0,662.48
502675,P10019,Face Serum,Beauty & Personal Care,3,2026-06-16,1312.41,CUST00753,United Kingdom,0,0,3937.23
502636,P10009,Cotton Bedsheet Set,Home & Kitchen,1,2025-12-11,1519.89,CUST00748,India,0,0,1519.89
501601,P10035,Whiteboard Marker Set,Stationery & Office,1,2026-05-03,808.92,CUST00448,United States,0,0,808.92
501278,P10030,Cycling Gloves,Sports & Outdoors,1,2025-01-31,820.52,CUST00343,India,0,0,820.52
501375,P10012,Storage Organizer,Home & Kitchen,4,2025-05-17,1268.9,CUST00377,Germany,0,0,5075.6
500034,P10007,Non-Stick Pan,Home & Kitchen,1,2026-01-13,331.24,CUST00016,India,0,0,331.24
502949,P10015,Running Shoes,Apparel,2,2025-11-01,980.3,CUST00824,India,0,0,1960.6
500535,P10003,Phone Case,Electronics,1,2026-01-21,1049.71,CUST00169,India,0,0,1049.71
500972,P10035,Whiteboard Marker Set,Stationery & Office,1,2025-10-19,808.92,CUST00272,United States,0,0,808.92
502083,P10002,Bluetooth Speaker,Electronics,2,2026-01-19,2723.88,CUST00579,India,0,0,5447.76
503021,P10032,Gel Pen Pack,Stationery & Office,5,2025-01-19,687.3,,India,1,0,3436.5
501121,P10033,Desk Organizer,Stationery & Office,2,2025-12-19,67.73,CUST00311,India,0,0,135.46
502213,P10032,Gel Pen Pack,Stationery & Office,4,2026-01-18,687.3,,Germany,1,0,2749.2
501305,P10015,Running Shoes,Apparel,-3,2026-01-19,980.3,CUST00353,United Kingdom,0,1,-2940.9
500410,P10021,Lip Balm Set,Beauty & Personal Care,3,2025-07-09,652.97,CUST00138,United States,0,0,1958.91
501924,P10011,Ceramic Mug Set,Home & Kitchen,2,2025-08-24,1993.94,CUST00539,India,0,0,3987.88
502628,P10018,Yoga Pants,Apparel,3,2025-11-24,608.28,CUST00743,United States,0,0,1824.84
502722,P10013,Cotton T-Shirt,Apparel,5,2025-09-29,1190.46,CUST00763,India,0,0,5952.3
500096,P10029,Badminton Racket,Sports & Outdoors,5,2025-03-12,274.87,CUST00038,India,0,0,1374.35
502766,P10012,Storage Organizer,Home & Kitchen,4,2025-12-06,1268.9,CUST00779,United States,0,0,5075.6
502426,P10020,Herbal Shampoo,Beauty & Personal Care,1,2025-10-01,1426.26,CUST00698,United Kingdom,0,0,1426.26
501404,P10014,Denim Jacket,Apparel,5,2025-08-17,1048.3,CUST00392,India,0,0,5241.5
500917,P10032,Gel Pen Pack,Stationery & Office,4,2025-08-13,687.3,CUST00255,India,0,0,2749.2
502159,P10014,Denim Jacket,Apparel,1,2026-05-04,1048.3,CUST00587,India,0,0,1048.3
501011,P10011,Ceramic Mug Set,Home & Kitchen,-1,2025-03-15,1993.94,CUST00286,India,0,1,-1993.94
502650,P10028,Camping Torch,Sports & Outdoors,3,2026-01-31,2043.99,CUST00751,India,0,0,6131.97
500897,P10004,USB-C Cable,Electronics,4,2025-06-30,3182.97,CUST00245,India,0,0,12731.88
500477,P10026,Resistance Bands Set,Sports & Outdoors,4,2025-08-18,636.23,CUST00159,India,0,0,2544.92
501557,P10012,Storage Organizer,Home & Kitchen,3,2026-04-10,1268.9,CUST00442,Singapore,0,0,3806.7
501397,P10020,Herbal Shampoo,Beauty & Personal Care,3,2025-05-17,1426.26,CUST00388,India,0,0,4278.78
501869,P10018,Yoga Pants,Apparel,5,2025-11-26,608.28,CUST00524,Germany,0,0,3041.4
500413,P10024,Beard Trimmer,Beauty & Personal Care,3,2025-05-07,700.79,CUST00138,United States,0,0,2102.37
500078,P10021,Lip Balm Set,Beauty & Personal Care,4,2025-04-15,652.97,CUST00035,Singapore,0,0,2611.88
500974,P10007,Non-Stick Pan,Home & Kitchen,4,2025-06-20,331.24,,United States,1,0,1324.96
501320,P10014,Denim Jacket,Apparel,5,2025-04-01,1048.3,CUST00355,India,0,0,5241.5
501571,P10004,USB-C Cable,Electronics,4,2025-01-14,3182.97,CUST00448,United States,0,0,12731.88
500582,P10007,Non-Stick Pan,Home & Kitchen,5,2026-02-05,331.24,CUST00176,India,0,0,1656.2
500877,P10018,Yoga Pants,Apparel,3,2025-12-01,608.28,CUST00236,United States,0,0,1824.84
502910,P10025,Yoga Mat,Sports & Outdoors,4,2025-10-20,270.08,CUST00813,India,0,0,1080.32
500781,P10007,Non-Stick Pan,Home & Kitchen,5,2025-07-23,331.24,CUST00218,United States,0,0,1656.2
501299,P10011,Ceramic Mug Set,Home & Kitchen,4,2025-04-29,1993.94,CUST00353,United Kingdom,0,0,7975.76
501292,P10017,Formal Shirt,Apparel,5,2025-09-21,562.91,CUST00350,United Kingdom,0,0,2814.55
501893,P10007,Non-Stick Pan,Home & Kitchen,-2,2026-04-28,331.24,CUST00533,Singapore,0,1,-662.48
501271,P10027,Water Bottle Sipper,Sports & Outdoors,4,2025-09-29,2203.72,CUST00343,India,0,0,8814.88
500618,P10006,Smartwatch Band,Electronics,2,2026-05-16,990.13,CUST00189,India,0,0,1980.26
501941,P10017,Formal Shirt,Apparel,2,2025-08-28,562.91,CUST00540,India,0,0,1125.82
500852,P10026,Resistance Bands Set,Sports & Outdoors,1,2026-06-29,636.23,CUST00232,India,0,0,636.23
500626,P10014,Denim Jacket,Apparel,1,2026-04-16,1048.3,CUST00189,India,0,0,1048.3
502830,P10020,Herbal Shampoo,Beauty & Personal Care,5,2025-07-29,1426.26,CUST00787,United Kingdom,0,0,7131.3
500013,P10009,Cotton Bedsheet Set,Home & Kitchen,5,2026-02-01,1519.89,CUST00006,India,0,0,7599.45
502747,P10034,Sticky Notes Pack,Stationery & Office,4,2025-12-07,147.9,CUST00773,India,0,0,591.6
501606,P10021,Lip Balm Set,Beauty & Personal Care,2,2026-05-15,652.97,CUST00448,United States,0,0,1305.94
501126,P10013,Cotton T-Shirt,Apparel,2,2025-05-19,1190.46,CUST00312,India,0,0,2380.92
500790,P10026,Resistance Bands Set,Sports & Outdoors,5,2026-01-27,636.23,CUST00219,United Kingdom,0,0,3181.15
500282,P10011,Ceramic Mug Set,Home & Kitchen,5,2025-08-04,1993.94,,India,1,0,9969.7
500782,P10024,Beard Trimmer,Beauty & Personal Care,1,2025-09-28,700.79,CUST00218,United States,0,0,700.79
502457,P10006,Smartwatch Band,Electronics,1,2026-02-17,990.13,CUST00700,India,0,0,990.13
501194,P10002,Bluetooth Speaker,Electronics,1,2025-11-22,2723.88,CUST00324,India,0,0,2723.88
502446,P10028,Camping Torch,Sports & Outdoors,2,2026-06-04,2043.99,CUST00699,India,0,0,4087.98
501750,P10019,Face Serum,Beauty & Personal Care,5,2025-09-20,1312.41,CUST00485,United Kingdom,0,0,6562.05
500199,P10027,Water Bottle Sipper,Sports & Outdoors,4,2025-11-04,2203.72,CUST00074,United States,0,0,8814.88
500015,P10002,Bluetooth Speaker,Electronics,2,2026-06-20,2723.88,CUST00007,India,0,0,5447.76
500587,P10001,Wireless Earbuds,Electronics,1,2025-06-14,606.94,CUST00176,India,0,0,606.94
502219,P10018,Yoga Pants,Apparel,3,2025-03-21,608.28,CUST00619,United States,0,0,1824.84
501032,P10011,Ceramic Mug Set,Home & Kitchen,3,2025-07-20,1993.94,,India,1,0,5981.82
502020,P10031,Notebook Set,Stationery & Office,5,2026-04-06,268.52,CUST00562,India,0,0,1342.6
501008,P10023,Hair Dryer,Beauty & Personal Care,5,2025-12-22,1018.4,CUST00285,United Kingdom,0,0,5092.0
500424,P10012,Storage Organizer,Home & Kitchen,4,2026-03-25,1268.9,CUST00139,India,0,0,5075.6
502428,P10019,Face Serum,Beauty & Personal Care,3,2025-04-20,1312.41,CUST00699,India,0,0,3937.23
501498,P10017,Formal Shirt,Apparel,3,2025-12-06,562.91,CUST00424,India,0,0,1688.73
500865,P10007,Non-Stick Pan,Home & Kitchen,5,2025-05-30,331.24,CUST00236,United States,0,0,1656.2
500716,P10002,Bluetooth Speaker,Electronics,1,2025-12-31,2723.88,CUST00203,India,0,0,2723.88
500428,P10020,Herbal Shampoo,Beauty & Personal Care,5,2025-04-16,1426.26,CUST00139,India,0,0,7131.3
500242,P10027,Water Bottle Sipper,Sports & Outdoors,4,2025-06-21,2203.72,CUST00096,India,0,0,8814.88
502816,P10022,Sunscreen SPF50,Beauty & Personal Care,2,2025-08-24,514.51,CUST00782,India,0,0,1029.02
500927,P10026,Resistance Bands Set,Sports & Outdoors,3,2025-03-06,636.23,,United Kingdom,1,0,1908.69
503066,P10007,Non-Stick Pan,Home & Kitchen,3,2025-06-21,331.24,CUST00842,United Kingdom,0,0,993.72
502340,P10022,Sunscreen SPF50,Beauty & Personal Care,2,2026-05-04,514.51,CUST00664,India,0,0,1029.02
500804,P10027,Water Bottle Sipper,Sports & Outdoors,1,2025-09-19,2203.72,CUST00219,United Kingdom,0,0,2203.72
502914,P10029,Badminton Racket,Sports & Outdoors,3,2025-10-30,274.87,CUST00813,India,0,0,824.61
501188,P10008,LED Desk Lamp,Home & Kitchen,2,2025-01-19,1311.15,CUST00324,India,0,0,2622.3
500243,P10029,Badminton Racket,Sports & Outdoors,1,2025-08-12,274.87,CUST00096,India,0,0,274.87
502102,P10014,Denim Jacket,Apparel,4,2025-03-06,1048.3,CUST00579,India,0,0,4193.2
501396,P10025,Yoga Mat,Sports & Outdoors,2,2025-05-06,270.08,CUST00387,India,0,0,540.16
500297,P10033,Desk Organizer,Stationery & Office,3,2025-05-14,67.73,CUST00116,Germany,0,0,203.19
502330,P10001,Wireless Earbuds,Electronics,5,2025-11-28,606.94,CUST00659,United Kingdom,0,0,3034.7
502012,P10036,Backpack,Stationery & Office,1,2026-02-04,218.62,CUST00559,United States,0,0,218.62
500378,P10026,Resistance Bands Set,Sports & Outdoors,1,2025-07-25,636.23,CUST00130,India,0,0,636.23
502094,P10006,Smartwatch Band,Electronics,3,2025-10-31,990.13,CUST00579,India,0,0,2970.39
502263,P10027,Water Bottle Sipper,Sports & Outdoors,5,2026-04-05,2203.72,CUST00634,India,0,0,11018.6
500807,P10012,Storage Organizer,Home & Kitchen,3,2025-07-05,1268.9,CUST00219,United Kingdom,0,0,3806.7
500131,P10006,Smartwatch Band,Electronics,4,2025-08-14,990.13,CUST00047,India,0,0,3960.52
502733,P10011,Ceramic Mug Set,Home & Kitchen,4,2025-05-09,1993.94,CUST00769,India,0,0,7975.76
501638,P10030,Cycling Gloves,Sports & Outdoors,3,2025-10-08,820.52,CUST00452,United Kingdom,0,0,2461.56
502072,P10030,Cycling Gloves,Sports & Outdoors,4,2025-02-07,820.52,CUST00576,Uae,0,0,3282.08
501872,P10003,Phone Case,Electronics,4,2025-09-06,1049.71,CUST00524,Germany,0,0,4198.84
501609,P10015,Running Shoes,Apparel,2,2025-06-25,980.3,CUST00448,United States,0,0,1960.6
500619,P10005,Power Bank 10000mAh,Electronics,2,2026-01-11,1034.93,CUST00189,India,0,0,2069.86
502928,P10017,Formal Shirt,Apparel,2,2026-06-09,562.91,CUST00815,Germany,0,0,1125.82
500220,P10028,Camping Torch,Sports & Outdoors,3,2025-09-26,2043.99,CUST00086,India,0,0,6131.97
500577,P10024,Beard Trimmer,Beauty & Personal Care,2,2026-04-01,700.79,CUST00176,India,0,0,1401.58
500208,P10031,Notebook Set,Stationery & Office,2,2026-01-10,268.52,CUST00080,India,0,0,537.04
501744,P10033,Desk Organizer,Stationery & Office,5,2026-04-05,67.73,CUST00482,United Kingdom,0,0,338.65
500272,P10002,Bluetooth Speaker,Electronics,4,2026-05-04,2723.88,,India,1,0,10895.52
500101,P10003,Phone Case,Electronics,5,2025-06-23,1049.71,CUST00042,India,0,0,5248.55
500675,P10005,Power Bank 10000mAh,Electronics,2,2025-12-07,1034.93,CUST00199,Germany,0,0,2069.86
502824,P10023,Hair Dryer,Beauty & Personal Care,4,2025-11-15,1018.4,CUST00786,Uae,0,0,4073.6
500271,P10014,Denim Jacket,Apparel,4,2025-11-08,1048.3,CUST00108,United States,0,0,4193.2
501191,P10008,LED Desk Lamp,Home & Kitchen,5,2026-04-28,1311.15,CUST00324,India,0,0,6555.75
500157,P10009,Cotton Bedsheet Set,Home & Kitchen,1,2026-06-15,1519.89,CUST00058,India,0,0,1519.89
501894,P10024,Beard Trimmer,Beauty & Personal Care,1,2025-04-02,700.79,CUST00534,United Kingdom,0,0,700.79
502823,P10019,Face Serum,Beauty & Personal Care,1,2025-01-07,1312.41,CUST00785,India,0,0,1312.41
502319,P10028,Camping Torch,Sports & Outdoors,1,2025-01-17,2043.99,CUST00659,United Kingdom,0,0,2043.99
500432,P10028,Camping Torch,Sports & Outdoors,3,2025-09-07,2043.99,CUST00139,India,0,0,6131.97
501734,P10036,Backpack,Stationery & Office,2,2025-10-02,218.62,,Singapore,1,0,437.24
502358,P10021,Lip Balm Set,Beauty & Personal Care,3,2025-04-20,652.97,CUST00667,India,0,0,1958.91
500246,P10002,Bluetooth Speaker,Electronics,5,2025-01-25,2723.88,CUST00097,India,0,0,13619.4
502176,P10005,Power Bank 10000mAh,Electronics,4,2025-07-25,1034.93,CUST00593,India,0,0,4139.72
500615,P10035,Whiteboard Marker Set,Stationery & Office,3,2025-07-30,808.92,CUST00189,India,0,0,2426.76
503017,P10010,Insulated Water Bottle,Home & Kitchen,5,2026-03-15,396.84,CUST00833,India,0,0,1984.2
502385,P10006,Smartwatch Band,Electronics,2,2025-08-30,990.13,CUST00677,India,0,0,1980.26
502004,P10026,Resistance Bands Set,Sports & Outdoors,4,2025-02-05,636.23,CUST00555,Germany,0,0,2544.92
500361,P10023,Hair Dryer,Beauty & Personal Care,2,2025-06-19,1018.4,CUST00127,United States,0,0,2036.8
501661,P10021,Lip Balm Set,Beauty & Personal Care,1,2026-04-26,652.97,CUST00463,United States,0,0,652.97
502138,P10023,Hair Dryer,Beauty & Personal Care,2,2025-04-26,1018.4,CUST00581,India,0,0,2036.8
500931,P10009,Cotton Bedsheet Set,Home & Kitchen,3,2025-04-20,1519.89,CUST00260,India,0,0,4559.67
500286,P10016,Wool Sweater,Apparel,3,2025-02-09,1250.39,CUST00113,Uae,0,0,3751.17
501682,P10003,Phone Case,Electronics,-4,2025-02-20,1049.71,CUST00463,United States,0,1,-4198.84
501470,P10018,Yoga Pants,Apparel,5,2026-03-07,608.28,CUST00416,India,0,0,3041.4
502177,P10004,USB-C Cable,Electronics,2,2025-06-02,3182.97,CUST00593,India,0,0,6365.94
500894,P10001,Wireless Earbuds,Electronics,3,2025-06-19,606.94,CUST00244,India,0,0,1820.82
502402,P10031,Notebook Set,Stationery & Office,2,2026-05-24,268.52,CUST00685,Uae,0,0,537.04
501493,P10016,Wool Sweater,Apparel,5,2025-05-22,1250.39,CUST00422,United States,0,0,6251.95
502127,P10035,Whiteboard Marker Set,Stationery & Office,1,2025-01-30,808.92,CUST00581,India,0,0,808.92
501145,P10006,Smartwatch Band,Electronics,2,2026-01-20,990.13,CUST00315,Germany,0,0,1980.26
501262,P10009,Cotton Bedsheet Set,Home & Kitchen,2,2025-08-09,1519.89,CUST00343,India,0,0,3039.78
500965,P10008,LED Desk Lamp,Home & Kitchen,5,2025-03-11,1311.15,CUST00269,India,0,0,6555.75
501491,P10021,Lip Balm Set,Beauty & Personal Care,4,2026-01-26,652.97,CUST00421,United States,0,0,2611.88
502845,P10035,Whiteboard Marker Set,Stationery & Office,-2,2026-05-14,808.92,CUST00791,India,0,1,-1617.84
500140,P10001,Wireless Earbuds,Electronics,2,2025-04-12,606.94,CUST00051,Singapore,0,0,1213.88
501363,P10033,Desk Organizer,Stationery & Office,5,2026-03-10,67.73,CUST00370,India,0,0,338.65
503060,P10017,Formal Shirt,Apparel,4,2025-12-27,562.91,CUST00842,United Kingdom,0,0,2251.64
501799,P10006,Smartwatch Band,Electronics,2,2025-07-13,990.13,CUST00497,United Kingdom,0,0,1980.26
501140,P10019,Face Serum,Beauty & Personal Care,4,2025-07-27,1312.41,CUST00313,India,0,0,5249.64
502476,P10029,Badminton Racket,Sports & Outdoors,4,2026-03-03,274.87,CUST00706,Singapore,0,0,1099.48
500198,P10015,Running Shoes,Apparel,2,2025-01-12,980.3,CUST00073,India,0,0,1960.6
500012,P10003,Phone Case,Electronics,3,2026-01-19,1049.71,CUST00006,India,0,0,3149.13
501688,P10018,Yoga Pants,Apparel,3,2026-06-10,608.28,,United Kingdom,1,0,1824.84
501036,P10007,Non-Stick Pan,Home & Kitchen,3,2026-03-18,331.24,CUST00290,United Kingdom,0,0,993.72
500248,P10029,Badminton Racket,Sports & Outdoors,5,2025-08-08,274.87,CUST00099,India,0,0,1374.35
501487,P10024,Beard Trimmer,Beauty & Personal Care,1,2025-12-16,700.79,CUST00420,United States,0,0,700.79
502559,P10011,Ceramic Mug Set,Home & Kitchen,4,2025-08-24,1993.94,CUST00731,India,0,0,7975.76
502421,P10011,Ceramic Mug Set,Home & Kitchen,3,2026-01-19,1993.94,CUST00695,India,0,0,5981.82
500040,P10009,Cotton Bedsheet Set,Home & Kitchen,4,2025-03-12,1519.89,CUST00020,India,0,0,6079.56
502763,P10011,Ceramic Mug Set,Home & Kitchen,2,2025-05-24,1993.94,CUST00779,United States,0,0,3987.88
501455,P10004,USB-C Cable,Electronics,3,2025-11-20,3182.97,CUST00409,Uae,0,0,9548.91
503041,P10011,Ceramic Mug Set,Home & Kitchen,5,2026-04-17,1993.94,,United Kingdom,1,0,9969.7
501184,P10004,USB-C Cable,Electronics,5,2025-09-23,3182.97,CUST00324,India,0,0,15914.85
500895,P10036,Backpack,Stationery & Office,3,2025-04-05,218.62,CUST00245,India,0,0,655.86
502959,P10030,Cycling Gloves,Sports & Outdoors,5,2025-05-24,820.52,CUST00830,India,0,0,4102.6
502225,P10034,Sticky Notes Pack,Stationery & Office,3,2025-04-13,147.9,CUST00623,India,0,0,443.7
501053,P10017,Formal Shirt,Apparel,3,2025-05-01,562.91,CUST00295,India,0,0,1688.73
500706,P10009,Cotton Bedsheet Set,Home & Kitchen,5,2025-10-27,1519.89,CUST00203,India,0,0,7599.45
502954,P10004,USB-C Cable,Electronics,1,2025-12-10,3182.97,CUST00827,India,0,0,3182.97
501267,P10018,Yoga Pants,Apparel,-5,2025-10-14,608.28,,India,1,1,-3041.4
500840,P10001,Wireless Earbuds,Electronics,3,2025-03-30,606.94,CUST00225,India,0,0,1820.82
500603,P10027,Water Bottle Sipper,Sports & Outdoors,2,2025-08-06,2203.72,CUST00180,India,0,0,4407.44
500187,P10025,Yoga Mat,Sports & Outdoors,-2,2026-03-10,270.08,CUST00068,United States,0,1,-540.16
502811,P10002,Bluetooth Speaker,Electronics,2,2025-01-18,2723.88,CUST00782,India,0,0,5447.76
502264,P10014,Denim Jacket,Apparel,5,2026-06-08,1048.3,CUST00634,India,0,0,5241.5
502674,P10022,Sunscreen SPF50,Beauty & Personal Care,-4,2025-03-29,514.51,CUST00753,United Kingdom,0,1,-2058.04
502509,P10014,Denim Jacket,Apparel,5,2025-05-27,1048.3,CUST00709,India,0,0,5241.5
502118,P10020,Herbal Shampoo,Beauty & Personal Care,3,2025-09-11,1426.26,CUST00579,India,0,0,4278.78
500681,P10030,Cycling Gloves,Sports & Outdoors,5,2026-03-26,820.52,CUST00199,Germany,0,0,4102.6
502082,P10023,Hair Dryer,Beauty & Personal Care,5,2025-08-21,1018.4,CUST00579,India,0,0,5092.0
503048,P10005,Power Bank 10000mAh,Electronics,3,2026-04-11,1034.93,CUST00842,United Kingdom,0,0,3104.79
500633,P10032,Gel Pen Pack,Stationery & Office,2,2025-03-06,687.3,CUST00189,India,0,0,1374.6
501690,P10033,Desk Organizer,Stationery & Office,1,2025-01-30,67.73,,Singapore,1,0,67.73
500064,P10032,Gel Pen Pack,Stationery & Office,3,2026-01-31,687.3,CUST00032,India,0,0,2061.9
501950,P10009,Cotton Bedsheet Set,Home & Kitchen,4,2025-04-24,1519.89,CUST00540,India,0,0,6079.56
501184,P10009,Cotton Bedsheet Set,Home & Kitchen,5,2025-09-23,1519.89,CUST00324,India,0,0,7599.45
502294,P10006,Smartwatch Band,Electronics,3,2025-07-16,990.13,CUST00645,India,0,0,2970.39
501003,P10011,Ceramic Mug Set,Home & Kitchen,1,2025-07-13,1993.94,CUST00282,India,0,0,1993.94
500967,P10022,Sunscreen SPF50,Beauty & Personal Care,5,2025-11-01,514.51,CUST00270,India,0,0,2572.55
500892,P10033,Desk Organizer,Stationery & Office,3,2025-10-01,67.73,CUST00242,Uae,0,0,203.19
501752,P10005,Power Bank 10000mAh,Electronics,5,2025-07-05,1034.93,CUST00485,United Kingdom,0,0,5174.65
501704,P10013,Cotton T-Shirt,Apparel,2,2025-06-03,1190.46,CUST00470,Singapore,0,0,2380.92
501074,P10013,Cotton T-Shirt,Apparel,1,2025-01-11,1190.46,CUST00299,United Kingdom,0,0,1190.46
502724,P10004,USB-C Cable,Electronics,3,2026-05-12,3182.97,CUST00763,India,0,0,9548.91
502481,P10022,Sunscreen SPF50,Beauty & Personal Care,5,2025-01-21,514.51,CUST00706,Singapore,0,0,2572.55
500650,P10025,Yoga Mat,Sports & Outdoors,2,2025-07-04,270.08,CUST00194,United Kingdom,0,0,540.16
502787,P10015,Running Shoes,Apparel,3,2025-09-30,980.3,CUST00779,United States,0,0,2940.9
500027,P10016,Wool Sweater,Apparel,5,2025-10-09,1250.39,CUST00012,Singapore,0,0,6251.95
500587,P10035,Whiteboard Marker Set,Stationery & Office,5,2025-06-14,808.92,CUST00176,India,0,0,4044.6
500351,P10024,Beard Trimmer,Beauty & Personal Care,4,2025-06-01,700.79,CUST00126,India,0,0,2803.16
500925,P10005,Power Bank 10000mAh,Electronics,3,2026-05-15,1034.93,CUST00258,United Kingdom,0,0,3104.79
502033,P10010,Insulated Water Bottle,Home & Kitchen,4,2025-04-23,396.84,CUST00563,India,0,0,1587.36
502965,P10016,Wool Sweater,Apparel,2,2026-01-11,1250.39,CUST00830,India,0,0,2500.78
501012,P10006,Smartwatch Band,Electronics,3,2025-03-27,990.13,CUST00286,India,0,0,2970.39
503082,P10035,Whiteboard Marker Set,Stationery & Office,4,2026-05-11,808.92,CUST00842,United Kingdom,0,0,3235.68
502457,P10015,Running Shoes,Apparel,-5,2026-02-17,980.3,CUST00700,India,0,1,-4901.5
500827,P10022,Sunscreen SPF50,Beauty & Personal Care,1,2025-05-11,514.51,CUST00219,United Kingdom,0,0,514.51
502900,P10019,Face Serum,Beauty & Personal Care,3,2025-05-04,1312.41,CUST00806,United States,0,0,3937.23
501534,P10024,Beard Trimmer,Beauty & Personal Care,3,2025-06-05,700.79,CUST00438,Germany,0,0,2102.37
502814,P10013,Cotton T-Shirt,Apparel,4,2025-12-15,1190.46,CUST00782,India,0,0,4761.84
502989,P10022,Sunscreen SPF50,Beauty & Personal Care,4,2025-01-21,514.51,CUST00830,India,0,0,2058.04
500152,P10032,Gel Pen Pack,Stationery & Office,3,2025-03-27,687.3,CUST00055,United Kingdom,0,0,2061.9
502598,P10027,Water Bottle Sipper,Sports & Outdoors,5,2025-04-22,2203.72,CUST00732,United States,0,0,11018.6
500231,P10015,Running Shoes,Apparel,3,2025-03-16,980.3,CUST00088,United Kingdom,0,0,2940.9
502292,P10032,Gel Pen Pack,Stationery & Office,3,2026-01-09,687.3,CUST00644,India,0,0,2061.9
501158,P10002,Bluetooth Speaker,Electronics,2,2025-07-27,2723.88,CUST00321,India,0,0,5447.76
502730,P10035,Whiteboard Marker Set,Stationery & Office,4,2026-06-23,808.92,CUST00766,United Kingdom,0,0,3235.68
501212,P10020,Herbal Shampoo,Beauty & Personal Care,3,2026-02-13,1426.26,CUST00328,United Kingdom,0,0,4278.78
500728,P10008,LED Desk Lamp,Home & Kitchen,5,2025-01-17,1311.15,,United Kingdom,1,0,6555.75
503002,P10017,Formal Shirt,Apparel,4,2026-05-10,562.91,CUST00830,India,0,0,2251.64
501828,P10004,USB-C Cable,Electronics,3,2025-09-30,3182.97,CUST00503,India,0,0,9548.91
500554,P10015,Running Shoes,Apparel,2,2026-05-03,980.3,CUST00169,India,0,0,1960.6
501619,P10007,Non-Stick Pan,Home & Kitchen,3,2025-10-13,331.24,CUST00449,India,0,0,993.72
501853,P10011,Ceramic Mug Set,Home & Kitchen,4,2025-12-01,1993.94,CUST00518,United States,0,0,7975.76
502362,P10032,Gel Pen Pack,Stationery & Office,1,2026-04-07,687.3,CUST00668,India,0,0,687.3
502259,P10010,Insulated Water Bottle,Home & Kitchen,4,2025-02-23,396.84,CUST00632,Germany,0,0,1587.36
502611,P10002,Bluetooth Speaker,Electronics,3,2026-01-23,2723.88,CUST00738,United States,0,0,8171.64
502851,P10001,Wireless Earbuds,Electronics,3,2026-04-14,606.94,,India,1,0,1820.82
502486,P10033,Desk Organizer,Stationery & Office,2,2025-11-30,67.73,CUST00706,Singapore,0,0,135.46
501878,P10022,Sunscreen SPF50,Beauty & Personal Care,3,2026-06-08,514.51,CUST00528,India,0,0,1543.53
502519,P10015,Running Shoes,Apparel,1,2025-07-05,980.3,,India,1,0,980.3
500860,P10008,LED Desk Lamp,Home & Kitchen,3,2025-10-11,1311.15,CUST00235,India,0,0,3933.45
500347,P10025,Yoga Mat,Sports & Outdoors,2,2025-11-25,270.08,CUST00126,India,0,0,540.16
500484,P10006,Smartwatch Band,Electronics,2,2025-12-07,990.13,CUST00163,United Kingdom,0,0,1980.26
502224,P10036,Backpack,Stationery & Office,2,2025-05-18,218.62,CUST00622,India,0,0,437.24
500462,P10027,Water Bottle Sipper,Sports & Outdoors,3,2025-06-20,2203.72,CUST00152,India,0,0,6611.16
500973,P10019,Face Serum,Beauty & Personal Care,3,2026-02-19,1312.41,CUST00272,United States,0,0,3937.23
500113,P10026,Resistance Bands Set,Sports & Outdoors,5,2025-11-25,636.23,CUST00047,India,0,0,3181.15
502353,P10025,Yoga Mat,Sports & Outdoors,3,2025-03-27,270.08,CUST00665,India,0,0,810.24
502238,P10020,Herbal Shampoo,Beauty & Personal Care,5,2025-10-08,1426.26,CUST00627,India,0,0,7131.3
502013,P10015,Running Shoes,Apparel,2,2025-07-23,980.3,CUST00559,United States,0,0,1960.6
500708,P10013,Cotton T-Shirt,Apparel,4,2025-08-11,1190.46,CUST00203,India,0,0,4761.84
501893,P10020,Herbal Shampoo,Beauty & Personal Care,-4,2026-04-28,1426.26,CUST00533,Singapore,0,1,-5705.04
501760,P10012,Storage Organizer,Home & Kitchen,2,2025-11-29,1268.9,CUST00485,United Kingdom,0,0,2537.8
500294,P10026,Resistance Bands Set,Sports & Outdoors,2,2026-04-22,636.23,CUST00113,Uae,0,0,1272.46
501567,P10034,Sticky Notes Pack,Stationery & Office,2,2025-04-13,147.9,CUST00446,Uae,0,0,295.8
501886,P10011,Ceramic Mug Set,Home & Kitchen,2,2025-06-04,1993.94,CUST00530,Germany,0,0,3987.88
502239,P10011,Ceramic Mug Set,Home & Kitchen,5,2025-04-26,1993.94,CUST00627,India,0,0,9969.7
502308,P10028,Camping Torch,Sports & Outdoors,3,2025-04-01,2043.99,CUST00654,United States,0,0,6131.97
501402,P10036,Backpack,Stationery & Office,4,2026-06-09,218.62,CUST00392,India,0,0,874.48
502310,P10019,Face Serum,Beauty & Personal Care,3,2025-02-27,1312.41,CUST00655,India,0,0,3937.23
501518,P10013,Cotton T-Shirt,Apparel,3,2026-03-08,1190.46,CUST00430,India,0,0,3571.38
500880,P10009,Cotton Bedsheet Set,Home & Kitchen,5,2026-04-14,1519.89,CUST00237,India,0,0,7599.45
500068,P10020,Herbal Shampoo,Beauty & Personal Care,1,2026-06-23,1426.26,CUST00032,India,0,0,1426.26
502493,P10030,Cycling Gloves,Sports & Outdoors,5,2025-11-14,820.52,CUST00706,Singapore,0,0,4102.6
500889,P10007,Non-Stick Pan,Home & Kitchen,3,2025-10-24,331.24,CUST00240,India,0,0,993.72
500474,P10007,Non-Stick Pan,Home & Kitchen,3,2026-04-23,331.24,CUST00159,India,0,0,993.72
502310,P10008,LED Desk Lamp,Home & Kitchen,2,2025-02-27,1311.15,CUST00655,India,0,0,2622.3
500815,P10021,Lip Balm Set,Beauty & Personal Care,5,2025-02-14,652.97,CUST00219,United Kingdom,0,0,3264.85
501708,P10033,Desk Organizer,Stationery & Office,-1,2026-03-05,67.73,CUST00470,Singapore,0,1,-67.73
501625,P10025,Yoga Mat,Sports & Outdoors,4,2026-01-14,270.08,CUST00449,India,0,0,1080.32
502667,P10018,Yoga Pants,Apparel,5,2025-08-06,608.28,CUST00753,United Kingdom,0,0,3041.4
502037,P10031,Notebook Set,Stationery & Office,2,2026-04-28,268.52,CUST00564,India,0,0,537.04
502595,P10002,Bluetooth Speaker,Electronics,3,2025-05-22,2723.88,CUST00731,India,0,0,8171.64
500617,P10032,Gel Pen Pack,Stationery & Office,5,2025-11-18,687.3,CUST00189,India,0,0,3436.5
500979,P10009,Cotton Bedsheet Set,Home & Kitchen,5,2025-02-09,1519.89,CUST00273,Germany,0,0,7599.45
502737,P10027,Water Bottle Sipper,Sports & Outdoors,2,2025-04-22,2203.72,CUST00770,Germany,0,0,4407.44
500727,P10024,Beard Trimmer,Beauty & Personal Care,3,2026-04-27,700.79,CUST00205,United Kingdom,0,0,2102.37
500435,P10010,Insulated Water Bottle,Home & Kitchen,3,2025-07-06,396.84,CUST00141,Singapore,0,0,1190.52
501210,P10020,Herbal Shampoo,Beauty & Personal Care,4,2025-09-17,1426.26,CUST00328,United Kingdom,0,0,5705.04
501393,P10030,Cycling Gloves,Sports & Outdoors,5,2025-11-27,820.52,CUST00387,India,0,0,4102.6
502437,P10003,Phone Case,Electronics,4,2025-04-29,1049.71,CUST00699,India,0,0,4198.84
500370,P10025,Yoga Mat,Sports & Outdoors,3,2026-04-17,270.08,CUST00129,India,0,0,810.24
502922,P10023,Hair Dryer,Beauty & Personal Care,1,2025-01-14,1018.4,CUST00814,Uae,0,0,1018.4
502860,P10027,Water Bottle Sipper,Sports & Outdoors,5,2025-12-01,2203.72,CUST00796,Germany,0,0,11018.6
501838,P10005,Power Bank 10000mAh,Electronics,3,2026-05-11,1034.93,CUST00510,United States,0,0,3104.79
502418,P10017,Formal Shirt,Apparel,4,2025-03-27,562.91,CUST00693,India,0,0,2251.64
501088,P10001,Wireless Earbuds,Electronics,1,2026-04-12,606.94,CUST00302,India,0,0,606.94
502258,P10031,Notebook Set,Stationery & Office,-4,2025-04-22,268.52,CUST00632,Germany,0,1,-1074.08
503002,P10028,Camping Torch,Sports & Outdoors,1,2026-05-10,2043.99,CUST00830,India,0,0,2043.99
502504,P10021,Lip Balm Set,Beauty & Personal Care,1,2025-12-19,652.97,CUST00706,Singapore,0,0,652.97
502063,P10010,Insulated Water Bottle,Home & Kitchen,3,2025-09-04,396.84,CUST00571,India,0,0,1190.52
502551,P10014,Denim Jacket,Apparel,5,2026-03-26,1048.3,CUST00730,India,0,0,5241.5
500496,P10031,Notebook Set,Stationery & Office,4,2025-04-16,268.52,CUST00165,India,0,0,1074.08
502531,P10022,Sunscreen SPF50,Beauty & Personal Care,1,2025-03-04,514.51,CUST00722,India,0,0,514.51
500307,P10027,Water Bottle Sipper,Sports & Outdoors,3,2026-05-06,2203.72,CUST00118,India,0,0,6611.16
500932,P10025,Yoga Mat,Sports & Outdoors,4,2026-01-16,270.08,CUST00260,India,0,0,1080.32
503007,P10036,Backpack,Stationery & Office,5,2026-02-15,218.62,CUST00832,India,0,0,1093.1
501219,P10025,Yoga Mat,Sports & Outdoors,3,2026-05-12,270.08,CUST00332,United States,0,0,810.24
500624,P10001,Wireless Earbuds,Electronics,3,2026-06-09,606.94,CUST00189,India,0,0,1820.82
500935,P10017,Formal Shirt,Apparel,3,2025-02-19,562.91,CUST00261,United Kingdom,0,0,1688.73
501951,P10033,Desk Organizer,Stationery & Office,3,2025-11-08,67.73,CUST00541,Uae,0,0,203.19
500575,P10031,Notebook Set,Stationery & Office,4,2025-04-10,268.52,CUST00176,India,0,0,1074.08
502062,P10008,LED Desk Lamp,Home & Kitchen,5,2025-09-02,1311.15,CUST00571,India,0,0,6555.75
502421,P10012,Storage Organizer,Home & Kitchen,4,2026-01-19,1268.9,CUST00695,India,0,0,5075.6
502502,P10031,Notebook Set,Stationery & Office,5,2026-01-13,268.52,CUST00706,Singapore,0,0,1342.6
501618,P10015,Running Shoes,Apparel,4,2026-02-28,980.3,CUST00449,India,0,0,3921.2
500788,P10008,LED Desk Lamp,Home & Kitchen,1,2026-03-11,1311.15,CUST00219,United Kingdom,0,0,1311.15
501681,P10017,Formal Shirt,Apparel,-5,2026-04-26,562.91,CUST00463,United States,0,1,-2814.55
502631,P10007,Non-Stick Pan,Home & Kitchen,3,2026-05-09,331.24,CUST00745,India,0,0,993.72
501010,P10035,Whiteboard Marker Set,Stationery & Office,2,2026-01-24,808.92,CUST00286,India,0,0,1617.84
501349,P10008,LED Desk Lamp,Home & Kitchen,4,2026-05-05,1311.15,CUST00363,India,0,0,5244.6
502286,P10022,Sunscreen SPF50,Beauty & Personal Care,5,2025-12-22,514.51,CUST00641,India,0,0,2572.55
501429,P10013,Cotton T-Shirt,Apparel,2,2025-05-19,1190.46,CUST00392,India,0,0,2380.92
500182,P10009,Cotton Bedsheet Set,Home & Kitchen,4,2026-03-22,1519.89,CUST00066,India,0,0,6079.56
502986,P10026,Resistance Bands Set,Sports & Outdoors,1,2025-01-07,636.23,CUST00830,India,0,0,636.23
502616,P10024,Beard Trimmer,Beauty & Personal Care,5,2025-07-22,700.79,CUST00738,United States,0,0,3503.95
501224,P10021,Lip Balm Set,Beauty & Personal Care,2,2025-03-29,652.97,CUST00335,India,0,0,1305.94
502105,P10018,Yoga Pants,Apparel,5,2025-05-28,608.28,,India,1,0,3041.4
503014,P10031,Notebook Set,Stationery & Office,1,2025-02-20,268.52,CUST00833,India,0,0,268.52
501303,P10001,Wireless Earbuds,Electronics,2,2025-04-28,606.94,CUST00353,United Kingdom,0,0,1213.88
501672,P10011,Ceramic Mug Set,Home & Kitchen,5,2025-01-15,1993.94,CUST00463,United States,0,0,9969.7
500201,P10022,Sunscreen SPF50,Beauty & Personal Care,1,2025-04-07,514.51,CUST00074,United States,0,0,514.51
500873,P10013,Cotton T-Shirt,Apparel,3,2025-08-16,1190.46,CUST00236,United States,0,0,3571.38
502581,P10014,Denim Jacket,Apparel,3,2025-01-20,1048.3,CUST00731,India,0,0,3144.9
502544,P10008,LED Desk Lamp,Home & Kitchen,4,2026-06-04,1311.15,CUST00726,Germany,0,0,5244.6
502662,P10025,Yoga Mat,Sports & Outdoors,5,2025-09-18,270.08,CUST00753,United Kingdom,0,0,1350.4
500523,P10021,Lip Balm Set,Beauty & Personal Care,2,2025-06-30,652.97,CUST00169,India,0,0,1305.94
503088,P10026,Resistance Bands Set,Sports & Outdoors,5,2025-09-25,636.23,CUST00842,United Kingdom,0,0,3181.15
500167,P10036,Backpack,Stationery & Office,4,2025-02-22,218.62,CUST00062,India,0,0,874.48
502921,P10033,Desk Organizer,Stationery & Office,4,2025-01-11,67.73,CUST00814,Uae,0,0,270.92
502812,P10024,Beard Trimmer,Beauty & Personal Care,4,2025-10-24,700.79,CUST00782,India,0,0,2803.16
500787,P10002,Bluetooth Speaker,Electronics,3,2026-02-04,2723.88,CUST00219,United Kingdom,0,0,8171.64
501972,P10034,Sticky Notes Pack,Stationery & Office,4,2025-06-09,147.9,CUST00545,United Kingdom,0,0,591.6
500897,P10007,Non-Stick Pan,Home & Kitchen,1,2025-06-30,331.24,CUST00245,India,0,0,331.24
502614,P10015,Running Shoes,Apparel,2,2025-10-23,980.3,CUST00738,United States,0,0,1960.6
501495,P10023,Hair Dryer,Beauty & Personal Care,3,2026-04-30,1018.4,CUST00422,United States,0,0,3055.2
501570,P10003,Phone Case,Electronics,5,2025-12-03,1049.71,CUST00448,United States,0,0,5248.55
500314,P10021,Lip Balm Set,Beauty & Personal Care,2,2025-06-30,652.97,CUST00121,United States,0,0,1305.94
500398,P10031,Notebook Set,Stationery & Office,2,2026-05-23,268.52,CUST00137,India,0,0,537.04
501712,P10035,Whiteboard Marker Set,Stationery & Office,4,2025-09-01,808.92,CUST00471,India,0,0,3235.68
501143,P10030,Cycling Gloves,Sports & Outdoors,1,2025-10-20,820.52,CUST00314,Singapore,0,0,820.52
501155,P10033,Desk Organizer,Stationery & Office,4,2025-09-20,67.73,CUST00320,India,0,0,270.92
500176,P10010,Insulated Water Bottle,Home & Kitchen,2,2025-09-02,396.84,CUST00063,Germany,0,0,793.68
502769,P10016,Wool Sweater,Apparel,3,2025-06-27,1250.39,CUST00779,United States,0,0,3751.17
502864,P10034,Sticky Notes Pack,Stationery & Office,3,2026-01-28,147.9,CUST00796,Germany,0,0,443.7
500157,P10028,Camping Torch,Sports & Outdoors,-5,2026-06-15,2043.99,CUST00058,India,0,1,-10219.95
502738,P10004,USB-C Cable,Electronics,1,2026-01-14,3182.97,CUST00770,Germany,0,0,3182.97
501803,P10020,Herbal Shampoo,Beauty & Personal Care,1,2025-07-08,1426.26,CUST00497,United Kingdom,0,0,1426.26
500571,P10009,Cotton Bedsheet Set,Home & Kitchen,4,2025-11-07,1519.89,CUST00175,United Kingdom,0,0,6079.56
503044,P10010,Insulated Water Bottle,Home & Kitchen,-4,2026-05-31,396.84,CUST00842,United Kingdom,0,1,-1587.36
500594,P10018,Yoga Pants,Apparel,1,2025-03-26,608.28,CUST00176,India,0,0,608.28
502496,P10008,LED Desk Lamp,Home & Kitchen,5,2025-02-01,1311.15,CUST00706,Singapore,0,0,6555.75
502822,P10014,Denim Jacket,Apparel,4,2025-05-01,1048.3,CUST00784,India,0,0,4193.2
501723,P10014,Denim Jacket,Apparel,5,2025-03-18,1048.3,CUST00475,India,0,0,5241.5
502626,P10017,Formal Shirt,Apparel,1,2026-02-27,562.91,CUST00742,India,0,0,562.91
502284,P10009,Cotton Bedsheet Set,Home & Kitchen,2,2026-03-04,1519.89,CUST00639,India,0,0,3039.78
500484,P10032,Gel Pen Pack,Stationery & Office,4,2025-12-07,687.3,CUST00163,United Kingdom,0,0,2749.2
501112,P10028,Camping Torch,Sports & Outdoors,3,2025-05-02,2043.99,CUST00311,India,0,0,6131.97
500796,P10019,Face Serum,Beauty & Personal Care,2,2025-12-18,1312.41,CUST00219,United Kingdom,0,0,2624.82
501004,P10019,Face Serum,Beauty & Personal Care,1,2026-05-15,1312.41,CUST00282,India,0,0,1312.41
500263,P10003,Phone Case,Electronics,4,2025-06-20,1049.71,CUST00105,Uae,0,0,4198.84
502752,P10033,Desk Organizer,Stationery & Office,1,2025-03-30,67.73,CUST00776,India,0,0,67.73
501911,P10029,Badminton Racket,Sports & Outdoors,5,2025-06-27,274.87,CUST00539,India,0,0,1374.35
501125,P10012,Storage Organizer,Home & Kitchen,3,2026-03-04,1268.9,CUST00312,India,0,0,3806.7
502018,P10016,Wool Sweater,Apparel,3,2025-01-03,1250.39,CUST00561,United States,0,0,3751.17
502320,P10018,Yoga Pants,Apparel,5,2025-12-22,608.28,CUST00659,United Kingdom,0,0,3041.4
501531,P10012,Storage Organizer,Home & Kitchen,1,2025-04-04,1268.9,CUST00437,India,0,0,1268.9
502787,P10007,Non-Stick Pan,Home & Kitchen,1,2025-09-30,331.24,CUST00779,United States,0,0,331.24
500619,P10020,Herbal Shampoo,Beauty & Personal Care,2,2026-01-11,1426.26,CUST00189,India,0,0,2852.52
500022,P10028,Camping Torch,Sports & Outdoors,4,2026-01-17,2043.99,CUST00010,United States,0,0,8175.96
503059,P10018,Yoga Pants,Apparel,2,2025-12-13,608.28,CUST00842,United Kingdom,0,0,1216.56
500720,P10003,Phone Case,Electronics,4,2026-01-17,1049.71,CUST00203,India,0,0,4198.84
500435,P10022,Sunscreen SPF50,Beauty & Personal Care,5,2025-07-06,514.51,CUST00141,Singapore,0,0,2572.55
501366,P10025,Yoga Mat,Sports & Outdoors,5,2025-09-06,270.08,CUST00372,India,0,0,1350.4
501333,P10002,Bluetooth Speaker,Electronics,3,2026-01-08,2723.88,CUST00358,United Kingdom,0,0,8171.64
500749,P10034,Sticky Notes Pack,Stationery & Office,3,2025-10-04,147.9,CUST00213,United Kingdom,0,0,443.7
502729,P10036,Backpack,Stationery & Office,5,2025-08-03,218.62,CUST00765,India,0,0,1093.1
502362,P10019,Face Serum,Beauty & Personal Care,1,2026-04-07,1312.41,CUST00668,India,0,0,1312.41
502507,P10013,Cotton T-Shirt,Apparel,5,2025-02-03,1190.46,CUST00708,United States,0,0,5952.3
500945,P10019,Face Serum,Beauty & Personal Care,1,2026-01-12,1312.41,CUST00264,India,0,0,1312.41
502941,P10034,Sticky Notes Pack,Stationery & Office,3,2026-03-18,147.9,CUST00818,India,0,0,443.7
501674,P10002,Bluetooth Speaker,Electronics,3,2025-09-30,2723.88,CUST00463,United States,0,0,8171.64
501933,P10005,Power Bank 10000mAh,Electronics,4,2025-12-18,1034.93,CUST00539,India,0,0,4139.72
500673,P10022,Sunscreen SPF50,Beauty & Personal Care,5,2025-01-24,514.51,CUST00198,Germany,0,0,2572.55
501505,P10027,Water Bottle Sipper,Sports & Outdoors,1,2025-05-03,2203.72,CUST00426,India,0,0,2203.72
501100,P10021,Lip Balm Set,Beauty & Personal Care,1,2025-03-17,652.97,CUST00310,India,0,0,652.97
502870,P10033,Desk Organizer,Stationery & Office,4,2025-01-17,67.73,,Germany,1,0,270.92
501948,P10011,Ceramic Mug Set,Home & Kitchen,3,2025-06-18,1993.94,CUST00540,India,0,0,5981.82
501146,P10016,Wool Sweater,Apparel,5,2025-03-24,1250.39,CUST00315,Germany,0,0,6251.95
500168,P10011,Ceramic Mug Set,Home & Kitchen,5,2025-07-21,1993.94,CUST00062,India,0,0,9969.7
502093,P10030,Cycling Gloves,Sports & Outdoors,2,2025-10-30,820.52,CUST00579,India,0,0,1641.04
500623,P10010,Insulated Water Bottle,Home & Kitchen,3,2025-02-01,396.84,CUST00189,India,0,0,1190.52
501430,P10023,Hair Dryer,Beauty & Personal Care,3,2026-03-10,1018.4,CUST00393,India,0,0,3055.2
501413,P10030,Cycling Gloves,Sports & Outdoors,4,2026-05-13,820.52,CUST00392,India,0,0,3282.08
503030,P10018,Yoga Pants,Apparel,5,2025-06-04,608.28,CUST00833,India,0,0,3041.4
501098,P10017,Formal Shirt,Apparel,1,2026-02-02,562.91,CUST00308,India,0,0,562.91
502633,P10006,Smartwatch Band,Electronics,5,2025-10-20,990.13,CUST00746,Germany,0,0,4950.65
500072,P10036,Backpack,Stationery & Office,4,2025-09-05,218.62,CUST00032,India,0,0,874.48
501107,P10032,Gel Pen Pack,Stationery & Office,2,2026-05-12,687.3,CUST00311,India,0,0,1374.6
502860,P10034,Sticky Notes Pack,Stationery & Office,5,2025-12-01,147.9,CUST00796,Germany,0,0,739.5
501776,P10022,Sunscreen SPF50,Beauty & Personal Care,1,2026-05-23,514.51,CUST00490,Germany,0,0,514.51
501076,P10022,Sunscreen SPF50,Beauty & Personal Care,3,2025-12-07,514.51,CUST00300,India,0,0,1543.53
501169,P10028,Camping Torch,Sports & Outdoors,2,2025-03-24,2043.99,CUST00324,India,0,0,4087.98
501861,P10003,Phone Case,Electronics,2,2025-04-04,1049.71,CUST00521,United Kingdom,0,0,2099.42
502572,P10015,Running Shoes,Apparel,3,2025-11-15,980.3,CUST00731,India,0,0,2940.9
502919,P10006,Smartwatch Band,Electronics,1,2025-06-10,990.13,CUST00813,India,0,0,990.13
502144,P10035,Whiteboard Marker Set,Stationery & Office,2,2026-05-10,808.92,,India,1,0,1617.84
502296,P10036,Backpack,Stationery & Office,4,2026-04-14,218.62,CUST00646,Germany,0,0,874.48
502611,P10015,Running Shoes,Apparel,3,2026-01-23,980.3,,United States,1,0,2940.9
502988,P10029,Badminton Racket,Sports & Outdoors,5,2025-01-27,274.87,CUST00830,India,0,0,1374.35
502619,P10022,Sunscreen SPF50,Beauty & Personal Care,2,2025-04-19,514.51,CUST00738,United States,0,0,1029.02
501979,P10003,Phone Case,Electronics,4,2025-01-27,1049.71,CUST00549,India,0,0,4198.84
500494,P10024,Beard Trimmer,Beauty & Personal Care,1,2026-04-12,700.79,CUST00165,India,0,0,700.79
502016,P10018,Yoga Pants,Apparel,3,2026-05-06,608.28,CUST00560,United Kingdom,0,0,1824.84
500374,P10013,Cotton T-Shirt,Apparel,4,2026-01-28,1190.46,CUST00130,India,0,0,4761.84
501322,P10035,Whiteboard Marker Set,Stationery & Office,4,2026-03-16,808.92,CUST00356,United Kingdom,0,0,3235.68
500696,P10035,Whiteboard Marker Set,Stationery & Office,3,2025-10-09,808.92,CUST00203,India,0,0,2426.76
501607,P10017,Formal Shirt,Apparel,5,2025-09-10,562.91,CUST00448,United States,0,0,2814.55
500802,P10025,Yoga Mat,Sports & Outdoors,3,2025-01-17,270.08,CUST00219,United Kingdom,0,0,810.24
502740,P10021,Lip Balm Set,Beauty & Personal Care,1,2026-01-10,652.97,CUST00770,Germany,0,0,652.97
500384,P10013,Cotton T-Shirt,Apparel,1,2025-12-16,1190.46,CUST00133,India,0,0,1190.46
501630,P10034,Sticky Notes Pack,Stationery & Office,5,2025-10-03,147.9,CUST00449,India,0,0,739.5
500133,P10033,Desk Organizer,Stationery & Office,5,2025-05-27,67.73,CUST00047,India,0,0,338.65
502132,P10027,Water Bottle Sipper,Sports & Outdoors,2,2025-05-24,2203.72,CUST00581,India,0,0,4407.44
501405,P10022,Sunscreen SPF50,Beauty & Personal Care,3,2026-04-08,514.51,CUST00392,India,0,0,1543.53
501105,P10014,Denim Jacket,Apparel,2,2025-08-11,1048.3,CUST00310,India,0,0,2096.6
502563,P10022,Sunscreen SPF50,Beauty & Personal Care,2,2025-04-04,514.51,CUST00731,India,0,0,1029.02
502832,P10004,USB-C Cable,Electronics,2,2025-01-12,3182.97,CUST00787,United Kingdom,0,0,6365.94
503073,P10035,Whiteboard Marker Set,Stationery & Office,4,2025-03-02,808.92,CUST00842,United Kingdom,0,0,3235.68
502809,P10021,Lip Balm Set,Beauty & Personal Care,3,2025-08-25,652.97,CUST00782,India,0,0,1958.91
502591,P10004,USB-C Cable,Electronics,3,2025-09-03,3182.97,CUST00731,India,0,0,9548.91
500236,P10008,LED Desk Lamp,Home & Kitchen,4,2026-02-01,1311.15,CUST00092,United States,0,0,5244.6
501487,P10006,Smartwatch Band,Electronics,3,2025-12-16,990.13,CUST00420,United States,0,0,2970.39
501313,P10004,USB-C Cable,Electronics,1,2025-03-17,3182.97,CUST00353,United Kingdom,0,0,3182.97
500927,P10020,Herbal Shampoo,Beauty & Personal Care,4,2025-03-06,1426.26,CUST00259,United Kingdom,0,0,5705.04
501779,P10006,Smartwatch Band,Electronics,3,2025-02-16,990.13,CUST00490,Germany,0,0,2970.39
501600,P10013,Cotton T-Shirt,Apparel,4,2026-04-24,1190.46,CUST00448,United States,0,0,4761.84
502290,P10007,Non-Stick Pan,Home & Kitchen,2,2026-04-04,331.24,CUST00643,India,0,0,662.48
503047,P10014,Denim Jacket,Apparel,2,2026-01-09,1048.3,CUST00842,United Kingdom,0,0,2096.6
500481,P10004,USB-C Cable,Electronics,4,2025-12-24,3182.97,CUST00160,United States,0,0,12731.88
500025,P10020,Herbal Shampoo,Beauty & Personal Care,2,2025-10-23,1426.26,CUST00012,Singapore,0,0,2852.52
501004,P10026,Resistance Bands Set,Sports & Outdoors,1,2026-05-15,636.23,CUST00282,India,0,0,636.23
502867,P10005,Power Bank 10000mAh,Electronics,4,2026-05-10,1034.93,CUST00796,Germany,0,0,4139.72
501474,P10025,Yoga Mat,Sports & Outdoors,4,2026-01-23,270.08,CUST00416,India,0,0,1080.32
502951,P10002,Bluetooth Speaker,Electronics,2,2025-08-13,2723.88,CUST00825,India,0,0,5447.76
500771,P10036,Backpack,Stationery & Office,5,2025-08-18,218.62,CUST00217,India,0,0,1093.1
501021,P10007,Non-Stick Pan,Home & Kitchen,3,2025-12-24,331.24,CUST00286,India,0,0,993.72
500666,P10013,Cotton T-Shirt,Apparel,3,2025-05-12,1190.46,CUST00196,India,0,0,3571.38
500970,P10020,Herbal Shampoo,Beauty & Personal Care,3,2025-11-25,1426.26,CUST00271,United States,0,0,4278.78
502198,P10033,Desk Organizer,Stationery & Office,3,2025-01-24,67.73,CUST00607,India,0,0,203.19
500135,P10011,Ceramic Mug Set,Home & Kitchen,4,2025-08-15,1993.94,CUST00047,India,0,0,7975.76
500532,P10001,Wireless Earbuds,Electronics,1,2025-08-28,606.94,CUST00169,India,0,0,606.94
502612,P10028,Camping Torch,Sports & Outdoors,3,2025-06-15,2043.99,CUST00738,United States,0,0,6131.97
500745,P10019,Face Serum,Beauty & Personal Care,4,2025-10-09,1312.41,CUST00211,India,0,0,5249.64
502636,P10006,Smartwatch Band,Electronics,-4,2025-12-11,990.13,CUST00748,India,0,1,-3960.52
500037,P10014,Denim Jacket,Apparel,3,2025-04-11,1048.3,CUST00018,India,0,0,3144.9
502119,P10014,Denim Jacket,Apparel,3,2025-11-13,1048.3,CUST00579,India,0,0,3144.9
502987,P10035,Whiteboard Marker Set,Stationery & Office,2,2025-06-01,808.92,CUST00830,India,0,0,1617.84
501207,P10012,Storage Organizer,Home & Kitchen,5,2025-06-24,1268.9,CUST00326,United States,0,0,6344.5
500382,P10011,Ceramic Mug Set,Home & Kitchen,5,2026-04-20,1993.94,,India,1,0,9969.7
500621,P10029,Badminton Racket,Sports & Outdoors,1,2026-05-20,274.87,CUST00189,India,0,0,274.87
502981,P10002,Bluetooth Speaker,Electronics,5,2025-09-17,2723.88,CUST00830,India,0,0,13619.4
502528,P10018,Yoga Pants,Apparel,3,2025-09-30,608.28,CUST00720,United States,0,0,1824.84
502216,P10033,Desk Organizer,Stationery & Office,5,2026-02-18,67.73,CUST00616,Uae,0,0,338.65
500876,P10019,Face Serum,Beauty & Personal Care,4,2025-06-08,1312.41,CUST00236,United States,0,0,5249.64
500443,P10005,Power Bank 10000mAh,Electronics,5,2026-01-07,1034.93,CUST00142,India,0,0,5174.65
502677,P10017,Formal Shirt,Apparel,2,2025-06-09,562.91,CUST00753,United Kingdom,0,0,1125.82
501176,P10007,Non-Stick Pan,Home & Kitchen,4,2025-07-28,331.24,CUST00324,India,0,0,1324.96
502906,P10010,Insulated Water Bottle,Home & Kitchen,1,2025-07-17,396.84,,Germany,1,0,396.84
500239,P10022,Sunscreen SPF50,Beauty & Personal Care,4,2026-06-03,514.51,CUST00094,United Kingdom,0,0,2058.04
501992,P10006,Smartwatch Band,Electronics,2,2025-10-03,990.13,CUST00555,Germany,0,0,1980.26
502855,P10004,USB-C Cable,Electronics,5,2026-06-02,3182.97,CUST00796,Germany,0,0,15914.85
502865,P10019,Face Serum,Beauty & Personal Care,3,2025-03-26,1312.41,CUST00796,Germany,0,0,3937.23
500060,P10015,Running Shoes,Apparel,4,2025-09-24,980.3,CUST00029,United Kingdom,0,0,3921.2
502921,P10036,Backpack,Stationery & Office,1,2025-01-11,218.62,CUST00814,Uae,0,0,218.62
501110,P10005,Power Bank 10000mAh,Electronics,5,2025-02-07,1034.93,CUST00311,India,0,0,5174.65
500875,P10022,Sunscreen SPF50,Beauty & Personal Care,1,2026-02-09,514.51,CUST00236,United States,0,0,514.51
502637,P10023,Hair Dryer,Beauty & Personal Care,1,2026-05-24,1018.4,CUST00748,India,0,0,1018.4
502746,P10004,USB-C Cable,Electronics,3,2025-09-20,3182.97,CUST00772,Germany,0,0,9548.91
500473,P10010,Insulated Water Bottle,Home & Kitchen,4,2025-02-10,396.84,CUST00158,United States,0,0,1587.36
502370,P10006,Smartwatch Band,Electronics,1,2025-08-07,990.13,CUST00672,Germany,0,0,990.13
501387,P10032,Gel Pen Pack,Stationery & Office,5,2025-11-16,687.3,CUST00385,United States,0,0,3436.5
501136,P10005,Power Bank 10000mAh,Electronics,4,2026-03-28,1034.93,CUST00312,India,0,0,4139.72
501074,P10010,Insulated Water Bottle,Home & Kitchen,3,2025-01-11,396.84,CUST00299,United Kingdom,0,0,1190.52
501979,P10022,Sunscreen SPF50,Beauty & Personal Care,2,2025-01-27,514.51,CUST00549,India,0,0,1029.02
500469,P10017,Formal Shirt,Apparel,2,2025-11-22,562.91,CUST00156,India,0,0,1125.82
502843,P10030,Cycling Gloves,Sports & Outdoors,5,2025-02-09,820.52,CUST00789,India,0,0,4102.6
501132,P10025,Yoga Mat,Sports & Outdoors,4,2025-08-16,270.08,CUST00312,India,0,0,1080.32
501584,P10015,Running Shoes,Apparel,3,2026-04-10,980.3,CUST00448,United States,0,0,2940.9
501712,P10025,Yoga Mat,Sports & Outdoors,5,2025-09-01,270.08,CUST00471,India,0,0,1350.4
500529,P10033,Desk Organizer,Stationery & Office,5,2025-12-12,67.73,CUST00169,India,0,0,338.65
502361,P10025,Yoga Mat,Sports & Outdoors,5,2026-04-30,270.08,CUST00668,India,0,0,1350.4
502588,P10031,Notebook Set,Stationery & Office,2,2026-03-07,268.52,CUST00731,India,0,0,537.04
502546,P10011,Ceramic Mug Set,Home & Kitchen,4,2026-01-14,1993.94,CUST00727,India,0,0,7975.76
500446,P10031,Notebook Set,Stationery & Office,4,2025-04-15,268.52,CUST00144,India,0,0,1074.08
500831,P10012,Storage Organizer,Home & Kitchen,5,2025-01-01,1268.9,CUST00222,United Kingdom,0,0,6344.5
501880,P10020,Herbal Shampoo,Beauty & Personal Care,3,2025-11-10,1426.26,CUST00529,India,0,0,4278.78
500599,P10008,LED Desk Lamp,Home & Kitchen,3,2026-03-08,1311.15,CUST00177,United Kingdom,0,0,3933.45
501929,P10009,Cotton Bedsheet Set,Home & Kitchen,4,2025-03-09,1519.89,CUST00539,India,0,0,6079.56
500440,P10001,Wireless Earbuds,Electronics,4,2026-02-20,606.94,CUST00142,India,0,0,2427.76
500636,P10035,Whiteboard Marker Set,Stationery & Office,-4,2026-05-25,808.92,CUST00189,India,0,1,-3235.68
501557,P10017,Formal Shirt,Apparel,1,2026-04-10,562.91,CUST00442,Singapore,0,0,562.91
502961,P10002,Bluetooth Speaker,Electronics,5,2025-03-16,2723.88,CUST00830,India,0,0,13619.4
501585,P10001,Wireless Earbuds,Electronics,1,2026-01-03,606.94,CUST00448,United States,0,0,606.94
501995,P10018,Yoga Pants,Apparel,5,2025-06-15,608.28,CUST00555,Germany,0,0,3041.4
500104,P10015,Running Shoes,Apparel,3,2025-11-24,980.3,CUST00044,Uae,0,0,2940.9
500992,P10021,Lip Balm Set,Beauty & Personal Care,1,2025-03-01,652.97,CUST00278,United Kingdom,0,0,652.97
501136,P10020,Herbal Shampoo,Beauty & Personal Care,3,2026-03-28,1426.26,CUST00312,India,0,0,4278.78
501358,P10015,Running Shoes,Apparel,5,2026-05-12,980.3,CUST00367,Singapore,0,0,4901.5
501172,P10024,Beard Trimmer,Beauty & Personal Care,4,2026-06-22,700.79,CUST00324,India,0,0,2803.16
501947,P10001,Wireless Earbuds,Electronics,2,2026-01-16,606.94,CUST00540,India,0,0,1213.88
501224,P10008,LED Desk Lamp,Home & Kitchen,3,2025-03-29,1311.15,CUST00335,India,0,0,3933.45
502307,P10016,Wool Sweater,Apparel,4,2026-01-18,1250.39,CUST00653,United Kingdom,0,0,5001.56
502233,P10018,Yoga Pants,Apparel,5,2026-04-04,608.28,CUST00625,United Kingdom,0,0,3041.4
502551,P10028,Camping Torch,Sports & Outdoors,4,2026-03-26,2043.99,CUST00730,India,0,0,8175.96
501596,P10034,Sticky Notes Pack,Stationery & Office,3,2025-07-20,147.9,CUST00448,United States,0,0,443.7
500662,P10031,Notebook Set,Stationery & Office,2,2025-08-30,268.52,CUST00195,India,0,0,537.04
502612,P10022,Sunscreen SPF50,Beauty & Personal Care,2,2025-06-15,514.51,CUST00738,United States,0,0,1029.02
500518,P10021,Lip Balm Set,Beauty & Personal Care,4,2025-07-06,652.97,CUST00169,India,0,0,2611.88
500957,P10019,Face Serum,Beauty & Personal Care,3,2025-05-02,1312.41,CUST00266,United States,0,0,3937.23
501795,P10002,Bluetooth Speaker,Electronics,5,2025-12-24,2723.88,CUST00497,United Kingdom,0,0,13619.4
500735,P10020,Herbal Shampoo,Beauty & Personal Care,2,2026-03-18,1426.26,CUST00205,United Kingdom,0,0,2852.52
502283,P10020,Herbal Shampoo,Beauty & Personal Care,4,2025-01-19,1426.26,CUST00639,India,0,0,5705.04
501914,P10011,Ceramic Mug Set,Home & Kitchen,2,2025-08-12,1993.94,CUST00539,India,0,0,3987.88
502200,P10003,Phone Case,Electronics,4,2026-05-07,1049.71,CUST00609,India,0,0,4198.84
501066,P10016,Wool Sweater,Apparel,1,2025-01-31,1250.39,CUST00298,India,0,0,1250.39
500516,P10014,Denim Jacket,Apparel,1,2025-05-09,1048.3,CUST00169,India,0,0,1048.3
503014,P10013,Cotton T-Shirt,Apparel,1,2025-02-20,1190.46,CUST00833,India,0,0,1190.46
500326,P10018,Yoga Pants,Apparel,2,2026-05-20,608.28,CUST00126,India,0,0,1216.56
501411,P10012,Storage Organizer,Home & Kitchen,2,2026-06-12,1268.9,CUST00392,India,0,0,2537.8
501348,P10007,Non-Stick Pan,Home & Kitchen,5,2025-11-21,331.24,CUST00363,India,0,0,1656.2
500928,P10023,Hair Dryer,Beauty & Personal Care,3,2025-12-21,1018.4,CUST00260,India,0,0,3055.2
502907,P10005,Power Bank 10000mAh,Electronics,2,2025-04-30,1034.93,CUST00813,India,0,0,2069.86
501828,P10031,Notebook Set,Stationery & Office,4,2025-09-30,268.52,CUST00503,India,0,0,1074.08
502136,P10005,Power Bank 10000mAh,Electronics,2,2025-10-19,1034.93,CUST00581,India,0,0,2069.86
502401,P10028,Camping Torch,Sports & Outdoors,-4,2026-04-27,2043.99,CUST00685,Uae,0,1,-8175.96
502240,P10003,Phone Case,Electronics,2,2025-09-14,1049.71,CUST00627,India,0,0,2099.42
501127,P10015,Running Shoes,Apparel,3,2026-03-06,980.3,CUST00312,India,0,0,2940.9
500393,P10006,Smartwatch Band,Electronics,-3,2025-05-23,990.13,CUST00135,Uae,0,1,-2970.39
501840,P10031,Notebook Set,Stationery & Office,3,2026-02-06,268.52,CUST00510,United States,0,0,805.56
502503,P10009,Cotton Bedsheet Set,Home & Kitchen,5,2025-06-25,1519.89,CUST00706,Singapore,0,0,7599.45
501928,P10025,Yoga Mat,Sports & Outdoors,1,2025-09-11,270.08,CUST00539,India,0,0,270.08
502913,P10025,Yoga Mat,Sports & Outdoors,2,2025-04-12,270.08,,India,1,0,540.16
500417,P10017,Formal Shirt,Apparel,4,2025-10-03,562.91,CUST00138,United States,0,0,2251.64
503106,P10030,Cycling Gloves,Sports & Outdoors,5,2026-02-18,820.52,CUST00850,United Kingdom,0,0,4102.6
500557,P10015,Running Shoes,Apparel,5,2025-01-13,980.3,CUST00169,India,0,0,4901.5
500974,P10008,LED Desk Lamp,Home & Kitchen,1,2025-06-20,1311.15,CUST00272,United States,0,0,1311.15
500810,P10016,Wool Sweater,Apparel,5,2026-06-22,1250.39,CUST00219,United Kingdom,0,0,6251.95
502958,P10011,Ceramic Mug Set,Home & Kitchen,5,2025-07-19,1993.94,CUST00829,United States,0,0,9969.7
502672,P10006,Smartwatch Band,Electronics,4,2025-12-27,990.13,CUST00753,United Kingdom,0,0,3960.52
502340,P10003,Phone Case,Electronics,1,2026-05-04,1049.71,,India,1,0,1049.71
501614,P10012,Storage Organizer,Home & Kitchen,2,2025-03-03,1268.9,CUST00448,United States,0,0,2537.8
500416,P10034,Sticky Notes Pack,Stationery & Office,2,2025-09-15,147.9,CUST00138,United States,0,0,295.8
500143,P10008,LED Desk Lamp,Home & Kitchen,2,2025-06-24,1311.15,CUST00052,United States,0,0,2622.3
502922,P10002,Bluetooth Speaker,Electronics,5,2025-01-14,2723.88,CUST00814,Uae,0,0,13619.4
501054,P10021,Lip Balm Set,Beauty & Personal Care,5,2025-06-10,652.97,CUST00295,India,0,0,3264.85
501631,P10014,Denim Jacket,Apparel,1,2026-02-22,1048.3,CUST00449,India,0,0,1048.3
502212,P10002,Bluetooth Speaker,Electronics,3,2025-02-04,2723.88,CUST00614,India,0,0,8171.64
500456,P10021,Lip Balm Set,Beauty & Personal Care,2,2025-04-19,652.97,CUST00150,India,0,0,1305.94
501390,P10026,Resistance Bands Set,Sports & Outdoors,5,2025-04-26,636.23,CUST00386,United States,0,0,3181.15
502099,P10004,USB-C Cable,Electronics,1,2026-05-15,3182.97,CUST00579,India,0,0,3182.97
502514,P10014,Denim Jacket,Apparel,2,2025-02-01,1048.3,CUST00712,United Kingdom,0,0,2096.6
500354,P10032,Gel Pen Pack,Stationery & Office,3,2026-02-03,687.3,CUST00126,India,0,0,2061.9
500225,P10017,Formal Shirt,Apparel,4,2025-08-19,562.91,CUST00086,India,0,0,2251.64
500577,P10022,Sunscreen SPF50,Beauty & Personal Care,2,2026-04-01,514.51,CUST00176,India,0,0,1029.02
502282,P10019,Face Serum,Beauty & Personal Care,3,2025-01-31,1312.41,CUST00638,India,0,0,3937.23
502380,P10007,Non-Stick Pan,Home & Kitchen,2,2025-03-20,331.24,CUST00674,India,0,0,662.48
500355,P10005,Power Bank 10000mAh,Electronics,5,2026-03-14,1034.93,CUST00126,India,0,0,5174.65
503032,P10008,LED Desk Lamp,Home & Kitchen,3,2026-03-09,1311.15,CUST00833,India,0,0,3933.45
500976,P10022,Sunscreen SPF50,Beauty & Personal Care,2,2026-06-03,514.51,CUST00272,United States,0,0,1029.02
501968,P10017,Formal Shirt,Apparel,4,2025-06-15,562.91,CUST00544,United Kingdom,0,0,2251.64
501432,P10027,Water Bottle Sipper,Sports & Outdoors,5,2025-06-19,2203.72,CUST00394,United States,0,0,11018.6
501324,P10018,Yoga Pants,Apparel,1,2026-01-27,608.28,CUST00356,United Kingdom,0,0,608.28
502326,P10027,Water Bottle Sipper,Sports & Outdoors,1,2026-03-21,2203.72,CUST00659,United Kingdom,0,0,2203.72
500089,P10025,Yoga Mat,Sports & Outdoors,1,2025-06-14,270.08,CUST00037,India,0,0,270.08
502701,P10007,Non-Stick Pan,Home & Kitchen,3,2026-03-15,331.24,CUST00754,India,0,0,993.72
501403,P10020,Herbal Shampoo,Beauty & Personal Care,1,2025-01-06,1426.26,CUST00392,India,0,0,1426.26
500116,P10032,Gel Pen Pack,Stationery & Office,3,2026-04-26,687.3,CUST00047,India,0,0,2061.9
500914,P10001,Wireless Earbuds,Electronics,3,2026-05-19,606.94,CUST00253,Germany,0,0,1820.82
502153,P10009,Cotton Bedsheet Set,Home & Kitchen,5,2025-02-09,1519.89,CUST00585,United Kingdom,0,0,7599.45
501870,P10024,Beard Trimmer,Beauty & Personal Care,5,2025-05-11,700.79,CUST00524,Germany,0,0,3503.95
502856,P10020,Herbal Shampoo,Beauty & Personal Care,2,2025-04-01,1426.26,CUST00796,Germany,0,0,2852.52
501747,P10008,LED Desk Lamp,Home & Kitchen,1,2026-05-07,1311.15,CUST00483,India,0,0,1311.15
503017,P10019,Face Serum,Beauty & Personal Care,4,2026-03-15,1312.41,CUST00833,India,0,0,5249.64
500057,P10027,Water Bottle Sipper,Sports & Outdoors,4,2026-04-28,2203.72,CUST00027,India,0,0,8814.88
500384,P10013,Cotton T-Shirt,Apparel,3,2025-12-16,1190.46,CUST00133,India,0,0,3571.38
502932,P10009,Cotton Bedsheet Set,Home & Kitchen,4,2026-04-28,1519.89,CUST00815,Germany,0,0,6079.56
502478,P10029,Badminton Racket,Sports & Outdoors,4,2025-04-09,274.87,CUST00706,Singapore,0,0,1099.48
501768,P10011,Ceramic Mug Set,Home & Kitchen,3,2025-07-18,1993.94,CUST00487,India,0,0,5981.82
501037,P10033,Desk Organizer,Stationery & Office,3,2025-03-19,67.73,CUST00290,United Kingdom,0,0,203.19
503000,P10015,Running Shoes,Apparel,5,2025-04-29,980.3,CUST00830,India,0,0,4901.5
501030,P10005,Power Bank 10000mAh,Electronics,1,2026-01-17,1034.93,CUST00286,India,0,0,1034.93
501738,P10025,Yoga Mat,Sports & Outdoors,4,2025-06-01,270.08,,United Kingdom,1,0,1080.32
501622,P10036,Backpack,Stationery & Office,5,2026-04-30,218.62,CUST00449,India,0,0,1093.1
500788,P10009,Cotton Bedsheet Set,Home & Kitchen,2,2026-03-11,1519.89,CUST00219,United Kingdom,0,0,3039.78
502102,P10030,Cycling Gloves,Sports & Outdoors,4,2025-03-06,820.52,CUST00579,India,0,0,3282.08
502689,P10014,Denim Jacket,Apparel,2,2025-11-05,1048.3,CUST00753,United Kingdom,0,0,2096.6
501921,P10010,Insulated Water Bottle,Home & Kitchen,2,2025-04-18,396.84,CUST00539,India,0,0,793.68
500859,P10002,Bluetooth Speaker,Electronics,5,2025-01-30,2723.88,CUST00235,India,0,0,13619.4
502640,P10018,Yoga Pants,Apparel,3,2025-03-03,608.28,CUST00749,Uae,0,0,1824.84
501256,P10011,Ceramic Mug Set,Home & Kitchen,1,2026-03-29,1993.94,,India,1,0,1993.94
502047,P10013,Cotton T-Shirt,Apparel,4,2026-05-07,1190.46,CUST00567,India,0,0,4761.84
501430,P10014,Denim Jacket,Apparel,5,2026-03-10,1048.3,CUST00393,India,0,0,5241.5
502837,P10033,Desk Organizer,Stationery & Office,5,2025-01-12,67.73,CUST00788,India,0,0,338.65
500756,P10018,Yoga Pants,Apparel,5,2025-07-04,608.28,CUST00216,India,0,0,3041.4
500927,P10026,Resistance Bands Set,Sports & Outdoors,5,2025-03-06,636.23,CUST00259,United Kingdom,0,0,3181.15
502156,P10004,USB-C Cable,Electronics,4,2025-05-03,3182.97,CUST00586,India,0,0,12731.88
501519,P10012,Storage Organizer,Home & Kitchen,2,2025-10-17,1268.9,CUST00431,India,0,0,2537.8
501601,P10014,Denim Jacket,Apparel,5,2026-05-03,1048.3,,United States,1,0,5241.5
501858,P10012,Storage Organizer,Home & Kitchen,2,2025-06-23,1268.9,CUST00521,United Kingdom,0,0,2537.8
500591,P10009,Cotton Bedsheet Set,Home & Kitchen,2,2025-10-05,1519.89,CUST00176,India,0,0,3039.78
501149,P10008,LED Desk Lamp,Home & Kitchen,2,2025-11-07,1311.15,CUST00318,India,0,0,2622.3
500095,P10029,Badminton Racket,Sports & Outdoors,2,2025-01-27,274.87,CUST00038,India,0,0,549.74
500667,P10004,USB-C Cable,Electronics,3,2026-02-11,3182.97,,United States,1,0,9548.91
502406,P10017,Formal Shirt,Apparel,3,2026-01-06,562.91,CUST00687,United Kingdom,0,0,1688.73
502194,P10008,LED Desk Lamp,Home & Kitchen,1,2026-05-23,1311.15,CUST00603,India,0,0,1311.15
500463,P10027,Water Bottle Sipper,Sports & Outdoors,1,2026-04-07,2203.72,CUST00153,India,0,0,2203.72
500171,P10027,Water Bottle Sipper,Sports & Outdoors,4,2025-01-23,2203.72,CUST00062,India,0,0,8814.88
500675,P10013,Cotton T-Shirt,Apparel,-3,2025-12-07,1190.46,CUST00199,Germany,0,1,-3571.38
502938,P10008,LED Desk Lamp,Home & Kitchen,5,2025-12-10,1311.15,CUST00816,India,0,0,6555.75
501366,P10015,Running Shoes,Apparel,3,2025-09-06,980.3,CUST00372,India,0,0,2940.9
500216,P10012,Storage Organizer,Home & Kitchen,2,2026-01-22,1268.9,CUST00085,India,0,0,2537.8
500821,P10021,Lip Balm Set,Beauty & Personal Care,4,2025-05-11,652.97,CUST00219,United Kingdom,0,0,2611.88
502727,P10008,LED Desk Lamp,Home & Kitchen,4,2025-01-25,1311.15,CUST00764,United States,0,0,5244.6
501253,P10004,USB-C Cable,Electronics,5,2026-02-04,3182.97,CUST00342,India,0,0,15914.85
500841,P10029,Badminton Racket,Sports & Outdoors,1,2025-02-21,274.87,CUST00225,India,0,0,274.87
502539,P10031,Notebook Set,Stationery & Office,1,2026-03-24,268.52,CUST00725,United Kingdom,0,0,268.52
502166,P10023,Hair Dryer,Beauty & Personal Care,5,2026-06-26,1018.4,CUST00590,India,0,0,5092.0
501408,P10028,Camping Torch,Sports & Outdoors,2,2026-01-20,2043.99,CUST00392,India,0,0,4087.98
500582,P10010,Insulated Water Bottle,Home & Kitchen,3,2026-02-05,396.84,CUST00176,India,0,0,1190.52
501904,P10029,Badminton Racket,Sports & Outdoors,5,2025-05-05,274.87,CUST00536,Uae,0,0,1374.35
500957,P10016,Wool Sweater,Apparel,4,2025-05-02,1250.39,CUST00266,United States,0,0,5001.56
500360,P10025,Yoga Mat,Sports & Outdoors,2,2025-03-04,270.08,CUST00127,United States,0,0,540.16
501400,P10005,Power Bank 10000mAh,Electronics,3,2025-05-05,1034.93,CUST00390,United States,0,0,3104.79
500324,P10019,Face Serum,Beauty & Personal Care,4,2026-05-06,1312.41,CUST00124,India,0,0,5249.64
501286,P10028,Camping Torch,Sports & Outdoors,4,2025-12-12,2043.99,CUST00345,India,0,0,8175.96
500512,P10029,Badminton Racket,Sports & Outdoors,5,2025-07-11,274.87,CUST00168,India,0,0,1374.35
500399,P10014,Denim Jacket,Apparel,3,2025-03-13,1048.3,CUST00137,India,0,0,3144.9
501006,P10024,Beard Trimmer,Beauty & Personal Care,1,2025-06-19,700.79,CUST00284,India,0,0,700.79
502731,P10002,Bluetooth Speaker,Electronics,2,2025-08-12,2723.88,CUST00767,United States,0,0,5447.76
502672,P10022,Sunscreen SPF50,Beauty & Personal Care,5,2025-12-27,514.51,CUST00753,United Kingdom,0,0,2572.55
503003,P10015,Running Shoes,Apparel,4,2025-12-11,980.3,CUST00830,India,0,0,3921.2
500330,P10012,Storage Organizer,Home & Kitchen,2,2025-03-13,1268.9,CUST00126,India,0,0,2537.8
500501,P10004,USB-C Cable,Electronics,2,2026-06-18,3182.97,CUST00167,India,0,0,6365.94
501171,P10034,Sticky Notes Pack,Stationery & Office,5,2025-08-06,147.9,CUST00324,India,0,0,739.5
501260,P10023,Hair Dryer,Beauty & Personal Care,4,2025-09-26,1018.4,CUST00343,India,0,0,4073.6
502838,P10023,Hair Dryer,Beauty & Personal Care,3,2025-06-06,1018.4,CUST00788,India,0,0,3055.2
501284,P10013,Cotton T-Shirt,Apparel,2,2026-04-16,1190.46,CUST00345,India,0,0,2380.92
500512,P10034,Sticky Notes Pack,Stationery & Office,4,2025-07-11,147.9,CUST00168,India,0,0,591.6
501154,P10018,Yoga Pants,Apparel,5,2025-02-17,608.28,CUST00320,India,0,0,3041.4
500833,P10002,Bluetooth Speaker,Electronics,4,2025-06-18,2723.88,CUST00222,United Kingdom,0,0,10895.52
502633,P10023,Hair Dryer,Beauty & Personal Care,3,2025-10-20,1018.4,CUST00746,Germany,0,0,3055.2
500267,P10020,Herbal Shampoo,Beauty & Personal Care,4,2025-10-27,1426.26,CUST00106,India,0,0,5705.04
503005,P10001,Wireless Earbuds,Electronics,2,2026-05-03,606.94,CUST00832,India,0,0,1213.88
502848,P10033,Desk Organizer,Stationery & Office,2,2025-12-18,67.73,CUST00794,United Kingdom,0,0,135.46
500888,P10008,LED Desk Lamp,Home & Kitchen,3,2025-12-25,1311.15,CUST00239,United Kingdom,0,0,3933.45
503101,P10010,Insulated Water Bottle,Home & Kitchen,3,2026-02-20,396.84,CUST00849,India,0,0,1190.52
501123,P10017,Formal Shirt,Apparel,3,2025-11-03,562.91,CUST00311,India,0,0,1688.73
500645,P10029,Badminton Racket,Sports & Outdoors,4,2025-06-09,274.87,CUST00191,India,0,0,1099.48
500267,P10027,Water Bottle Sipper,Sports & Outdoors,5,2025-10-27,2203.72,CUST00106,India,0,0,11018.6
500422,P10001,Wireless Earbuds,Electronics,4,2026-02-16,606.94,CUST00139,India,0,0,2427.76
503084,P10009,Cotton Bedsheet Set,Home & Kitchen,4,2025-11-13,1519.89,CUST00842,United Kingdom,0,0,6079.56
502979,P10026,Resistance Bands Set,Sports & Outdoors,1,2026-05-12,636.23,CUST00830,India,0,0,636.23
501816,P10006,Smartwatch Band,Electronics,2,2025-12-18,990.13,,India,1,0,1980.26
501767,P10027,Water Bottle Sipper,Sports & Outdoors,5,2026-05-16,2203.72,CUST00487,India,0,0,11018.6
500247,P10018,Yoga Pants,Apparel,4,2025-10-08,608.28,CUST00098,India,0,0,2433.12
501455,P10034,Sticky Notes Pack,Stationery & Office,5,2025-11-20,147.9,CUST00409,Uae,0,0,739.5
501001,P10033,Desk Organizer,Stationery & Office,3,2025-12-03,67.73,CUST00281,Germany,0,0,203.19
500390,P10033,Desk Organizer,Stationery & Office,2,2025-02-22,67.73,CUST00133,India,0,0,135.46
501960,P10023,Hair Dryer,Beauty & Personal Care,-2,2026-06-22,1018.4,CUST00542,United Kingdom,0,1,-2036.8
501106,P10029,Badminton Racket,Sports & Outdoors,5,2026-01-17,274.87,CUST00311,India,0,0,1374.35
501610,P10015,Running Shoes,Apparel,2,2025-02-24,980.3,CUST00448,United States,0,0,1960.6
500614,P10004,USB-C Cable,Electronics,1,2025-01-14,3182.97,CUST00189,India,0,0,3182.97
502032,P10026,Resistance Bands Set,Sports & Outdoors,4,2025-04-17,636.23,CUST00563,India,0,0,2544.92
501574,P10017,Formal Shirt,Apparel,5,2026-04-20,562.91,CUST00448,United States,0,0,2814.55
502395,P10023,Hair Dryer,Beauty & Personal Care,5,2026-03-07,1018.4,CUST00681,United States,0,0,5092.0
501507,P10002,Bluetooth Speaker,Electronics,1,2025-11-22,2723.88,CUST00426,India,0,0,2723.88
503039,P10016,Wool Sweater,Apparel,2,2025-12-01,1250.39,CUST00839,United Kingdom,0,0,2500.78
500187,P10036,Backpack,Stationery & Office,1,2026-03-10,218.62,CUST00068,United States,0,0,218.62
501196,P10010,Insulated Water Bottle,Home & Kitchen,4,2026-02-07,396.84,CUST00324,India,0,0,1587.36
501837,P10036,Backpack,Stationery & Office,1,2025-02-04,218.62,CUST00510,United States,0,0,218.62
503009,P10036,Backpack,Stationery & Office,3,2025-09-18,218.62,CUST00833,India,0,0,655.86
500476,P10011,Ceramic Mug Set,Home & Kitchen,2,2025-05-13,1993.94,CUST00159,India,0,0,3987.88
502282,P10022,Sunscreen SPF50,Beauty & Personal Care,1,2025-01-31,514.51,CUST00638,India,0,0,514.51
500603,P10013,Cotton T-Shirt,Apparel,5,2025-08-06,1190.46,CUST00180,India,0,0,5952.3
500492,P10004,USB-C Cable,Electronics,5,2025-02-09,3182.97,CUST00165,India,0,0,15914.85
502381,P10011,Ceramic Mug Set,Home & Kitchen,4,2025-12-13,1993.94,CUST00674,India,0,0,7975.76
502671,P10015,Running Shoes,Apparel,5,2026-04-01,980.3,CUST00753,United Kingdom,0,0,4901.5
500577,P10012,Storage Organizer,Home & Kitchen,4,2026-04-01,1268.9,CUST00176,India,0,0,5075.6
501365,P10006,Smartwatch Band,Electronics,5,2025-05-29,990.13,CUST00372,India,0,0,4950.65
502091,P10006,Smartwatch Band,Electronics,4,2026-02-27,990.13,CUST00579,India,0,0,3960.52
501376,P10007,Non-Stick Pan,Home & Kitchen,1,2025-04-17,331.24,CUST00378,India,0,0,331.24
502617,P10018,Yoga Pants,Apparel,3,2025-08-10,608.28,CUST00738,United States,0,0,1824.84
500833,P10010,Insulated Water Bottle,Home & Kitchen,2,2025-06-18,396.84,CUST00222,United Kingdom,0,0,793.68
501150,P10026,Resistance Bands Set,Sports & Outdoors,5,2025-06-27,636.23,CUST00319,India,0,0,3181.15
501568,P10026,Resistance Bands Set,Sports & Outdoors,2,2025-08-17,636.23,CUST00446,Uae,0,0,1272.46
501854,P10013,Cotton T-Shirt,Apparel,4,2025-04-26,1190.46,CUST00518,United States,0,0,4761.84
501190,P10025,Yoga Mat,Sports & Outdoors,5,2025-12-29,270.08,CUST00324,India,0,0,1350.4
502821,P10034,Sticky Notes Pack,Stationery & Office,3,2025-12-08,147.9,CUST00784,India,0,0,443.7
501814,P10024,Beard Trimmer,Beauty & Personal Care,4,2025-11-15,700.79,,India,1,0,2803.16
502036,P10027,Water Bottle Sipper,Sports & Outdoors,5,2025-01-24,2203.72,CUST00564,India,0,0,11018.6
500093,P10032,Gel Pen Pack,Stationery & Office,5,2025-02-26,687.3,CUST00038,India,0,0,3436.5
502956,P10029,Badminton Racket,Sports & Outdoors,-4,2026-05-26,274.87,CUST00827,India,0,1,-1099.48
501056,P10014,Denim Jacket,Apparel,2,2025-10-14,1048.3,CUST00295,India,0,0,2096.6
500971,P10025,Yoga Mat,Sports & Outdoors,1,2025-07-24,270.08,CUST00272,United States,0,0,270.08
500636,P10007,Non-Stick Pan,Home & Kitchen,5,2026-05-25,331.24,,India,1,0,1656.2
500520,P10032,Gel Pen Pack,Stationery & Office,1,2026-02-14,687.3,CUST00169,India,0,0,687.3
500289,P10004,USB-C Cable,Electronics,3,2026-05-24,3182.97,CUST00113,Uae,0,0,9548.91
502179,P10009,Cotton Bedsheet Set,Home & Kitchen,3,2025-01-27,1519.89,CUST00594,India,0,0,4559.67
500530,P10025,Yoga Mat,Sports & Outdoors,4,2026-06-05,270.08,CUST00169,India,0,0,1080.32
501576,P10002,Bluetooth Speaker,Electronics,1,2026-03-22,2723.88,CUST00448,United States,0,0,2723.88
501334,P10026,Resistance Bands Set,Sports & Outdoors,2,2025-10-19,636.23,,United Kingdom,1,0,1272.46
502520,P10021,Lip Balm Set,Beauty & Personal Care,4,2025-04-05,652.97,CUST00714,India,0,0,2611.88
502523,P10024,Beard Trimmer,Beauty & Personal Care,2,2025-08-12,700.79,CUST00715,India,0,0,1401.58
500154,P10011,Ceramic Mug Set,Home & Kitchen,5,2026-05-15,1993.94,CUST00056,Uae,0,0,9969.7
501431,P10011,Ceramic Mug Set,Home & Kitchen,4,2026-06-07,1993.94,CUST00394,United States,0,0,7975.76
500756,P10025,Yoga Mat,Sports & Outdoors,5,2025-07-04,270.08,CUST00216,India,0,0,1350.4
502831,P10026,Resistance Bands Set,Sports & Outdoors,2,2025-09-23,636.23,CUST00787,United Kingdom,0,0,1272.46
502687,P10003,Phone Case,Electronics,2,2026-05-22,1049.71,CUST00753,United Kingdom,0,0,2099.42
501812,P10001,Wireless Earbuds,Electronics,3,2025-10-21,606.94,CUST00501,United Kingdom,0,0,1820.82
502685,P10001,Wireless Earbuds,Electronics,4,2026-02-09,606.94,CUST00753,United Kingdom,0,0,2427.76
500762,P10002,Bluetooth Speaker,Electronics,-1,2025-11-10,2723.88,CUST00216,India,0,1,-2723.88
503096,P10019,Face Serum,Beauty & Personal Care,3,2025-10-05,1312.41,,India,1,0,3937.23
502244,P10027,Water Bottle Sipper,Sports & Outdoors,2,2025-12-01,2203.72,CUST00627,India,0,0,4407.44
500908,P10017,Formal Shirt,Apparel,-4,2026-01-17,562.91,CUST00251,India,0,1,-2251.64
501555,P10036,Backpack,Stationery & Office,4,2025-04-27,218.62,CUST00441,India,0,0,874.48
500222,P10035,Whiteboard Marker Set,Stationery & Office,2,2025-05-31,808.92,CUST00086,India,0,0,1617.84
502982,P10001,Wireless Earbuds,Electronics,2,2025-03-23,606.94,CUST00830,India,0,0,1213.88
501004,P10011,Ceramic Mug Set,Home & Kitchen,4,2026-05-15,1993.94,CUST00282,India,0,0,7975.76
500388,P10013,Cotton T-Shirt,Apparel,3,2025-09-29,1190.46,CUST00133,India,0,0,3571.38
500049,P10004,USB-C Cable,Electronics,5,2025-11-22,3182.97,,United Kingdom,1,0,15914.85
500898,P10019,Face Serum,Beauty & Personal Care,5,2026-02-10,1312.41,CUST00246,Uae,0,0,6562.05
502840,P10006,Smartwatch Band,Electronics,5,2025-07-12,990.13,CUST00789,India,0,0,4950.65
500132,P10019,Face Serum,Beauty & Personal Care,-1,2025-10-26,1312.41,CUST00047,India,0,1,-1312.41
500178,P10005,Power Bank 10000mAh,Electronics,5,2025-02-24,1034.93,CUST00064,India,0,0,5174.65
502931,P10008,LED Desk Lamp,Home & Kitchen,1,2025-04-14,1311.15,CUST00815,Germany,0,0,1311.15
500981,P10029,Badminton Racket,Sports & Outdoors,3,2026-05-25,274.87,CUST00273,Germany,0,0,824.61
502167,P10005,Power Bank 10000mAh,Electronics,4,2025-06-04,1034.93,CUST00590,India,0,0,4139.72
502884,P10012,Storage Organizer,Home & Kitchen,3,2026-02-17,1268.9,CUST00801,United States,0,0,3806.7
501687,P10024,Beard Trimmer,Beauty & Personal Care,3,2025-07-18,700.79,CUST00463,United States,0,0,2102.37
502510,P10006,Smartwatch Band,Electronics,4,2025-08-03,990.13,CUST00709,India,0,0,3960.52
502287,P10011,Ceramic Mug Set,Home & Kitchen,3,2026-05-13,1993.94,CUST00642,India,0,0,5981.82
502350,P10028,Camping Torch,Sports & Outdoors,1,2026-04-11,2043.99,CUST00665,India,0,0,2043.99
500797,P10018,Yoga Pants,Apparel,2,2025-03-06,608.28,CUST00219,United Kingdom,0,0,1216.56
502663,P10032,Gel Pen Pack,Stationery & Office,3,2026-03-31,687.3,CUST00753,United Kingdom,0,0,2061.9
502876,P10012,Storage Organizer,Home & Kitchen,4,2025-01-05,1268.9,CUST00798,United Kingdom,0,0,5075.6
502925,P10017,Formal Shirt,Apparel,5,2026-01-19,562.91,CUST00815,Germany,0,0,2814.55
502635,P10031,Notebook Set,Stationery & Office,4,2026-01-29,268.52,CUST00747,India,0,0,1074.08
500652,P10034,Sticky Notes Pack,Stationery & Office,2,2025-01-30,147.9,CUST00194,United Kingdom,0,0,295.8
501368,P10027,Water Bottle Sipper,Sports & Outdoors,5,2025-07-09,2203.72,CUST00374,United Kingdom,0,0,11018.6
502165,P10017,Formal Shirt,Apparel,3,2025-08-02,562.91,CUST00589,India,0,0,1688.73
502956,P10036,Backpack,Stationery & Office,4,2026-05-26,218.62,CUST00827,India,0,0,874.48
502987,P10005,Power Bank 10000mAh,Electronics,5,2025-06-01,1034.93,CUST00830,India,0,0,5174.65
500645,P10033,Desk Organizer,Stationery & Office,4,2025-06-09,67.73,CUST00191,India,0,0,270.92
503026,P10008,LED Desk Lamp,Home & Kitchen,5,2025-01-29,1311.15,CUST00833,India,0,0,6555.75
501325,P10010,Insulated Water Bottle,Home & Kitchen,4,2025-05-21,396.84,CUST00356,United Kingdom,0,0,1587.36
501450,P10021,Lip Balm Set,Beauty & Personal Care,5,2025-08-26,652.97,CUST00407,India,0,0,3264.85
502618,P10019,Face Serum,Beauty & Personal Care,4,2025-12-19,1312.41,CUST00738,United States,0,0,5249.64
501011,P10027,Water Bottle Sipper,Sports & Outdoors,4,2025-03-15,2203.72,CUST00286,India,0,0,8814.88
501899,P10005,Power Bank 10000mAh,Electronics,1,2025-09-18,1034.93,CUST00534,United Kingdom,0,0,1034.93
502962,P10018,Yoga Pants,Apparel,5,2026-03-18,608.28,CUST00830,India,0,0,3041.4
502238,P10006,Smartwatch Band,Electronics,2,2025-10-08,990.13,CUST00627,India,0,0,1980.26
502054,P10012,Storage Organizer,Home & Kitchen,4,2026-01-12,1268.9,CUST00570,India,0,0,5075.6
502755,P10022,Sunscreen SPF50,Beauty & Personal Care,4,2025-03-14,514.51,CUST00777,India,0,0,2058.04
500936,P10004,USB-C Cable,Electronics,5,2025-04-04,3182.97,CUST00261,United Kingdom,0,0,15914.85
500893,P10036,Backpack,Stationery & Office,1,2025-06-20,218.62,CUST00243,Uae,0,0,218.62
502053,P10002,Bluetooth Speaker,Electronics,5,2026-05-15,2723.88,CUST00570,India,0,0,13619.4
500865,P10017,Formal Shirt,Apparel,3,2025-05-30,562.91,CUST00236,United States,0,0,1688.73
501748,P10033,Desk Organizer,Stationery & Office,5,2026-02-14,67.73,CUST00484,United Kingdom,0,0,338.65
500320,P10002,Bluetooth Speaker,Electronics,5,2026-01-20,2723.88,CUST00122,Germany,0,0,13619.4
502531,P10034,Sticky Notes Pack,Stationery & Office,1,2025-03-04,147.9,CUST00722,India,0,0,147.9
501720,P10002,Bluetooth Speaker,Electronics,3,2026-06-29,2723.88,CUST00475,India,0,0,8171.64
502017,P10016,Wool Sweater,Apparel,3,2025-08-08,1250.39,CUST00561,United States,0,0,3751.17
500433,P10036,Backpack,Stationery & Office,4,2026-06-25,218.62,CUST00140,Singapore,0,0,874.48
502124,P10013,Cotton T-Shirt,Apparel,3,2025-04-13,1190.46,CUST00581,India,0,0,3571.38
501217,P10023,Hair Dryer,Beauty & Personal Care,4,2026-03-01,1018.4,CUST00331,India,0,0,4073.6
501272,P10012,Storage Organizer,Home & Kitchen,4,2025-05-16,1268.9,CUST00343,India,0,0,5075.6
501018,P10022,Sunscreen SPF50,Beauty & Personal Care,1,2025-06-08,514.51,CUST00286,India,0,0,514.51
502418,P10033,Desk Organizer,Stationery & Office,1,2025-03-27,67.73,CUST00693,India,0,0,67.73
500730,P10001,Wireless Earbuds,Electronics,5,2026-03-19,606.94,CUST00205,United Kingdom,0,0,3034.7
501325,P10024,Beard Trimmer,Beauty & Personal Care,2,2025-05-21,700.79,CUST00356,United Kingdom,0,0,1401.58
500706,P10003,Phone Case,Electronics,3,2025-10-27,1049.71,CUST00203,India,0,0,3149.13
500769,P10006,Smartwatch Band,Electronics,5,2025-02-28,990.13,CUST00217,India,0,0,4950.65
502349,P10010,Insulated Water Bottle,Home & Kitchen,2,2025-02-07,396.84,CUST00665,India,0,0,793.68
500735,P10016,Wool Sweater,Apparel,4,2026-03-18,1250.39,CUST00205,United Kingdom,0,0,5001.56
500497,P10024,Beard Trimmer,Beauty & Personal Care,3,2025-04-06,700.79,CUST00166,Germany,0,0,2102.37
502099,P10030,Cycling Gloves,Sports & Outdoors,3,2026-05-15,820.52,CUST00579,India,0,0,2461.56
500137,P10013,Cotton T-Shirt,Apparel,2,2025-12-01,1190.46,CUST00048,India,0,0,2380.92
501828,P10020,Herbal Shampoo,Beauty & Personal Care,2,2025-09-30,1426.26,CUST00503,India,0,0,2852.52
501012,P10002,Bluetooth Speaker,Electronics,4,2025-03-27,2723.88,CUST00286,India,0,0,10895.52
501886,P10026,Resistance Bands Set,Sports & Outdoors,4,2025-06-04,636.23,CUST00530,Germany,0,0,2544.92
502489,P10007,Non-Stick Pan,Home & Kitchen,2,2025-09-22,331.24,CUST00706,Singapore,0,0,662.48
502759,P10027,Water Bottle Sipper,Sports & Outdoors,3,2026-01-11,2203.72,CUST00777,India,0,0,6611.16
502697,P10004,USB-C Cable,Electronics,1,2025-03-22,3182.97,CUST00754,India,0,0,3182.97
501861,P10002,Bluetooth Speaker,Electronics,1,2025-04-04,2723.88,CUST00521,United Kingdom,0,0,2723.88
502317,P10014,Denim Jacket,Apparel,1,2026-03-03,1048.3,CUST00659,United Kingdom,0,0,1048.3
502909,P10018,Yoga Pants,Apparel,4,2026-04-11,608.28,CUST00813,India,0,0,2433.12
500103,P10001,Wireless Earbuds,Electronics,2,2025-07-02,606.94,CUST00043,India,0,0,1213.88
501807,P10032,Gel Pen Pack,Stationery & Office,4,2026-04-25,687.3,CUST00499,Singapore,0,0,2749.2
500210,P10004,USB-C Cable,Electronics,2,2025-05-24,3182.97,CUST00081,Germany,0,0,6365.94
502313,P10004,USB-C Cable,Electronics,2,2025-05-31,3182.97,CUST00656,India,0,0,6365.94
501189,P10022,Sunscreen SPF50,Beauty & Personal Care,5,2026-06-29,514.51,CUST00324,India,0,0,2572.55
500002,P10011,Ceramic Mug Set,Home & Kitchen,5,2025-12-18,1993.94,CUST00001,India,0,0,9969.7
501663,P10003,Phone Case,Electronics,2,2025-10-15,1049.71,CUST00463,United States,0,0,2099.42
502799,P10020,Herbal Shampoo,Beauty & Personal Care,3,2026-01-29,1426.26,CUST00779,United States,0,0,4278.78
501192,P10020,Herbal Shampoo,Beauty & Personal Care,3,2025-08-09,1426.26,CUST00324,India,0,0,4278.78
500683,P10014,Denim Jacket,Apparel,4,2025-01-10,1048.3,CUST00199,Germany,0,0,4193.2
502887,P10025,Yoga Mat,Sports & Outdoors,5,2025-01-25,270.08,CUST00801,United States,0,0,1350.4
501632,P10020,Herbal Shampoo,Beauty & Personal Care,2,2025-03-19,1426.26,CUST00449,India,0,0,2852.52
503072,P10026,Resistance Bands Set,Sports & Outdoors,2,2025-02-27,636.23,CUST00842,United Kingdom,0,0,1272.46
501187,P10026,Resistance Bands Set,Sports & Outdoors,-5,2025-11-27,636.23,CUST00324,India,0,1,-3181.15
500578,P10033,Desk Organizer,Stationery & Office,2,2025-09-26,67.73,CUST00176,India,0,0,135.46
500458,P10030,Cycling Gloves,Sports & Outdoors,1,2025-09-05,820.52,CUST00150,India,0,0,820.52
500950,P10031,Notebook Set,Stationery & Office,3,2025-03-13,268.52,CUST00264,India,0,0,805.56
502812,P10006,Smartwatch Band,Electronics,3,2025-10-24,990.13,CUST00782,India,0,0,2970.39
502341,P10031,Notebook Set,Stationery & Office,4,2026-04-10,268.52,CUST00664,India,0,0,1074.08
502975,P10020,Herbal Shampoo,Beauty & Personal Care,3,2026-04-17,1426.26,CUST00830,India,0,0,4278.78
502169,P10034,Sticky Notes Pack,Stationery & Office,4,2025-11-03,147.9,CUST00591,India,0,0,591.6
501034,P10010,Insulated Water Bottle,Home & Kitchen,5,2025-02-25,396.84,CUST00289,India,0,0,1984.2
502911,P10033,Desk Organizer,Stationery & Office,4,2025-06-08,67.73,CUST00813,India,0,0,270.92
500215,P10032,Gel Pen Pack,Stationery & Office,4,2026-06-19,687.3,CUST00084,India,0,0,2749.2
501211,P10021,Lip Balm Set,Beauty & Personal Care,4,2025-08-26,652.97,CUST00328,United Kingdom,0,0,2611.88
500399,P10028,Camping Torch,Sports & Outdoors,3,2025-03-13,2043.99,CUST00137,India,0,0,6131.97
500396,P10020,Herbal Shampoo,Beauty & Personal Care,1,2025-09-19,1426.26,CUST00137,India,0,0,1426.26
502434,P10030,Cycling Gloves,Sports & Outdoors,2,2025-04-26,820.52,,India,1,0,1641.04
501705,P10028,Camping Torch,Sports & Outdoors,2,2025-04-18,2043.99,CUST00470,Singapore,0,0,4087.98
500332,P10018,Yoga Pants,Apparel,1,2025-11-06,608.28,CUST00126,India,0,0,608.28
503014,P10017,Formal Shirt,Apparel,4,2025-02-20,562.91,CUST00833,India,0,0,2251.64
501764,P10027,Water Bottle Sipper,Sports & Outdoors,4,2025-02-21,2203.72,CUST00485,United Kingdom,0,0,8814.88
501810,P10013,Cotton T-Shirt,Apparel,2,2025-07-05,1190.46,CUST00501,United Kingdom,0,0,2380.92
501185,P10006,Smartwatch Band,Electronics,2,2025-10-15,990.13,CUST00324,India,0,0,1980.26
500615,P10032,Gel Pen Pack,Stationery & Office,3,2025-07-30,687.3,CUST00189,India,0,0,2061.9
501098,P10013,Cotton T-Shirt,Apparel,3,2026-02-02,1190.46,CUST00308,India,0,0,3571.38
501313,P10009,Cotton Bedsheet Set,Home & Kitchen,1,2025-03-17,1519.89,CUST00353,United Kingdom,0,0,1519.89
502101,P10001,Wireless Earbuds,Electronics,2,2025-07-21,606.94,CUST00579,India,0,0,1213.88
500350,P10028,Camping Torch,Sports & Outdoors,4,2026-05-31,2043.99,,India,1,0,8175.96
500238,P10035,Whiteboard Marker Set,Stationery & Office,5,2025-07-22,808.92,CUST00093,United States,0,0,4044.6
500138,P10031,Notebook Set,Stationery & Office,4,2026-01-11,268.52,CUST00049,India,0,0,1074.08
502863,P10012,Storage Organizer,Home & Kitchen,5,2025-12-26,1268.9,CUST00796,Germany,0,0,6344.5
500453,P10023,Hair Dryer,Beauty & Personal Care,2,2025-06-21,1018.4,CUST00147,United Kingdom,0,0,2036.8
502378,P10002,Bluetooth Speaker,Electronics,4,2025-04-07,2723.88,,India,1,0,10895.52
502345,P10008,LED Desk Lamp,Home & Kitchen,1,2025-10-17,1311.15,CUST00665,India,0,0,1311.15
502442,P10015,Running Shoes,Apparel,4,2026-06-01,980.3,CUST00699,India,0,0,3921.2
502917,P10002,Bluetooth Speaker,Electronics,2,2025-01-26,2723.88,CUST00813,India,0,0,5447.76
502990,P10023,Hair Dryer,Beauty & Personal Care,5,2026-04-06,1018.4,CUST00830,India,0,0,5092.0
502592,P10006,Smartwatch Band,Electronics,1,2026-02-16,990.13,CUST00731,India,0,0,990.13
502444,P10035,Whiteboard Marker Set,Stationery & Office,4,2025-03-31,808.92,,India,1,0,3235.68
500003,P10007,Non-Stick Pan,Home & Kitchen,-5,2026-06-25,331.24,CUST00002,Uae,0,1,-1656.2
502494,P10036,Backpack,Stationery & Office,4,2025-11-25,218.62,CUST00706,Singapore,0,0,874.48
500497,P10003,Phone Case,Electronics,2,2025-04-06,1049.71,CUST00166,Germany,0,0,2099.42
500671,P10017,Formal Shirt,Apparel,1,2026-02-26,562.91,CUST00198,Germany,0,0,562.91
501200,P10031,Notebook Set,Stationery & Office,1,2025-06-29,268.52,CUST00324,India,0,0,268.52
503081,P10016,Wool Sweater,Apparel,1,2025-04-22,1250.39,,United Kingdom,1,0,1250.39
500568,P10005,Power Bank 10000mAh,Electronics,3,2025-12-26,1034.93,CUST00175,United Kingdom,0,0,3104.79
501873,P10026,Resistance Bands Set,Sports & Outdoors,2,2025-12-19,636.23,,Germany,1,0,1272.46
501317,P10010,Insulated Water Bottle,Home & Kitchen,5,2025-12-13,396.84,CUST00355,India,0,0,1984.2
502433,P10032,Gel Pen Pack,Stationery & Office,4,2026-04-16,687.3,CUST00699,India,0,0,2749.2
500176,P10029,Badminton Racket,Sports & Outdoors,1,2025-09-02,274.87,CUST00063,Germany,0,0,274.87
501746,P10034,Sticky Notes Pack,Stationery & Office,4,2025-09-14,147.9,CUST00482,United Kingdom,0,0,591.6
501330,P10007,Non-Stick Pan,Home & Kitchen,1,2025-03-26,331.24,CUST00358,United Kingdom,0,0,331.24
500971,P10025,Yoga Mat,Sports & Outdoors,3,2025-07-24,270.08,CUST00272,United States,0,0,810.24
501220,P10012,Storage Organizer,Home & Kitchen,3,2025-10-28,1268.9,CUST00332,United States,0,0,3806.7
500915,P10003,Phone Case,Electronics,2,2025-06-07,1049.71,CUST00254,India,0,0,2099.42
502616,P10020,Herbal Shampoo,Beauty & Personal Care,1,2025-07-22,1426.26,,United States,1,0,1426.26
501904,P10001,Wireless Earbuds,Electronics,2,2025-05-05,606.94,CUST00536,Uae,0,0,1213.88
501836,P10006,Smartwatch Band,Electronics,4,2025-07-13,990.13,CUST00509,Uae,0,0,3960.52
500216,P10036,Backpack,Stationery & Office,5,2026-01-22,218.62,CUST00085,India,0,0,1093.1
502657,P10010,Insulated Water Bottle,Home & Kitchen,2,2025-03-08,396.84,CUST00753,United Kingdom,0,0,793.68
500795,P10028,Camping Torch,Sports & Outdoors,1,2025-05-25,2043.99,CUST00219,United Kingdom,0,0,2043.99
501669,P10002,Bluetooth Speaker,Electronics,3,2025-08-20,2723.88,CUST00463,United States,0,0,8171.64
500542,P10027,Water Bottle Sipper,Sports & Outdoors,5,2025-04-04,2203.72,CUST00169,India,0,0,11018.6
500623,P10026,Resistance Bands Set,Sports & Outdoors,3,2025-02-01,636.23,CUST00189,India,0,0,1908.69
502357,P10027,Water Bottle Sipper,Sports & Outdoors,-3,2026-01-06,2203.72,CUST00667,India,0,1,-6611.16
500534,P10017,Formal Shirt,Apparel,2,2025-10-09,562.91,CUST00169,India,0,0,1125.82
501726,P10024,Beard Trimmer,Beauty & Personal Care,4,2025-04-05,700.79,CUST00475,India,0,0,2803.16
500500,P10008,LED Desk Lamp,Home & Kitchen,3,2025-06-14,1311.15,,India,1,0,3933.45
501517,P10005,Power Bank 10000mAh,Electronics,3,2026-04-20,1034.93,CUST00430,India,0,0,3104.79
500642,P10029,Badminton Racket,Sports & Outdoors,2,2025-12-10,274.87,CUST00189,India,0,0,549.74
501641,P10036,Backpack,Stationery & Office,3,2025-08-16,218.62,CUST00455,India,0,0,655.86
502862,P10003,Phone Case,Electronics,2,2025-04-01,1049.71,CUST00796,Germany,0,0,2099.42
500932,P10030,Cycling Gloves,Sports & Outdoors,4,2026-01-16,820.52,CUST00260,India,0,0,3282.08
501650,P10028,Camping Torch,Sports & Outdoors,1,2025-08-10,2043.99,CUST00458,India,0,0,2043.99
502955,P10024,Beard Trimmer,Beauty & Personal Care,5,2026-06-20,700.79,CUST00827,India,0,0,3503.95
500490,P10036,Backpack,Stationery & Office,1,2025-08-06,218.62,CUST00164,India,0,0,218.62
501961,P10007,Non-Stick Pan,Home & Kitchen,3,2025-04-19,331.24,CUST00542,United Kingdom,0,0,993.72
500956,P10006,Smartwatch Band,Electronics,3,2026-05-29,990.13,CUST00266,United States,0,0,2970.39
502815,P10008,LED Desk Lamp,Home & Kitchen,4,2025-06-22,1311.15,CUST00782,India,0,0,5244.6
501695,P10034,Sticky Notes Pack,Stationery & Office,2,2026-01-20,147.9,CUST00466,India,0,0,295.8
501189,P10028,Camping Torch,Sports & Outdoors,5,2026-06-29,2043.99,CUST00324,India,0,0,10219.95
500242,P10027,Water Bottle Sipper,Sports & Outdoors,4,2025-06-21,2203.72,,India,1,0,8814.88
501918,P10002,Bluetooth Speaker,Electronics,5,2025-04-18,2723.88,CUST00539,India,0,0,13619.4
502506,P10025,Yoga Mat,Sports & Outdoors,1,2025-12-07,270.08,CUST00707,India,0,0,270.08
501271,P10028,Camping Torch,Sports & Outdoors,1,2025-09-29,2043.99,CUST00343,India,0,0,2043.99
500832,P10027,Water Bottle Sipper,Sports & Outdoors,-2,2025-10-18,2203.72,CUST00222,United Kingdom,0,1,-4407.44
502212,P10031,Notebook Set,Stationery & Office,3,2025-02-04,268.52,CUST00614,India,0,0,805.56
501768,P10001,Wireless Earbuds,Electronics,2,2025-07-18,606.94,CUST00487,India,0,0,1213.88
501052,P10004,USB-C Cable,Electronics,3,2025-02-25,3182.97,CUST00295,India,0,0,9548.91
501899,P10024,Beard Trimmer,Beauty & Personal Care,1,2025-09-18,700.79,CUST00534,United Kingdom,0,0,700.79
502145,P10018,Yoga Pants,Apparel,5,2026-06-06,608.28,CUST00583,India,0,0,3041.4
502316,P10006,Smartwatch Band,Electronics,5,2025-09-07,990.13,,India,1,0,4950.65
501253,P10009,Cotton Bedsheet Set,Home & Kitchen,2,2026-02-04,1519.89,CUST00342,India,0,0,3039.78
502607,P10003,Phone Case,Electronics,3,2025-09-25,1049.71,CUST00737,India,0,0,3149.13
502847,P10027,Water Bottle Sipper,Sports & Outdoors,2,2025-05-30,2203.72,CUST00793,India,0,0,4407.44
501010,P10026,Resistance Bands Set,Sports & Outdoors,4,2026-01-24,636.23,CUST00286,India,0,0,2544.92
502813,P10032,Gel Pen Pack,Stationery & Office,3,2026-06-29,687.3,CUST00782,India,0,0,2061.9
501026,P10032,Gel Pen Pack,Stationery & Office,4,2025-10-18,687.3,CUST00286,India,0,0,2749.2
500061,P10015,Running Shoes,Apparel,1,2026-03-25,980.3,,India,1,0,980.3
502357,P10006,Smartwatch Band,Electronics,1,2026-01-06,990.13,CUST00667,India,0,0,990.13
501050,P10032,Gel Pen Pack,Stationery & Office,5,2025-02-06,687.3,CUST00295,India,0,0,3436.5
502684,P10032,Gel Pen Pack,Stationery & Office,2,2025-08-11,687.3,CUST00753,United Kingdom,0,0,1374.6
503039,P10002,Bluetooth Speaker,Electronics,3,2025-12-01,2723.88,CUST00839,United Kingdom,0,0,8171.64
500328,P10011,Ceramic Mug Set,Home & Kitchen,2,2025-01-27,1993.94,CUST00126,India,0,0,3987.88
501275,P10001,Wireless Earbuds,Electronics,-5,2025-03-12,606.94,CUST00343,India,0,1,-3034.7
500896,P10030,Cycling Gloves,Sports & Outdoors,5,2025-07-02,820.52,CUST00245,India,0,0,4102.6
501250,P10026,Resistance Bands Set,Sports & Outdoors,5,2026-03-11,636.23,CUST00340,India,0,0,3181.15
502013,P10035,Whiteboard Marker Set,Stationery & Office,3,2025-07-23,808.92,CUST00559,United States,0,0,2426.76
502847,P10008,LED Desk Lamp,Home & Kitchen,1,2025-05-30,1311.15,CUST00793,India,0,0,1311.15
502107,P10017,Formal Shirt,Apparel,5,2025-06-02,562.91,CUST00579,India,0,0,2814.55
503092,P10016,Wool Sweater,Apparel,3,2025-08-06,1250.39,CUST00843,India,0,0,3751.17
500242,P10018,Yoga Pants,Apparel,3,2025-06-21,608.28,CUST00096,India,0,0,1824.84
502124,P10022,Sunscreen SPF50,Beauty & Personal Care,5,2025-04-13,514.51,CUST00581,India,0,0,2572.55
502605,P10015,Running Shoes,Apparel,3,2025-05-28,980.3,CUST00736,Germany,0,0,2940.9
501061,P10031,Notebook Set,Stationery & Office,2,2025-01-09,268.52,CUST00295,India,0,0,537.04
502994,P10027,Water Bottle Sipper,Sports & Outdoors,3,2025-05-04,2203.72,CUST00830,India,0,0,6611.16
502788,P10011,Ceramic Mug Set,Home & Kitchen,1,2026-04-24,1993.94,CUST00779,United States,0,0,1993.94
500489,P10035,Whiteboard Marker Set,Stationery & Office,5,2025-06-10,808.92,CUST00163,United Kingdom,0,0,4044.6
502512,P10033,Desk Organizer,Stationery & Office,2,2025-01-06,67.73,CUST00710,United Kingdom,0,0,135.46
501810,P10006,Smartwatch Band,Electronics,2,2025-07-05,990.13,CUST00501,United Kingdom,0,0,1980.26
502863,P10017,Formal Shirt,Apparel,3,2025-12-26,562.91,CUST00796,Germany,0,0,1688.73
502095,P10034,Sticky Notes Pack,Stationery & Office,1,2025-05-02,147.9,CUST00579,India,0,0,147.9
503017,P10011,Ceramic Mug Set,Home & Kitchen,4,2026-03-15,1993.94,CUST00833,India,0,0,7975.76
501769,P10011,Ceramic Mug Set,Home & Kitchen,4,2026-05-13,1993.94,CUST00487,India,0,0,7975.76
502826,P10015,Running Shoes,Apparel,5,2025-09-10,980.3,CUST00786,Uae,0,0,4901.5
502720,P10002,Bluetooth Speaker,Electronics,3,2025-01-12,2723.88,CUST00762,India,0,0,8171.64
502009,P10023,Hair Dryer,Beauty & Personal Care,4,2026-05-06,1018.4,CUST00558,India,0,0,4073.6
501610,P10030,Cycling Gloves,Sports & Outdoors,2,2025-02-24,820.52,CUST00448,United States,0,0,1641.04
500457,P10034,Sticky Notes Pack,Stationery & Office,5,2025-06-29,147.9,CUST00150,India,0,0,739.5
500489,P10007,Non-Stick Pan,Home & Kitchen,5,2025-06-10,331.24,CUST00163,United Kingdom,0,0,1656.2
502286,P10003,Phone Case,Electronics,1,2025-12-22,1049.71,CUST00641,India,0,0,1049.71
502538,P10034,Sticky Notes Pack,Stationery & Office,3,2025-07-18,147.9,CUST00725,United Kingdom,0,0,443.7
503043,P10031,Notebook Set,Stationery & Office,3,2025-03-04,268.52,CUST00841,India,0,0,805.56
500374,P10006,Smartwatch Band,Electronics,1,2026-01-28,990.13,CUST00130,India,0,0,990.13
502478,P10004,USB-C Cable,Electronics,3,2025-04-09,3182.97,CUST00706,Singapore,0,0,9548.91
502998,P10033,Desk Organizer,Stationery & Office,1,2025-11-03,67.73,CUST00830,India,0,0,67.73
502416,P10024,Beard Trimmer,Beauty & Personal Care,4,2025-01-18,700.79,CUST00692,India,0,0,2803.16
500467,P10016,Wool Sweater,Apparel,2,2026-04-24,1250.39,CUST00156,India,0,0,2500.78
501546,P10026,Resistance Bands Set,Sports & Outdoors,3,2025-11-17,636.23,CUST00439,United States,0,0,1908.69
500275,P10009,Cotton Bedsheet Set,Home & Kitchen,4,2025-03-09,1519.89,CUST00111,India,0,0,6079.56
502733,P10004,USB-C Cable,Electronics,5,2025-05-09,3182.97,CUST00769,India,0,0,15914.85
503094,P10033,Desk Organizer,Stationery & Office,3,2025-03-21,67.73,CUST00844,Singapore,0,0,203.19
501766,P10023,Hair Dryer,Beauty & Personal Care,3,2025-04-08,1018.4,CUST00486,Uae,0,0,3055.2
500675,P10021,Lip Balm Set,Beauty & Personal Care,5,2025-12-07,652.97,CUST00199,Germany,0,0,3264.85
500832,P10025,Yoga Mat,Sports & Outdoors,5,2025-10-18,270.08,CUST00222,United Kingdom,0,0,1350.4
501440,P10004,USB-C Cable,Electronics,2,2025-05-04,3182.97,CUST00398,India,0,0,6365.94
502058,P10032,Gel Pen Pack,Stationery & Office,5,2026-04-12,687.3,CUST00570,India,0,0,3436.5
502009,P10001,Wireless Earbuds,Electronics,5,2026-05-06,606.94,CUST00558,India,0,0,3034.7
500833,P10010,Insulated Water Bottle,Home & Kitchen,1,2025-06-18,396.84,CUST00222,United Kingdom,0,0,396.84
500090,P10013,Cotton T-Shirt,Apparel,2,2025-11-21,1190.46,CUST00037,India,0,0,2380.92
502759,P10006,Smartwatch Band,Electronics,4,2026-01-11,990.13,CUST00777,India,0,0,3960.52
501713,P10027,Water Bottle Sipper,Sports & Outdoors,4,2026-01-05,2203.72,CUST00471,India,0,0,8814.88
502848,P10010,Insulated Water Bottle,Home & Kitchen,5,2025-12-18,396.84,CUST00794,United Kingdom,0,0,1984.2
501958,P10016,Wool Sweater,Apparel,5,2025-08-18,1250.39,CUST00542,United Kingdom,0,0,6251.95
500855,P10018,Yoga Pants,Apparel,1,2025-02-13,608.28,CUST00232,India,0,0,608.28
500729,P10027,Water Bottle Sipper,Sports & Outdoors,3,2026-02-15,2203.72,CUST00205,United Kingdom,0,0,6611.16
501346,P10021,Lip Balm Set,Beauty & Personal Care,2,2026-04-28,652.97,CUST00363,India,0,0,1305.94
501414,P10014,Denim Jacket,Apparel,2,2026-03-07,1048.3,CUST00392,India,0,0,2096.6
500511,P10027,Water Bottle Sipper,Sports & Outdoors,3,2025-01-27,2203.72,CUST00168,India,0,0,6611.16
500687,P10036,Backpack,Stationery & Office,3,2025-10-08,218.62,CUST00201,United Kingdom,0,0,655.86
501131,P10014,Denim Jacket,Apparel,3,2026-03-04,1048.3,CUST00312,India,0,0,3144.9
501362,P10007,Non-Stick Pan,Home & Kitchen,2,2025-01-10,331.24,CUST00369,India,0,0,662.48
500419,P10010,Insulated Water Bottle,Home & Kitchen,1,2025-06-24,396.84,CUST00138,United States,0,0,396.84
502184,P10017,Formal Shirt,Apparel,5,2025-08-29,562.91,CUST00596,India,0,0,2814.55
501714,P10024,Beard Trimmer,Beauty & Personal Care,3,2025-03-24,700.79,CUST00471,India,0,0,2102.37
502100,P10007,Non-Stick Pan,Home & Kitchen,1,2025-03-01,331.24,CUST00579,India,0,0,331.24
502005,P10007,Non-Stick Pan,Home & Kitchen,1,2026-03-20,331.24,CUST00556,India,0,0,331.24
502412,P10013,Cotton T-Shirt,Apparel,4,2025-08-30,1190.46,CUST00689,United States,0,0,4761.84
500724,P10001,Wireless Earbuds,Electronics,3,2026-05-23,606.94,CUST00203,India,0,0,1820.82
500361,P10003,Phone Case,Electronics,3,2025-06-19,1049.71,CUST00127,United States,0,0,3149.13
500093,P10030,Cycling Gloves,Sports & Outdoors,1,2025-02-26,820.52,CUST00038,India,0,0,820.52
502883,P10014,Denim Jacket,Apparel,5,2025-05-06,1048.3,CUST00801,United States,0,0,5241.5
501657,P10034,Sticky Notes Pack,Stationery & Office,3,2025-04-09,147.9,CUST00462,United Kingdom,0,0,443.7
501110,P10012,Storage Organizer,Home & Kitchen,4,2025-02-07,1268.9,CUST00311,India,0,0,5075.6
500919,P10019,Face Serum,Beauty & Personal Care,4,2025-07-03,1312.41,CUST00255,India,0,0,5249.64
500071,P10011,Ceramic Mug Set,Home & Kitchen,4,2025-07-03,1993.94,CUST00032,India,0,0,7975.76
501312,P10010,Insulated Water Bottle,Home & Kitchen,2,2025-04-13,396.84,CUST00353,United Kingdom,0,0,793.68
501957,P10004,USB-C Cable,Electronics,1,2025-06-11,3182.97,CUST00542,United Kingdom,0,0,3182.97
500308,P10016,Wool Sweater,Apparel,5,2025-09-01,1250.39,CUST00119,Germany,0,0,6251.95
500885,P10012,Storage Organizer,Home & Kitchen,5,2025-08-19,1268.9,CUST00238,India,0,0,6344.5
500118,P10002,Bluetooth Speaker,Electronics,4,2025-06-25,2723.88,CUST00047,India,0,0,10895.52
501427,P10011,Ceramic Mug Set,Home & Kitchen,4,2025-01-11,1993.94,,India,1,0,7975.76
502499,P10011,Ceramic Mug Set,Home & Kitchen,2,2025-05-13,1993.94,CUST00706,Singapore,0,0,3987.88
500217,P10017,Formal Shirt,Apparel,1,2026-04-25,562.91,CUST00085,India,0,0,562.91
500426,P10035,Whiteboard Marker Set,Stationery & Office,4,2026-01-22,808.92,CUST00139,India,0,0,3235.68
500486,P10022,Sunscreen SPF50,Beauty & Personal Care,5,2025-06-24,514.51,CUST00163,United Kingdom,0,0,2572.55
502315,P10012,Storage Organizer,Home & Kitchen,4,2025-06-25,1268.9,CUST00657,India,0,0,5075.6
502291,P10001,Wireless Earbuds,Electronics,5,2025-09-15,606.94,CUST00643,India,0,0,3034.7
502879,P10033,Desk Organizer,Stationery & Office,3,2025-01-21,67.73,CUST00800,Uae,0,0,203.19
502607,P10031,Notebook Set,Stationery & Office,4,2025-09-25,268.52,CUST00737,India,0,0,1074.08
500866,P10024,Beard Trimmer,Beauty & Personal Care,3,2025-08-08,700.79,CUST00236,United States,0,0,2102.37
500433,P10006,Smartwatch Band,Electronics,4,2026-06-25,990.13,CUST00140,Singapore,0,0,3960.52
500219,P10019,Face Serum,Beauty & Personal Care,2,2025-11-15,1312.41,CUST00086,India,0,0,2624.82
501064,P10017,Formal Shirt,Apparel,5,2026-04-06,562.91,CUST00297,United States,0,0,2814.55
502883,P10015,Running Shoes,Apparel,3,2025-05-06,980.3,CUST00801,United States,0,0,2940.9
500565,P10008,LED Desk Lamp,Home & Kitchen,1,2025-11-01,1311.15,CUST00174,India,0,0,1311.15
500872,P10002,Bluetooth Speaker,Electronics,4,2025-07-06,2723.88,CUST00236,United States,0,0,10895.52
502323,P10034,Sticky Notes Pack,Stationery & Office,3,2025-08-12,147.9,CUST00659,United Kingdom,0,0,443.7
500253,P10007,Non-Stick Pan,Home & Kitchen,5,2025-10-02,331.24,CUST00101,India,0,0,1656.2
502935,P10018,Yoga Pants,Apparel,3,2026-03-06,608.28,CUST00815,Germany,0,0,1824.84
500270,P10025,Yoga Mat,Sports & Outdoors,3,2026-03-06,270.08,CUST00108,United States,0,0,810.24
501867,P10015,Running Shoes,Apparel,-2,2025-12-19,980.3,CUST00523,Singapore,0,1,-1960.6
500639,P10021,Lip Balm Set,Beauty & Personal Care,4,2025-11-14,652.97,CUST00189,India,0,0,2611.88
500493,P10005,Power Bank 10000mAh,Electronics,5,2026-01-01,1034.93,CUST00165,India,0,0,5174.65
502249,P10036,Backpack,Stationery & Office,2,2025-08-27,218.62,CUST00628,United States,0,0,437.24
501818,P10002,Bluetooth Speaker,Electronics,4,2026-06-14,2723.88,CUST00503,India,0,0,10895.52
501136,P10008,LED Desk Lamp,Home & Kitchen,4,2026-03-28,1311.15,CUST00312,India,0,0,5244.6
501743,P10029,Badminton Racket,Sports & Outdoors,5,2026-02-05,274.87,CUST00482,United Kingdom,0,0,1374.35
500433,P10035,Whiteboard Marker Set,Stationery & Office,4,2026-06-25,808.92,CUST00140,Singapore,0,0,3235.68
502295,P10007,Non-Stick Pan,Home & Kitchen,2,2026-05-29,331.24,CUST00646,Germany,0,0,662.48
502669,P10026,Resistance Bands Set,Sports & Outdoors,1,2025-04-06,636.23,CUST00753,United Kingdom,0,0,636.23
500253,P10032,Gel Pen Pack,Stationery & Office,1,2025-10-02,687.3,CUST00101,India,0,0,687.3
502811,P10004,USB-C Cable,Electronics,4,2025-01-18,3182.97,CUST00782,India,0,0,12731.88
501735,P10023,Hair Dryer,Beauty & Personal Care,3,2025-06-17,1018.4,CUST00479,Singapore,0,0,3055.2
502443,P10028,Camping Torch,Sports & Outdoors,4,2025-02-17,2043.99,CUST00699,India,0,0,8175.96
502984,P10027,Water Bottle Sipper,Sports & Outdoors,4,2026-04-24,2203.72,CUST00830,India,0,0,8814.88
501097,P10009,Cotton Bedsheet Set,Home & Kitchen,3,2026-02-02,1519.89,CUST00308,India,0,0,4559.67
500573,P10008,LED Desk Lamp,Home & Kitchen,4,2025-11-17,1311.15,CUST00176,India,0,0,5244.6
500285,P10036,Backpack,Stationery & Office,2,2025-09-08,218.62,CUST00113,Uae,0,0,437.24
501919,P10006,Smartwatch Band,Electronics,3,2026-06-05,990.13,CUST00539,India,0,0,2970.39
502693,P10028,Camping Torch,Sports & Outdoors,5,2025-02-20,2043.99,CUST00754,India,0,0,10219.95
502351,P10019,Face Serum,Beauty & Personal Care,4,2026-03-26,1312.41,CUST00665,India,0,0,5249.64
503101,P10027,Water Bottle Sipper,Sports & Outdoors,2,2026-02-20,2203.72,CUST00849,India,0,0,4407.44
500107,P10020,Herbal Shampoo,Beauty & Personal Care,1,2025-12-11,1426.26,CUST00046,United Kingdom,0,0,1426.26
501950,P10003,Phone Case,Electronics,1,2025-04-24,1049.71,CUST00540,India,0,0,1049.71
502627,P10021,Lip Balm Set,Beauty & Personal Care,3,2026-03-07,652.97,CUST00742,India,0,0,1958.91
501463,P10034,Sticky Notes Pack,Stationery & Office,1,2025-03-26,147.9,CUST00413,Uae,0,0,147.9
500710,P10008,LED Desk Lamp,Home & Kitchen,5,2025-12-01,1311.15,CUST00203,India,0,0,6555.75
501650,P10004,USB-C Cable,Electronics,4,2025-08-10,3182.97,CUST00458,India,0,0,12731.88
500747,P10021,Lip Balm Set,Beauty & Personal Care,2,2025-04-29,652.97,CUST00213,United Kingdom,0,0,1305.94
500413,P10036,Backpack,Stationery & Office,2,2025-05-07,218.62,CUST00138,United States,0,0,437.24
502781,P10022,Sunscreen SPF50,Beauty & Personal Care,2,2025-10-19,514.51,CUST00779,United States,0,0,1029.02
500042,P10034,Sticky Notes Pack,Stationery & Office,-4,2025-01-01,147.9,CUST00020,India,0,1,-591.6
502269,P10021,Lip Balm Set,Beauty & Personal Care,1,2025-12-03,652.97,CUST00634,India,0,0,652.97
500409,P10013,Cotton T-Shirt,Apparel,-2,2025-03-25,1190.46,CUST00138,United States,0,1,-2380.92
500673,P10022,Sunscreen SPF50,Beauty & Personal Care,1,2025-01-24,514.51,CUST00198,Germany,0,0,514.51
502599,P10010,Insulated Water Bottle,Home & Kitchen,2,2026-06-09,396.84,CUST00733,United Kingdom,0,0,793.68
502347,P10033,Desk Organizer,Stationery & Office,1,2025-01-09,67.73,CUST00665,India,0,0,67.73
500640,P10018,Yoga Pants,Apparel,3,2025-05-28,608.28,CUST00189,India,0,0,1824.84
501575,P10029,Badminton Racket,Sports & Outdoors,3,2025-04-29,274.87,CUST00448,United States,0,0,824.61
501425,P10025,Yoga Mat,Sports & Outdoors,4,2025-05-14,270.08,CUST00392,India,0,0,1080.32
500262,P10003,Phone Case,Electronics,4,2025-10-27,1049.71,CUST00105,Uae,0,0,4198.84
501224,P10035,Whiteboard Marker Set,Stationery & Office,2,2025-03-29,808.92,CUST00335,India,0,0,1617.84
502168,P10014,Denim Jacket,Apparel,5,2025-12-05,1048.3,CUST00591,India,0,0,5241.5
501056,P10032,Gel Pen Pack,Stationery & Office,2,2025-10-14,687.3,CUST00295,India,0,0,1374.6
500297,P10026,Resistance Bands Set,Sports & Outdoors,5,2025-05-14,636.23,CUST00116,Germany,0,0,3181.15
503003,P10004,USB-C Cable,Electronics,5,2025-12-11,3182.97,CUST00830,India,0,0,15914.85
500396,P10020,Herbal Shampoo,Beauty & Personal Care,5,2025-09-19,1426.26,CUST00137,India,0,0,7131.3
500657,P10009,Cotton Bedsheet Set,Home & Kitchen,2,2026-02-23,1519.89,CUST00194,United Kingdom,0,0,3039.78
500966,P10030,Cycling Gloves,Sports & Outdoors,5,2026-03-19,820.52,CUST00269,India,0,0,4102.6
501523,P10005,Power Bank 10000mAh,Electronics,2,2025-12-12,1034.93,CUST00432,United States,0,0,2069.86
500529,P10012,Storage Organizer,Home & Kitchen,1,2025-12-12,1268.9,CUST00169,India,0,0,1268.9
501820,P10021,Lip Balm Set,Beauty & Personal Care,2,2026-02-12,652.97,CUST00503,India,0,0,1305.94
500975,P10019,Face Serum,Beauty & Personal Care,5,2025-08-21,1312.41,CUST00272,United States,0,0,6562.05
502816,P10004,USB-C Cable,Electronics,5,2025-08-24,3182.97,CUST00782,India,0,0,15914.85
501539,P10003,Phone Case,Electronics,5,2026-06-16,1049.71,CUST00439,United States,0,0,5248.55
500121,P10026,Resistance Bands Set,Sports & Outdoors,5,2025-02-06,636.23,CUST00047,India,0,0,3181.15
502518,P10023,Hair Dryer,Beauty & Personal Care,3,2026-01-25,1018.4,CUST00714,India,0,0,3055.2
500082,P10018,Yoga Pants,Apparel,5,2025-11-15,608.28,CUST00035,Singapore,0,0,3041.4
502461,P10016,Wool Sweater,Apparel,1,2026-03-08,1250.39,CUST00702,India,0,0,1250.39
502553,P10007,Non-Stick Pan,Home & Kitchen,3,2025-04-12,331.24,CUST00731,India,0,0,993.72
501378,P10024,Beard Trimmer,Beauty & Personal Care,5,2025-01-12,700.79,CUST00380,India,0,0,3503.95
500118,P10004,USB-C Cable,Electronics,3,2025-06-25,3182.97,CUST00047,India,0,0,9548.91
502982,P10027,Water Bottle Sipper,Sports & Outdoors,3,2025-03-23,2203.72,CUST00830,India,0,0,6611.16
501788,P10030,Cycling Gloves,Sports & Outdoors,3,2026-04-29,820.52,CUST00496,India,0,0,2461.56
502709,P10014,Denim Jacket,Apparel,4,2025-03-04,1048.3,CUST00757,United Kingdom,0,0,4193.2
503055,P10018,Yoga Pants,Apparel,2,2025-03-15,608.28,CUST00842,United Kingdom,0,0,1216.56
500783,P10018,Yoga Pants,Apparel,5,2025-01-13,608.28,CUST00218,United States,0,0,3041.4
501821,P10022,Sunscreen SPF50,Beauty & Personal Care,5,2025-04-07,514.51,CUST00503,India,0,0,2572.55
500237,P10023,Hair Dryer,Beauty & Personal Care,3,2026-05-29,1018.4,CUST00093,United States,0,0,3055.2
502150,P10001,Wireless Earbuds,Electronics,5,2025-05-23,606.94,CUST00584,India,0,0,3034.7
502297,P10006,Smartwatch Band,Electronics,-2,2025-11-25,990.13,CUST00647,United Kingdom,0,1,-1980.26
502718,P10020,Herbal Shampoo,Beauty & Personal Care,-3,2025-11-08,1426.26,CUST00762,India,0,1,-4278.78
502458,P10030,Cycling Gloves,Sports & Outdoors,2,2025-01-22,820.52,CUST00701,India,0,0,1641.04
501122,P10017,Formal Shirt,Apparel,1,2025-01-24,562.91,CUST00311,India,0,0,562.91
501369,P10027,Water Bottle Sipper,Sports & Outdoors,1,2025-10-03,2203.72,CUST00374,United Kingdom,0,0,2203.72
502134,P10035,Whiteboard Marker Set,Stationery & Office,5,2026-04-03,808.92,CUST00581,India,0,0,4044.6
500192,P10029,Badminton Racket,Sports & Outdoors,3,2025-01-30,274.87,,United States,1,0,824.61
501181,P10005,Power Bank 10000mAh,Electronics,2,2026-02-08,1034.93,CUST00324,India,0,0,2069.86
501662,P10004,USB-C Cable,Electronics,5,2025-07-29,3182.97,CUST00463,United States,0,0,15914.85
501490,P10008,LED Desk Lamp,Home & Kitchen,5,2025-10-19,1311.15,CUST00421,United States,0,0,6555.75
501954,P10011,Ceramic Mug Set,Home & Kitchen,-1,2025-12-27,1993.94,CUST00542,United Kingdom,0,1,-1993.94
501269,P10001,Wireless Earbuds,Electronics,5,2025-05-09,606.94,CUST00343,India,0,0,3034.7
502104,P10014,Denim Jacket,Apparel,5,2025-07-27,1048.3,CUST00579,India,0,0,5241.5
501275,P10028,Camping Torch,Sports & Outdoors,5,2025-03-12,2043.99,CUST00343,India,0,0,10219.95
502406,P10031,Notebook Set,Stationery & Office,5,2026-01-06,268.52,CUST00687,United Kingdom,0,0,1342.6
501941,P10021,Lip Balm Set,Beauty & Personal Care,2,2025-08-28,652.97,CUST00540,India,0,0,1305.94
500333,P10014,Denim Jacket,Apparel,2,2026-06-27,1048.3,CUST00126,India,0,0,2096.6
502277,P10021,Lip Balm Set,Beauty & Personal Care,4,2025-10-12,652.97,,India,1,0,2611.88
502383,P10021,Lip Balm Set,Beauty & Personal Care,1,2026-06-27,652.97,CUST00675,India,0,0,652.97
500674,P10032,Gel Pen Pack,Stationery & Office,4,2025-05-17,687.3,CUST00199,Germany,0,0,2749.2
502766,P10002,Bluetooth Speaker,Electronics,1,2025-12-06,2723.88,CUST00779,United States,0,0,2723.88
501574,P10017,Formal Shirt,Apparel,3,2026-04-20,562.91,CUST00448,United States,0,0,1688.73
502994,P10015,Running Shoes,Apparel,5,2025-05-04,980.3,CUST00830,India,0,0,4901.5
500639,P10034,Sticky Notes Pack,Stationery & Office,4,2025-11-14,147.9,,India,1,0,591.6
500608,P10030,Cycling Gloves,Sports & Outdoors,1,2025-05-12,820.52,CUST00183,Uae,0,0,820.52
502083,P10004,USB-C Cable,Electronics,5,2026-01-19,3182.97,CUST00579,India,0,0,15914.85
502796,P10034,Sticky Notes Pack,Stationery & Office,3,2026-04-28,147.9,CUST00779,United States,0,0,443.7
502498,P10001,Wireless Earbuds,Electronics,4,2025-10-20,606.94,CUST00706,Singapore,0,0,2427.76
502618,P10005,Power Bank 10000mAh,Electronics,2,2025-12-19,1034.93,CUST00738,United States,0,0,2069.86
501159,P10006,Smartwatch Band,Electronics,3,2025-11-16,990.13,CUST00322,United States,0,0,2970.39
500838,P10011,Ceramic Mug Set,Home & Kitchen,2,2026-03-23,1993.94,CUST00225,India,0,0,3987.88
502915,P10004,USB-C Cable,Electronics,3,2025-04-01,3182.97,CUST00813,India,0,0,9548.91
500171,P10018,Yoga Pants,Apparel,1,2025-01-23,608.28,CUST00062,India,0,0,608.28
501267,P10033,Desk Organizer,Stationery & Office,5,2025-10-14,67.73,CUST00343,India,0,0,338.65
500080,P10012,Storage Organizer,Home & Kitchen,3,2025-09-23,1268.9,CUST00035,Singapore,0,0,3806.7
501966,P10020,Herbal Shampoo,Beauty & Personal Care,1,2026-06-16,1426.26,CUST00544,United Kingdom,0,0,1426.26
502279,P10034,Sticky Notes Pack,Stationery & Office,2,2025-06-14,147.9,CUST00636,India,0,0,295.8
501645,P10035,Whiteboard Marker Set,Stationery & Office,3,2026-06-27,808.92,CUST00457,India,0,0,2426.76
501996,P10026,Resistance Bands Set,Sports & Outdoors,2,2026-01-09,636.23,CUST00555,Germany,0,0,1272.46
500702,P10019,Face Serum,Beauty & Personal Care,1,2026-06-18,1312.41,CUST00203,India,0,0,1312.41
502523,P10014,Denim Jacket,Apparel,1,2025-08-12,1048.3,CUST00715,India,0,0,1048.3
500573,P10012,Storage Organizer,Home & Kitchen,5,2025-11-17,1268.9,CUST00176,India,0,0,6344.5
502363,P10021,Lip Balm Set,Beauty & Personal Care,-5,2025-05-10,652.97,CUST00668,India,0,1,-3264.85
502224,P10015,Running Shoes,Apparel,3,2025-05-18,980.3,CUST00622,India,0,0,2940.9
501890,P10035,Whiteboard Marker Set,Stationery & Office,3,2026-03-22,808.92,CUST00530,Germany,0,0,2426.76
502556,P10014,Denim Jacket,Apparel,2,2025-06-26,1048.3,CUST00731,India,0,0,2096.6
501485,P10034,Sticky Notes Pack,Stationery & Office,4,2026-05-27,147.9,,United States,1,0,591.6
501391,P10001,Wireless Earbuds,Electronics,2,2026-05-11,606.94,CUST00386,United States,0,0,1213.88
501961,P10032,Gel Pen Pack,Stationery & Office,3,2025-04-19,687.3,CUST00542,United Kingdom,0,0,2061.9
501901,P10027,Water Bottle Sipper,Sports & Outdoors,5,2025-03-07,2203.72,CUST00534,United Kingdom,0,0,11018.6
500163,P10031,Notebook Set,Stationery & Office,3,2025-11-11,268.52,CUST00060,India,0,0,805.56
502726,P10028,Camping Torch,Sports & Outdoors,1,2026-01-13,2043.99,CUST00764,United States,0,0,2043.99
501536,P10026,Resistance Bands Set,Sports & Outdoors,3,2026-03-11,636.23,,United States,1,0,1908.69
500809,P10016,Wool Sweater,Apparel,4,2025-08-03,1250.39,,United Kingdom,1,0,5001.56
501849,P10002,Bluetooth Speaker,Electronics,2,2025-07-05,2723.88,CUST00515,India,0,0,5447.76
502203,P10034,Sticky Notes Pack,Stationery & Office,3,2025-10-04,147.9,CUST00610,United Kingdom,0,0,443.7
501723,P10007,Non-Stick Pan,Home & Kitchen,3,2025-03-18,331.24,CUST00475,India,0,0,993.72
500836,P10009,Cotton Bedsheet Set,Home & Kitchen,1,2026-02-13,1519.89,CUST00223,India,0,0,1519.89
502603,P10011,Ceramic Mug Set,Home & Kitchen,5,2025-07-05,1993.94,CUST00734,India,0,0,9969.7
500142,P10034,Sticky Notes Pack,Stationery & Office,3,2025-03-18,147.9,CUST00052,United States,0,0,443.7
501462,P10033,Desk Organizer,Stationery & Office,4,2025-09-13,67.73,CUST00413,Uae,0,0,270.92
502765,P10009,Cotton Bedsheet Set,Home & Kitchen,-3,2025-05-13,1519.89,CUST00779,United States,0,1,-4559.67
500167,P10024,Beard Trimmer,Beauty & Personal Care,5,2025-02-22,700.79,,India,1,0,3503.95
500108,P10001,Wireless Earbuds,Electronics,4,2026-01-02,606.94,CUST00046,United Kingdom,0,0,2427.76
502091,P10025,Yoga Mat,Sports & Outdoors,5,2026-02-27,270.08,,India,1,0,1350.4
501091,P10018,Yoga Pants,Apparel,2,2026-02-03,608.28,CUST00304,United Kingdom,0,0,1216.56
502772,P10036,Backpack,Stationery & Office,5,2025-09-16,218.62,CUST00779,United States,0,0,1093.1
501617,P10025,Yoga Mat,Sports & Outdoors,3,2025-05-11,270.08,CUST00449,India,0,0,810.24
502072,P10022,Sunscreen SPF50,Beauty & Personal Care,5,2025-02-07,514.51,CUST00576,Uae,0,0,2572.55
501602,P10002,Bluetooth Speaker,Electronics,1,2025-01-19,2723.88,CUST00448,United States,0,0,2723.88
502206,P10019,Face Serum,Beauty & Personal Care,1,2025-02-26,1312.41,CUST00612,United States,0,0,1312.41
501251,P10035,Whiteboard Marker Set,Stationery & Office,4,2026-06-20,808.92,CUST00340,India,0,0,3235.68
501211,P10021,Lip Balm Set,Beauty & Personal Care,4,2025-08-26,652.97,CUST00328,United Kingdom,0,0,2611.88
502884,P10026,Resistance Bands Set,Sports & Outdoors,2,2026-02-17,636.23,CUST00801,United States,0,0,1272.46
500219,P10033,Desk Organizer,Stationery & Office,1,2025-11-15,67.73,CUST00086,India,0,0,67.73
500558,P10027,Water Bottle Sipper,Sports & Outdoors,4,2025-12-24,2203.72,CUST00170,United Kingdom,0,0,8814.88
502794,P10031,Notebook Set,Stationery & Office,3,2026-06-27,268.52,CUST00779,United States,0,0,805.56
501616,P10013,Cotton T-Shirt,Apparel,2,2026-03-27,1190.46,CUST00449,India,0,0,2380.92
500403,P10016,Wool Sweater,Apparel,2,2026-03-18,1250.39,CUST00137,India,0,0,2500.78
502952,P10018,Yoga Pants,Apparel,2,2025-01-18,608.28,CUST00826,Uae,0,0,1216.56
500952,P10009,Cotton Bedsheet Set,Home & Kitchen,1,2026-01-11,1519.89,CUST00265,Germany,0,0,1519.89
501874,P10008,LED Desk Lamp,Home & Kitchen,5,2026-03-15,1311.15,CUST00524,Germany,0,0,6555.75
501899,P10027,Water Bottle Sipper,Sports & Outdoors,5,2025-09-18,2203.72,CUST00534,United Kingdom,0,0,11018.6
502772,P10014,Denim Jacket,Apparel,2,2025-09-16,1048.3,CUST00779,United States,0,0,2096.6
502783,P10015,Running Shoes,Apparel,3,2025-10-12,980.3,,United States,1,0,2940.9
500291,P10020,Herbal Shampoo,Beauty & Personal Care,3,2026-03-01,1426.26,CUST00113,Uae,0,0,4278.78
502090,P10016,Wool Sweater,Apparel,3,2025-02-11,1250.39,CUST00579,India,0,0,3751.17
500426,P10033,Desk Organizer,Stationery & Office,1,2026-01-22,67.73,CUST00139,India,0,0,67.73
503010,P10022,Sunscreen SPF50,Beauty & Personal Care,5,2025-03-09,514.51,CUST00833,India,0,0,2572.55
502644,P10028,Camping Torch,Sports & Outdoors,5,2025-06-19,2043.99,CUST00749,Uae,0,0,10219.95
502134,P10002,Bluetooth Speaker,Electronics,5,2026-04-03,2723.88,CUST00581,India,0,0,13619.4
501265,P10035,Whiteboard Marker Set,Stationery & Office,4,2025-07-06,808.92,CUST00343,India,0,0,3235.68
502421,P10003,Phone Case,Electronics,2,2026-01-19,1049.71,CUST00695,India,0,0,2099.42
502081,P10036,Backpack,Stationery & Office,4,2025-10-21,218.62,CUST00579,India,0,0,874.48
500491,P10013,Cotton T-Shirt,Apparel,5,2025-05-31,1190.46,CUST00165,India,0,0,5952.3
500980,P10034,Sticky Notes Pack,Stationery & Office,2,2025-12-25,147.9,CUST00273,Germany,0,0,295.8
501410,P10006,Smartwatch Band,Electronics,1,2025-11-03,990.13,CUST00392,India,0,0,990.13
500602,P10010,Insulated Water Bottle,Home & Kitchen,1,2025-09-04,396.84,CUST00179,Uae,0,0,396.84
501816,P10007,Non-Stick Pan,Home & Kitchen,5,2025-12-18,331.24,CUST00503,India,0,0,1656.2
500521,P10008,LED Desk Lamp,Home & Kitchen,3,2025-01-07,1311.15,CUST00169,India,0,0,3933.45
502830,P10016,Wool Sweater,Apparel,3,2025-07-29,1250.39,,United Kingdom,1,0,3751.17
502364,P10008,LED Desk Lamp,Home & Kitchen,2,2025-08-05,1311.15,CUST00668,India,0,0,2622.3
502013,P10008,LED Desk Lamp,Home & Kitchen,5,2025-07-23,1311.15,CUST00559,United States,0,0,6555.75
500917,P10016,Wool Sweater,Apparel,3,2025-08-13,1250.39,CUST00255,India,0,0,3751.17
502204,P10028,Camping Torch,Sports & Outdoors,5,2025-11-04,2043.99,CUST00611,India,0,0,10219.95
501546,P10010,Insulated Water Bottle,Home & Kitchen,3,2025-11-17,396.84,CUST00439,United States,0,0,1190.52
502060,P10007,Non-Stick Pan,Home & Kitchen,5,2025-01-27,331.24,CUST00570,India,0,0,1656.2
501107,P10015,Running Shoes,Apparel,1,2026-05-12,980.3,CUST00311,India,0,0,980.3
502305,P10015,Running Shoes,Apparel,5,2025-01-04,980.3,CUST00652,India,0,0,4901.5
501703,P10019,Face Serum,Beauty & Personal Care,3,2026-03-27,1312.41,CUST00470,Singapore,0,0,3937.23
501502,P10007,Non-Stick Pan,Home & Kitchen,4,2026-03-04,331.24,CUST00425,India,0,0,1324.96
502295,P10008,LED Desk Lamp,Home & Kitchen,3,2026-05-29,1311.15,CUST00646,Germany,0,0,3933.45
501501,P10004,USB-C Cable,Electronics,4,2025-04-29,3182.97,,India,1,0,12731.88
502640,P10011,Ceramic Mug Set,Home & Kitchen,3,2025-03-03,1993.94,CUST00749,Uae,0,0,5981.82
502643,P10028,Camping Torch,Sports & Outdoors,1,2026-04-19,2043.99,CUST00749,Uae,0,0,2043.99
501476,P10014,Denim Jacket,Apparel,1,2026-04-28,1048.3,CUST00416,India,0,0,1048.3
501707,P10011,Ceramic Mug Set,Home & Kitchen,3,2025-08-30,1993.94,CUST00470,Singapore,0,0,5981.82
501260,P10034,Sticky Notes Pack,Stationery & Office,5,2025-09-26,147.9,CUST00343,India,0,0,739.5
500670,P10011,Ceramic Mug Set,Home & Kitchen,4,2025-06-01,1993.94,CUST00198,Germany,0,0,7975.76
502351,P10007,Non-Stick Pan,Home & Kitchen,2,2026-03-26,331.24,CUST00665,India,0,0,662.48
502029,P10013,Cotton T-Shirt,Apparel,1,2026-02-12,1190.46,CUST00563,India,0,0,1190.46
501462,P10034,Sticky Notes Pack,Stationery & Office,1,2025-09-13,147.9,CUST00413,Uae,0,0,147.9
502348,P10035,Whiteboard Marker Set,Stationery & Office,1,2025-10-07,808.92,CUST00665,India,0,0,808.92
500438,P10008,LED Desk Lamp,Home & Kitchen,4,2026-01-29,1311.15,CUST00141,Singapore,0,0,5244.6
500903,P10033,Desk Organizer,Stationery & Office,5,2026-06-08,67.73,CUST00249,Singapore,0,0,338.65
502073,P10011,Ceramic Mug Set,Home & Kitchen,-3,2025-08-24,1993.94,CUST00577,India,0,1,-5981.82
502609,P10010,Insulated Water Bottle,Home & Kitchen,2,2026-05-20,396.84,CUST00738,United States,0,0,793.68
502840,P10021,Lip Balm Set,Beauty & Personal Care,3,2025-07-12,652.97,CUST00789,India,0,0,1958.91
502268,P10009,Cotton Bedsheet Set,Home & Kitchen,3,2026-01-15,1519.89,CUST00634,India,0,0,4559.67
502526,P10019,Face Serum,Beauty & Personal Care,1,2025-09-14,1312.41,CUST00718,Singapore,0,0,1312.41
501580,P10013,Cotton T-Shirt,Apparel,5,2025-11-29,1190.46,CUST00448,United States,0,0,5952.3
500338,P10001,Wireless Earbuds,Electronics,3,2026-04-13,606.94,CUST00126,India,0,0,1820.82
502320,P10006,Smartwatch Band,Electronics,5,2025-12-22,990.13,CUST00659,United Kingdom,0,0,4950.65
502111,P10031,Notebook Set,Stationery & Office,4,2025-03-29,268.52,,India,1,0,1074.08
500824,P10009,Cotton Bedsheet Set,Home & Kitchen,1,2025-02-16,1519.89,CUST00219,United Kingdom,0,0,1519.89
501563,P10035,Whiteboard Marker Set,Stationery & Office,2,2026-06-07,808.92,CUST00444,India,0,0,1617.84
502017,P10026,Resistance Bands Set,Sports & Outdoors,1,2025-08-08,636.23,CUST00561,United States,0,0,636.23
500716,P10016,Wool Sweater,Apparel,4,2025-12-31,1250.39,CUST00203,India,0,0,5001.56
500652,P10011,Ceramic Mug Set,Home & Kitchen,1,2025-01-30,1993.94,CUST00194,United Kingdom,0,0,1993.94
501943,P10022,Sunscreen SPF50,Beauty & Personal Care,1,2025-07-23,514.51,CUST00540,India,0,0,514.51
501492,P10008,LED Desk Lamp,Home & Kitchen,4,2025-10-15,1311.15,CUST00421,United States,0,0,5244.6
500319,P10024,Beard Trimmer,Beauty & Personal Care,4,2025-11-17,700.79,CUST00122,Germany,0,0,2803.16
500073,P10027,Water Bottle Sipper,Sports & Outdoors,3,2025-12-11,2203.72,CUST00032,India,0,0,6611.16
502074,P10002,Bluetooth Speaker,Electronics,2,2025-01-05,2723.88,CUST00578,Uae,0,0,5447.76
500261,P10004,USB-C Cable,Electronics,4,2025-11-15,3182.97,CUST00104,India,0,0,12731.88
501244,P10023,Hair Dryer,Beauty & Personal Care,3,2025-06-12,1018.4,CUST00338,United States,0,0,3055.2
501479,P10033,Desk Organizer,Stationery & Office,4,2025-12-26,67.73,CUST00418,India,0,0,270.92
502574,P10001,Wireless Earbuds,Electronics,1,2026-06-20,606.94,CUST00731,India,0,0,606.94
502708,P10002,Bluetooth Speaker,Electronics,5,2026-05-18,2723.88,CUST00756,United States,0,0,13619.4
502655,P10031,Notebook Set,Stationery & Office,1,2025-06-19,268.52,CUST00753,United Kingdom,0,0,268.52
501741,P10035,Whiteboard Marker Set,Stationery & Office,3,2025-12-04,808.92,CUST00482,United Kingdom,0,0,2426.76
501473,P10016,Wool Sweater,Apparel,5,2026-06-09,1250.39,CUST00416,India,0,0,6251.95
500753,P10017,Formal Shirt,Apparel,2,2025-02-28,562.91,CUST00216,India,0,0,1125.82
500562,P10009,Cotton Bedsheet Set,Home & Kitchen,5,2025-05-29,1519.89,CUST00172,India,0,0,7599.45
502669,P10029,Badminton Racket,Sports & Outdoors,3,2025-04-06,274.87,CUST00753,United Kingdom,0,0,824.61
501444,P10008,LED Desk Lamp,Home & Kitchen,2,2026-06-19,1311.15,CUST00401,India,0,0,2622.3
500828,P10024,Beard Trimmer,Beauty & Personal Care,-1,2025-04-22,700.79,CUST00219,United Kingdom,0,1,-700.79
502630,P10026,Resistance Bands Set,Sports & Outdoors,2,2025-05-03,636.23,CUST00745,India,0,0,1272.46
500955,P10034,Sticky Notes Pack,Stationery & Office,1,2025-05-07,147.9,CUST00266,United States,0,0,147.9
501199,P10029,Badminton Racket,Sports & Outdoors,5,2026-01-31,274.87,CUST00324,India,0,0,1374.35
500174,P10002,Bluetooth Speaker,Electronics,1,2025-08-28,2723.88,CUST00063,Germany,0,0,2723.88
503079,P10007,Non-Stick Pan,Home & Kitchen,2,2025-02-12,331.24,CUST00842,United Kingdom,0,0,662.48
502664,P10035,Whiteboard Marker Set,Stationery & Office,2,2025-04-22,808.92,CUST00753,United Kingdom,0,0,1617.84
502148,P10030,Cycling Gloves,Sports & Outdoors,5,2026-02-14,820.52,CUST00583,India,0,0,4102.6
500042,P10032,Gel Pen Pack,Stationery & Office,4,2025-01-01,687.3,CUST00020,India,0,0,2749.2
502818,P10033,Desk Organizer,Stationery & Office,3,2026-01-27,67.73,CUST00783,India,0,0,203.19
501135,P10013,Cotton T-Shirt,Apparel,4,2025-11-23,1190.46,,India,1,0,4761.84
500230,P10008,LED Desk Lamp,Home & Kitchen,5,2026-05-18,1311.15,CUST00087,United States,0,0,6555.75
502894,P10031,Notebook Set,Stationery & Office,4,2025-09-18,268.52,CUST00803,United Kingdom,0,0,1074.08
501399,P10001,Wireless Earbuds,Electronics,3,2025-08-22,606.94,CUST00389,United States,0,0,1820.82
500282,P10017,Formal Shirt,Apparel,5,2025-08-04,562.91,CUST00112,India,0,0,2814.55
500206,P10007,Non-Stick Pan,Home & Kitchen,3,2025-11-25,331.24,CUST00078,India,0,0,993.72
502420,P10010,Insulated Water Bottle,Home & Kitchen,4,2025-10-23,396.84,CUST00694,India,0,0,1587.36
500682,P10024,Beard Trimmer,Beauty & Personal Care,3,2026-02-08,700.79,CUST00199,Germany,0,0,2102.37
502465,P10036,Backpack,Stationery & Office,4,2026-06-28,218.62,,India,1,0,874.48
500451,P10028,Camping Torch,Sports & Outdoors,3,2025-01-27,2043.99,CUST00146,India,0,0,6131.97
501948,P10027,Water Bottle Sipper,Sports & Outdoors,4,2025-06-18,2203.72,CUST00540,India,0,0,8814.88
501453,P10010,Insulated Water Bottle,Home & Kitchen,5,2025-07-28,396.84,CUST00408,India,0,0,1984.2
501760,P10026,Resistance Bands Set,Sports & Outdoors,1,2025-11-29,636.23,CUST00485,United Kingdom,0,0,636.23
501038,P10009,Cotton Bedsheet Set,Home & Kitchen,5,2026-01-28,1519.89,CUST00291,India,0,0,7599.45
502789,P10001,Wireless Earbuds,Electronics,3,2026-01-12,606.94,CUST00779,United States,0,0,1820.82
500388,P10036,Backpack,Stationery & Office,5,2025-09-29,218.62,CUST00133,India,0,0,1093.1
501342,P10022,Sunscreen SPF50,Beauty & Personal Care,3,2026-04-24,514.51,CUST00363,India,0,0,1543.53
501119,P10021,Lip Balm Set,Beauty & Personal Care,2,2026-06-24,652.97,CUST00311,India,0,0,1305.94
500918,P10002,Bluetooth Speaker,Electronics,5,2026-02-06,2723.88,,India,1,0,13619.4
503030,P10017,Formal Shirt,Apparel,4,2025-06-04,562.91,CUST00833,India,0,0,2251.64
501937,P10011,Ceramic Mug Set,Home & Kitchen,2,2025-04-29,1993.94,CUST00540,India,0,0,3987.88
500841,P10005,Power Bank 10000mAh,Electronics,1,2025-02-21,1034.93,CUST00225,India,0,0,1034.93
501551,P10035,Whiteboard Marker Set,Stationery & Office,1,2026-01-13,808.92,CUST00439,United States,0,0,808.92
500208,P10026,Resistance Bands Set,Sports & Outdoors,1,2026-01-10,636.23,CUST00080,India,0,0,636.23
502411,P10032,Gel Pen Pack,Stationery & Office,4,2025-06-08,687.3,CUST00688,India,0,0,2749.2
501101,P10031,Notebook Set,Stationery & Office,4,2026-01-09,268.52,CUST00310,India,0,0,1074.08
501603,P10008,LED Desk Lamp,Home & Kitchen,5,2026-01-14,1311.15,,United States,1,0,6555.75
500902,P10033,Desk Organizer,Stationery & Office,1,2025-07-25,67.73,,Singapore,1,0,67.73
500498,P10007,Non-Stick Pan,Home & Kitchen,4,2025-10-18,331.24,CUST00166,Germany,0,0,1324.96
501054,P10008,LED Desk Lamp,Home & Kitchen,1,2025-06-10,1311.15,,India,1,0,1311.15
501164,P10018,Yoga Pants,Apparel,1,2025-09-02,608.28,CUST00324,India,0,0,608.28
502591,P10029,Badminton Racket,Sports & Outdoors,2,2025-09-03,274.87,CUST00731,India,0,0,549.74
500692,P10009,Cotton Bedsheet Set,Home & Kitchen,-3,2025-04-27,1519.89,CUST00203,India,0,1,-4559.67
501520,P10010,Insulated Water Bottle,Home & Kitchen,3,2025-11-20,396.84,CUST00431,India,0,0,1190.52
500206,P10036,Backpack,Stationery & Office,3,2025-11-25,218.62,CUST00078,India,0,0,655.86
503079,P10021,Lip Balm Set,Beauty & Personal Care,3,2025-02-12,652.97,CUST00842,United Kingdom,0,0,1958.91
502137,P10033,Desk Organizer,Stationery & Office,-1,2025-01-10,67.73,CUST00581,India,0,1,-67.73
500346,P10033,Desk Organizer,Stationery & Office,1,2025-11-28,67.73,CUST00126,India,0,0,67.73
501402,P10019,Face Serum,Beauty & Personal Care,4,2026-06-09,1312.41,CUST00392,India,0,0,5249.64
500632,P10005,Power Bank 10000mAh,Electronics,3,2025-10-05,1034.93,CUST00189,India,0,0,3104.79
501957,P10025,Yoga Mat,Sports & Outdoors,2,2025-06-11,270.08,CUST00542,United Kingdom,0,0,540.16
502563,P10029,Badminton Racket,Sports & Outdoors,5,2025-04-04,274.87,CUST00731,India,0,0,1374.35
502959,P10005,Power Bank 10000mAh,Electronics,2,2025-05-24,1034.93,CUST00830,India,0,0,2069.86
502428,P10011,Ceramic Mug Set,Home & Kitchen,3,2025-04-20,1993.94,CUST00699,India,0,0,5981.82
501920,P10024,Beard Trimmer,Beauty & Personal Care,4,2025-02-03,700.79,CUST00539,India,0,0,2803.16
502355,P10013,Cotton T-Shirt,Apparel,1,2025-05-01,1190.46,CUST00666,India,0,0,1190.46
502283,P10034,Sticky Notes Pack,Stationery & Office,5,2025-01-19,147.9,CUST00639,India,0,0,739.5
501457,P10033,Desk Organizer,Stationery & Office,5,2026-01-25,67.73,CUST00409,Uae,0,0,338.65
501392,P10030,Cycling Gloves,Sports & Outdoors,5,2025-08-20,820.52,CUST00386,United States,0,0,4102.6
500387,P10026,Resistance Bands Set,Sports & Outdoors,-2,2025-02-15,636.23,CUST00133,India,0,1,-1272.46
500422,P10036,Backpack,Stationery & Office,3,2026-02-16,218.62,,India,1,0,655.86
501542,P10032,Gel Pen Pack,Stationery & Office,2,2025-06-01,687.3,CUST00439,United States,0,0,1374.6
501137,P10034,Sticky Notes Pack,Stationery & Office,2,2025-10-20,147.9,CUST00312,India,0,0,295.8
502661,P10002,Bluetooth Speaker,Electronics,3,2025-03-26,2723.88,CUST00753,United Kingdom,0,0,8171.64
502007,P10006,Smartwatch Band,Electronics,4,2025-05-05,990.13,CUST00557,India,0,0,3960.52
502387,P10011,Ceramic Mug Set,Home & Kitchen,4,2025-06-19,1993.94,CUST00677,India,0,0,7975.76
500934,P10034,Sticky Notes Pack,Stationery & Office,3,2026-05-22,147.9,CUST00261,United Kingdom,0,0,443.7
501959,P10006,Smartwatch Band,Electronics,5,2025-11-01,990.13,CUST00542,United Kingdom,0,0,4950.65
502148,P10031,Notebook Set,Stationery & Office,4,2026-02-14,268.52,CUST00583,India,0,0,1074.08
503072,P10014,Denim Jacket,Apparel,2,2025-02-27,1048.3,CUST00842,United Kingdom,0,0,2096.6
501143,P10036,Backpack,Stationery & Office,1,2025-10-20,218.62,CUST00314,Singapore,0,0,218.62
500402,P10036,Backpack,Stationery & Office,2,2026-01-14,218.62,CUST00137,India,0,0,437.24
500101,P10015,Running Shoes,Apparel,1,2025-06-23,980.3,CUST00042,India,0,0,980.3
500366,P10024,Beard Trimmer,Beauty & Personal Care,2,2025-05-23,700.79,CUST00127,United States,0,0,1401.58
501888,P10021,Lip Balm Set,Beauty & Personal Care,5,2025-11-19,652.97,CUST00530,Germany,0,0,3264.85
500828,P10034,Sticky Notes Pack,Stationery & Office,5,2025-04-22,147.9,CUST00219,United Kingdom,0,0,739.5
501654,P10028,Camping Torch,Sports & Outdoors,2,2026-01-23,2043.99,CUST00459,India,0,0,4087.98
501058,P10031,Notebook Set,Stationery & Office,5,2025-08-14,268.52,CUST00295,India,0,0,1342.6
503051,P10028,Camping Torch,Sports & Outdoors,5,2025-12-16,2043.99,,United Kingdom,1,0,10219.95
501401,P10012,Storage Organizer,Home & Kitchen,2,2026-02-02,1268.9,CUST00391,Singapore,0,0,2537.8
501498,P10002,Bluetooth Speaker,Electronics,3,2025-12-06,2723.88,CUST00424,India,0,0,8171.64
500510,P10036,Backpack,Stationery & Office,2,2026-05-04,218.62,,India,1,0,437.24
500574,P10024,Beard Trimmer,Beauty & Personal Care,2,2025-10-29,700.79,CUST00176,India,0,0,1401.58
500759,P10009,Cotton Bedsheet Set,Home & Kitchen,5,2025-03-16,1519.89,CUST00216,India,0,0,7599.45
501733,P10017,Formal Shirt,Apparel,2,2025-11-25,562.91,CUST00479,Singapore,0,0,1125.82
500852,P10010,Insulated Water Bottle,Home & Kitchen,2,2026-06-29,396.84,CUST00232,India,0,0,793.68
500309,P10006,Smartwatch Band,Electronics,3,2025-02-18,990.13,CUST00119,Germany,0,0,2970.39
501469,P10005,Power Bank 10000mAh,Electronics,4,2025-12-29,1034.93,CUST00416,India,0,0,4139.72
502203,P10001,Wireless Earbuds,Electronics,1,2025-10-04,606.94,CUST00610,United Kingdom,0,0,606.94
501907,P10013,Cotton T-Shirt,Apparel,3,2025-04-09,1190.46,CUST00538,India,0,0,3571.38
500581,P10023,Hair Dryer,Beauty & Personal Care,4,2025-08-04,1018.4,CUST00176,India,0,0,4073.6
501605,P10036,Backpack,Stationery & Office,2,2025-07-08,218.62,CUST00448,United States,0,0,437.24
500615,P10016,Wool Sweater,Apparel,4,2025-07-30,1250.39,CUST00189,India,0,0,5001.56
501009,P10010,Insulated Water Bottle,Home & Kitchen,1,2025-11-18,396.84,CUST00286,India,0,0,396.84
502525,P10008,LED Desk Lamp,Home & Kitchen,4,2025-05-24,1311.15,CUST00717,Germany,0,0,5244.6
500176,P10026,Resistance Bands Set,Sports & Outdoors,1,2025-09-02,636.23,CUST00063,Germany,0,0,636.23
502905,P10028,Camping Torch,Sports & Outdoors,5,2025-12-22,2043.99,CUST00811,Singapore,0,0,10219.95
501535,P10007,Non-Stick Pan,Home & Kitchen,5,2025-12-15,331.24,CUST00439,United States,0,0,1656.2
500676,P10019,Face Serum,Beauty & Personal Care,2,2025-08-11,1312.41,CUST00199,Germany,0,0,2624.82
500049,P10023,Hair Dryer,Beauty & Personal Care,1,2025-11-22,1018.4,CUST00021,United Kingdom,0,0,1018.4
500123,P10005,Power Bank 10000mAh,Electronics,1,2025-05-23,1034.93,CUST00047,India,0,0,1034.93
502300,P10015,Running Shoes,Apparel,4,2025-12-29,980.3,CUST00648,United Kingdom,0,0,3921.2
501220,P10008,LED Desk Lamp,Home & Kitchen,4,2025-10-28,1311.15,CUST00332,United States,0,0,5244.6
500774,P10026,Resistance Bands Set,Sports & Outdoors,1,2025-04-26,636.23,CUST00217,India,0,0,636.23
500669,P10015,Running Shoes,Apparel,5,2025-03-26,980.3,CUST00198,Germany,0,0,4901.5
502478,P10016,Wool Sweater,Apparel,1,2025-04-09,1250.39,CUST00706,Singapore,0,0,1250.39
500217,P10019,Face Serum,Beauty & Personal Care,5,2026-04-25,1312.41,CUST00085,India,0,0,6562.05
501226,P10001,Wireless Earbuds,Electronics,2,2025-02-13,606.94,CUST00335,India,0,0,1213.88
500953,P10017,Formal Shirt,Apparel,2,2025-10-19,562.91,CUST00265,Germany,0,0,1125.82
501434,P10034,Sticky Notes Pack,Stationery & Office,5,2025-10-20,147.9,CUST00395,India,0,0,739.5
500318,P10008,LED Desk Lamp,Home & Kitchen,4,2025-10-22,1311.15,CUST00122,Germany,0,0,5244.6
502019,P10005,Power Bank 10000mAh,Electronics,4,2025-10-20,1034.93,CUST00561,United States,0,0,4139.72
503105,P10017,Formal Shirt,Apparel,5,2025-09-07,562.91,CUST00850,United Kingdom,0,0,2814.55
502830,P10024,Beard Trimmer,Beauty & Personal Care,2,2025-07-29,700.79,CUST00787,United Kingdom,0,0,1401.58
502670,P10024,Beard Trimmer,Beauty & Personal Care,2,2025-02-13,700.79,CUST00753,United Kingdom,0,0,1401.58
500616,P10003,Phone Case,Electronics,1,2026-04-19,1049.71,CUST00189,India,0,0,1049.71
503075,P10024,Beard Trimmer,Beauty & Personal Care,4,2025-03-15,700.79,CUST00842,United Kingdom,0,0,2803.16
502947,P10002,Bluetooth Speaker,Electronics,1,2025-11-22,2723.88,CUST00823,India,0,0,2723.88
500444,P10016,Wool Sweater,Apparel,5,2025-03-15,1250.39,CUST00143,India,0,0,6251.95
500777,P10025,Yoga Mat,Sports & Outdoors,4,2025-01-13,270.08,CUST00218,United States,0,0,1080.32
501908,P10022,Sunscreen SPF50,Beauty & Personal Care,4,2025-06-21,514.51,CUST00539,India,0,0,2058.04
500571,P10020,Herbal Shampoo,Beauty & Personal Care,-2,2025-11-07,1426.26,CUST00175,United Kingdom,0,1,-2852.52
500792,P10016,Wool Sweater,Apparel,3,2025-03-11,1250.39,CUST00219,United Kingdom,0,0,3751.17
501897,P10021,Lip Balm Set,Beauty & Personal Care,2,2025-04-16,652.97,CUST00534,United Kingdom,0,0,1305.94
500877,P10014,Denim Jacket,Apparel,-2,2025-12-01,1048.3,CUST00236,United States,0,1,-2096.6
502281,P10014,Denim Jacket,Apparel,1,2025-08-19,1048.3,CUST00637,India,0,0,1048.3
500993,P10026,Resistance Bands Set,Sports & Outdoors,4,2025-08-12,636.23,CUST00279,United States,0,0,2544.92
501877,P10029,Badminton Racket,Sports & Outdoors,5,2025-10-11,274.87,CUST00527,India,0,0,1374.35
501375,P10016,Wool Sweater,Apparel,4,2025-05-17,1250.39,CUST00377,Germany,0,0,5001.56
500178,P10029,Badminton Racket,Sports & Outdoors,2,2025-02-24,274.87,CUST00064,India,0,0,549.74
502141,P10012,Storage Organizer,Home & Kitchen,3,2025-06-06,1268.9,CUST00581,India,0,0,3806.7
502300,P10031,Notebook Set,Stationery & Office,5,2025-12-29,268.52,CUST00648,United Kingdom,0,0,1342.6
502101,P10005,Power Bank 10000mAh,Electronics,1,2025-07-21,1034.93,CUST00579,India,0,0,1034.93
501375,P10016,Wool Sweater,Apparel,1,2025-05-17,1250.39,CUST00377,Germany,0,0,1250.39
500113,P10023,Hair Dryer,Beauty & Personal Care,5,2025-11-25,1018.4,CUST00047,India,0,0,5092.0
501329,P10015,Running Shoes,Apparel,4,2025-06-06,980.3,CUST00357,India,0,0,3921.2
501602,P10027,Water Bottle Sipper,Sports & Outdoors,-2,2025-01-19,2203.72,CUST00448,United States,0,1,-4407.44
502192,P10013,Cotton T-Shirt,Apparel,3,2025-01-31,1190.46,CUST00602,India,0,0,3571.38
502782,P10012,Storage Organizer,Home & Kitchen,2,2025-12-30,1268.9,CUST00779,United States,0,0,2537.8
502372,P10003,Phone Case,Electronics,-5,2026-05-07,1049.71,CUST00673,India,0,1,-5248.55
500402,P10001,Wireless Earbuds,Electronics,1,2026-01-14,606.94,CUST00137,India,0,0,606.94
503102,P10002,Bluetooth Speaker,Electronics,2,2026-01-18,2723.88,CUST00850,United Kingdom,0,0,5447.76
500028,P10016,Wool Sweater,Apparel,3,2026-03-21,1250.39,CUST00012,Singapore,0,0,3751.17
500800,P10035,Whiteboard Marker Set,Stationery & Office,-3,2025-11-18,808.92,CUST00219,United Kingdom,0,1,-2426.76
501795,P10023,Hair Dryer,Beauty & Personal Care,2,2025-12-24,1018.4,CUST00497,United Kingdom,0,0,2036.8
502090,P10029,Badminton Racket,Sports & Outdoors,3,2025-02-11,274.87,CUST00579,India,0,0,824.61
501352,P10007,Non-Stick Pan,Home & Kitchen,4,2026-02-27,331.24,CUST00365,Uae,0,0,1324.96
500480,P10005,Power Bank 10000mAh,Electronics,4,2025-02-02,1034.93,,United States,1,0,4139.72
500888,P10033,Desk Organizer,Stationery & Office,2,2025-12-25,67.73,CUST00239,United Kingdom,0,0,135.46
501573,P10035,Whiteboard Marker Set,Stationery & Office,3,2026-04-12,808.92,CUST00448,United States,0,0,2426.76
501069,P10034,Sticky Notes Pack,Stationery & Office,1,2025-11-09,147.9,CUST00298,India,0,0,147.9
502961,P10002,Bluetooth Speaker,Electronics,4,2025-03-16,2723.88,CUST00830,India,0,0,10895.52
502110,P10036,Backpack,Stationery & Office,3,2025-03-15,218.62,CUST00579,India,0,0,655.86
500685,P10028,Camping Torch,Sports & Outdoors,1,2025-06-07,2043.99,CUST00200,United States,0,0,2043.99
500689,P10014,Denim Jacket,Apparel,4,2026-02-03,1048.3,CUST00203,India,0,0,4193.2
500824,P10025,Yoga Mat,Sports & Outdoors,1,2025-02-16,270.08,CUST00219,United Kingdom,0,0,270.08
500448,P10028,Camping Torch,Sports & Outdoors,4,2026-01-24,2043.99,CUST00144,India,0,0,8175.96
501851,P10006,Smartwatch Band,Electronics,2,2026-05-04,990.13,CUST00517,India,0,0,1980.26
500327,P10022,Sunscreen SPF50,Beauty & Personal Care,3,2025-07-27,514.51,CUST00126,India,0,0,1543.53
500909,P10004,USB-C Cable,Electronics,-4,2025-12-07,3182.97,CUST00251,India,0,1,-12731.88
502623,P10004,USB-C Cable,Electronics,2,2025-07-08,3182.97,CUST00740,India,0,0,6365.94
501151,P10015,Running Shoes,Apparel,1,2026-02-03,980.3,CUST00319,India,0,0,980.3
502373,P10034,Sticky Notes Pack,Stationery & Office,5,2025-05-02,147.9,CUST00673,India,0,0,739.5
501431,P10027,Water Bottle Sipper,Sports & Outdoors,2,2026-06-07,2203.72,CUST00394,United States,0,0,4407.44
500903,P10017,Formal Shirt,Apparel,2,2026-06-08,562.91,,Singapore,1,0,1125.82
500172,P10015,Running Shoes,Apparel,5,2025-03-30,980.3,CUST00063,Germany,0,0,4901.5
501640,P10020,Herbal Shampoo,Beauty & Personal Care,2,2026-05-29,1426.26,CUST00454,Uae,0,0,2852.52
502806,P10032,Gel Pen Pack,Stationery & Office,1,2025-07-08,687.3,CUST00780,United Kingdom,0,0,687.3
500578,P10010,Insulated Water Bottle,Home & Kitchen,4,2025-09-26,396.84,CUST00176,India,0,0,1587.36
501482,P10021,Lip Balm Set,Beauty & Personal Care,5,2025-01-18,652.97,CUST00419,United Kingdom,0,0,3264.85
502617,P10031,Notebook Set,Stationery & Office,2,2025-08-10,268.52,CUST00738,United States,0,0,537.04
502946,P10016,Wool Sweater,Apparel,2,2025-06-16,1250.39,CUST00822,India,0,0,2500.78
500996,P10010,Insulated Water Bottle,Home & Kitchen,4,2025-04-01,396.84,CUST00280,United States,0,0,1587.36
500409,P10033,Desk Organizer,Stationery & Office,1,2025-03-25,67.73,CUST00138,United States,0,0,67.73
501798,P10018,Yoga Pants,Apparel,3,2026-03-08,608.28,CUST00497,United Kingdom,0,0,1824.84
501147,P10011,Ceramic Mug Set,Home & Kitchen,4,2025-08-16,1993.94,CUST00316,United Kingdom,0,0,7975.76
502131,P10032,Gel Pen Pack,Stationery & Office,3,2025-01-10,687.3,CUST00581,India,0,0,2061.9
500773,P10002,Bluetooth Speaker,Electronics,2,2025-08-09,2723.88,CUST00217,India,0,0,5447.76
503005,P10009,Cotton Bedsheet Set,Home & Kitchen,1,2026-05-03,1519.89,CUST00832,India,0,0,1519.89
502266,P10023,Hair Dryer,Beauty & Personal Care,4,2025-03-19,1018.4,CUST00634,India,0,0,4073.6
501022,P10015,Running Shoes,Apparel,3,2026-02-12,980.3,CUST00286,India,0,0,2940.9
500289,P10015,Running Shoes,Apparel,3,2026-05-24,980.3,CUST00113,Uae,0,0,2940.9
501298,P10015,Running Shoes,Apparel,2,2025-02-27,980.3,CUST00352,Germany,0,0,1960.6
502901,P10021,Lip Balm Set,Beauty & Personal Care,3,2026-02-21,652.97,CUST00807,Uae,0,0,1958.91
502041,P10001,Wireless Earbuds,Electronics,5,2025-12-25,606.94,CUST00566,United Kingdom,0,0,3034.7
502695,P10018,Yoga Pants,Apparel,5,2025-06-15,608.28,CUST00754,India,0,0,3041.4
502464,P10030,Cycling Gloves,Sports & Outdoors,1,2025-10-09,820.52,CUST00704,India,0,0,820.52
501928,P10026,Resistance Bands Set,Sports & Outdoors,5,2025-09-11,636.23,CUST00539,India,0,0,3181.15
500935,P10028,Camping Torch,Sports & Outdoors,4,2025-02-19,2043.99,CUST00261,United Kingdom,0,0,8175.96
501526,P10028,Camping Torch,Sports & Outdoors,3,2026-06-18,2043.99,CUST00435,India,0,0,6131.97
500431,P10020,Herbal Shampoo,Beauty & Personal Care,3,2025-05-07,1426.26,CUST00139,India,0,0,4278.78
500578,P10016,Wool Sweater,Apparel,4,2025-09-26,1250.39,CUST00176,India,0,0,5001.56
501732,P10031,Notebook Set,Stationery & Office,4,2025-09-29,268.52,,United Kingdom,1,0,1074.08
501706,P10008,LED Desk Lamp,Home & Kitchen,4,2026-05-23,1311.15,CUST00470,Singapore,0,0,5244.6
502212,P10020,Herbal Shampoo,Beauty & Personal Care,3,2025-02-04,1426.26,CUST00614,India,0,0,4278.78
502264,P10006,Smartwatch Band,Electronics,1,2026-06-08,990.13,CUST00634,India,0,0,990.13
500644,P10008,LED Desk Lamp,Home & Kitchen,5,2025-04-08,1311.15,CUST00190,India,0,0,6555.75
502728,P10006,Smartwatch Band,Electronics,1,2026-03-12,990.13,CUST00764,United States,0,0,990.13
501439,P10029,Badminton Racket,Sports & Outdoors,4,2025-05-09,274.87,CUST00397,Germany,0,0,1099.48
501391,P10004,USB-C Cable,Electronics,2,2026-05-11,3182.97,CUST00386,United States,0,0,6365.94
501216,P10031,Notebook Set,Stationery & Office,1,2025-09-17,268.52,CUST00330,India,0,0,268.52
500749,P10006,Smartwatch Band,Electronics,1,2025-10-04,990.13,CUST00213,United Kingdom,0,0,990.13
502103,P10006,Smartwatch Band,Electronics,4,2025-05-13,990.13,CUST00579,India,0,0,3960.52
501073,P10029,Badminton Racket,Sports & Outdoors,3,2026-02-20,274.87,CUST00298,India,0,0,824.61
500851,P10017,Formal Shirt,Apparel,1,2025-03-08,562.91,CUST00232,India,0,0,562.91
502053,P10035,Whiteboard Marker Set,Stationery & Office,2,2026-05-15,808.92,CUST00570,India,0,0,1617.84
500984,P10009,Cotton Bedsheet Set,Home & Kitchen,2,2025-05-27,1519.89,CUST00275,India,0,0,3039.78
501234,P10014,Denim Jacket,Apparel,2,2026-05-27,1048.3,,India,1,0,2096.6
500288,P10021,Lip Balm Set,Beauty & Personal Care,2,2026-05-04,652.97,CUST00113,Uae,0,0,1305.94
501458,P10029,Badminton Racket,Sports & Outdoors,1,2025-01-03,274.87,CUST00409,Uae,0,0,274.87
502273,P10020,Herbal Shampoo,Beauty & Personal Care,4,2025-10-11,1426.26,CUST00636,India,0,0,5705.04
500338,P10035,Whiteboard Marker Set,Stationery & Office,2,2026-04-13,808.92,CUST00126,India,0,0,1617.84
501244,P10025,Yoga Mat,Sports & Outdoors,3,2025-06-12,270.08,CUST00338,United States,0,0,810.24
501031,P10008,LED Desk Lamp,Home & Kitchen,4,2026-02-15,1311.15,CUST00287,India,0,0,5244.6
501488,P10028,Camping Torch,Sports & Outdoors,-4,2026-03-31,2043.99,CUST00420,United States,0,1,-8175.96
500860,P10034,Sticky Notes Pack,Stationery & Office,4,2025-10-11,147.9,CUST00235,India,0,0,591.6
502823,P10022,Sunscreen SPF50,Beauty & Personal Care,1,2025-01-07,514.51,CUST00785,India,0,0,514.51
501955,P10031,Notebook Set,Stationery & Office,4,2025-10-11,268.52,CUST00542,United Kingdom,0,0,1074.08
500236,P10036,Backpack,Stationery & Office,1,2026-02-01,218.62,CUST00092,United States,0,0,218.62
502098,P10002,Bluetooth Speaker,Electronics,5,2025-08-07,2723.88,CUST00579,India,0,0,13619.4
502386,P10016,Wool Sweater,Apparel,1,2026-02-27,1250.39,CUST00677,India,0,0,1250.39
500242,P10020,Herbal Shampoo,Beauty & Personal Care,4,2025-06-21,1426.26,CUST00096,India,0,0,5705.04
500152,P10007,Non-Stick Pan,Home & Kitchen,2,2025-03-27,331.24,CUST00055,United Kingdom,0,0,662.48
500519,P10016,Wool Sweater,Apparel,4,2025-11-24,1250.39,CUST00169,India,0,0,5001.56
502356,P10019,Face Serum,Beauty & Personal Care,4,2026-02-06,1312.41,CUST00667,India,0,0,5249.64
503069,P10014,Denim Jacket,Apparel,4,2025-07-22,1048.3,,United Kingdom,1,0,4193.2
502405,P10004,USB-C Cable,Electronics,5,2025-02-22,3182.97,CUST00687,United Kingdom,0,0,15914.85
501999,P10001,Wireless Earbuds,Electronics,5,2026-03-22,606.94,CUST00555,Germany,0,0,3034.7
500794,P10032,Gel Pen Pack,Stationery & Office,2,2025-03-13,687.3,CUST00219,United Kingdom,0,0,1374.6
501922,P10031,Notebook Set,Stationery & Office,2,2025-08-24,268.52,CUST00539,India,0,0,537.04
501978,P10032,Gel Pen Pack,Stationery & Office,2,2025-08-13,687.3,CUST00548,United Kingdom,0,0,1374.6
502627,P10018,Yoga Pants,Apparel,3,2026-03-07,608.28,CUST00742,India,0,0,1824.84
502742,P10019,Face Serum,Beauty & Personal Care,4,2025-05-02,1312.41,CUST00770,Germany,0,0,5249.64
502120,P10024,Beard Trimmer,Beauty & Personal Care,5,2026-01-11,700.79,CUST00579,India,0,0,3503.95
502833,P10007,Non-Stick Pan,Home & Kitchen,1,2025-06-06,331.24,CUST00787,United Kingdom,0,0,331.24
500583,P10008,LED Desk Lamp,Home & Kitchen,5,2025-07-28,1311.15,CUST00176,India,0,0,6555.75
500010,P10020,Herbal Shampoo,Beauty & Personal Care,3,2025-12-10,1426.26,CUST00006,India,0,0,4278.78
501295,P10023,Hair Dryer,Beauty & Personal Care,4,2025-10-04,1018.4,CUST00351,India,0,0,4073.6
501747,P10036,Backpack,Stationery & Office,1,2026-05-07,218.62,CUST00483,India,0,0,218.62
502268,P10001,Wireless Earbuds,Electronics,4,2026-01-15,606.94,CUST00634,India,0,0,2427.76
501937,P10027,Water Bottle Sipper,Sports & Outdoors,5,2025-04-29,2203.72,CUST00540,India,0,0,11018.6
501360,P10002,Bluetooth Speaker,Electronics,3,2025-10-15,2723.88,CUST00369,India,0,0,8171.64
500816,P10014,Denim Jacket,Apparel,3,2025-11-19,1048.3,CUST00219,United Kingdom,0,0,3144.9
502350,P10029,Badminton Racket,Sports & Outdoors,3,2026-04-11,274.87,CUST00665,India,0,0,824.61
501284,P10010,Insulated Water Bottle,Home & Kitchen,5,2026-04-16,396.84,CUST00345,India,0,0,1984.2
503038,P10036,Backpack,Stationery & Office,2,2025-01-10,218.62,CUST00839,United Kingdom,0,0,437.24
500843,P10009,Cotton Bedsheet Set,Home & Kitchen,5,2026-01-21,1519.89,CUST00227,Singapore,0,0,7599.45
501925,P10016,Wool Sweater,Apparel,2,2026-06-08,1250.39,CUST00539,India,0,0,2500.78
500142,P10011,Ceramic Mug Set,Home & Kitchen,3,2025-03-18,1993.94,CUST00052,United States,0,0,5981.82
501215,P10028,Camping Torch,Sports & Outdoors,3,2025-04-06,2043.99,CUST00329,India,0,0,6131.97
502061,P10029,Badminton Racket,Sports & Outdoors,1,2026-02-15,274.87,CUST00571,India,0,0,274.87
501774,P10025,Yoga Mat,Sports & Outdoors,3,2025-10-28,270.08,CUST00489,Uae,0,0,810.24
500738,P10019,Face Serum,Beauty & Personal Care,1,2025-08-24,1312.41,CUST00206,India,0,0,1312.41
501613,P10013,Cotton T-Shirt,Apparel,5,2026-04-29,1190.46,CUST00448,United States,0,0,5952.3
500642,P10017,Formal Shirt,Apparel,4,2025-12-10,562.91,CUST00189,India,0,0,2251.64
502814,P10010,Insulated Water Bottle,Home & Kitchen,5,2025-12-15,396.84,CUST00782,India,0,0,1984.2
500734,P10020,Herbal Shampoo,Beauty & Personal Care,2,2025-07-28,1426.26,CUST00205,United Kingdom,0,0,2852.52
502871,P10031,Notebook Set,Stationery & Office,3,2025-11-28,268.52,CUST00797,Uae,0,0,805.56
502392,P10017,Formal Shirt,Apparel,4,2025-08-05,562.91,CUST00679,Singapore,0,0,2251.64
500925,P10018,Yoga Pants,Apparel,5,2026-05-15,608.28,CUST00258,United Kingdom,0,0,3041.4
501673,P10013,Cotton T-Shirt,Apparel,3,2025-11-18,1190.46,CUST00463,United States,0,0,3571.38
501443,P10017,Formal Shirt,Apparel,3,2025-01-09,562.91,CUST00400,United States,0,0,1688.73
501103,P10025,Yoga Mat,Sports & Outdoors,5,2025-11-13,270.08,CUST00310,India,0,0,1350.4
502003,P10009,Cotton Bedsheet Set,Home & Kitchen,2,2025-07-21,1519.89,CUST00555,Germany,0,0,3039.78
500248,P10029,Badminton Racket,Sports & Outdoors,1,2025-08-08,274.87,CUST00099,India,0,0,274.87
501677,P10035,Whiteboard Marker Set,Stationery & Office,5,2025-08-29,808.92,CUST00463,United States,0,0,4044.6
502027,P10003,Phone Case,Electronics,2,2025-10-01,1049.71,CUST00563,India,0,0,2099.42
500562,P10013,Cotton T-Shirt,Apparel,1,2025-05-29,1190.46,CUST00172,India,0,0,1190.46
500099,P10035,Whiteboard Marker Set,Stationery & Office,1,2025-09-16,808.92,CUST00041,India,0,0,808.92
501519,P10005,Power Bank 10000mAh,Electronics,2,2025-10-17,1034.93,CUST00431,India,0,0,2069.86
502965,P10004,USB-C Cable,Electronics,3,2026-01-11,3182.97,CUST00830,India,0,0,9548.91
500055,P10013,Cotton T-Shirt,Apparel,5,2025-03-17,1190.46,CUST00026,United States,0,0,5952.3
500019,P10024,Beard Trimmer,Beauty & Personal Care,5,2026-06-12,700.79,CUST00008,Germany,0,0,3503.95
502829,P10035,Whiteboard Marker Set,Stationery & Office,1,2025-03-10,808.92,CUST00786,Uae,0,0,808.92
500857,P10016,Wool Sweater,Apparel,5,2025-01-28,1250.39,CUST00233,United Kingdom,0,0,6251.95
501916,P10030,Cycling Gloves,Sports & Outdoors,3,2026-04-29,820.52,CUST00539,India,0,0,2461.56
500464,P10005,Power Bank 10000mAh,Electronics,5,2026-01-20,1034.93,CUST00154,India,0,0,5174.65
500358,P10018,Yoga Pants,Apparel,1,2025-08-06,608.28,CUST00127,United States,0,0,608.28
501271,P10007,Non-Stick Pan,Home & Kitchen,1,2025-09-29,331.24,CUST00343,India,0,0,331.24
500743,P10027,Water Bottle Sipper,Sports & Outdoors,4,2025-11-09,2203.72,CUST00209,India,0,0,8814.88
501882,P10012,Storage Organizer,Home & Kitchen,1,2026-03-15,1268.9,CUST00530,Germany,0,0,1268.9
502600,P10018,Yoga Pants,Apparel,1,2025-08-04,608.28,CUST00733,United Kingdom,0,0,608.28
502360,P10004,USB-C Cable,Electronics,4,2025-11-28,3182.97,CUST00668,India,0,0,12731.88
500256,P10032,Gel Pen Pack,Stationery & Office,2,2026-03-12,687.3,CUST00102,United Kingdom,0,0,1374.6
501158,P10026,Resistance Bands Set,Sports & Outdoors,4,2025-07-27,636.23,CUST00321,India,0,0,2544.92
500331,P10032,Gel Pen Pack,Stationery & Office,1,2026-05-29,687.3,CUST00126,India,0,0,687.3
501965,P10025,Yoga Mat,Sports & Outdoors,5,2025-09-29,270.08,CUST00543,India,0,0,1350.4
500844,P10003,Phone Case,Electronics,3,2025-06-23,1049.71,CUST00228,India,0,0,3149.13
501990,P10017,Formal Shirt,Apparel,5,2026-06-14,562.91,CUST00555,Germany,0,0,2814.55
500433,P10029,Badminton Racket,Sports & Outdoors,2,2026-06-25,274.87,CUST00140,Singapore,0,0,549.74
500544,P10011,Ceramic Mug Set,Home & Kitchen,4,2026-01-18,1993.94,CUST00169,India,0,0,7975.76
500031,P10035,Whiteboard Marker Set,Stationery & Office,3,2025-03-14,808.92,CUST00013,Germany,0,0,2426.76
500478,P10032,Gel Pen Pack,Stationery & Office,5,2025-08-09,687.3,CUST00159,India,0,0,3436.5
500057,P10031,Notebook Set,Stationery & Office,1,2026-04-28,268.52,CUST00027,India,0,0,268.52
502112,P10015,Running Shoes,Apparel,3,2025-08-11,980.3,CUST00579,India,0,0,2940.9
500759,P10008,LED Desk Lamp,Home & Kitchen,-2,2025-03-16,1311.15,CUST00216,India,0,1,-2622.3
501681,P10033,Desk Organizer,Stationery & Office,1,2026-04-26,67.73,CUST00463,United States,0,0,67.73
502141,P10010,Insulated Water Bottle,Home & Kitchen,4,2025-06-06,396.84,CUST00581,India,0,0,1587.36
501302,P10023,Hair Dryer,Beauty & Personal Care,5,2026-04-05,1018.4,CUST00353,United Kingdom,0,0,5092.0
501311,P10025,Yoga Mat,Sports & Outdoors,5,2025-01-20,270.08,CUST00353,United Kingdom,0,0,1350.4
500841,P10018,Yoga Pants,Apparel,2,2025-02-21,608.28,CUST00225,India,0,0,1216.56
501341,P10022,Sunscreen SPF50,Beauty & Personal Care,3,2025-11-05,514.51,CUST00362,United Kingdom,0,0,1543.53
502163,P10015,Running Shoes,Apparel,2,2026-04-12,980.3,CUST00587,India,0,0,1960.6
500593,P10007,Non-Stick Pan,Home & Kitchen,3,2025-08-06,331.24,CUST00176,India,0,0,993.72
500412,P10013,Cotton T-Shirt,Apparel,2,2025-11-27,1190.46,CUST00138,United States,0,0,2380.92
501212,P10005,Power Bank 10000mAh,Electronics,5,2026-02-13,1034.93,CUST00328,United Kingdom,0,0,5174.65
500611,P10030,Cycling Gloves,Sports & Outdoors,1,2026-05-18,820.52,CUST00186,United Kingdom,0,0,820.52
502505,P10016,Wool Sweater,Apparel,4,2026-04-30,1250.39,CUST00706,Singapore,0,0,5001.56
502892,P10031,Notebook Set,Stationery & Office,5,2026-01-13,268.52,,India,1,0,1342.6
501624,P10033,Desk Organizer,Stationery & Office,2,2026-02-07,67.73,CUST00449,India,0,0,135.46
500811,P10016,Wool Sweater,Apparel,3,2025-05-16,1250.39,CUST00219,United Kingdom,0,0,3751.17
501089,P10012,Storage Organizer,Home & Kitchen,5,2025-10-14,1268.9,CUST00303,India,0,0,6344.5
500131,P10015,Running Shoes,Apparel,4,2025-08-14,980.3,CUST00047,India,0,0,3921.2
501638,P10020,Herbal Shampoo,Beauty & Personal Care,1,2025-10-08,1426.26,CUST00452,United Kingdom,0,0,1426.26
500422,P10025,Yoga Mat,Sports & Outdoors,2,2026-02-16,270.08,CUST00139,India,0,0,540.16
502941,P10003,Phone Case,Electronics,4,2026-03-18,1049.71,CUST00818,India,0,0,4198.84
502262,P10005,Power Bank 10000mAh,Electronics,1,2025-07-18,1034.93,CUST00634,India,0,0,1034.93
501064,P10033,Desk Organizer,Stationery & Office,1,2026-04-06,67.73,CUST00297,United States,0,0,67.73
502949,P10031,Notebook Set,Stationery & Office,2,2025-11-01,268.52,CUST00824,India,0,0,537.04
501851,P10036,Backpack,Stationery & Office,2,2026-05-04,218.62,CUST00517,India,0,0,437.24
502877,P10028,Camping Torch,Sports & Outdoors,4,2026-01-19,2043.99,CUST00799,United Kingdom,0,0,8175.96
501236,P10007,Non-Stick Pan,Home & Kitchen,4,2025-09-07,331.24,CUST00336,India,0,0,1324.96
501488,P10019,Face Serum,Beauty & Personal Care,3,2026-03-31,1312.41,CUST00420,United States,0,0,3937.23
500464,P10017,Formal Shirt,Apparel,5,2026-01-20,562.91,CUST00154,India,0,0,2814.55
501826,P10013,Cotton T-Shirt,Apparel,3,2025-03-05,1190.46,CUST00503,India,0,0,3571.38
502058,P10036,Backpack,Stationery & Office,3,2026-04-12,218.62,CUST00570,India,0,0,655.86
500834,P10030,Cycling Gloves,Sports & Outdoors,3,2025-06-03,820.52,CUST00223,India,0,0,2461.56
501196,P10010,Insulated Water Bottle,Home & Kitchen,2,2026-02-07,396.84,CUST00324,India,0,0,793.68
500548,P10025,Yoga Mat,Sports & Outdoors,2,2026-03-24,270.08,CUST00169,India,0,0,540.16
501896,P10019,Face Serum,Beauty & Personal Care,3,2025-06-14,1312.41,CUST00534,United Kingdom,0,0,3937.23
503027,P10025,Yoga Mat,Sports & Outdoors,3,2025-03-30,270.08,CUST00833,India,0,0,810.24
502364,P10002,Bluetooth Speaker,Electronics,4,2025-08-05,2723.88,CUST00668,India,0,0,10895.52
500924,P10019,Face Serum,Beauty & Personal Care,5,2026-05-31,1312.41,CUST00257,Uae,0,0,6562.05
501287,P10021,Lip Balm Set,Beauty & Personal Care,2,2026-02-19,652.97,CUST00346,United Kingdom,0,0,1305.94
502708,P10007,Non-Stick Pan,Home & Kitchen,1,2026-05-18,331.24,CUST00756,United States,0,0,331.24
501977,P10008,LED Desk Lamp,Home & Kitchen,3,2026-01-14,1311.15,CUST00548,United Kingdom,0,0,3933.45
502009,P10004,USB-C Cable,Electronics,4,2026-05-06,3182.97,CUST00558,India,0,0,12731.88
500362,P10025,Yoga Mat,Sports & Outdoors,5,2026-01-27,270.08,CUST00127,United States,0,0,1350.4
502022,P10036,Backpack,Stationery & Office,3,2025-04-14,218.62,CUST00562,India,0,0,655.86
500551,P10002,Bluetooth Speaker,Electronics,2,2025-09-14,2723.88,CUST00169,India,0,0,5447.76
502542,P10003,Phone Case,Electronics,2,2025-09-29,1049.71,CUST00725,United Kingdom,0,0,2099.42
501533,P10015,Running Shoes,Apparel,5,2025-07-06,980.3,CUST00437,India,0,0,4901.5
502165,P10026,Resistance Bands Set,Sports & Outdoors,3,2025-08-02,636.23,CUST00589,India,0,0,1908.69
500221,P10010,Insulated Water Bottle,Home & Kitchen,4,2026-02-25,396.84,CUST00086,India,0,0,1587.36
500820,P10018,Yoga Pants,Apparel,2,2025-10-20,608.28,CUST00219,United Kingdom,0,0,1216.56
502078,P10004,USB-C Cable,Electronics,4,2025-10-14,3182.97,,India,1,0,12731.88
502835,P10010,Insulated Water Bottle,Home & Kitchen,3,2025-10-21,396.84,CUST00787,United Kingdom,0,0,1190.52
500802,P10008,LED Desk Lamp,Home & Kitchen,5,2025-01-17,1311.15,CUST00219,United Kingdom,0,0,6555.75
500850,P10031,Notebook Set,Stationery & Office,5,2026-02-23,268.52,CUST00231,United States,0,0,1342.6
501911,P10009,Cotton Bedsheet Set,Home & Kitchen,3,2025-06-27,1519.89,CUST00539,India,0,0,4559.67
501527,P10036,Backpack,Stationery & Office,3,2025-09-04,218.62,CUST00436,United States,0,0,655.86
500601,P10021,Lip Balm Set,Beauty & Personal Care,5,2025-06-23,652.97,CUST00178,India,0,0,3264.85
501469,P10011,Ceramic Mug Set,Home & Kitchen,1,2025-12-29,1993.94,CUST00416,India,0,0,1993.94
500181,P10015,Running Shoes,Apparel,1,2025-01-05,980.3,CUST00065,India,0,0,980.3
501869,P10023,Hair Dryer,Beauty & Personal Care,1,2025-11-26,1018.4,CUST00524,Germany,0,0,1018.4
500781,P10031,Notebook Set,Stationery & Office,1,2025-07-23,268.52,CUST00218,United States,0,0,268.52
501044,P10015,Running Shoes,Apparel,2,2025-06-25,980.3,CUST00293,Germany,0,0,1960.6
501199,P10013,Cotton T-Shirt,Apparel,3,2026-01-31,1190.46,CUST00324,India,0,0,3571.38
502601,P10008,LED Desk Lamp,Home & Kitchen,5,2025-03-02,1311.15,CUST00734,India,0,0,6555.75
502270,P10002,Bluetooth Speaker,Electronics,2,2025-09-16,2723.88,CUST00634,India,0,0,5447.76
501073,P10023,Hair Dryer,Beauty & Personal Care,2,2026-02-20,1018.4,CUST00298,India,0,0,2036.8
500582,P10010,Insulated Water Bottle,Home & Kitchen,4,2026-02-05,396.84,CUST00176,India,0,0,1587.36
502610,P10027,Water Bottle Sipper,Sports & Outdoors,3,2025-11-25,2203.72,CUST00738,United States,0,0,6611.16
500729,P10011,Ceramic Mug Set,Home & Kitchen,4,2026-02-15,1993.94,CUST00205,United Kingdom,0,0,7975.76
502326,P10031,Notebook Set,Stationery & Office,1,2026-03-21,268.52,CUST00659,United Kingdom,0,0,268.52
500490,P10030,Cycling Gloves,Sports & Outdoors,4,2025-08-06,820.52,CUST00164,India,0,0,3282.08
502758,P10026,Resistance Bands Set,Sports & Outdoors,3,2025-07-05,636.23,CUST00777,India,0,0,1908.69
501906,P10020,Herbal Shampoo,Beauty & Personal Care,4,2025-07-08,1426.26,CUST00537,Germany,0,0,5705.04
500675,P10012,Storage Organizer,Home & Kitchen,3,2025-12-07,1268.9,CUST00199,Germany,0,0,3806.7
502636,P10002,Bluetooth Speaker,Electronics,2,2025-12-11,2723.88,CUST00748,India,0,0,5447.76
502273,P10019,Face Serum,Beauty & Personal Care,2,2025-10-11,1312.41,CUST00636,India,0,0,2624.82
500030,P10009,Cotton Bedsheet Set,Home & Kitchen,4,2026-04-28,1519.89,CUST00012,Singapore,0,0,6079.56
502405,P10029,Badminton Racket,Sports & Outdoors,1,2025-02-22,274.87,CUST00687,United Kingdom,0,0,274.87
501863,P10023,Hair Dryer,Beauty & Personal Care,1,2025-09-10,1018.4,CUST00522,India,0,0,1018.4
502826,P10035,Whiteboard Marker Set,Stationery & Office,4,2025-09-10,808.92,,Uae,1,0,3235.68
500866,P10015,Running Shoes,Apparel,1,2025-08-08,980.3,CUST00236,United States,0,0,980.3
500322,P10021,Lip Balm Set,Beauty & Personal Care,1,2026-05-04,652.97,CUST00123,India,0,0,652.97
500851,P10029,Badminton Racket,Sports & Outdoors,4,2025-03-08,274.87,CUST00232,India,0,0,1099.48
501682,P10011,Ceramic Mug Set,Home & Kitchen,4,2025-02-20,1993.94,CUST00463,United States,0,0,7975.76
502483,P10026,Resistance Bands Set,Sports & Outdoors,1,2025-02-15,636.23,,Singapore,1,0,636.23
501597,P10015,Running Shoes,Apparel,2,2025-11-22,980.3,CUST00448,United States,0,0,1960.6
501822,P10027,Water Bottle Sipper,Sports & Outdoors,3,2025-07-16,2203.72,CUST00503,India,0,0,6611.16
500825,P10026,Resistance Bands Set,Sports & Outdoors,4,2025-12-17,636.23,CUST00219,United Kingdom,0,0,2544.92
502842,P10029,Badminton Racket,Sports & Outdoors,5,2025-06-21,274.87,CUST00789,India,0,0,1374.35
502178,P10033,Desk Organizer,Stationery & Office,4,2026-02-17,67.73,CUST00593,India,0,0,270.92
501976,P10035,Whiteboard Marker Set,Stationery & Office,3,2025-12-20,808.92,CUST00547,India,0,0,2426.76
501520,P10029,Badminton Racket,Sports & Outdoors,3,2025-11-20,274.87,CUST00431,India,0,0,824.61
500371,P10007,Non-Stick Pan,Home & Kitchen,3,2026-02-02,331.24,CUST00130,India,0,0,993.72
500592,P10023,Hair Dryer,Beauty & Personal Care,1,2026-04-26,1018.4,CUST00176,India,0,0,1018.4
502426,P10017,Formal Shirt,Apparel,5,2025-10-01,562.91,CUST00698,United Kingdom,0,0,2814.55
501373,P10036,Backpack,Stationery & Office,5,2025-07-17,218.62,CUST00376,India,0,0,1093.1
501706,P10027,Water Bottle Sipper,Sports & Outdoors,5,2026-05-23,2203.72,CUST00470,Singapore,0,0,11018.6
502376,P10019,Face Serum,Beauty & Personal Care,2,2025-04-10,1312.41,CUST00674,India,0,0,2624.82
502920,P10017,Formal Shirt,Apparel,2,2026-01-24,562.91,CUST00813,India,0,0,1125.82
503099,P10034,Sticky Notes Pack,Stationery & Office,2,2026-06-13,147.9,CUST00847,India,0,0,295.8
502265,P10035,Whiteboard Marker Set,Stationery & Office,1,2026-04-10,808.92,CUST00634,India,0,0,808.92
501599,P10012,Storage Organizer,Home & Kitchen,3,2026-03-24,1268.9,CUST00448,United States,0,0,3806.7
502984,P10033,Desk Organizer,Stationery & Office,2,2026-04-24,67.73,CUST00830,India,0,0,135.46
503080,P10015,Running Shoes,Apparel,2,2025-06-11,980.3,CUST00842,United Kingdom,0,0,1960.6
500977,P10013,Cotton T-Shirt,Apparel,4,2025-03-22,1190.46,CUST00273,Germany,0,0,4761.84
500016,P10022,Sunscreen SPF50,Beauty & Personal Care,3,2025-04-06,514.51,CUST00007,India,0,0,1543.53
502952,P10016,Wool Sweater,Apparel,5,2025-01-18,1250.39,CUST00826,Uae,0,0,6251.95
502754,P10027,Water Bottle Sipper,Sports & Outdoors,4,2025-09-06,2203.72,CUST00777,India,0,0,8814.88
501993,P10013,Cotton T-Shirt,Apparel,2,2026-02-24,1190.46,CUST00555,Germany,0,0,2380.92
502189,P10003,Phone Case,Electronics,5,2025-05-18,1049.71,CUST00600,India,0,0,5248.55
501224,P10017,Formal Shirt,Apparel,1,2025-03-29,562.91,CUST00335,India,0,0,562.91
500980,P10028,Camping Torch,Sports & Outdoors,3,2025-12-25,2043.99,CUST00273,Germany,0,0,6131.97
500411,P10009,Cotton Bedsheet Set,Home & Kitchen,2,2026-06-14,1519.89,CUST00138,United States,0,0,3039.78
502185,P10003,Phone Case,Electronics,4,2025-07-15,1049.71,,United Kingdom,1,0,4198.84
502142,P10026,Resistance Bands Set,Sports & Outdoors,3,2025-05-03,636.23,CUST00582,Singapore,0,0,1908.69
503031,P10024,Beard Trimmer,Beauty & Personal Care,2,2025-05-20,700.79,CUST00833,India,0,0,1401.58
502895,P10008,LED Desk Lamp,Home & Kitchen,2,2025-01-23,1311.15,CUST00804,United Kingdom,0,0,2622.3
502533,P10012,Storage Organizer,Home & Kitchen,5,2026-01-19,1268.9,CUST00722,India,0,0,6344.5
500042,P10035,Whiteboard Marker Set,Stationery & Office,4,2025-01-01,808.92,CUST00020,India,0,0,3235.68
501236,P10016,Wool Sweater,Apparel,4,2025-09-07,1250.39,CUST00336,India,0,0,5001.56
500067,P10016,Wool Sweater,Apparel,3,2026-04-11,1250.39,CUST00032,India,0,0,3751.17
502125,P10005,Power Bank 10000mAh,Electronics,5,2025-03-07,1034.93,CUST00581,India,0,0,5174.65
500006,P10025,Yoga Mat,Sports & Outdoors,-1,2025-09-08,270.08,CUST00005,India,0,1,-270.08
500576,P10015,Running Shoes,Apparel,2,2026-01-30,980.3,CUST00176,India,0,0,1960.6
500254,P10015,Running Shoes,Apparel,2,2025-01-05,980.3,CUST00101,India,0,0,1960.6
500641,P10013,Cotton T-Shirt,Apparel,2,2025-07-26,1190.46,CUST00189,India,0,0,2380.92
502740,P10004,USB-C Cable,Electronics,1,2026-01-10,3182.97,CUST00770,Germany,0,0,3182.97
501018,P10029,Badminton Racket,Sports & Outdoors,5,2025-06-08,274.87,CUST00286,India,0,0,1374.35
501607,P10011,Ceramic Mug Set,Home & Kitchen,5,2025-09-10,1993.94,CUST00448,United States,0,0,9969.7
501112,P10010,Insulated Water Bottle,Home & Kitchen,4,2025-05-02,396.84,CUST00311,India,0,0,1587.36
501392,P10014,Denim Jacket,Apparel,2,2025-08-20,1048.3,CUST00386,United States,0,0,2096.6
502626,P10013,Cotton T-Shirt,Apparel,4,2026-02-27,1190.46,CUST00742,India,0,0,4761.84
502007,P10011,Ceramic Mug Set,Home & Kitchen,5,2025-05-05,1993.94,CUST00557,India,0,0,9969.7
502936,P10017,Formal Shirt,Apparel,4,2026-06-17,562.91,CUST00815,Germany,0,0,2251.64
501911,P10021,Lip Balm Set,Beauty & Personal Care,4,2025-06-27,652.97,CUST00539,India,0,0,2611.88
502304,P10025,Yoga Mat,Sports & Outdoors,5,2025-03-15,270.08,CUST00652,India,0,0,1350.4
500139,P10005,Power Bank 10000mAh,Electronics,3,2025-03-08,1034.93,CUST00050,India,0,0,3104.79
501760,P10018,Yoga Pants,Apparel,2,2025-11-29,608.28,CUST00485,United Kingdom,0,0,1216.56
501750,P10019,Face Serum,Beauty & Personal Care,5,2025-09-20,1312.41,CUST00485,United Kingdom,0,0,6562.05
502255,P10021,Lip Balm Set,Beauty & Personal Care,2,2025-07-03,652.97,CUST00632,Germany,0,0,1305.94
502522,P10034,Sticky Notes Pack,Stationery & Office,4,2026-04-06,147.9,CUST00714,India,0,0,591.6
501280,P10020,Herbal Shampoo,Beauty & Personal Care,3,2025-05-24,1426.26,CUST00345,India,0,0,4278.78
501256,P10036,Backpack,Stationery & Office,4,2026-03-29,218.62,CUST00343,India,0,0,874.48
502092,P10021,Lip Balm Set,Beauty & Personal Care,3,2025-10-30,652.97,,India,1,0,1958.91
501427,P10030,Cycling Gloves,Sports & Outdoors,2,2025-01-11,820.52,CUST00392,India,0,0,1641.04
500869,P10002,Bluetooth Speaker,Electronics,4,2026-06-14,2723.88,CUST00236,United States,0,0,10895.52
502377,P10032,Gel Pen Pack,Stationery & Office,1,2025-08-23,687.3,CUST00674,India,0,0,687.3
501750,P10014,Denim Jacket,Apparel,2,2025-09-20,1048.3,CUST00485,United Kingdom,0,0,2096.6
500483,P10015,Running Shoes,Apparel,-3,2025-11-05,980.3,CUST00162,United Kingdom,0,1,-2940.9
501763,P10002,Bluetooth Speaker,Electronics,1,2025-10-27,2723.88,CUST00485,United Kingdom,0,0,2723.88
500088,P10008,LED Desk Lamp,Home & Kitchen,1,2026-06-24,1311.15,CUST00037,India,0,0,1311.15
500633,P10031,Notebook Set,Stationery & Office,5,2025-03-06,268.52,CUST00189,India,0,0,1342.6
500601,P10033,Desk Organizer,Stationery & Office,2,2025-06-23,67.73,CUST00178,India,0,0,135.46
502578,P10012,Storage Organizer,Home & Kitchen,2,2025-07-19,1268.9,CUST00731,India,0,0,2537.8
501158,P10019,Face Serum,Beauty & Personal Care,-2,2025-07-27,1312.41,CUST00321,India,0,1,-2624.82
501094,P10032,Gel Pen Pack,Stationery & Office,3,2025-05-22,687.3,CUST00306,Singapore,0,0,2061.9
500129,P10023,Hair Dryer,Beauty & Personal Care,4,2026-04-11,1018.4,CUST00047,India,0,0,4073.6
500167,P10013,Cotton T-Shirt,Apparel,4,2025-02-22,1190.46,CUST00062,India,0,0,4761.84
502352,P10026,Resistance Bands Set,Sports & Outdoors,1,2026-01-16,636.23,CUST00665,India,0,0,636.23
501521,P10025,Yoga Mat,Sports & Outdoors,2,2025-06-21,270.08,CUST00432,United States,0,0,540.16
501499,P10015,Running Shoes,Apparel,1,2026-04-25,980.3,CUST00424,India,0,0,980.3
500724,P10016,Wool Sweater,Apparel,3,2026-05-23,1250.39,CUST00203,India,0,0,3751.17
500888,P10029,Badminton Racket,Sports & Outdoors,1,2025-12-25,274.87,CUST00239,United Kingdom,0,0,274.87
501087,P10030,Cycling Gloves,Sports & Outdoors,5,2025-07-13,820.52,CUST00301,India,0,0,4102.6
500875,P10022,Sunscreen SPF50,Beauty & Personal Care,3,2026-02-09,514.51,CUST00236,United States,0,0,1543.53
502067,P10016,Wool Sweater,Apparel,2,2025-10-23,1250.39,CUST00573,India,0,0,2500.78
501317,P10013,Cotton T-Shirt,Apparel,1,2025-12-13,1190.46,CUST00355,India,0,0,1190.46
502765,P10033,Desk Organizer,Stationery & Office,4,2025-05-13,67.73,CUST00779,United States,0,0,270.92
500310,P10008,LED Desk Lamp,Home & Kitchen,5,2025-09-17,1311.15,CUST00119,Germany,0,0,6555.75
501884,P10018,Yoga Pants,Apparel,2,2026-02-09,608.28,CUST00530,Germany,0,0,1216.56
502802,P10033,Desk Organizer,Stationery & Office,2,2026-05-07,67.73,CUST00779,United States,0,0,135.46
500028,P10009,Cotton Bedsheet Set,Home & Kitchen,5,2026-03-21,1519.89,CUST00012,Singapore,0,0,7599.45
502565,P10005,Power Bank 10000mAh,Electronics,1,2025-11-21,1034.93,CUST00731,India,0,0,1034.93
500520,P10012,Storage Organizer,Home & Kitchen,1,2026-02-14,1268.9,CUST00169,India,0,0,1268.9
501901,P10001,Wireless Earbuds,Electronics,4,2025-03-07,606.94,CUST00534,United Kingdom,0,0,2427.76
502385,P10021,Lip Balm Set,Beauty & Personal Care,5,2025-08-30,652.97,CUST00677,India,0,0,3264.85
503040,P10036,Backpack,Stationery & Office,1,2025-03-02,218.62,CUST00839,United Kingdom,0,0,218.62
502694,P10004,USB-C Cable,Electronics,1,2025-10-18,3182.97,CUST00754,India,0,0,3182.97
500339,P10005,Power Bank 10000mAh,Electronics,1,2025-06-16,1034.93,CUST00126,India,0,0,1034.93
500076,P10002,Bluetooth Speaker,Electronics,1,2025-05-01,2723.88,CUST00033,India,0,0,2723.88
502244,P10026,Resistance Bands Set,Sports & Outdoors,5,2025-12-01,636.23,CUST00627,India,0,0,3181.15
502988,P10025,Yoga Mat,Sports & Outdoors,3,2025-01-27,270.08,CUST00830,India,0,0,810.24
500685,P10036,Backpack,Stationery & Office,2,2025-06-07,218.62,CUST00200,United States,0,0,437.24
500665,P10028,Camping Torch,Sports & Outdoors,5,2026-01-22,2043.99,CUST00195,India,0,0,10219.95
502210,P10023,Hair Dryer,Beauty & Personal Care,3,2025-05-22,1018.4,CUST00614,India,0,0,3055.2
501115,P10013,Cotton T-Shirt,Apparel,2,2026-02-08,1190.46,CUST00311,India,0,0,2380.92
500741,P10009,Cotton Bedsheet Set,Home & Kitchen,2,2025-05-07,1519.89,CUST00208,United Kingdom,0,0,3039.78
502905,P10021,Lip Balm Set,Beauty & Personal Care,4,2025-12-22,652.97,CUST00811,Singapore,0,0,2611.88
501711,P10018,Yoga Pants,Apparel,1,2026-05-13,608.28,CUST00471,India,0,0,608.28
500949,P10018,Yoga Pants,Apparel,1,2025-12-10,608.28,CUST00264,India,0,0,608.28
501643,P10006,Smartwatch Band,Electronics,4,2025-04-09,990.13,CUST00457,India,0,0,3960.52
502882,P10018,Yoga Pants,Apparel,1,2026-06-04,608.28,CUST00800,Uae,0,0,608.28
501117,P10008,LED Desk Lamp,Home & Kitchen,1,2026-05-01,1311.15,CUST00311,India,0,0,1311.15
502953,P10010,Insulated Water Bottle,Home & Kitchen,2,2025-11-24,396.84,CUST00827,India,0,0,793.68
502736,P10005,Power Bank 10000mAh,Electronics,5,2025-09-05,1034.93,CUST00770,Germany,0,0,5174.65
501653,P10026,Resistance Bands Set,Sports & Outdoors,3,2026-04-23,636.23,CUST00459,India,0,0,1908.69
502322,P10026,Resistance Bands Set,Sports & Outdoors,5,2026-03-15,636.23,CUST00659,United Kingdom,0,0,3181.15
500765,P10032,Gel Pen Pack,Stationery & Office,3,2025-02-22,687.3,CUST00216,India,0,0,2061.9
502726,P10002,Bluetooth Speaker,Electronics,5,2026-01-13,2723.88,CUST00764,United States,0,0,13619.4
500678,P10007,Non-Stick Pan,Home & Kitchen,3,2025-03-23,331.24,CUST00199,Germany,0,0,993.72
502451,P10010,Insulated Water Bottle,Home & Kitchen,3,2025-01-25,396.84,CUST00699,India,0,0,1190.52
501873,P10005,Power Bank 10000mAh,Electronics,5,2025-12-19,1034.93,CUST00524,Germany,0,0,5174.65
502151,P10035,Whiteboard Marker Set,Stationery & Office,-1,2026-04-25,808.92,CUST00584,India,0,1,-808.92
502241,P10008,LED Desk Lamp,Home & Kitchen,2,2026-03-22,1311.15,CUST00627,India,0,0,2622.3
500650,P10026,Resistance Bands Set,Sports & Outdoors,2,2025-07-04,636.23,CUST00194,United Kingdom,0,0,1272.46
502980,P10027,Water Bottle Sipper,Sports & Outdoors,3,2025-10-28,2203.72,CUST00830,India,0,0,6611.16
500564,P10006,Smartwatch Band,Electronics,1,2026-05-27,990.13,CUST00173,India,0,0,990.13
502023,P10010,Insulated Water Bottle,Home & Kitchen,2,2025-04-20,396.84,CUST00562,India,0,0,793.68
502712,P10010,Insulated Water Bottle,Home & Kitchen,5,2025-07-11,396.84,CUST00758,India,0,0,1984.2
500527,P10008,LED Desk Lamp,Home & Kitchen,2,2026-03-10,1311.15,CUST00169,India,0,0,2622.3
500443,P10036,Backpack,Stationery & Office,5,2026-01-07,218.62,CUST00142,India,0,0,1093.1
502635,P10034,Sticky Notes Pack,Stationery & Office,5,2026-01-29,147.9,CUST00747,India,0,0,739.5
501778,P10008,LED Desk Lamp,Home & Kitchen,1,2026-02-21,1311.15,CUST00490,Germany,0,0,1311.15
503073,P10007,Non-Stick Pan,Home & Kitchen,5,2025-03-02,331.24,CUST00842,United Kingdom,0,0,1656.2
502622,P10002,Bluetooth Speaker,Electronics,5,2025-04-20,2723.88,CUST00740,India,0,0,13619.4
501448,P10035,Whiteboard Marker Set,Stationery & Office,1,2026-02-11,808.92,CUST00405,India,0,0,808.92
500899,P10007,Non-Stick Pan,Home & Kitchen,3,2025-09-28,331.24,CUST00246,Uae,0,0,993.72
501950,P10001,Wireless Earbuds,Electronics,5,2025-04-24,606.94,CUST00540,India,0,0,3034.7
502595,P10022,Sunscreen SPF50,Beauty & Personal Care,1,2025-05-22,514.51,,India,1,0,514.51
500072,P10007,Non-Stick Pan,Home & Kitchen,5,2025-09-05,331.24,CUST00032,India,0,0,1656.2
500279,P10035,Whiteboard Marker Set,Stationery & Office,1,2026-01-13,808.92,CUST00111,India,0,0,808.92
501181,P10001,Wireless Earbuds,Electronics,3,2026-02-08,606.94,CUST00324,India,0,0,1820.82
501320,P10007,Non-Stick Pan,Home & Kitchen,-1,2025-04-01,331.24,CUST00355,India,0,1,-331.24
500894,P10010,Insulated Water Bottle,Home & Kitchen,1,2025-06-19,396.84,CUST00244,India,0,0,396.84
502521,P10028,Camping Torch,Sports & Outdoors,4,2025-07-23,2043.99,CUST00714,India,0,0,8175.96
501074,P10032,Gel Pen Pack,Stationery & Office,2,2025-01-11,687.3,CUST00299,United Kingdom,0,0,1374.6
500970,P10014,Denim Jacket,Apparel,1,2025-11-25,1048.3,CUST00271,United States,0,0,1048.3
500565,P10007,Non-Stick Pan,Home & Kitchen,5,2025-11-01,331.24,CUST00174,India,0,0,1656.2
502234,P10020,Herbal Shampoo,Beauty & Personal Care,5,2025-10-22,1426.26,CUST00626,India,0,0,7131.3
500867,P10027,Water Bottle Sipper,Sports & Outdoors,4,2025-08-28,2203.72,CUST00236,United States,0,0,8814.88
502170,P10009,Cotton Bedsheet Set,Home & Kitchen,1,2025-11-19,1519.89,CUST00591,India,0,0,1519.89
502335,P10017,Formal Shirt,Apparel,5,2025-12-29,562.91,CUST00661,India,0,0,2814.55
503011,P10027,Water Bottle Sipper,Sports & Outdoors,1,2026-05-18,2203.72,CUST00833,India,0,0,2203.72
502964,P10022,Sunscreen SPF50,Beauty & Personal Care,3,2025-06-30,514.51,CUST00830,India,0,0,1543.53
500564,P10012,Storage Organizer,Home & Kitchen,1,2026-05-27,1268.9,CUST00173,India,0,0,1268.9
500905,P10016,Wool Sweater,Apparel,1,2025-03-19,1250.39,CUST00250,Germany,0,0,1250.39
500774,P10002,Bluetooth Speaker,Electronics,4,2025-04-26,2723.88,CUST00217,India,0,0,10895.52
502638,P10016,Wool Sweater,Apparel,2,2025-11-02,1250.39,CUST00748,India,0,0,2500.78
501661,P10011,Ceramic Mug Set,Home & Kitchen,4,2026-04-26,1993.94,CUST00463,United States,0,0,7975.76
500790,P10016,Wool Sweater,Apparel,1,2026-01-27,1250.39,CUST00219,United Kingdom,0,0,1250.39
502861,P10010,Insulated Water Bottle,Home & Kitchen,2,2025-11-11,396.84,CUST00796,Germany,0,0,793.68
502382,P10004,USB-C Cable,Electronics,4,2025-06-13,3182.97,CUST00674,India,0,0,12731.88
502042,P10034,Sticky Notes Pack,Stationery & Office,5,2026-04-14,147.9,CUST00566,United Kingdom,0,0,739.5
503106,P10034,Sticky Notes Pack,Stationery & Office,2,2026-02-18,147.9,CUST00850,United Kingdom,0,0,295.8
503045,P10029,Badminton Racket,Sports & Outdoors,5,2025-07-30,274.87,CUST00842,United Kingdom,0,0,1374.35
502257,P10008,LED Desk Lamp,Home & Kitchen,3,2025-12-10,1311.15,CUST00632,Germany,0,0,3933.45
501624,P10023,Hair Dryer,Beauty & Personal Care,5,2026-02-07,1018.4,CUST00449,India,0,0,5092.0
501576,P10034,Sticky Notes Pack,Stationery & Office,4,2026-03-22,147.9,CUST00448,United States,0,0,591.6
500075,P10026,Resistance Bands Set,Sports & Outdoors,1,2026-06-01,636.23,CUST00033,India,0,0,636.23
500498,P10025,Yoga Mat,Sports & Outdoors,3,2025-10-18,270.08,CUST00166,Germany,0,0,810.24
500500,P10015,Running Shoes,Apparel,4,2025-06-14,980.3,CUST00167,India,0,0,3921.2
500382,P10005,Power Bank 10000mAh,Electronics,1,2026-04-20,1034.93,CUST00132,India,0,0,1034.93
501398,P10029,Badminton Racket,Sports & Outdoors,5,2025-01-02,274.87,CUST00389,United States,0,0,1374.35
501102,P10032,Gel Pen Pack,Stationery & Office,1,2025-03-11,687.3,CUST00310,India,0,0,687.3
501151,P10031,Notebook Set,Stationery & Office,4,2026-02-03,268.52,CUST00319,India,0,0,1074.08
500399,P10002,Bluetooth Speaker,Electronics,2,2025-03-13,2723.88,CUST00137,India,0,0,5447.76
501685,P10004,USB-C Cable,Electronics,4,2025-07-24,3182.97,CUST00463,United States,0,0,12731.88
500949,P10018,Yoga Pants,Apparel,-3,2025-12-10,608.28,CUST00264,India,0,1,-1824.84
501409,P10022,Sunscreen SPF50,Beauty & Personal Care,1,2025-08-17,514.51,CUST00392,India,0,0,514.51
501323,P10033,Desk Organizer,Stationery & Office,2,2026-03-28,67.73,CUST00356,United Kingdom,0,0,135.46
501007,P10016,Wool Sweater,Apparel,4,2025-09-14,1250.39,CUST00285,United Kingdom,0,0,5001.56
502225,P10004,USB-C Cable,Electronics,5,2025-04-13,3182.97,CUST00623,India,0,0,15914.85
502644,P10030,Cycling Gloves,Sports & Outdoors,4,2025-06-19,820.52,CUST00749,Uae,0,0,3282.08
501589,P10021,Lip Balm Set,Beauty & Personal Care,5,2025-05-03,652.97,CUST00448,United States,0,0,3264.85
501836,P10019,Face Serum,Beauty & Personal Care,1,2025-07-13,1312.41,CUST00509,Uae,0,0,1312.41
502727,P10022,Sunscreen SPF50,Beauty & Personal Care,4,2025-01-25,514.51,CUST00764,United States,0,0,2058.04
501458,P10004,USB-C Cable,Electronics,4,2025-01-03,3182.97,CUST00409,Uae,0,0,12731.88
501838,P10036,Backpack,Stationery & Office,2,2026-05-11,218.62,CUST00510,United States,0,0,437.24
500814,P10023,Hair Dryer,Beauty & Personal Care,4,2025-02-04,1018.4,CUST00219,United Kingdom,0,0,4073.6
501558,P10014,Denim Jacket,Apparel,5,2025-12-24,1048.3,CUST00442,Singapore,0,0,5241.5
501095,P10028,Camping Torch,Sports & Outdoors,1,2025-03-12,2043.99,CUST00306,Singapore,0,0,2043.99
502329,P10028,Camping Torch,Sports & Outdoors,5,2025-12-29,2043.99,CUST00659,United Kingdom,0,0,10219.95
501322,P10018,Yoga Pants,Apparel,1,2026-03-16,608.28,CUST00356,United Kingdom,0,0,608.28
500114,P10035,Whiteboard Marker Set,Stationery & Office,4,2025-08-24,808.92,CUST00047,India,0,0,3235.68
500714,P10026,Resistance Bands Set,Sports & Outdoors,1,2026-01-25,636.23,CUST00203,India,0,0,636.23
500971,P10025,Yoga Mat,Sports & Outdoors,2,2025-07-24,270.08,CUST00272,United States,0,0,540.16
502878,P10001,Wireless Earbuds,Electronics,3,2025-05-06,606.94,CUST00800,Uae,0,0,1820.82
502888,P10013,Cotton T-Shirt,Apparel,1,2026-05-13,1190.46,CUST00801,United States,0,0,1190.46
500619,P10023,Hair Dryer,Beauty & Personal Care,1,2026-01-11,1018.4,CUST00189,India,0,0,1018.4
501141,P10034,Sticky Notes Pack,Stationery & Office,4,2025-07-06,147.9,CUST00313,India,0,0,591.6
501311,P10014,Denim Jacket,Apparel,4,2025-01-20,1048.3,CUST00353,United Kingdom,0,0,4193.2
501687,P10032,Gel Pen Pack,Stationery & Office,4,2025-07-18,687.3,CUST00463,United States,0,0,2749.2
502934,P10015,Running Shoes,Apparel,4,2025-07-29,980.3,CUST00815,Germany,0,0,3921.2
500980,P10003,Phone Case,Electronics,-3,2025-12-25,1049.71,CUST00273,Germany,0,1,-3149.13
500326,P10029,Badminton Racket,Sports & Outdoors,1,2026-05-20,274.87,CUST00126,India,0,0,274.87
500541,P10020,Herbal Shampoo,Beauty & Personal Care,3,2026-03-27,1426.26,CUST00169,India,0,0,4278.78
502359,P10030,Cycling Gloves,Sports & Outdoors,4,2025-10-04,820.52,CUST00667,India,0,0,3282.08
502632,P10024,Beard Trimmer,Beauty & Personal Care,4,2025-04-17,700.79,,India,1,0,2803.16
501496,P10035,Whiteboard Marker Set,Stationery & Office,2,2025-07-14,808.92,CUST00422,United States,0,0,1617.84
500760,P10035,Whiteboard Marker Set,Stationery & Office,2,2025-08-27,808.92,CUST00216,India,0,0,1617.84
502687,P10009,Cotton Bedsheet Set,Home & Kitchen,4,2026-05-22,1519.89,,United Kingdom,1,0,6079.56
501163,P10030,Cycling Gloves,Sports & Outdoors,2,2025-05-28,820.52,CUST00324,India,0,0,1641.04
500952,P10028,Camping Torch,Sports & Outdoors,1,2026-01-11,2043.99,CUST00265,Germany,0,0,2043.99
501416,P10007,Non-Stick Pan,Home & Kitchen,1,2026-03-17,331.24,CUST00392,India,0,0,331.24
502292,P10024,Beard Trimmer,Beauty & Personal Care,2,2026-01-09,700.79,CUST00644,India,0,0,1401.58
501067,P10017,Formal Shirt,Apparel,4,2025-06-19,562.91,CUST00298,India,0,0,2251.64
502356,P10009,Cotton Bedsheet Set,Home & Kitchen,1,2026-02-06,1519.89,CUST00667,India,0,0,1519.89
501341,P10019,Face Serum,Beauty & Personal Care,2,2025-11-05,1312.41,CUST00362,United Kingdom,0,0,2624.82
501966,P10017,Formal Shirt,Apparel,2,2026-06-16,562.91,CUST00544,United Kingdom,0,0,1125.82
502082,P10030,Cycling Gloves,Sports & Outdoors,1,2025-08-21,820.52,CUST00579,India,0,0,820.52
501079,P10022,Sunscreen SPF50,Beauty & Personal Care,1,2025-02-19,514.51,CUST00300,India,0,0,514.51
501353,P10007,Non-Stick Pan,Home & Kitchen,4,2026-05-24,331.24,CUST00365,Uae,0,0,1324.96
500111,P10002,Bluetooth Speaker,Electronics,3,2026-01-05,2723.88,CUST00047,India,0,0,8171.64
500908,P10004,USB-C Cable,Electronics,4,2026-01-17,3182.97,CUST00251,India,0,0,12731.88
501575,P10006,Smartwatch Band,Electronics,5,2025-04-29,990.13,CUST00448,United States,0,0,4950.65
500927,P10032,Gel Pen Pack,Stationery & Office,1,2025-03-06,687.3,CUST00259,United Kingdom,0,0,687.3
501205,P10025,Yoga Mat,Sports & Outdoors,2,2025-06-16,270.08,CUST00324,India,0,0,540.16
502888,P10003,Phone Case,Electronics,2,2026-05-13,1049.71,CUST00801,United States,0,0,2099.42
502602,P10012,Storage Organizer,Home & Kitchen,5,2025-08-18,1268.9,CUST00734,India,0,0,6344.5
502988,P10020,Herbal Shampoo,Beauty & Personal Care,4,2025-01-27,1426.26,CUST00830,India,0,0,5705.04
500241,P10025,Yoga Mat,Sports & Outdoors,4,2025-11-27,270.08,CUST00095,United States,0,0,1080.32
501118,P10012,Storage Organizer,Home & Kitchen,1,2025-07-22,1268.9,CUST00311,India,0,0,1268.9
501216,P10010,Insulated Water Bottle,Home & Kitchen,1,2025-09-17,396.84,CUST00330,India,0,0,396.84
500309,P10032,Gel Pen Pack,Stationery & Office,4,2025-02-18,687.3,CUST00119,Germany,0,0,2749.2
500776,P10025,Yoga Mat,Sports & Outdoors,1,2025-04-02,270.08,CUST00218,United States,0,0,270.08
501169,P10016,Wool Sweater,Apparel,3,2025-03-24,1250.39,CUST00324,India,0,0,3751.17
502455,P10035,Whiteboard Marker Set,Stationery & Office,4,2025-01-27,808.92,CUST00699,India,0,0,3235.68
500912,P10010,Insulated Water Bottle,Home & Kitchen,5,2026-04-25,396.84,CUST00252,India,0,0,1984.2
501332,P10003,Phone Case,Electronics,1,2025-02-28,1049.71,CUST00358,United Kingdom,0,0,1049.71
500053,P10019,Face Serum,Beauty & Personal Care,3,2025-01-26,1312.41,CUST00025,India,0,0,3937.23
502229,P10006,Smartwatch Band,Electronics,3,2025-05-23,990.13,CUST00624,India,0,0,2970.39
500574,P10005,Power Bank 10000mAh,Electronics,2,2025-10-29,1034.93,CUST00176,India,0,0,2069.86
500812,P10031,Notebook Set,Stationery & Office,2,2026-06-14,268.52,CUST00219,United Kingdom,0,0,537.04
501184,P10024,Beard Trimmer,Beauty & Personal Care,4,2025-09-23,700.79,CUST00324,India,0,0,2803.16
502156,P10017,Formal Shirt,Apparel,2,2025-05-03,562.91,CUST00586,India,0,0,1125.82
502965,P10007,Non-Stick Pan,Home & Kitchen,3,2026-01-11,331.24,CUST00830,India,0,0,993.72
502468,P10008,LED Desk Lamp,Home & Kitchen,4,2025-08-06,1311.15,CUST00705,India,0,0,5244.6
501019,P10024,Beard Trimmer,Beauty & Personal Care,4,2025-06-28,700.79,CUST00286,India,0,0,2803.16
502256,P10012,Storage Organizer,Home & Kitchen,5,2025-07-15,1268.9,CUST00632,Germany,0,0,6344.5
502478,P10021,Lip Balm Set,Beauty & Personal Care,2,2025-04-09,652.97,CUST00706,Singapore,0,0,1305.94
502672,P10011,Ceramic Mug Set,Home & Kitchen,3,2025-12-27,1993.94,CUST00753,United Kingdom,0,0,5981.82
502653,P10012,Storage Organizer,Home & Kitchen,2,2025-07-28,1268.9,CUST00753,United Kingdom,0,0,2537.8
501964,P10036,Backpack,Stationery & Office,5,2025-10-07,218.62,CUST00543,India,0,0,1093.1
501017,P10009,Cotton Bedsheet Set,Home & Kitchen,-3,2025-04-04,1519.89,CUST00286,India,0,1,-4559.67
501152,P10036,Backpack,Stationery & Office,5,2025-09-29,218.62,CUST00320,India,0,0,1093.1
502889,P10012,Storage Organizer,Home & Kitchen,2,2025-02-04,1268.9,CUST00801,United States,0,0,2537.8
500945,P10010,Insulated Water Bottle,Home & Kitchen,1,2026-01-12,396.84,CUST00264,India,0,0,396.84
501819,P10020,Herbal Shampoo,Beauty & Personal Care,5,2026-01-30,1426.26,CUST00503,India,0,0,7131.3
502085,P10032,Gel Pen Pack,Stationery & Office,2,2025-03-07,687.3,CUST00579,India,0,0,1374.6
500654,P10002,Bluetooth Speaker,Electronics,1,2025-12-03,2723.88,,United Kingdom,1,0,2723.88
500866,P10019,Face Serum,Beauty & Personal Care,4,2025-08-08,1312.41,CUST00236,United States,0,0,5249.64
501791,P10036,Backpack,Stationery & Office,5,2025-01-18,218.62,CUST00497,United Kingdom,0,0,1093.1
501238,P10016,Wool Sweater,Apparel,2,2025-12-23,1250.39,,United States,1,0,2500.78
502844,P10006,Smartwatch Band,Electronics,5,2025-08-10,990.13,CUST00790,Uae,0,0,4950.65
500508,P10033,Desk Organizer,Stationery & Office,5,2025-07-18,67.73,CUST00167,India,0,0,338.65
501968,P10033,Desk Organizer,Stationery & Office,4,2025-06-15,67.73,CUST00544,United Kingdom,0,0,270.92
501464,P10019,Face Serum,Beauty & Personal Care,-3,2025-03-09,1312.41,CUST00414,United Kingdom,0,1,-3937.23
501577,P10005,Power Bank 10000mAh,Electronics,-3,2026-02-09,1034.93,CUST00448,United States,0,1,-3104.79
503010,P10023,Hair Dryer,Beauty & Personal Care,1,2025-03-09,1018.4,CUST00833,India,0,0,1018.4
500929,P10021,Lip Balm Set,Beauty & Personal Care,5,2025-05-22,652.97,CUST00260,India,0,0,3264.85
500978,P10013,Cotton T-Shirt,Apparel,4,2026-06-06,1190.46,CUST00273,Germany,0,0,4761.84
503029,P10003,Phone Case,Electronics,5,2025-11-13,1049.71,CUST00833,India,0,0,5248.55
500009,P10014,Denim Jacket,Apparel,-1,2026-01-22,1048.3,CUST00006,India,0,1,-1048.3
502028,P10036,Backpack,Stationery & Office,5,2025-02-12,218.62,CUST00563,India,0,0,1093.1
500561,P10012,Storage Organizer,Home & Kitchen,4,2025-06-19,1268.9,CUST00171,United Kingdom,0,0,5075.6
501924,P10029,Badminton Racket,Sports & Outdoors,2,2025-08-24,274.87,CUST00539,India,0,0,549.74
501177,P10017,Formal Shirt,Apparel,1,2025-04-16,562.91,CUST00324,India,0,0,562.91
501723,P10005,Power Bank 10000mAh,Electronics,4,2025-03-18,1034.93,CUST00475,India,0,0,4139.72
500598,P10026,Resistance Bands Set,Sports & Outdoors,1,2026-03-15,636.23,CUST00177,United Kingdom,0,0,636.23
500184,P10014,Denim Jacket,Apparel,3,2025-12-21,1048.3,CUST00067,India,0,0,3144.9
500380,P10001,Wireless Earbuds,Electronics,1,2025-12-03,606.94,CUST00131,India,0,0,606.94
502248,P10031,Notebook Set,Stationery & Office,4,2025-08-17,268.52,CUST00627,India,0,0,1074.08
502246,P10030,Cycling Gloves,Sports & Outdoors,3,2025-05-29,820.52,CUST00627,India,0,0,2461.56
501375,P10031,Notebook Set,Stationery & Office,5,2025-05-17,268.52,CUST00377,Germany,0,0,1342.6
502365,P10007,Non-Stick Pan,Home & Kitchen,4,2025-12-19,331.24,CUST00668,India,0,0,1324.96
503071,P10019,Face Serum,Beauty & Personal Care,3,2025-11-07,1312.41,CUST00842,United Kingdom,0,0,3937.23
502851,P10017,Formal Shirt,Apparel,4,2026-04-14,562.91,CUST00795,India,0,0,2251.64
502381,P10032,Gel Pen Pack,Stationery & Office,4,2025-12-13,687.3,CUST00674,India,0,0,2749.2
502779,P10011,Ceramic Mug Set,Home & Kitchen,4,2025-06-13,1993.94,CUST00779,United States,0,0,7975.76
502941,P10006,Smartwatch Band,Electronics,2,2026-03-18,990.13,CUST00818,India,0,0,1980.26
502706,P10014,Denim Jacket,Apparel,4,2025-07-27,1048.3,CUST00756,United States,0,0,4193.2
502607,P10019,Face Serum,Beauty & Personal Care,2,2025-09-25,1312.41,CUST00737,India,0,0,2624.82
500063,P10022,Sunscreen SPF50,Beauty & Personal Care,2,2025-03-01,514.51,CUST00032,India,0,0,1029.02
502602,P10017,Formal Shirt,Apparel,4,2025-08-18,562.91,CUST00734,India,0,0,2251.64
501734,P10015,Running Shoes,Apparel,5,2025-10-02,980.3,CUST00479,Singapore,0,0,4901.5
501950,P10033,Desk Organizer,Stationery & Office,5,2025-04-24,67.73,CUST00540,India,0,0,338.65
501494,P10018,Yoga Pants,Apparel,3,2025-07-12,608.28,,United States,1,0,1824.84
502331,P10019,Face Serum,Beauty & Personal Care,3,2025-04-27,1312.41,CUST00660,United Kingdom,0,0,3937.23
500267,P10010,Insulated Water Bottle,Home & Kitchen,5,2025-10-27,396.84,CUST00106,India,0,0,1984.2
502321,P10018,Yoga Pants,Apparel,3,2026-02-22,608.28,CUST00659,United Kingdom,0,0,1824.84
502665,P10028,Camping Torch,Sports & Outdoors,4,2025-08-04,2043.99,CUST00753,United Kingdom,0,0,8175.96
500445,P10015,Running Shoes,Apparel,3,2026-06-01,980.3,,India,1,0,2940.9
500659,P10020,Herbal Shampoo,Beauty & Personal Care,2,2026-06-12,1426.26,CUST00194,United Kingdom,0,0,2852.52
500157,P10025,Yoga Mat,Sports & Outdoors,4,2026-06-15,270.08,CUST00058,India,0,0,1080.32
500485,P10002,Bluetooth Speaker,Electronics,3,2025-02-15,2723.88,CUST00163,United Kingdom,0,0,8171.64
500139,P10032,Gel Pen Pack,Stationery & Office,-4,2025-03-08,687.3,CUST00050,India,0,1,-2749.2
500279,P10034,Sticky Notes Pack,Stationery & Office,-1,2026-01-13,147.9,CUST00111,India,0,1,-147.9
503074,P10005,Power Bank 10000mAh,Electronics,1,2025-07-26,1034.93,,United Kingdom,1,0,1034.93
500773,P10036,Backpack,Stationery & Office,2,2025-08-09,218.62,CUST00217,India,0,0,437.24
502618,P10036,Backpack,Stationery & Office,5,2025-12-19,218.62,CUST00738,United States,0,0,1093.1
502526,P10030,Cycling Gloves,Sports & Outdoors,3,2025-09-14,820.52,CUST00718,Singapore,0,0,2461.56
501945,P10012,Storage Organizer,Home & Kitchen,1,2025-10-02,1268.9,CUST00540,India,0,0,1268.9
501277,P10013,Cotton T-Shirt,Apparel,3,2026-04-17,1190.46,CUST00343,India,0,0,3571.38
500325,P10018,Yoga Pants,Apparel,5,2025-01-29,608.28,CUST00125,India,0,0,3041.4
502250,P10003,Phone Case,Electronics,4,2026-04-16,1049.71,CUST00629,India,0,0,4198.84
501410,P10026,Resistance Bands Set,Sports & Outdoors,5,2025-11-03,636.23,CUST00392,India,0,0,3181.15
500127,P10025,Yoga Mat,Sports & Outdoors,2,2026-04-26,270.08,CUST00047,India,0,0,540.16
503029,P10025,Yoga Mat,Sports & Outdoors,3,2025-11-13,270.08,CUST00833,India,0,0,810.24
500306,P10010,Insulated Water Bottle,Home & Kitchen,3,2025-10-12,396.84,CUST00118,India,0,0,1190.52
500175,P10020,Herbal Shampoo,Beauty & Personal Care,4,2025-02-18,1426.26,CUST00063,Germany,0,0,5705.04
501102,P10025,Yoga Mat,Sports & Outdoors,4,2025-03-11,270.08,CUST00310,India,0,0,1080.32
501054,P10024,Beard Trimmer,Beauty & Personal Care,5,2025-06-10,700.79,CUST00295,India,0,0,3503.95
500221,P10002,Bluetooth Speaker,Electronics,1,2026-02-25,2723.88,CUST00086,India,0,0,2723.88
501464,P10031,Notebook Set,Stationery & Office,5,2025-03-09,268.52,CUST00414,United Kingdom,0,0,1342.6
501741,P10032,Gel Pen Pack,Stationery & Office,2,2025-12-04,687.3,CUST00482,United Kingdom,0,0,1374.6
501847,P10003,Phone Case,Electronics,4,2025-12-30,1049.71,CUST00514,Germany,0,0,4198.84
502695,P10017,Formal Shirt,Apparel,4,2025-06-15,562.91,,India,1,0,2251.64
501506,P10029,Badminton Racket,Sports & Outdoors,4,2025-08-18,274.87,,India,1,0,1099.48
500798,P10014,Denim Jacket,Apparel,2,2025-07-15,1048.3,CUST00219,United Kingdom,0,0,2096.6
501987,P10021,Lip Balm Set,Beauty & Personal Care,4,2025-01-11,652.97,CUST00554,United Kingdom,0,0,2611.88
501768,P10026,Resistance Bands Set,Sports & Outdoors,2,2025-07-18,636.23,CUST00487,India,0,0,1272.46
500801,P10003,Phone Case,Electronics,5,2025-08-21,1049.71,CUST00219,United Kingdom,0,0,5248.55
503095,P10001,Wireless Earbuds,Electronics,3,2026-05-21,606.94,CUST00845,India,0,0,1820.82
500970,P10024,Beard Trimmer,Beauty & Personal Care,5,2025-11-25,700.79,CUST00271,United States,0,0,3503.95
502961,P10023,Hair Dryer,Beauty & Personal Care,4,2025-03-16,1018.4,CUST00830,India,0,0,4073.6
502310,P10024,Beard Trimmer,Beauty & Personal Care,2,2025-02-27,700.79,CUST00655,India,0,0,1401.58
501003,P10006,Smartwatch Band,Electronics,4,2025-07-13,990.13,CUST00282,India,0,0,3960.52
500495,P10016,Wool Sweater,Apparel,3,2025-06-06,1250.39,CUST00165,India,0,0,3751.17
501432,P10013,Cotton T-Shirt,Apparel,1,2025-06-19,1190.46,CUST00394,United States,0,0,1190.46
500176,P10023,Hair Dryer,Beauty & Personal Care,5,2025-09-02,1018.4,CUST00063,Germany,0,0,5092.0
502975,P10020,Herbal Shampoo,Beauty & Personal Care,3,2026-04-17,1426.26,,India,1,0,4278.78
500859,P10025,Yoga Mat,Sports & Outdoors,5,2025-01-30,270.08,CUST00235,India,0,0,1350.4
501187,P10004,USB-C Cable,Electronics,5,2025-11-27,3182.97,CUST00324,India,0,0,15914.85
501289,P10035,Whiteboard Marker Set,Stationery & Office,5,2026-06-29,808.92,CUST00348,India,0,0,4044.6
501931,P10015,Running Shoes,Apparel,3,2025-12-17,980.3,CUST00539,India,0,0,2940.9
500827,P10025,Yoga Mat,Sports & Outdoors,1,2025-05-11,270.08,CUST00219,United Kingdom,0,0,270.08
503009,P10021,Lip Balm Set,Beauty & Personal Care,1,2025-09-18,652.97,CUST00833,India,0,0,652.97
502176,P10028,Camping Torch,Sports & Outdoors,3,2025-07-25,2043.99,CUST00593,India,0,0,6131.97
502637,P10001,Wireless Earbuds,Electronics,3,2026-05-24,606.94,CUST00748,India,0,0,1820.82
501644,P10012,Storage Organizer,Home & Kitchen,4,2025-11-23,1268.9,CUST00457,India,0,0,5075.6
500285,P10008,LED Desk Lamp,Home & Kitchen,5,2025-09-08,1311.15,,Uae,1,0,6555.75
500503,P10001,Wireless Earbuds,Electronics,3,2026-05-12,606.94,CUST00167,India,0,0,1820.82
501810,P10019,Face Serum,Beauty & Personal Care,1,2025-07-05,1312.41,CUST00501,United Kingdom,0,0,1312.41
501809,P10017,Formal Shirt,Apparel,5,2025-08-25,562.91,CUST00501,United Kingdom,0,0,2814.55
502723,P10025,Yoga Mat,Sports & Outdoors,5,2026-02-09,270.08,CUST00763,India,0,0,1350.4
502551,P10025,Yoga Mat,Sports & Outdoors,5,2026-03-26,270.08,CUST00730,India,0,0,1350.4
502868,P10026,Resistance Bands Set,Sports & Outdoors,2,2025-01-21,636.23,CUST00796,Germany,0,0,1272.46
501595,P10022,Sunscreen SPF50,Beauty & Personal Care,4,2025-06-24,514.51,CUST00448,United States,0,0,2058.04
501784,P10028,Camping Torch,Sports & Outdoors,3,2026-03-20,2043.99,CUST00493,India,0,0,6131.97
501536,P10003,Phone Case,Electronics,3,2026-03-11,1049.71,CUST00439,United States,0,0,3149.13
502823,P10010,Insulated Water Bottle,Home & Kitchen,2,2025-01-07,396.84,CUST00785,India,0,0,793.68
500207,P10024,Beard Trimmer,Beauty & Personal Care,1,2025-01-26,700.79,CUST00079,India,0,0,700.79
500235,P10031,Notebook Set,Stationery & Office,2,2025-07-15,268.52,CUST00091,India,0,0,537.04
500944,P10028,Camping Torch,Sports & Outdoors,2,2025-05-09,2043.99,CUST00263,India,0,0,4087.98
501848,P10032,Gel Pen Pack,Stationery & Office,1,2026-02-24,687.3,CUST00514,Germany,0,0,687.3
501685,P10030,Cycling Gloves,Sports & Outdoors,5,2025-07-24,820.52,CUST00463,United States,0,0,4102.6
502609,P10008,LED Desk Lamp,Home & Kitchen,5,2026-05-20,1311.15,CUST00738,United States,0,0,6555.75
500199,P10001,Wireless Earbuds,Electronics,4,2025-11-04,606.94,CUST00074,United States,0,0,2427.76
502917,P10004,USB-C Cable,Electronics,1,2025-01-26,3182.97,CUST00813,India,0,0,3182.97
501006,P10009,Cotton Bedsheet Set,Home & Kitchen,2,2025-06-19,1519.89,CUST00284,India,0,0,3039.78
502316,P10014,Denim Jacket,Apparel,-4,2025-09-07,1048.3,CUST00658,India,0,1,-4193.2
501731,P10017,Formal Shirt,Apparel,5,2025-02-14,562.91,CUST00478,United Kingdom,0,0,2814.55
502806,P10017,Formal Shirt,Apparel,4,2025-07-08,562.91,CUST00780,United Kingdom,0,0,2251.64
500100,P10022,Sunscreen SPF50,Beauty & Personal Care,1,2025-07-20,514.51,,India,1,0,514.51
501990,P10035,Whiteboard Marker Set,Stationery & Office,1,2026-06-14,808.92,CUST00555,Germany,0,0,808.92
500117,P10007,Non-Stick Pan,Home & Kitchen,5,2025-03-27,331.24,CUST00047,India,0,0,1656.2
502279,P10029,Badminton Racket,Sports & Outdoors,1,2025-06-14,274.87,CUST00636,India,0,0,274.87
500597,P10006,Smartwatch Band,Electronics,2,2025-01-14,990.13,CUST00176,India,0,0,1980.26
501470,P10023,Hair Dryer,Beauty & Personal Care,5,2026-03-07,1018.4,CUST00416,India,0,0,5092.0
502729,P10022,Sunscreen SPF50,Beauty & Personal Care,1,2025-08-03,514.51,CUST00765,India,0,0,514.51
502488,P10003,Phone Case,Electronics,3,2025-02-01,1049.71,CUST00706,Singapore,0,0,3149.13
503060,P10031,Notebook Set,Stationery & Office,3,2025-12-27,268.52,CUST00842,United Kingdom,0,0,805.56
502597,P10003,Phone Case,Electronics,2,2026-05-10,1049.71,CUST00732,United States,0,0,2099.42
500744,P10004,USB-C Cable,Electronics,5,2026-02-23,3182.97,CUST00210,India,0,0,15914.85
501713,P10003,Phone Case,Electronics,3,2026-01-05,1049.71,CUST00471,India,0,0,3149.13
502298,P10010,Insulated Water Bottle,Home & Kitchen,5,2026-03-11,396.84,CUST00647,United Kingdom,0,0,1984.2
500286,P10029,Badminton Racket,Sports & Outdoors,5,2025-02-09,274.87,CUST00113,Uae,0,0,1374.35
501366,P10033,Desk Organizer,Stationery & Office,2,2025-09-06,67.73,CUST00372,India,0,0,135.46
502150,P10034,Sticky Notes Pack,Stationery & Office,4,2025-05-23,147.9,CUST00584,India,0,0,591.6
500319,P10021,Lip Balm Set,Beauty & Personal Care,1,2025-11-17,652.97,CUST00122,Germany,0,0,652.97
500386,P10033,Desk Organizer,Stationery & Office,1,2025-05-14,67.73,CUST00133,India,0,0,67.73
500323,P10028,Camping Torch,Sports & Outdoors,3,2025-07-20,2043.99,CUST00124,India,0,0,6131.97
501109,P10016,Wool Sweater,Apparel,5,2026-01-29,1250.39,CUST00311,India,0,0,6251.95
501623,P10014,Denim Jacket,Apparel,3,2026-03-27,1048.3,CUST00449,India,0,0,3144.9
502966,P10023,Hair Dryer,Beauty & Personal Care,3,2025-07-04,1018.4,CUST00830,India,0,0,3055.2
503026,P10012,Storage Organizer,Home & Kitchen,3,2025-01-29,1268.9,CUST00833,India,0,0,3806.7
502602,P10034,Sticky Notes Pack,Stationery & Office,5,2025-08-18,147.9,CUST00734,India,0,0,739.5
501157,P10008,LED Desk Lamp,Home & Kitchen,5,2025-06-29,1311.15,CUST00321,India,0,0,6555.75
500819,P10016,Wool Sweater,Apparel,-3,2026-02-09,1250.39,CUST00219,United Kingdom,0,1,-3751.17
501847,P10036,Backpack,Stationery & Office,1,2025-12-30,218.62,CUST00514,Germany,0,0,218.62
500859,P10018,Yoga Pants,Apparel,4,2025-01-30,608.28,CUST00235,India,0,0,2433.12
502032,P10023,Hair Dryer,Beauty & Personal Care,4,2025-04-17,1018.4,CUST00563,India,0,0,4073.6
502653,P10027,Water Bottle Sipper,Sports & Outdoors,5,2025-07-28,2203.72,CUST00753,United Kingdom,0,0,11018.6
502514,P10023,Hair Dryer,Beauty & Personal Care,2,2025-02-01,1018.4,CUST00712,United Kingdom,0,0,2036.8
502838,P10024,Beard Trimmer,Beauty & Personal Care,3,2025-06-06,700.79,CUST00788,India,0,0,2102.37
500030,P10009,Cotton Bedsheet Set,Home & Kitchen,4,2026-04-28,1519.89,CUST00012,Singapore,0,0,6079.56
503096,P10021,Lip Balm Set,Beauty & Personal Care,3,2025-10-05,652.97,CUST00846,India,0,0,1958.91
503077,P10015,Running Shoes,Apparel,4,2025-11-05,980.3,CUST00842,United Kingdom,0,0,3921.2
500118,P10018,Yoga Pants,Apparel,3,2025-06-25,608.28,CUST00047,India,0,0,1824.84
502953,P10019,Face Serum,Beauty & Personal Care,4,2025-11-24,1312.41,CUST00827,India,0,0,5249.64
502898,P10018,Yoga Pants,Apparel,3,2025-08-13,608.28,CUST00805,India,0,0,1824.84
500564,P10010,Insulated Water Bottle,Home & Kitchen,4,2026-05-27,396.84,CUST00173,India,0,0,1587.36
501070,P10026,Resistance Bands Set,Sports & Outdoors,2,2025-08-10,636.23,CUST00298,India,0,0,1272.46
500448,P10028,Camping Torch,Sports & Outdoors,2,2026-01-24,2043.99,CUST00144,India,0,0,4087.98
501639,P10021,Lip Balm Set,Beauty & Personal Care,5,2025-04-22,652.97,CUST00453,India,0,0,3264.85
502213,P10030,Cycling Gloves,Sports & Outdoors,3,2026-01-18,820.52,CUST00615,Germany,0,0,2461.56
501568,P10028,Camping Torch,Sports & Outdoors,1,2025-08-17,2043.99,CUST00446,Uae,0,0,2043.99
500954,P10017,Formal Shirt,Apparel,1,2025-04-29,562.91,CUST00266,United States,0,0,562.91
503036,P10006,Smartwatch Band,Electronics,3,2025-12-09,990.13,CUST00837,Uae,0,0,2970.39
501430,P10034,Sticky Notes Pack,Stationery & Office,2,2026-03-10,147.9,CUST00393,India,0,0,295.8
502222,P10003,Phone Case,Electronics,2,2025-10-20,1049.71,CUST00621,India,0,0,2099.42
502554,P10002,Bluetooth Speaker,Electronics,4,2025-05-06,2723.88,CUST00731,India,0,0,10895.52
503095,P10003,Phone Case,Electronics,4,2026-05-21,1049.71,CUST00845,India,0,0,4198.84
503058,P10019,Face Serum,Beauty & Personal Care,1,2025-11-10,1312.41,CUST00842,United Kingdom,0,0,1312.41
500513,P10032,Gel Pen Pack,Stationery & Office,2,2025-08-29,687.3,CUST00169,India,0,0,1374.6
500048,P10001,Wireless Earbuds,Electronics,5,2025-11-07,606.94,CUST00021,United Kingdom,0,0,3034.7
500650,P10015,Running Shoes,Apparel,5,2025-07-04,980.3,CUST00194,United Kingdom,0,0,4901.5
502337,P10016,Wool Sweater,Apparel,4,2026-01-10,1250.39,CUST00662,Singapore,0,0,5001.56
501326,P10017,Formal Shirt,Apparel,2,2025-05-13,562.91,CUST00357,India,0,0,1125.82
502813,P10022,Sunscreen SPF50,Beauty & Personal Care,4,2026-06-29,514.51,CUST00782,India,0,0,2058.04
502529,P10027,Water Bottle Sipper,Sports & Outdoors,4,2026-01-20,2203.72,CUST00720,United States,0,0,8814.88
503088,P10020,Herbal Shampoo,Beauty & Personal Care,4,2025-09-25,1426.26,CUST00842,United Kingdom,0,0,5705.04
500713,P10008,LED Desk Lamp,Home & Kitchen,3,2026-01-08,1311.15,CUST00203,India,0,0,3933.45
500793,P10027,Water Bottle Sipper,Sports & Outdoors,4,2026-01-08,2203.72,CUST00219,United Kingdom,0,0,8814.88
500811,P10002,Bluetooth Speaker,Electronics,4,2025-05-16,2723.88,CUST00219,United Kingdom,0,0,10895.52
500746,P10022,Sunscreen SPF50,Beauty & Personal Care,1,2025-03-14,514.51,CUST00212,United Kingdom,0,0,514.51
502693,P10022,Sunscreen SPF50,Beauty & Personal Care,2,2025-02-20,514.51,CUST00754,India,0,0,1029.02
501606,P10018,Yoga Pants,Apparel,3,2026-05-15,608.28,CUST00448,United States,0,0,1824.84
500304,P10005,Power Bank 10000mAh,Electronics,4,2025-10-19,1034.93,CUST00117,United States,0,0,4139.72
501389,P10016,Wool Sweater,Apparel,3,2025-04-29,1250.39,CUST00386,United States,0,0,3751.17
502278,P10026,Resistance Bands Set,Sports & Outdoors,4,2025-01-11,636.23,CUST00636,India,0,0,2544.92
502856,P10034,Sticky Notes Pack,Stationery & Office,5,2025-04-01,147.9,CUST00796,Germany,0,0,739.5
501788,P10024,Beard Trimmer,Beauty & Personal Care,-3,2026-04-29,700.79,CUST00496,India,0,1,-2102.37
501429,P10028,Camping Torch,Sports & Outdoors,2,2025-05-19,2043.99,CUST00392,India,0,0,4087.98
502123,P10021,Lip Balm Set,Beauty & Personal Care,-5,2026-05-07,652.97,CUST00581,India,0,1,-3264.85
500103,P10001,Wireless Earbuds,Electronics,-4,2025-07-02,606.94,CUST00043,India,0,1,-2427.76
502035,P10020,Herbal Shampoo,Beauty & Personal Care,3,2025-07-29,1426.26,CUST00563,India,0,0,4278.78
500869,P10001,Wireless Earbuds,Electronics,3,2026-06-14,606.94,CUST00236,United States,0,0,1820.82
500724,P10012,Storage Organizer,Home & Kitchen,5,2026-05-23,1268.9,CUST00203,India,0,0,6344.5
501960,P10013,Cotton T-Shirt,Apparel,5,2026-06-22,1190.46,CUST00542,United Kingdom,0,0,5952.3
501598,P10023,Hair Dryer,Beauty & Personal Care,1,2026-03-01,1018.4,CUST00448,United States,0,0,1018.4
502179,P10025,Yoga Mat,Sports & Outdoors,5,2025-01-27,270.08,CUST00594,India,0,0,1350.4
501494,P10024,Beard Trimmer,Beauty & Personal Care,-1,2025-07-12,700.79,CUST00422,United States,0,1,-700.79
501794,P10036,Backpack,Stationery & Office,1,2026-02-15,218.62,CUST00497,United Kingdom,0,0,218.62
500923,P10024,Beard Trimmer,Beauty & Personal Care,3,2025-12-07,700.79,CUST00257,Uae,0,0,2102.37
502192,P10007,Non-Stick Pan,Home & Kitchen,2,2025-01-31,331.24,CUST00602,India,0,0,662.48
502299,P10018,Yoga Pants,Apparel,2,2025-02-22,608.28,CUST00647,United Kingdom,0,0,1216.56
501176,P10033,Desk Organizer,Stationery & Office,1,2025-07-28,67.73,CUST00324,India,0,0,67.73
502725,P10026,Resistance Bands Set,Sports & Outdoors,2,2026-05-02,636.23,CUST00763,India,0,0,1272.46
501885,P10027,Water Bottle Sipper,Sports & Outdoors,4,2025-01-25,2203.72,CUST00530,Germany,0,0,8814.88
500259,P10015,Running Shoes,Apparel,5,2026-06-14,980.3,,India,1,0,4901.5
502837,P10006,Smartwatch Band,Electronics,2,2025-01-12,990.13,CUST00788,India,0,0,1980.26
502867,P10016,Wool Sweater,Apparel,5,2026-05-10,1250.39,CUST00796,Germany,0,0,6251.95
502808,P10032,Gel Pen Pack,Stationery & Office,1,2025-07-04,687.3,CUST00781,United Kingdom,0,0,687.3
500561,P10024,Beard Trimmer,Beauty & Personal Care,4,2025-06-19,700.79,CUST00171,United Kingdom,0,0,2803.16
502477,P10013,Cotton T-Shirt,Apparel,1,2026-06-21,1190.46,CUST00706,Singapore,0,0,1190.46
501353,P10024,Beard Trimmer,Beauty & Personal Care,4,2026-05-24,700.79,CUST00365,Uae,0,0,2803.16
502163,P10016,Wool Sweater,Apparel,2,2026-04-12,1250.39,CUST00587,India,0,0,2500.78
501880,P10035,Whiteboard Marker Set,Stationery & Office,5,2025-11-10,808.92,CUST00529,India,0,0,4044.6
501036,P10005,Power Bank 10000mAh,Electronics,4,2026-03-18,1034.93,CUST00290,United Kingdom,0,0,4139.72
501997,P10001,Wireless Earbuds,Electronics,5,2026-01-17,606.94,CUST00555,Germany,0,0,3034.7
502216,P10036,Backpack,Stationery & Office,1,2026-02-18,218.62,CUST00616,Uae,0,0,218.62
501929,P10009,Cotton Bedsheet Set,Home & Kitchen,4,2025-03-09,1519.89,,India,1,0,6079.56
500045,P10008,LED Desk Lamp,Home & Kitchen,2,2026-06-08,1311.15,CUST00020,India,0,0,2622.3
500668,P10033,Desk Organizer,Stationery & Office,2,2026-03-14,67.73,,Germany,1,0,135.46
502560,P10005,Power Bank 10000mAh,Electronics,3,2025-01-09,1034.93,CUST00731,India,0,0,3104.79
502927,P10021,Lip Balm Set,Beauty & Personal Care,4,2025-01-25,652.97,CUST00815,Germany,0,0,2611.88
501018,P10019,Face Serum,Beauty & Personal Care,2,2025-06-08,1312.41,CUST00286,India,0,0,2624.82
501338,P10003,Phone Case,Electronics,1,2025-02-24,1049.71,CUST00360,United Kingdom,0,0,1049.71
501350,P10035,Whiteboard Marker Set,Stationery & Office,4,2025-12-09,808.92,CUST00364,India,0,0,3235.68
501367,P10014,Denim Jacket,Apparel,3,2025-06-19,1048.3,CUST00373,India,0,0,3144.9
500458,P10014,Denim Jacket,Apparel,5,2025-09-05,1048.3,CUST00150,India,0,0,5241.5
500627,P10010,Insulated Water Bottle,Home & Kitchen,2,2026-02-17,396.84,CUST00189,India,0,0,793.68
502884,P10025,Yoga Mat,Sports & Outdoors,5,2026-02-17,270.08,CUST00801,United States,0,0,1350.4
500584,P10030,Cycling Gloves,Sports & Outdoors,2,2025-11-30,820.52,CUST00176,India,0,0,1641.04
500223,P10035,Whiteboard Marker Set,Stationery & Office,5,2025-03-04,808.92,CUST00086,India,0,0,4044.6
502716,P10032,Gel Pen Pack,Stationery & Office,2,2026-05-31,687.3,CUST00760,United States,0,0,1374.6
500873,P10025,Yoga Mat,Sports & Outdoors,1,2025-08-16,270.08,CUST00236,United States,0,0,270.08
501575,P10031,Notebook Set,Stationery & Office,4,2025-04-29,268.52,CUST00448,United States,0,0,1074.08
502652,P10036,Backpack,Stationery & Office,1,2025-03-26,218.62,CUST00753,United Kingdom,0,0,218.62
500491,P10003,Phone Case,Electronics,3,2025-05-31,1049.71,CUST00165,India,0,0,3149.13
501787,P10006,Smartwatch Band,Electronics,1,2026-06-09,990.13,CUST00495,India,0,0,990.13
501164,P10036,Backpack,Stationery & Office,4,2025-09-02,218.62,CUST00324,India,0,0,874.48
500546,P10005,Power Bank 10000mAh,Electronics,3,2026-02-13,1034.93,CUST00169,India,0,0,3104.79
500549,P10036,Backpack,Stationery & Office,1,2026-01-24,218.62,CUST00169,India,0,0,218.62
501561,P10003,Phone Case,Electronics,4,2026-06-21,1049.71,CUST00443,India,0,0,4198.84
501218,P10025,Yoga Mat,Sports & Outdoors,3,2025-07-08,270.08,CUST00332,United States,0,0,810.24
502619,P10021,Lip Balm Set,Beauty & Personal Care,5,2025-04-19,652.97,CUST00738,United States,0,0,3264.85
500091,P10001,Wireless Earbuds,Electronics,-4,2025-04-13,606.94,CUST00037,India,0,1,-2427.76
502320,P10002,Bluetooth Speaker,Electronics,2,2025-12-22,2723.88,CUST00659,United Kingdom,0,0,5447.76
501776,P10014,Denim Jacket,Apparel,5,2026-05-23,1048.3,CUST00490,Germany,0,0,5241.5
502825,P10029,Badminton Racket,Sports & Outdoors,3,2025-03-30,274.87,,Uae,1,0,824.61
501990,P10014,Denim Jacket,Apparel,5,2026-06-14,1048.3,CUST00555,Germany,0,0,5241.5
502048,P10021,Lip Balm Set,Beauty & Personal Care,1,2025-02-04,652.97,CUST00567,India,0,0,652.97
500871,P10010,Insulated Water Bottle,Home & Kitchen,2,2025-08-04,396.84,CUST00236,United States,0,0,793.68
502639,P10017,Formal Shirt,Apparel,4,2026-01-19,562.91,CUST00748,India,0,0,2251.64
502393,P10024,Beard Trimmer,Beauty & Personal Care,1,2025-10-28,700.79,CUST00679,Singapore,0,0,700.79
502878,P10007,Non-Stick Pan,Home & Kitchen,-1,2025-05-06,331.24,,Uae,1,1,-331.24
501063,P10007,Non-Stick Pan,Home & Kitchen,2,2026-05-18,331.24,CUST00297,United States,0,0,662.48
503098,P10036,Backpack,Stationery & Office,2,2025-04-06,218.62,CUST00847,India,0,0,437.24
501975,P10030,Cycling Gloves,Sports & Outdoors,1,2025-05-13,820.52,CUST00547,India,0,0,820.52
501631,P10002,Bluetooth Speaker,Electronics,3,2026-02-22,2723.88,CUST00449,India,0,0,8171.64
502440,P10031,Notebook Set,Stationery & Office,3,2025-11-27,268.52,CUST00699,India,0,0,805.56
500976,P10017,Formal Shirt,Apparel,3,2026-06-03,562.91,CUST00272,United States,0,0,1688.73
500183,P10019,Face Serum,Beauty & Personal Care,1,2026-04-24,1312.41,CUST00066,India,0,0,1312.41
502490,P10002,Bluetooth Speaker,Electronics,4,2026-04-22,2723.88,CUST00706,Singapore,0,0,10895.52
500510,P10028,Camping Torch,Sports & Outdoors,2,2026-05-04,2043.99,CUST00168,India,0,0,4087.98
501125,P10003,Phone Case,Electronics,1,2026-03-04,1049.71,CUST00312,India,0,0,1049.71
502056,P10034,Sticky Notes Pack,Stationery & Office,2,2025-06-10,147.9,CUST00570,India,0,0,295.8
501015,P10032,Gel Pen Pack,Stationery & Office,1,2025-12-19,687.3,CUST00286,India,0,0,687.3
501357,P10017,Formal Shirt,Apparel,5,2026-04-18,562.91,CUST00366,India,0,0,2814.55
501311,P10014,Denim Jacket,Apparel,4,2025-01-20,1048.3,CUST00353,United Kingdom,0,0,4193.2
501276,P10027,Water Bottle Sipper,Sports & Outdoors,3,2025-02-28,2203.72,CUST00343,India,0,0,6611.16
502692,P10009,Cotton Bedsheet Set,Home & Kitchen,4,2025-08-29,1519.89,CUST00753,United Kingdom,0,0,6079.56
501998,P10005,Power Bank 10000mAh,Electronics,3,2025-12-26,1034.93,CUST00555,Germany,0,0,3104.79
501991,P10004,USB-C Cable,Electronics,4,2025-07-05,3182.97,CUST00555,Germany,0,0,12731.88
501713,P10023,Hair Dryer,Beauty & Personal Care,4,2026-01-05,1018.4,CUST00471,India,0,0,4073.6
500693,P10020,Herbal Shampoo,Beauty & Personal Care,4,2026-06-19,1426.26,CUST00203,India,0,0,5705.04
501209,P10005,Power Bank 10000mAh,Electronics,2,2026-04-23,1034.93,CUST00328,United Kingdom,0,0,2069.86
501287,P10013,Cotton T-Shirt,Apparel,3,2026-02-19,1190.46,CUST00346,United Kingdom,0,0,3571.38
503066,P10014,Denim Jacket,Apparel,1,2025-06-21,1048.3,CUST00842,United Kingdom,0,0,1048.3
502410,P10010,Insulated Water Bottle,Home & Kitchen,1,2025-05-01,396.84,CUST00688,India,0,0,396.84
502709,P10006,Smartwatch Band,Electronics,4,2025-03-04,990.13,CUST00757,United Kingdom,0,0,3960.52
500103,P10009,Cotton Bedsheet Set,Home & Kitchen,5,2025-07-02,1519.89,CUST00043,India,0,0,7599.45
502350,P10029,Badminton Racket,Sports & Outdoors,4,2026-04-11,274.87,CUST00665,India,0,0,1099.48
501268,P10029,Badminton Racket,Sports & Outdoors,4,2025-08-31,274.87,CUST00343,India,0,0,1099.48
502176,P10026,Resistance Bands Set,Sports & Outdoors,5,2025-07-25,636.23,CUST00593,India,0,0,3181.15
500284,P10006,Smartwatch Band,Electronics,5,2025-06-23,990.13,CUST00113,Uae,0,0,4950.65
503050,P10020,Herbal Shampoo,Beauty & Personal Care,4,2025-05-10,1426.26,CUST00842,United Kingdom,0,0,5705.04
501384,P10009,Cotton Bedsheet Set,Home & Kitchen,3,2025-01-11,1519.89,CUST00384,Germany,0,0,4559.67
501008,P10019,Face Serum,Beauty & Personal Care,4,2025-12-22,1312.41,CUST00285,United Kingdom,0,0,5249.64
500454,P10015,Running Shoes,Apparel,4,2025-10-16,980.3,CUST00148,India,0,0,3921.2
501047,P10021,Lip Balm Set,Beauty & Personal Care,3,2025-04-06,652.97,CUST00294,India,0,0,1958.91
500629,P10030,Cycling Gloves,Sports & Outdoors,1,2025-09-16,820.52,CUST00189,India,0,0,820.52
502818,P10002,Bluetooth Speaker,Electronics,5,2026-01-27,2723.88,CUST00783,India,0,0,13619.4
500355,P10011,Ceramic Mug Set,Home & Kitchen,5,2026-03-14,1993.94,CUST00126,India,0,0,9969.7
502051,P10029,Badminton Racket,Sports & Outdoors,3,2026-06-20,274.87,CUST00569,Uae,0,0,824.61
502228,P10008,LED Desk Lamp,Home & Kitchen,2,2026-02-01,1311.15,CUST00624,India,0,0,2622.3
500914,P10030,Cycling Gloves,Sports & Outdoors,1,2026-05-19,820.52,,Germany,1,0,820.52
500284,P10019,Face Serum,Beauty & Personal Care,5,2025-06-23,1312.41,CUST00113,Uae,0,0,6562.05
500867,P10031,Notebook Set,Stationery & Office,2,2025-08-28,268.52,CUST00236,United States,0,0,537.04
501380,P10013,Cotton T-Shirt,Apparel,1,2026-01-02,1190.46,CUST00382,United Kingdom,0,0,1190.46
502822,P10031,Notebook Set,Stationery & Office,1,2025-05-01,268.52,CUST00784,India,0,0,268.52
501157,P10018,Yoga Pants,Apparel,4,2025-06-29,608.28,CUST00321,India,0,0,2433.12
502967,P10035,Whiteboard Marker Set,Stationery & Office,1,2025-08-10,808.92,CUST00830,India,0,0,808.92
500571,P10030,Cycling Gloves,Sports & Outdoors,1,2025-11-07,820.52,CUST00175,United Kingdom,0,0,820.52
501478,P10014,Denim Jacket,Apparel,3,2025-11-23,1048.3,CUST00417,India,0,0,3144.9
502388,P10014,Denim Jacket,Apparel,2,2026-03-27,1048.3,CUST00677,India,0,0,2096.6
500496,P10036,Backpack,Stationery & Office,3,2025-04-16,218.62,CUST00165,India,0,0,655.86
500580,P10036,Backpack,Stationery & Office,2,2025-06-27,218.62,CUST00176,India,0,0,437.24
501050,P10003,Phone Case,Electronics,3,2025-02-06,1049.71,CUST00295,India,0,0,3149.13
503018,P10019,Face Serum,Beauty & Personal Care,3,2026-01-26,1312.41,CUST00833,India,0,0,3937.23
500440,P10028,Camping Torch,Sports & Outdoors,2,2026-02-20,2043.99,CUST00142,India,0,0,4087.98
500044,P10015,Running Shoes,Apparel,1,2026-01-27,980.3,CUST00020,India,0,0,980.3
501669,P10021,Lip Balm Set,Beauty & Personal Care,4,2025-08-20,652.97,CUST00463,United States,0,0,2611.88
501224,P10021,Lip Balm Set,Beauty & Personal Care,3,2025-03-29,652.97,CUST00335,India,0,0,1958.91
500083,P10013,Cotton T-Shirt,Apparel,4,2025-11-05,1190.46,CUST00035,Singapore,0,0,4761.84
501931,P10029,Badminton Racket,Sports & Outdoors,3,2025-12-17,274.87,CUST00539,India,0,0,824.61
502233,P10017,Formal Shirt,Apparel,3,2026-04-04,562.91,CUST00625,United Kingdom,0,0,1688.73
501005,P10017,Formal Shirt,Apparel,3,2025-09-08,562.91,CUST00283,India,0,0,1688.73
502572,P10024,Beard Trimmer,Beauty & Personal Care,5,2025-11-15,700.79,CUST00731,India,0,0,3503.95
502964,P10010,Insulated Water Bottle,Home & Kitchen,-3,2025-06-30,396.84,CUST00830,India,0,1,-1190.52
501907,P10032,Gel Pen Pack,Stationery & Office,3,2025-04-09,687.3,CUST00538,India,0,0,2061.9
501264,P10027,Water Bottle Sipper,Sports & Outdoors,4,2026-01-30,2203.72,CUST00343,India,0,0,8814.88
501187,P10036,Backpack,Stationery & Office,2,2025-11-27,218.62,CUST00324,India,0,0,437.24
500288,P10036,Backpack,Stationery & Office,2,2026-05-04,218.62,CUST00113,Uae,0,0,437.24
501125,P10011,Ceramic Mug Set,Home & Kitchen,3,2026-03-04,1993.94,CUST00312,India,0,0,5981.82
502782,P10032,Gel Pen Pack,Stationery & Office,2,2025-12-30,687.3,CUST00779,United States,0,0,1374.6
500819,P10015,Running Shoes,Apparel,4,2026-02-09,980.3,CUST00219,United Kingdom,0,0,3921.2
500680,P10027,Water Bottle Sipper,Sports & Outdoors,5,2025-11-26,2203.72,CUST00199,Germany,0,0,11018.6
501882,P10015,Running Shoes,Apparel,5,2026-03-15,980.3,CUST00530,Germany,0,0,4901.5
501906,P10026,Resistance Bands Set,Sports & Outdoors,-4,2025-07-08,636.23,CUST00537,Germany,0,1,-2544.92
500518,P10009,Cotton Bedsheet Set,Home & Kitchen,3,2025-07-06,1519.89,CUST00169,India,0,0,4559.67
500063,P10006,Smartwatch Band,Electronics,1,2025-03-01,990.13,CUST00032,India,0,0,990.13
502637,P10006,Smartwatch Band,Electronics,5,2026-05-24,990.13,CUST00748,India,0,0,4950.65
500849,P10013,Cotton T-Shirt,Apparel,3,2025-12-30,1190.46,CUST00230,United Kingdom,0,0,3571.38
501779,P10017,Formal Shirt,Apparel,3,2025-02-16,562.91,CUST00490,Germany,0,0,1688.73
501406,P10033,Desk Organizer,Stationery & Office,3,2026-04-02,67.73,CUST00392,India,0,0,203.19
500862,P10036,Backpack,Stationery & Office,2,2025-12-16,218.62,CUST00235,India,0,0,437.24
502103,P10035,Whiteboard Marker Set,Stationery & Office,4,2025-05-13,808.92,CUST00579,India,0,0,3235.68
501459,P10019,Face Serum,Beauty & Personal Care,5,2025-04-11,1312.41,CUST00410,India,0,0,6562.05
503038,P10008,LED Desk Lamp,Home & Kitchen,2,2025-01-10,1311.15,CUST00839,United Kingdom,0,0,2622.3
501071,P10035,Whiteboard Marker Set,Stationery & Office,2,2025-03-08,808.92,CUST00298,India,0,0,1617.84
502678,P10023,Hair Dryer,Beauty & Personal Care,3,2025-09-15,1018.4,CUST00753,United Kingdom,0,0,3055.2
500238,P10024,Beard Trimmer,Beauty & Personal Care,4,2025-07-22,700.79,CUST00093,United States,0,0,2803.16
501001,P10025,Yoga Mat,Sports & Outdoors,2,2025-12-03,270.08,CUST00281,Germany,0,0,540.16
501541,P10028,Camping Torch,Sports & Outdoors,3,2025-10-24,2043.99,CUST00439,United States,0,0,6131.97
500020,P10015,Running Shoes,Apparel,1,2025-03-10,980.3,CUST00009,United Kingdom,0,0,980.3
502466,P10035,Whiteboard Marker Set,Stationery & Office,2,2025-11-28,808.92,CUST00705,India,0,0,1617.84
502663,P10014,Denim Jacket,Apparel,1,2026-03-31,1048.3,CUST00753,United Kingdom,0,0,1048.3
500006,P10033,Desk Organizer,Stationery & Office,2,2025-09-08,67.73,CUST00005,India,0,0,135.46
502722,P10026,Resistance Bands Set,Sports & Outdoors,3,2025-09-29,636.23,CUST00763,India,0,0,1908.69
501773,P10006,Smartwatch Band,Electronics,1,2025-03-23,990.13,CUST00488,India,0,0,990.13
503034,P10030,Cycling Gloves,Sports & Outdoors,4,2026-02-02,820.52,CUST00835,India,0,0,3282.08
500563,P10005,Power Bank 10000mAh,Electronics,2,2025-04-18,1034.93,CUST00173,India,0,0,2069.86
501953,P10020,Herbal Shampoo,Beauty & Personal Care,1,2025-08-17,1426.26,CUST00542,United Kingdom,0,0,1426.26
503057,P10012,Storage Organizer,Home & Kitchen,3,2025-11-21,1268.9,CUST00842,United Kingdom,0,0,3806.7
502241,P10007,Non-Stick Pan,Home & Kitchen,3,2026-03-22,331.24,CUST00627,India,0,0,993.72
502021,P10004,USB-C Cable,Electronics,1,2026-01-15,3182.97,CUST00562,India,0,0,3182.97
502521,P10007,Non-Stick Pan,Home & Kitchen,3,2025-07-23,331.24,CUST00714,India,0,0,993.72
502905,P10007,Non-Stick Pan,Home & Kitchen,3,2025-12-22,331.24,CUST00811,Singapore,0,0,993.72
500486,P10027,Water Bottle Sipper,Sports & Outdoors,1,2025-06-24,2203.72,CUST00163,United Kingdom,0,0,2203.72
501944,P10025,Yoga Mat,Sports & Outdoors,1,2025-07-17,270.08,CUST00540,India,0,0,270.08
501613,P10003,Phone Case,Electronics,3,2026-04-29,1049.71,CUST00448,United States,0,0,3149.13
501689,P10001,Wireless Earbuds,Electronics,5,2025-03-22,606.94,,Singapore,1,0,3034.7
501971,P10027,Water Bottle Sipper,Sports & Outdoors,3,2025-08-26,2203.72,CUST00544,United Kingdom,0,0,6611.16
501581,P10007,Non-Stick Pan,Home & Kitchen,1,2025-01-12,331.24,CUST00448,United States,0,0,331.24
501300,P10035,Whiteboard Marker Set,Stationery & Office,5,2026-01-22,808.92,CUST00353,United Kingdom,0,0,4044.6
502108,P10012,Storage Organizer,Home & Kitchen,5,2025-02-11,1268.9,CUST00579,India,0,0,6344.5
501670,P10032,Gel Pen Pack,Stationery & Office,5,2025-01-18,687.3,CUST00463,United States,0,0,3436.5
501525,P10031,Notebook Set,Stationery & Office,1,2025-07-11,268.52,CUST00434,India,0,0,268.52
502751,P10034,Sticky Notes Pack,Stationery & Office,2,2025-06-24,147.9,CUST00776,India,0,0,295.8
500359,P10009,Cotton Bedsheet Set,Home & Kitchen,1,2025-04-04,1519.89,CUST00127,United States,0,0,1519.89
501868,P10003,Phone Case,Electronics,3,2025-06-22,1049.71,CUST00523,Singapore,0,0,3149.13
500136,P10004,USB-C Cable,Electronics,2,2025-08-28,3182.97,CUST00048,India,0,0,6365.94
502900,P10016,Wool Sweater,Apparel,1,2025-05-04,1250.39,CUST00806,United States,0,0,1250.39
502299,P10025,Yoga Mat,Sports & Outdoors,2,2025-02-22,270.08,CUST00647,United Kingdom,0,0,540.16
500934,P10024,Beard Trimmer,Beauty & Personal Care,2,2026-05-22,700.79,CUST00261,United Kingdom,0,0,1401.58
501027,P10033,Desk Organizer,Stationery & Office,4,2025-01-20,67.73,CUST00286,India,0,0,270.92
500030,P10021,Lip Balm Set,Beauty & Personal Care,2,2026-04-28,652.97,CUST00012,Singapore,0,0,1305.94
500770,P10035,Whiteboard Marker Set,Stationery & Office,4,2025-10-14,808.92,CUST00217,India,0,0,3235.68
501678,P10026,Resistance Bands Set,Sports & Outdoors,4,2026-06-25,636.23,CUST00463,United States,0,0,2544.92
501923,P10017,Formal Shirt,Apparel,1,2025-04-03,562.91,CUST00539,India,0,0,562.91
501325,P10010,Insulated Water Bottle,Home & Kitchen,5,2025-05-21,396.84,CUST00356,United Kingdom,0,0,1984.2
503098,P10005,Power Bank 10000mAh,Electronics,5,2025-04-06,1034.93,CUST00847,India,0,0,5174.65
502985,P10013,Cotton T-Shirt,Apparel,1,2025-06-13,1190.46,CUST00830,India,0,0,1190.46
500224,P10035,Whiteboard Marker Set,Stationery & Office,2,2025-04-29,808.92,CUST00086,India,0,0,1617.84
500959,P10032,Gel Pen Pack,Stationery & Office,4,2025-05-31,687.3,CUST00267,United Kingdom,0,0,2749.2
502141,P10029,Badminton Racket,Sports & Outdoors,4,2025-06-06,274.87,CUST00581,India,0,0,1099.48
502346,P10018,Yoga Pants,Apparel,3,2025-12-11,608.28,CUST00665,India,0,0,1824.84
500155,P10004,USB-C Cable,Electronics,3,2026-01-25,3182.97,CUST00057,India,0,0,9548.91
500450,P10035,Whiteboard Marker Set,Stationery & Office,4,2026-03-07,808.92,CUST00145,India,0,0,3235.68
500742,P10025,Yoga Mat,Sports & Outdoors,1,2025-06-11,270.08,CUST00208,United Kingdom,0,0,270.08
500587,P10032,Gel Pen Pack,Stationery & Office,5,2025-06-14,687.3,CUST00176,India,0,0,3436.5
502471,P10027,Water Bottle Sipper,Sports & Outdoors,4,2026-01-24,2203.72,CUST00706,Singapore,0,0,8814.88
502623,P10010,Insulated Water Bottle,Home & Kitchen,4,2025-07-08,396.84,CUST00740,India,0,0,1587.36
502333,P10030,Cycling Gloves,Sports & Outdoors,1,2026-04-14,820.52,CUST00661,India,0,0,820.52
501403,P10022,Sunscreen SPF50,Beauty & Personal Care,2,2025-01-06,514.51,CUST00392,India,0,0,1029.02
501662,P10029,Badminton Racket,Sports & Outdoors,4,2025-07-29,274.87,CUST00463,United States,0,0,1099.48
501352,P10016,Wool Sweater,Apparel,1,2026-02-27,1250.39,CUST00365,Uae,0,0,1250.39
501961,P10020,Herbal Shampoo,Beauty & Personal Care,3,2025-04-19,1426.26,CUST00542,United Kingdom,0,0,4278.78
502704,P10018,Yoga Pants,Apparel,5,2025-11-20,608.28,CUST00756,United States,0,0,3041.4
502517,P10035,Whiteboard Marker Set,Stationery & Office,3,2025-03-24,808.92,CUST00714,India,0,0,2426.76
502250,P10026,Resistance Bands Set,Sports & Outdoors,2,2026-04-16,636.23,CUST00629,India,0,0,1272.46
501821,P10022,Sunscreen SPF50,Beauty & Personal Care,1,2025-04-07,514.51,CUST00503,India,0,0,514.51
503056,P10012,Storage Organizer,Home & Kitchen,5,2025-03-30,1268.9,CUST00842,United Kingdom,0,0,6344.5
501940,P10022,Sunscreen SPF50,Beauty & Personal Care,1,2026-03-25,514.51,CUST00540,India,0,0,514.51
502157,P10026,Resistance Bands Set,Sports & Outdoors,5,2026-01-17,636.23,CUST00586,India,0,0,3181.15
502027,P10012,Storage Organizer,Home & Kitchen,3,2025-10-01,1268.9,CUST00563,India,0,0,3806.7
500739,P10023,Hair Dryer,Beauty & Personal Care,1,2026-05-06,1018.4,CUST00207,India,0,0,1018.4
501991,P10015,Running Shoes,Apparel,4,2025-07-05,980.3,,Germany,1,0,3921.2
501306,P10025,Yoga Mat,Sports & Outdoors,1,2025-05-23,270.08,,United Kingdom,1,0,270.08
500818,P10017,Formal Shirt,Apparel,4,2025-08-29,562.91,CUST00219,United Kingdom,0,0,2251.64
501852,P10025,Yoga Mat,Sports & Outdoors,5,2026-02-12,270.08,CUST00518,United States,0,0,1350.4
502294,P10025,Yoga Mat,Sports & Outdoors,2,2025-07-16,270.08,CUST00645,India,0,0,540.16
500898,P10003,Phone Case,Electronics,2,2026-02-10,1049.71,CUST00246,Uae,0,0,2099.42
501477,P10036,Backpack,Stationery & Office,2,2025-12-24,218.62,CUST00416,India,0,0,437.24
501362,P10028,Camping Torch,Sports & Outdoors,4,2025-01-10,2043.99,CUST00369,India,0,0,8175.96
500189,P10022,Sunscreen SPF50,Beauty & Personal Care,3,2025-09-27,514.51,CUST00068,United States,0,0,1543.53
500620,P10011,Ceramic Mug Set,Home & Kitchen,4,2025-12-29,1993.94,CUST00189,India,0,0,7975.76
502224,P10032,Gel Pen Pack,Stationery & Office,3,2025-05-18,687.3,CUST00622,India,0,0,2061.9
500625,P10007,Non-Stick Pan,Home & Kitchen,3,2025-06-21,331.24,CUST00189,India,0,0,993.72
502506,P10012,Storage Organizer,Home & Kitchen,5,2025-12-07,1268.9,CUST00707,India,0,0,6344.5
502272,P10010,Insulated Water Bottle,Home & Kitchen,4,2026-06-29,396.84,CUST00636,India,0,0,1587.36
501015,P10019,Face Serum,Beauty & Personal Care,3,2025-12-19,1312.41,CUST00286,India,0,0,3937.23
501579,P10024,Beard Trimmer,Beauty & Personal Care,5,2026-06-16,700.79,CUST00448,United States,0,0,3503.95
500582,P10007,Non-Stick Pan,Home & Kitchen,2,2026-02-05,331.24,CUST00176,India,0,0,662.48
503040,P10033,Desk Organizer,Stationery & Office,1,2025-03-02,67.73,CUST00839,United Kingdom,0,0,67.73
500531,P10012,Storage Organizer,Home & Kitchen,4,2025-09-15,1268.9,CUST00169,India,0,0,5075.6
502264,P10020,Herbal Shampoo,Beauty & Personal Care,1,2026-06-08,1426.26,CUST00634,India,0,0,1426.26
500404,P10009,Cotton Bedsheet Set,Home & Kitchen,5,2025-05-16,1519.89,CUST00137,India,0,0,7599.45
501373,P10033,Desk Organizer,Stationery & Office,2,2025-07-17,67.73,CUST00376,India,0,0,135.46
502436,P10021,Lip Balm Set,Beauty & Personal Care,2,2025-11-26,652.97,CUST00699,India,0,0,1305.94
501619,P10022,Sunscreen SPF50,Beauty & Personal Care,3,2025-10-13,514.51,CUST00449,India,0,0,1543.53
501931,P10015,Running Shoes,Apparel,-4,2025-12-17,980.3,CUST00539,India,0,1,-3921.2
502500,P10030,Cycling Gloves,Sports & Outdoors,5,2026-06-21,820.52,CUST00706,Singapore,0,0,4102.6
501780,P10009,Cotton Bedsheet Set,Home & Kitchen,4,2026-05-10,1519.89,CUST00490,Germany,0,0,6079.56
502035,P10025,Yoga Mat,Sports & Outdoors,3,2025-07-29,270.08,CUST00563,India,0,0,810.24
501142,P10008,LED Desk Lamp,Home & Kitchen,4,2026-01-28,1311.15,CUST00313,India,0,0,5244.6
502870,P10017,Formal Shirt,Apparel,4,2025-01-17,562.91,CUST00796,Germany,0,0,2251.64
500477,P10001,Wireless Earbuds,Electronics,2,2025-08-18,606.94,CUST00159,India,0,0,1213.88
500365,P10001,Wireless Earbuds,Electronics,1,2025-09-30,606.94,CUST00127,United States,0,0,606.94
502743,P10031,Notebook Set,Stationery & Office,3,2025-07-29,268.52,CUST00770,Germany,0,0,805.56
501171,P10002,Bluetooth Speaker,Electronics,2,2025-08-06,2723.88,CUST00324,India,0,0,5447.76
501254,P10034,Sticky Notes Pack,Stationery & Office,4,2025-09-20,147.9,CUST00343,India,0,0,591.6
501924,P10007,Non-Stick Pan,Home & Kitchen,4,2025-08-24,331.24,CUST00539,India,0,0,1324.96
500141,P10014,Denim Jacket,Apparel,2,2025-06-19,1048.3,CUST00052,United States,0,0,2096.6
502827,P10012,Storage Organizer,Home & Kitchen,2,2025-08-09,1268.9,CUST00786,Uae,0,0,2537.8
500129,P10026,Resistance Bands Set,Sports & Outdoors,1,2026-04-11,636.23,CUST00047,India,0,0,636.23
502937,P10005,Power Bank 10000mAh,Electronics,3,2025-09-06,1034.93,CUST00815,Germany,0,0,3104.79
500906,P10002,Bluetooth Speaker,Electronics,3,2025-11-14,2723.88,CUST00251,India,0,0,8171.64
501244,P10021,Lip Balm Set,Beauty & Personal Care,4,2025-06-12,652.97,CUST00338,United States,0,0,2611.88
502549,P10019,Face Serum,Beauty & Personal Care,2,2026-04-29,1312.41,CUST00729,India,0,0,2624.82
502755,P10009,Cotton Bedsheet Set,Home & Kitchen,4,2025-03-14,1519.89,CUST00777,India,0,0,6079.56
501791,P10027,Water Bottle Sipper,Sports & Outdoors,-1,2025-01-18,2203.72,CUST00497,United Kingdom,0,1,-2203.72
500035,P10035,Whiteboard Marker Set,Stationery & Office,3,2025-11-19,808.92,CUST00017,India,0,0,2426.76
500861,P10021,Lip Balm Set,Beauty & Personal Care,3,2025-06-23,652.97,CUST00235,India,0,0,1958.91
502391,P10024,Beard Trimmer,Beauty & Personal Care,4,2025-05-04,700.79,CUST00679,Singapore,0,0,2803.16
502620,P10035,Whiteboard Marker Set,Stationery & Office,5,2025-09-22,808.92,CUST00738,United States,0,0,4044.6
502451,P10033,Desk Organizer,Stationery & Office,1,2025-01-25,67.73,CUST00699,India,0,0,67.73
501095,P10019,Face Serum,Beauty & Personal Care,3,2025-03-12,1312.41,CUST00306,Singapore,0,0,3937.23
500050,P10023,Hair Dryer,Beauty & Personal Care,3,2025-08-08,1018.4,CUST00022,India,0,0,3055.2
500003,P10025,Yoga Mat,Sports & Outdoors,4,2026-06-25,270.08,CUST00002,Uae,0,0,1080.32
501108,P10006,Smartwatch Band,Electronics,5,2026-01-06,990.13,CUST00311,India,0,0,4950.65
500198,P10036,Backpack,Stationery & Office,2,2025-01-12,218.62,CUST00073,India,0,0,437.24
502983,P10018,Yoga Pants,Apparel,4,2025-08-22,608.28,CUST00830,India,0,0,2433.12
502755,P10032,Gel Pen Pack,Stationery & Office,2,2025-03-14,687.3,CUST00777,India,0,0,1374.6
500625,P10009,Cotton Bedsheet Set,Home & Kitchen,5,2025-06-21,1519.89,CUST00189,India,0,0,7599.45
500794,P10034,Sticky Notes Pack,Stationery & Office,5,2025-03-13,147.9,CUST00219,United Kingdom,0,0,739.5
500105,P10025,Yoga Mat,Sports & Outdoors,5,2026-01-26,270.08,CUST00045,India,0,0,1350.4
503053,P10014,Denim Jacket,Apparel,1,2026-02-05,1048.3,CUST00842,United Kingdom,0,0,1048.3
502697,P10031,Notebook Set,Stationery & Office,5,2025-03-22,268.52,CUST00754,India,0,0,1342.6
500865,P10021,Lip Balm Set,Beauty & Personal Care,5,2025-05-30,652.97,CUST00236,United States,0,0,3264.85
501928,P10031,Notebook Set,Stationery & Office,4,2025-09-11,268.52,CUST00539,India,0,0,1074.08
502758,P10022,Sunscreen SPF50,Beauty & Personal Care,5,2025-07-05,514.51,CUST00777,India,0,0,2572.55
502123,P10032,Gel Pen Pack,Stationery & Office,2,2026-05-07,687.3,CUST00581,India,0,0,1374.6
503044,P10007,Non-Stick Pan,Home & Kitchen,5,2026-05-31,331.24,CUST00842,United Kingdom,0,0,1656.2
500995,P10020,Herbal Shampoo,Beauty & Personal Care,5,2025-09-14,1426.26,CUST00280,United States,0,0,7131.3
501908,P10017,Formal Shirt,Apparel,5,2025-06-21,562.91,CUST00539,India,0,0,2814.55
501526,P10011,Ceramic Mug Set,Home & Kitchen,4,2026-06-18,1993.94,CUST00435,India,0,0,7975.76
502654,P10032,Gel Pen Pack,Stationery & Office,2,2026-02-24,687.3,CUST00753,United Kingdom,0,0,1374.6
500459,P10019,Face Serum,Beauty & Personal Care,4,2025-09-21,1312.41,CUST00151,Uae,0,0,5249.64
502182,P10024,Beard Trimmer,Beauty & Personal Care,2,2025-11-03,700.79,CUST00595,Germany,0,0,1401.58
500378,P10033,Desk Organizer,Stationery & Office,1,2025-07-25,67.73,CUST00130,India,0,0,67.73
500274,P10032,Gel Pen Pack,Stationery & Office,5,2026-01-18,687.3,CUST00111,India,0,0,3436.5
502958,P10006,Smartwatch Band,Electronics,2,2025-07-19,990.13,CUST00829,United States,0,0,1980.26
501575,P10010,Insulated Water Bottle,Home & Kitchen,3,2025-04-29,396.84,CUST00448,United States,0,0,1190.52
500904,P10022,Sunscreen SPF50,Beauty & Personal Care,3,2026-02-14,514.51,CUST00249,Singapore,0,0,1543.53
500701,P10018,Yoga Pants,Apparel,3,2025-03-01,608.28,CUST00203,India,0,0,1824.84
500270,P10027,Water Bottle Sipper,Sports & Outdoors,3,2026-03-06,2203.72,CUST00108,United States,0,0,6611.16
501949,P10017,Formal Shirt,Apparel,-3,2026-01-02,562.91,CUST00540,India,0,1,-1688.73
502767,P10032,Gel Pen Pack,Stationery & Office,4,2025-10-01,687.3,CUST00779,United States,0,0,2749.2
502258,P10030,Cycling Gloves,Sports & Outdoors,3,2025-04-22,820.52,CUST00632,Germany,0,0,2461.56
501429,P10015,Running Shoes,Apparel,5,2025-05-19,980.3,CUST00392,India,0,0,4901.5
501232,P10034,Sticky Notes Pack,Stationery & Office,1,2026-01-29,147.9,CUST00335,India,0,0,147.9
502008,P10005,Power Bank 10000mAh,Electronics,1,2026-02-19,1034.93,CUST00557,India,0,0,1034.93
502059,P10013,Cotton T-Shirt,Apparel,1,2026-05-23,1190.46,CUST00570,India,0,0,1190.46
502622,P10012,Storage Organizer,Home & Kitchen,2,2025-04-20,1268.9,CUST00740,India,0,0,2537.8
500377,P10035,Whiteboard Marker Set,Stationery & Office,1,2025-12-22,808.92,CUST00130,India,0,0,808.92
500384,P10019,Face Serum,Beauty & Personal Care,4,2025-12-16,1312.41,CUST00133,India,0,0,5249.64
500429,P10020,Herbal Shampoo,Beauty & Personal Care,2,2025-10-05,1426.26,CUST00139,India,0,0,2852.52
502723,P10005,Power Bank 10000mAh,Electronics,2,2026-02-09,1034.93,,India,1,0,2069.86
501607,P10031,Notebook Set,Stationery & Office,1,2025-09-10,268.52,CUST00448,United States,0,0,268.52
500991,P10023,Hair Dryer,Beauty & Personal Care,5,2026-02-22,1018.4,CUST00278,United Kingdom,0,0,5092.0
501166,P10013,Cotton T-Shirt,Apparel,5,2025-04-13,1190.46,CUST00324,India,0,0,5952.3
502397,P10027,Water Bottle Sipper,Sports & Outdoors,4,2026-03-15,2203.72,CUST00682,India,0,0,8814.88
500199,P10030,Cycling Gloves,Sports & Outdoors,4,2025-11-04,820.52,CUST00074,United States,0,0,3282.08
501614,P10011,Ceramic Mug Set,Home & Kitchen,1,2025-03-03,1993.94,CUST00448,United States,0,0,1993.94
500796,P10006,Smartwatch Band,Electronics,2,2025-12-18,990.13,CUST00219,United Kingdom,0,0,1980.26
500529,P10028,Camping Torch,Sports & Outdoors,4,2025-12-12,2043.99,CUST00169,India,0,0,8175.96
501714,P10034,Sticky Notes Pack,Stationery & Office,1,2025-03-24,147.9,CUST00471,India,0,0,147.9
500150,P10033,Desk Organizer,Stationery & Office,3,2026-03-08,67.73,CUST00054,Germany,0,0,203.19
501650,P10025,Yoga Mat,Sports & Outdoors,1,2025-08-10,270.08,,India,1,0,270.08
502891,P10007,Non-Stick Pan,Home & Kitchen,2,2026-05-06,331.24,CUST00802,India,0,0,662.48
500152,P10014,Denim Jacket,Apparel,5,2025-03-27,1048.3,CUST00055,United Kingdom,0,0,5241.5
502143,P10017,Formal Shirt,Apparel,3,2026-04-13,562.91,CUST00583,India,0,0,1688.73
500959,P10034,Sticky Notes Pack,Stationery & Office,1,2025-05-31,147.9,CUST00267,United Kingdom,0,0,147.9
502190,P10027,Water Bottle Sipper,Sports & Outdoors,2,2025-10-08,2203.72,CUST00601,India,0,0,4407.44
501316,P10016,Wool Sweater,Apparel,3,2026-05-08,1250.39,CUST00355,India,0,0,3751.17
501997,P10006,Smartwatch Band,Electronics,2,2026-01-17,990.13,CUST00555,Germany,0,0,1980.26
500840,P10012,Storage Organizer,Home & Kitchen,2,2025-03-30,1268.9,CUST00225,India,0,0,2537.8
501898,P10034,Sticky Notes Pack,Stationery & Office,3,2025-05-02,147.9,CUST00534,United Kingdom,0,0,443.7
501528,P10017,Formal Shirt,Apparel,3,2026-03-23,562.91,CUST00437,India,0,0,1688.73
502964,P10033,Desk Organizer,Stationery & Office,2,2025-06-30,67.73,CUST00830,India,0,0,135.46
500944,P10014,Denim Jacket,Apparel,5,2025-05-09,1048.3,CUST00263,India,0,0,5241.5
501578,P10007,Non-Stick Pan,Home & Kitchen,2,2025-01-13,331.24,CUST00448,United States,0,0,662.48
501824,P10009,Cotton Bedsheet Set,Home & Kitchen,5,2026-03-09,1519.89,CUST00503,India,0,0,7599.45
502786,P10005,Power Bank 10000mAh,Electronics,5,2025-04-13,1034.93,CUST00779,United States,0,0,5174.65
502969,P10031,Notebook Set,Stationery & Office,1,2026-01-04,268.52,CUST00830,India,0,0,268.52
500346,P10019,Face Serum,Beauty & Personal Care,-1,2025-11-28,1312.41,CUST00126,India,0,1,-1312.41
503044,P10032,Gel Pen Pack,Stationery & Office,2,2026-05-31,687.3,CUST00842,United Kingdom,0,0,1374.6
501115,P10032,Gel Pen Pack,Stationery & Office,2,2026-02-08,687.3,CUST00311,India,0,0,1374.6
501034,P10007,Non-Stick Pan,Home & Kitchen,5,2025-02-25,331.24,CUST00289,India,0,0,1656.2
500754,P10015,Running Shoes,Apparel,3,2026-05-10,980.3,CUST00216,India,0,0,2940.9
501633,P10013,Cotton T-Shirt,Apparel,4,2026-01-04,1190.46,CUST00450,India,0,0,4761.84
502039,P10016,Wool Sweater,Apparel,5,2026-03-06,1250.39,CUST00565,India,0,0,6251.95
501834,P10031,Notebook Set,Stationery & Office,1,2025-02-22,268.52,CUST00508,Germany,0,0,268.52
500743,P10024,Beard Trimmer,Beauty & Personal Care,3,2025-11-09,700.79,CUST00209,India,0,0,2102.37
501929,P10009,Cotton Bedsheet Set,Home & Kitchen,1,2025-03-09,1519.89,CUST00539,India,0,0,1519.89
500528,P10016,Wool Sweater,Apparel,3,2026-02-08,1250.39,CUST00169,India,0,0,3751.17
502608,P10014,Denim Jacket,Apparel,1,2026-06-18,1048.3,CUST00738,United States,0,0,1048.3
500963,P10018,Yoga Pants,Apparel,1,2025-09-02,608.28,CUST00268,United States,0,0,608.28
502578,P10009,Cotton Bedsheet Set,Home & Kitchen,1,2025-07-19,1519.89,CUST00731,India,0,0,1519.89
500743,P10007,Non-Stick Pan,Home & Kitchen,2,2025-11-09,331.24,CUST00209,India,0,0,662.48
501332,P10024,Beard Trimmer,Beauty & Personal Care,5,2025-02-28,700.79,CUST00358,United Kingdom,0,0,3503.95
500528,P10013,Cotton T-Shirt,Apparel,5,2026-02-08,1190.46,CUST00169,India,0,0,5952.3
502225,P10002,Bluetooth Speaker,Electronics,3,2025-04-13,2723.88,CUST00623,India,0,0,8171.64
502009,P10021,Lip Balm Set,Beauty & Personal Care,1,2026-05-06,652.97,CUST00558,India,0,0,652.97
502127,P10034,Sticky Notes Pack,Stationery & Office,-2,2025-01-30,147.9,CUST00581,India,0,1,-295.8
501165,P10026,Resistance Bands Set,Sports & Outdoors,-1,2025-08-22,636.23,CUST00324,India,0,1,-636.23
502362,P10030,Cycling Gloves,Sports & Outdoors,4,2026-04-07,820.52,CUST00668,India,0,0,3282.08
500634,P10007,Non-Stick Pan,Home & Kitchen,1,2026-02-04,331.24,CUST00189,India,0,0,331.24
501919,P10004,USB-C Cable,Electronics,5,2026-06-05,3182.97,,India,1,0,15914.85
501301,P10033,Desk Organizer,Stationery & Office,3,2026-02-10,67.73,CUST00353,United Kingdom,0,0,203.19
500455,P10029,Badminton Racket,Sports & Outdoors,3,2025-06-03,274.87,CUST00149,India,0,0,824.61
500133,P10019,Face Serum,Beauty & Personal Care,4,2025-05-27,1312.41,CUST00047,India,0,0,5249.64
500487,P10031,Notebook Set,Stationery & Office,1,2025-05-03,268.52,CUST00163,United Kingdom,0,0,268.52
500741,P10024,Beard Trimmer,Beauty & Personal Care,5,2025-05-07,700.79,CUST00208,United Kingdom,0,0,3503.95
503080,P10004,USB-C Cable,Electronics,5,2025-06-11,3182.97,CUST00842,United Kingdom,0,0,15914.85
502697,P10002,Bluetooth Speaker,Electronics,1,2025-03-22,2723.88,CUST00754,India,0,0,2723.88
502812,P10019,Face Serum,Beauty & Personal Care,4,2025-10-24,1312.41,CUST00782,India,0,0,5249.64
500681,P10006,Smartwatch Band,Electronics,3,2026-03-26,990.13,CUST00199,Germany,0,0,2970.39
500348,P10021,Lip Balm Set,Beauty & Personal Care,5,2025-07-25,652.97,CUST00126,India,0,0,3264.85
501692,P10010,Insulated Water Bottle,Home & Kitchen,4,2026-03-03,396.84,CUST00465,Singapore,0,0,1587.36
502258,P10032,Gel Pen Pack,Stationery & Office,1,2025-04-22,687.3,CUST00632,Germany,0,0,687.3
503055,P10022,Sunscreen SPF50,Beauty & Personal Care,2,2025-03-15,514.51,,United Kingdom,1,0,1029.02
502232,P10003,Phone Case,Electronics,4,2025-01-30,1049.71,,United Kingdom,1,0,4198.84
501599,P10028,Camping Torch,Sports & Outdoors,2,2026-03-24,2043.99,CUST00448,United States,0,0,4087.98
501845,P10001,Wireless Earbuds,Electronics,2,2025-05-06,606.94,CUST00513,Uae,0,0,1213.88
502082,P10007,Non-Stick Pan,Home & Kitchen,1,2025-08-21,331.24,CUST00579,India,0,0,331.24
501904,P10026,Resistance Bands Set,Sports & Outdoors,4,2025-05-05,636.23,CUST00536,Uae,0,0,2544.92
502142,P10035,Whiteboard Marker Set,Stationery & Office,2,2025-05-03,808.92,CUST00582,Singapore,0,0,1617.84
502012,P10002,Bluetooth Speaker,Electronics,5,2026-02-04,2723.88,CUST00559,United States,0,0,13619.4
501882,P10025,Yoga Mat,Sports & Outdoors,5,2026-03-15,270.08,CUST00530,Germany,0,0,1350.4
502760,P10024,Beard Trimmer,Beauty & Personal Care,5,2025-10-02,700.79,CUST00777,India,0,0,3503.95
500182,P10032,Gel Pen Pack,Stationery & Office,1,2026-03-22,687.3,CUST00066,India,0,0,687.3
501353,P10021,Lip Balm Set,Beauty & Personal Care,3,2026-05-24,652.97,CUST00365,Uae,0,0,1958.91
500385,P10003,Phone Case,Electronics,1,2026-02-09,1049.71,CUST00133,India,0,0,1049.71
500085,P10030,Cycling Gloves,Sports & Outdoors,4,2025-04-22,820.52,CUST00036,United States,0,0,3282.08
502347,P10027,Water Bottle Sipper,Sports & Outdoors,3,2025-01-09,2203.72,CUST00665,India,0,0,6611.16
502491,P10026,Resistance Bands Set,Sports & Outdoors,4,2025-12-08,636.23,CUST00706,Singapore,0,0,2544.92
500585,P10028,Camping Torch,Sports & Outdoors,4,2025-01-14,2043.99,CUST00176,India,0,0,8175.96
503037,P10011,Ceramic Mug Set,Home & Kitchen,5,2025-01-15,1993.94,CUST00838,India,0,0,9969.7
501871,P10021,Lip Balm Set,Beauty & Personal Care,2,2025-02-20,652.97,CUST00524,Germany,0,0,1305.94
501651,P10014,Denim Jacket,Apparel,2,2025-07-03,1048.3,CUST00458,India,0,0,2096.6
503025,P10033,Desk Organizer,Stationery & Office,2,2026-01-01,67.73,CUST00833,India,0,0,135.46
501994,P10020,Herbal Shampoo,Beauty & Personal Care,2,2025-05-10,1426.26,CUST00555,Germany,0,0,2852.52
501725,P10003,Phone Case,Electronics,4,2026-06-02,1049.71,,India,1,0,4198.84
501393,P10019,Face Serum,Beauty & Personal Care,1,2025-11-27,1312.41,CUST00387,India,0,0,1312.41
500450,P10013,Cotton T-Shirt,Apparel,3,2026-03-07,1190.46,CUST00145,India,0,0,3571.38
500935,P10032,Gel Pen Pack,Stationery & Office,3,2025-02-19,687.3,CUST00261,United Kingdom,0,0,2061.9
502812,P10027,Water Bottle Sipper,Sports & Outdoors,4,2025-10-24,2203.72,CUST00782,India,0,0,8814.88
502839,P10013,Cotton T-Shirt,Apparel,3,2025-07-07,1190.46,CUST00788,India,0,0,3571.38
503040,P10031,Notebook Set,Stationery & Office,4,2025-03-02,268.52,,United Kingdom,1,0,1074.08
502423,P10009,Cotton Bedsheet Set,Home & Kitchen,5,2026-05-04,1519.89,CUST00697,India,0,0,7599.45
501182,P10013,Cotton T-Shirt,Apparel,4,2026-04-02,1190.46,CUST00324,India,0,0,4761.84
502493,P10031,Notebook Set,Stationery & Office,3,2025-11-14,268.52,CUST00706,Singapore,0,0,805.56
502690,P10019,Face Serum,Beauty & Personal Care,3,2025-10-03,1312.41,CUST00753,United Kingdom,0,0,3937.23
502484,P10012,Storage Organizer,Home & Kitchen,2,2026-03-08,1268.9,CUST00706,Singapore,0,0,2537.8
501897,P10022,Sunscreen SPF50,Beauty & Personal Care,4,2025-04-16,514.51,CUST00534,United Kingdom,0,0,2058.04
502588,P10009,Cotton Bedsheet Set,Home & Kitchen,-2,2026-03-07,1519.89,CUST00731,India,0,1,-3039.78
502072,P10003,Phone Case,Electronics,1,2025-02-07,1049.71,CUST00576,Uae,0,0,1049.71
501075,P10014,Denim Jacket,Apparel,5,2026-01-03,1048.3,CUST00300,India,0,0,5241.5
502403,P10014,Denim Jacket,Apparel,5,2026-04-06,1048.3,CUST00686,United Kingdom,0,0,5241.5
500892,P10030,Cycling Gloves,Sports & Outdoors,1,2025-10-01,820.52,CUST00242,Uae,0,0,820.52
501837,P10018,Yoga Pants,Apparel,1,2025-02-04,608.28,CUST00510,United States,0,0,608.28
501762,P10034,Sticky Notes Pack,Stationery & Office,3,2026-06-11,147.9,CUST00485,United Kingdom,0,0,443.7
501664,P10017,Formal Shirt,Apparel,1,2025-07-31,562.91,CUST00463,United States,0,0,562.91
500790,P10014,Denim Jacket,Apparel,3,2026-01-27,1048.3,CUST00219,United Kingdom,0,0,3144.9
501898,P10033,Desk Organizer,Stationery & Office,-2,2025-05-02,67.73,CUST00534,United Kingdom,0,1,-135.46
502342,P10035,Whiteboard Marker Set,Stationery & Office,5,2025-12-16,808.92,CUST00665,India,0,0,4044.6
503070,P10001,Wireless Earbuds,Electronics,3,2025-05-12,606.94,CUST00842,United Kingdom,0,0,1820.82
501682,P10018,Yoga Pants,Apparel,4,2025-02-20,608.28,,United States,1,0,2433.12
500741,P10021,Lip Balm Set,Beauty & Personal Care,3,2025-05-07,652.97,CUST00208,United Kingdom,0,0,1958.91
500427,P10015,Running Shoes,Apparel,4,2025-09-02,980.3,CUST00139,India,0,0,3921.2
500635,P10007,Non-Stick Pan,Home & Kitchen,4,2025-07-09,331.24,CUST00189,India,0,0,1324.96
500781,P10031,Notebook Set,Stationery & Office,4,2025-07-23,268.52,CUST00218,United States,0,0,1074.08
501359,P10016,Wool Sweater,Apparel,1,2025-02-06,1250.39,CUST00368,Uae,0,0,1250.39
501787,P10004,USB-C Cable,Electronics,2,2026-06-09,3182.97,CUST00495,India,0,0,6365.94
502140,P10016,Wool Sweater,Apparel,3,2025-11-10,1250.39,CUST00581,India,0,0,3751.17
503003,P10020,Herbal Shampoo,Beauty & Personal Care,2,2025-12-11,1426.26,CUST00830,India,0,0,2852.52
502842,P10026,Resistance Bands Set,Sports & Outdoors,1,2025-06-21,636.23,CUST00789,India,0,0,636.23
501553,P10011,Ceramic Mug Set,Home & Kitchen,5,2025-04-29,1993.94,CUST00439,United States,0,0,9969.7
502810,P10017,Formal Shirt,Apparel,5,2025-06-15,562.91,CUST00782,India,0,0,2814.55
500914,P10009,Cotton Bedsheet Set,Home & Kitchen,2,2026-05-19,1519.89,CUST00253,Germany,0,0,3039.78
